[96m[1;38;2;180;140;80m(AReaL)[0m [96m20261002-23:31:38.387 PlatformInit INFO: Detected CUDA device: NVIDIA L20X
[96m[1;38;2;180;140;80m(AReaL)[0m [96m20261002-23:31:38.388 PlatformInit INFO: Initializing CUDA platform (NVIDIA).
[1;38;2;180;140;80m(AReaL)[0m 20261002-23:31:38.390 FileSystemUtils WARNING: name_resolve.nfs_record_root '/tmp/areal/name_resolve' is not on a network filesystem. This may cause issues in distributed training where all nodes need access to the same files. Consider using NFS, Lustre, or other shared storage.
[37m[1;38;2;180;140;80m(AReaL)[0m [37m20261002-23:31:38.391 NameResolve INFO: No such name resolve path: /tmp/areal/name_resolve/root/gsm8k-grpo-megatron-adamw-baseline3/trial0
[34m[1;38;2;180;140;80m(AReaL)[0m [34m20261002-23:31:38.392 LocalScheduler INFO: LocalScheduler initialized with GPU devices: [0, 1, 2, 3, 4, 5, 6, 7], log directory: /storage/openpsi/users/fenghui/projects/AReaL-muon/research/muon/evidence/baseline-aligned-3epoch-20261002/adamw/results/logs/root/gsm8k-grpo-megatron-adamw-baseline3/trial0
/opt/.venv/lib/python3.12/site-packages/modelopt/torch/__init__.py:36: UserWarning: transformers version 5.3.0 is not tested with nvidia-modelopt and may cause issues. Please install recommended version with `pip install nvidia-modelopt[hf]` if working with HF models.
  _warnings.warn(
[96m[1;38;2;180;140;80m(AReaL)[0m [96m20261002-23:31:50.309 TreeAttentionFSDP INFO: Compiled torch flex attention. Options: {'epilogue_fusion': True, 'max_autotune': False, 'shape_padding': True, 'trace.enabled': False, 'triton.cudagraphs': False}, dynamic: True
[96m[1;38;2;180;140;80m(AReaL)[0m [96m20261002-23:31:50.315 TreeAttentionFSDP INFO: Using block mask in flex attention, block size: 128
[Gloo] Rank 0 is connected to 0 peer ranks. Expected number of connected peer ranks is : 0
[34m[1;38;2;180;140;80m(AReaL)[0m [34m20261002-23:31:50.412 LocalScheduler INFO: Creating 1 workers for role 'data-data' (strategy: SchedulingStrategyType.separation, colocate_with: None)
[37m[1;38;2;180;140;80m(AReaL)[0m [37m20261002-23:31:50.412 LauncherUtils INFO: Auto-setting thread env vars to 1: OMP_NUM_THREADS, MKL_NUM_THREADS, OPENBLAS_NUM_THREADS, VECLIB_MAXIMUM_THREADS, NUMEXPR_NUM_THREADS
[34m[1;38;2;180;140;80m(AReaL)[0m [34m20261002-23:31:50.412 LocalScheduler INFO: Starting worker data-data/0 (attempt 1/3): /storage/openpsi/users/fenghui/projects/AReaL-RSI/.rsi/research-lab/runs/research_58654ea421ca4619/agents/research_ce92f6a2a491b52e7fd5b227/muon-env/bin/python -m areal.infra.rpc.guard --port 21920 --experiment-name gsm8k-grpo-megatron-adamw-baseline3 --trial-name trial0 --role data-data --worker-index 0 --name-resolve-type nfs --nfs-record-root /tmp/areal/name_resolve --etcd3-addr localhost:2379 --fileroot /storage/openpsi/users/fenghui/projects/AReaL-muon/research/muon/evidence/baseline-aligned-3epoch-20261002/adamw/results
[34m[1;38;2;180;140;80m(AReaL)[0m [34m20261002-23:31:50.517 LocalScheduler INFO: Worker data-data/0 started (PID: 20838, GPUs: [], ports: [21920, 31034])
[34m[1;38;2;180;140;80m(AReaL)[0m [34m20261002-23:31:50.518 LocalScheduler INFO: Successfully created 1 workers for role 'data-data'
[37m[1;38;2;180;140;80m(AReaL)[0m [37m20261002-23:31:58.073 Guard INFO: Starting Guard on 33.180.166.157:21920 for worker data-data/0
[34m[1;38;2;180;140;80m(AReaL)[0m [34m20261002-23:31:58.084 LocalScheduler INFO: Configuration successfully on worker 'data-data/0'
[34m[1;38;2;180;140;80m(AReaL)[0m [34m20261002-23:31:58.086 LocalScheduler INFO: All 1 workers for role 'data-data' are ready
[37m[1;38;2;180;140;80m(AReaL)[0m [37m20261002-23:31:58.086 DataController INFO: RPCGuard workers ready: ['data-data/0']
[37m[1;38;2;180;140;80m(AReaL)[0m [37m20261002-23:31:58.090 Guard INFO: Forking new worker process for role 'data-worker' index 0
[37m[1;38;2;180;140;80m(AReaL)[0m [37m20261002-23:31:58.090 Guard INFO: Forked worker logs will be written to: /storage/openpsi/users/fenghui/projects/AReaL-muon/research/muon/evidence/baseline-aligned-3epoch-20261002/adamw/results/logs/root/gsm8k-grpo-megatron-adamw-baseline3/trial0/data-worker.log
[37m[1;38;2;180;140;80m(AReaL)[0m [37m20261002-23:31:58.091 Guard INFO: Forked worker for role 'data-worker' index 0 spawned (pid=20864)
[37m[1;38;2;180;140;80m(AReaL)[0m [37m20261002-23:31:58.092 Guard INFO: Forking new worker process for role 'data-router' index 0
[37m[1;38;2;180;140;80m(AReaL)[0m [37m20261002-23:31:58.092 Guard INFO: Forked worker logs will be written to: /storage/openpsi/users/fenghui/projects/AReaL-muon/research/muon/evidence/baseline-aligned-3epoch-20261002/adamw/results/logs/root/gsm8k-grpo-megatron-adamw-baseline3/trial0/data-router.log
[37m[1;38;2;180;140;80m(AReaL)[0m [37m20261002-23:31:58.093 Guard INFO: Forked worker for role 'data-router' index 0 spawned (pid=20868)
[37m[1;38;2;180;140;80m(AReaL)[0m [37m20261002-23:32:06.228 DataRouter INFO: DataRouter starting
[37m[1;38;2;180;140;80m(AReaL)[0m [37m20261002-23:32:06.325 DataController INFO: data-router is ready at http://33.180.166.157:10299/health
[96m[1;38;2;180;140;80m(AReaL)[0m [96m20261002-23:32:07.014 PlatformInit INFO: No supported accelerator detected. Initializing CPU platform.
[37m[1;38;2;180;140;80m(AReaL)[0m [37m20261002-23:32:07.024 DataController INFO: data-worker is ready at http://33.180.166.157:20274/health
[37m[1;38;2;180;140;80m(AReaL)[0m [37m20261002-23:32:07.024 DataController INFO: DataWorkers: ['http://33.180.166.157:20274']
[37m[1;38;2;180;140;80m(AReaL)[0m [37m20261002-23:32:07.024 DataController INFO: Router: http://33.180.166.157:10299
[37m[1;38;2;180;140;80m(AReaL)[0m [37m20261002-23:32:07.026 DataRouter INFO: Worker registered: http://33.180.166.157:20274 (total=1)
[37m[1;38;2;180;140;80m(AReaL)[0m [37m20261002-23:32:07.027 DataController INFO: Registered DataWorker http://33.180.166.157:20274 in router
[37m[1;38;2;180;140;80m(AReaL)[0m [37m20261002-23:32:07.028 Guard INFO: Forking new worker process for role 'data-gateway' index 0
[37m[1;38;2;180;140;80m(AReaL)[0m [37m20261002-23:32:07.030 Guard INFO: Forked worker logs will be written to: /storage/openpsi/users/fenghui/projects/AReaL-muon/research/muon/evidence/baseline-aligned-3epoch-20261002/adamw/results/logs/root/gsm8k-grpo-megatron-adamw-baseline3/trial0/data-gateway.log
[37m[1;38;2;180;140;80m(AReaL)[0m [37m20261002-23:32:07.031 Guard INFO: Forked worker for role 'data-gateway' index 0 spawned (pid=20902)
[37m[1;38;2;180;140;80m(AReaL)[0m [37m20261002-23:32:14.759 DataController INFO: data-gateway is ready at http://33.180.166.157:18324/health
[37m[1;38;2;180;140;80m(AReaL)[0m [37m20261002-23:32:14.761 DataController INFO: Gateway: http://33.180.166.157:18324
[37m[1;38;2;180;140;80m(AReaL)[0m [37m20261002-23:32:14.761 DataController INFO: DataController initialized with 1 workers
Map:   0%|          | 0/256 [00:00<?, ? examples/s]Map: 100%|██████████| 256/256 [00:00<00:00, 19808.18 examples/s]
Filter:   0%|          | 0/256 [00:00<?, ? examples/s]Filter: 100%|██████████| 256/256 [00:00<00:00, 5177.83 examples/s]
[37m[1;38;2;180;140;80m(AReaL)[0m [37m20261002-23:32:16.864 DataGatewayAuth INFO: Generated API key for dataset gsm8k-grpo-megatron-adamw-baseline3_trial0_train
[37m[1;38;2;180;140;80m(AReaL)[0m [37m20261002-23:32:16.865 DataController INFO: Registered dataset gsm8k-grpo-megatron-adamw-baseline3_trial0_train: total_samples=256, workers=1
[37m[1;38;2;180;140;80m(AReaL)[0m [37m20261002-23:32:16.865 RDataset INFO: RDataset connected: id=gsm8k-grpo-megatron-adamw-baseline3_trial0_train, total_samples=256
[37m[1;38;2;180;140;80m(AReaL)[0m [37m20261002-23:32:16.927 DataGatewayAuth INFO: Generated API key for dataset gsm8k-grpo-megatron-adamw-baseline3_trial0_valid
[37m[1;38;2;180;140;80m(AReaL)[0m [37m20261002-23:32:16.928 DataController INFO: Registered dataset gsm8k-grpo-megatron-adamw-baseline3_trial0_valid: total_samples=4, workers=1
[37m[1;38;2;180;140;80m(AReaL)[0m [37m20261002-23:32:16.928 RDataset INFO: RDataset connected: id=gsm8k-grpo-megatron-adamw-baseline3_trial0_valid, total_samples=4
[37m[1;38;2;180;140;80m(AReaL)[0m [37m20261002-23:32:16.929 TrainController INFO: Creating workers via scheduler...
[34m[1;38;2;180;140;80m(AReaL)[0m [34m20261002-23:32:16.929 LocalScheduler INFO: Creating 4 workers for role 'actor' (strategy: SchedulingStrategyType.separation, colocate_with: None)
[37m[1;38;2;180;140;80m(AReaL)[0m [37m20261002-23:32:16.929 LauncherUtils INFO: Auto-setting thread env vars to 8: OMP_NUM_THREADS, MKL_NUM_THREADS, OPENBLAS_NUM_THREADS, VECLIB_MAXIMUM_THREADS, NUMEXPR_NUM_THREADS
[34m[1;38;2;180;140;80m(AReaL)[0m [34m20261002-23:32:16.930 LocalScheduler INFO: Starting worker actor/0 (attempt 1/3): python3 -m areal.infra.rpc.rpc_server --port 24134 --experiment-name gsm8k-grpo-megatron-adamw-baseline3 --trial-name trial0 --role actor --worker-index 0 --name-resolve-type nfs --nfs-record-root /tmp/areal/name_resolve --etcd3-addr localhost:2379 --fileroot /storage/openpsi/users/fenghui/projects/AReaL-muon/research/muon/evidence/baseline-aligned-3epoch-20261002/adamw/results
[34m[1;38;2;180;140;80m(AReaL)[0m [34m20261002-23:32:17.036 LocalScheduler INFO: Worker actor/0 started (PID: 21127, GPUs: [0], ports: [24134, 32259])
[37m[1;38;2;180;140;80m(AReaL)[0m [37m20261002-23:32:17.037 LauncherUtils INFO: Auto-setting thread env vars to 8: OMP_NUM_THREADS, MKL_NUM_THREADS, OPENBLAS_NUM_THREADS, VECLIB_MAXIMUM_THREADS, NUMEXPR_NUM_THREADS
[34m[1;38;2;180;140;80m(AReaL)[0m [34m20261002-23:32:17.038 LocalScheduler INFO: Starting worker actor/1 (attempt 1/3): python3 -m areal.infra.rpc.rpc_server --port 19248 --experiment-name gsm8k-grpo-megatron-adamw-baseline3 --trial-name trial0 --role actor --worker-index 1 --name-resolve-type nfs --nfs-record-root /tmp/areal/name_resolve --etcd3-addr localhost:2379 --fileroot /storage/openpsi/users/fenghui/projects/AReaL-muon/research/muon/evidence/baseline-aligned-3epoch-20261002/adamw/results
[34m[1;38;2;180;140;80m(AReaL)[0m [34m20261002-23:32:17.143 LocalScheduler INFO: Worker actor/1 started (PID: 21133, GPUs: [1], ports: [19248, 30811])
[37m[1;38;2;180;140;80m(AReaL)[0m [37m20261002-23:32:17.144 LauncherUtils INFO: Auto-setting thread env vars to 8: OMP_NUM_THREADS, MKL_NUM_THREADS, OPENBLAS_NUM_THREADS, VECLIB_MAXIMUM_THREADS, NUMEXPR_NUM_THREADS
[34m[1;38;2;180;140;80m(AReaL)[0m [34m20261002-23:32:17.144 LocalScheduler INFO: Starting worker actor/2 (attempt 1/3): python3 -m areal.infra.rpc.rpc_server --port 24108 --experiment-name gsm8k-grpo-megatron-adamw-baseline3 --trial-name trial0 --role actor --worker-index 2 --name-resolve-type nfs --nfs-record-root /tmp/areal/name_resolve --etcd3-addr localhost:2379 --fileroot /storage/openpsi/users/fenghui/projects/AReaL-muon/research/muon/evidence/baseline-aligned-3epoch-20261002/adamw/results
[34m[1;38;2;180;140;80m(AReaL)[0m [34m20261002-23:32:17.249 LocalScheduler INFO: Worker actor/2 started (PID: 21143, GPUs: [2], ports: [24108, 29736])
[37m[1;38;2;180;140;80m(AReaL)[0m [37m20261002-23:32:17.250 LauncherUtils INFO: Auto-setting thread env vars to 8: OMP_NUM_THREADS, MKL_NUM_THREADS, OPENBLAS_NUM_THREADS, VECLIB_MAXIMUM_THREADS, NUMEXPR_NUM_THREADS
[34m[1;38;2;180;140;80m(AReaL)[0m [34m20261002-23:32:17.251 LocalScheduler INFO: Starting worker actor/3 (attempt 1/3): python3 -m areal.infra.rpc.rpc_server --port 15111 --experiment-name gsm8k-grpo-megatron-adamw-baseline3 --trial-name trial0 --role actor --worker-index 3 --name-resolve-type nfs --nfs-record-root /tmp/areal/name_resolve --etcd3-addr localhost:2379 --fileroot /storage/openpsi/users/fenghui/projects/AReaL-muon/research/muon/evidence/baseline-aligned-3epoch-20261002/adamw/results
[34m[1;38;2;180;140;80m(AReaL)[0m [34m20261002-23:32:17.356 LocalScheduler INFO: Worker actor/3 started (PID: 21151, GPUs: [3], ports: [15111, 28813])
[34m[1;38;2;180;140;80m(AReaL)[0m [34m20261002-23:32:17.357 LocalScheduler INFO: Successfully created 4 workers for role 'actor'
[37m[1;38;2;180;140;80m(AReaL)[0m [37m20261002-23:32:25.508 SyncRPCServer INFO: Werkzeug log level: WARNING
[37m[1;38;2;180;140;80m(AReaL)[0m [37m20261002-23:32:25.510 Guard INFO: Starting Guard on 33.180.166.157:19248 for worker actor/0
[37m[1;38;2;180;140;80m(AReaL)[0m [37m20261002-23:32:25.935 SyncRPCServer INFO: Werkzeug log level: WARNING
[37m[1;38;2;180;140;80m(AReaL)[0m [37m20261002-23:32:25.936 Guard INFO: Starting Guard on 33.180.166.157:24108 for worker actor/0
[37m[1;38;2;180;140;80m(AReaL)[0m [37m20261002-23:32:25.948 SyncRPCServer INFO: Werkzeug log level: WARNING
[37m[1;38;2;180;140;80m(AReaL)[0m [37m20261002-23:32:25.949 Guard INFO: Starting Guard on 33.180.166.157:24134 for worker actor/0
[37m[1;38;2;180;140;80m(AReaL)[0m [37m20261002-23:32:26.030 EngineBP INFO: Engine thread started
[37m[1;38;2;180;140;80m(AReaL)[0m [37m20261002-23:32:26.030 EngineBP INFO: Engine thread initialized
[37m[1;38;2;180;140;80m(AReaL)[0m [37m20261002-23:32:26.420 SyncRPCServer INFO: Werkzeug log level: WARNING
[37m[1;38;2;180;140;80m(AReaL)[0m [37m20261002-23:32:26.421 Guard INFO: Starting Guard on 33.180.166.157:15111 for worker actor/0
[96m[1;38;2;180;140;80m(AReaL)[0m [96m20261002-23:32:26.890 PlatformInit INFO: Detected CUDA device: NVIDIA L20X
[96m[1;38;2;180;140;80m(AReaL)[0m [96m20261002-23:32:26.890 PlatformInit INFO: Initializing CUDA platform (NVIDIA).
[34m[1;38;2;180;140;80m(AReaL)[0m [34m20261002-23:32:26.892 LocalScheduler INFO: Configuration successfully on worker 'actor/0'
[37m[1;38;2;180;140;80m(AReaL)[0m [37m20261002-23:32:26.899 EngineBP INFO: Engine thread started
[37m[1;38;2;180;140;80m(AReaL)[0m [37m20261002-23:32:26.900 EngineBP INFO: Engine thread initialized
[96m[1;38;2;180;140;80m(AReaL)[0m [96m20261002-23:32:27.754 PlatformInit INFO: Detected CUDA device: NVIDIA L20X
[96m[1;38;2;180;140;80m(AReaL)[0m [96m20261002-23:32:27.754 PlatformInit INFO: Initializing CUDA platform (NVIDIA).
[34m[1;38;2;180;140;80m(AReaL)[0m [34m20261002-23:32:27.755 LocalScheduler INFO: Configuration successfully on worker 'actor/1'
[37m[1;38;2;180;140;80m(AReaL)[0m [37m20261002-23:32:27.762 EngineBP INFO: Engine thread started
[37m[1;38;2;180;140;80m(AReaL)[0m [37m20261002-23:32:27.763 EngineBP INFO: Engine thread initialized
[96m[1;38;2;180;140;80m(AReaL)[0m [96m20261002-23:32:28.636 PlatformInit INFO: Detected CUDA device: NVIDIA L20X
[96m[1;38;2;180;140;80m(AReaL)[0m [96m20261002-23:32:28.636 PlatformInit INFO: Initializing CUDA platform (NVIDIA).
[34m[1;38;2;180;140;80m(AReaL)[0m [34m20261002-23:32:28.638 LocalScheduler INFO: Configuration successfully on worker 'actor/2'
[37m[1;38;2;180;140;80m(AReaL)[0m [37m20261002-23:32:28.645 EngineBP INFO: Engine thread started
[37m[1;38;2;180;140;80m(AReaL)[0m [37m20261002-23:32:28.646 EngineBP INFO: Engine thread initialized
[96m[1;38;2;180;140;80m(AReaL)[0m [96m20261002-23:32:29.515 PlatformInit INFO: Detected CUDA device: NVIDIA L20X
[96m[1;38;2;180;140;80m(AReaL)[0m [96m20261002-23:32:29.515 PlatformInit INFO: Initializing CUDA platform (NVIDIA).
[34m[1;38;2;180;140;80m(AReaL)[0m [34m20261002-23:32:29.517 LocalScheduler INFO: Configuration successfully on worker 'actor/3'
[37m[1;38;2;180;140;80m(AReaL)[0m [37m20261002-23:32:29.517 TrainController INFO: Workers created: ['actor/0', 'actor/1', 'actor/2', 'actor/3']
[37m[1;38;2;180;140;80m(AReaL)[0m [37m20261002-23:32:29.517 TrainController INFO: Waiting for workers to be ready...
[34m[1;38;2;180;140;80m(AReaL)[0m [34m20261002-23:32:29.524 LocalScheduler INFO: All 4 workers for role 'actor' are ready
[37m[1;38;2;180;140;80m(AReaL)[0m [37m20261002-23:32:29.524 TrainController INFO: Workers ready: ['actor/0', 'actor/1', 'actor/2', 'actor/3']
[37m[1;38;2;180;140;80m(AReaL)[0m [37m20261002-23:32:29.525 TrainController INFO: Distributed training: MASTER_ADDR=33.180.166.157, MASTER_PORT=32259
[37m[1;38;2;180;140;80m(AReaL)[0m [37m20261002-23:32:29.525 TrainController INFO: Creating engines on workers...
[37m[1;38;2;180;140;80m(AReaL)[0m [37m20261002-23:32:29.527 Guard INFO: Updated 5 environment variables
[37m[1;38;2;180;140;80m(AReaL)[0m [37m20261002-23:32:29.527 Guard INFO: Updated 5 environment variables
[37m[1;38;2;180;140;80m(AReaL)[0m [37m20261002-23:32:29.527 Guard INFO: Updated 5 environment variables
[37m[1;38;2;180;140;80m(AReaL)[0m [37m20261002-23:32:29.527 Guard INFO: Updated 5 environment variables
/opt/.venv/lib/python3.12/site-packages/modelopt/torch/__init__.py:36: UserWarning: transformers version 5.3.0 is not tested with nvidia-modelopt and may cause issues. Please install recommended version with `pip install nvidia-modelopt[hf]` if working with HF models.
  _warnings.warn(
/opt/.venv/lib/python3.12/site-packages/modelopt/torch/__init__.py:36: UserWarning: transformers version 5.3.0 is not tested with nvidia-modelopt and may cause issues. Please install recommended version with `pip install nvidia-modelopt[hf]` if working with HF models.
  _warnings.warn(
/opt/.venv/lib/python3.12/site-packages/modelopt/torch/__init__.py:36: UserWarning: transformers version 5.3.0 is not tested with nvidia-modelopt and may cause issues. Please install recommended version with `pip install nvidia-modelopt[hf]` if working with HF models.
  _warnings.warn(
/opt/.venv/lib/python3.12/site-packages/modelopt/torch/__init__.py:36: UserWarning: transformers version 5.3.0 is not tested with nvidia-modelopt and may cause issues. Please install recommended version with `pip install nvidia-modelopt[hf]` if working with HF models.
  _warnings.warn(
[96m[1;38;2;180;140;80m(AReaL)[0m [96m20261002-23:32:39.820 TreeAttentionFSDP INFO: Compiled torch flex attention. Options: {'epilogue_fusion': True, 'max_autotune': False, 'shape_padding': True, 'trace.enabled': False, 'triton.cudagraphs': False}, dynamic: True
[96m[1;38;2;180;140;80m(AReaL)[0m [96m20261002-23:32:39.822 TreeAttentionFSDP INFO: Using block mask in flex attention, block size: 128
[96m[1;38;2;180;140;80m(AReaL)[0m [96m20261002-23:32:40.047 TreeAttentionFSDP INFO: Compiled torch flex attention. Options: {'epilogue_fusion': True, 'max_autotune': False, 'shape_padding': True, 'trace.enabled': False, 'triton.cudagraphs': False}, dynamic: True
[96m[1;38;2;180;140;80m(AReaL)[0m [96m20261002-23:32:40.050 TreeAttentionFSDP INFO: Using block mask in flex attention, block size: 128
[96m[1;38;2;180;140;80m(AReaL)[0m [96m20261002-23:32:40.059 TreeAttentionFSDP INFO: Compiled torch flex attention. Options: {'epilogue_fusion': True, 'max_autotune': False, 'shape_padding': True, 'trace.enabled': False, 'triton.cudagraphs': False}, dynamic: True
[96m[1;38;2;180;140;80m(AReaL)[0m [96m20261002-23:32:40.063 TreeAttentionFSDP INFO: Using block mask in flex attention, block size: 128
[96m[1;38;2;180;140;80m(AReaL)[0m [96m20261002-23:32:40.067 TreeAttentionFSDP INFO: Compiled torch flex attention. Options: {'epilogue_fusion': True, 'max_autotune': False, 'shape_padding': True, 'trace.enabled': False, 'triton.cudagraphs': False}, dynamic: True
[96m[1;38;2;180;140;80m(AReaL)[0m [96m20261002-23:32:40.069 TreeAttentionFSDP INFO: Using block mask in flex attention, block size: 128
[36m[1;38;2;180;140;80m(AReaL)[0m [36m20261002-23:32:41.268 PPOActor INFO: ======================================================================
[36m[1;38;2;180;140;80m(AReaL)[0m [36m20261002-23:32:41.269 PPOActor INFO: PPOActor Configuration
[36m[1;38;2;180;140;80m(AReaL)[0m [36m20261002-23:32:41.269 PPOActor INFO: ======================================================================
[36m[1;38;2;180;140;80m(AReaL)[0m [36m20261002-23:32:41.269 PPOActor INFO: Mode: Decoupled PPO (off-policy)
[36m[1;38;2;180;140;80m(AReaL)[0m [36m20261002-23:32:41.269 PPOActor INFO:   log_p_behave (π_behave): FROM INFERENCE (behavior policy)
[36m[1;38;2;180;140;80m(AReaL)[0m [36m20261002-23:32:41.269 PPOActor INFO:   Proximal policy (π_prox): RECOMPUTED via forward pass (standard decoupled PPO)
[36m[1;38;2;180;140;80m(AReaL)[0m [36m20261002-23:32:41.269 PPOActor INFO:   log_p_theta (π_θ): TRAINING FORWARD PASS (current policy)
[36m[1;38;2;180;140;80m(AReaL)[0m [36m20261002-23:32:41.270 PPOActor INFO:   Rejection sampling: level=token, metric=ratio, action=mask, upper=5.0
[36m[1;38;2;180;140;80m(AReaL)[0m [36m20261002-23:32:41.270 PPOActor INFO: ======================================================================
[36m[1;38;2;180;140;80m(AReaL)[0m [36m20261002-23:32:41.270 PPOActor INFO: Training Parameters:
[36m[1;38;2;180;140;80m(AReaL)[0m [36m20261002-23:32:41.270 PPOActor INFO:   importance_sampling_level: token
[36m[1;38;2;180;140;80m(AReaL)[0m [36m20261002-23:32:41.270 PPOActor INFO:   adv_norm: NormConfig(mean_level='batch', mean_leave1out=False, std_level='batch', std_unbiased=True, eps=1e-05, group_size=1)
[36m[1;38;2;180;140;80m(AReaL)[0m [36m20261002-23:32:41.270 PPOActor INFO:   reward_norm: NormConfig(mean_level='group', mean_leave1out=False, std_level='group', std_unbiased=True, eps=1e-05, group_size=4)
[36m[1;38;2;180;140;80m(AReaL)[0m [36m20261002-23:32:41.270 PPOActor INFO:   gae_lambda: 1.0
[36m[1;38;2;180;140;80m(AReaL)[0m [36m20261002-23:32:41.270 PPOActor INFO:   gae_timestep_unit: token
[36m[1;38;2;180;140;80m(AReaL)[0m [36m20261002-23:32:41.271 PPOActor INFO:   eps_clip: 0.4
[36m[1;38;2;180;140;80m(AReaL)[0m [36m20261002-23:32:41.271 PPOActor INFO: ======================================================================
[37m[1;38;2;180;140;80m(AReaL)[0m [37m20261002-23:32:41.271 EngineBP INFO: Engine 'actor/0' (class: areal.engine.megatron_engine.MegatronPPOActor) instantiated successfully
[36m[1;38;2;180;140;80m(AReaL)[0m [36m20261002-23:32:41.424 PPOActor INFO: ======================================================================
[36m[1;38;2;180;140;80m(AReaL)[0m [36m20261002-23:32:41.424 PPOActor INFO: PPOActor Configuration
[36m[1;38;2;180;140;80m(AReaL)[0m [36m20261002-23:32:41.424 PPOActor INFO: ======================================================================
[36m[1;38;2;180;140;80m(AReaL)[0m [36m20261002-23:32:41.424 PPOActor INFO: Mode: Decoupled PPO (off-policy)
[36m[1;38;2;180;140;80m(AReaL)[0m [36m20261002-23:32:41.424 PPOActor INFO: ======================================================================
[36m[1;38;2;180;140;80m(AReaL)[0m [36m20261002-23:32:41.424 PPOActor INFO:   log_p_behave (π_behave): FROM INFERENCE (behavior policy)
[36m[1;38;2;180;140;80m(AReaL)[0m [36m20261002-23:32:41.424 PPOActor INFO: PPOActor Configuration
[36m[1;38;2;180;140;80m(AReaL)[0m [36m20261002-23:32:41.424 PPOActor INFO:   Proximal policy (π_prox): RECOMPUTED via forward pass (standard decoupled PPO)
[36m[1;38;2;180;140;80m(AReaL)[0m [36m20261002-23:32:41.425 PPOActor INFO: ======================================================================
[36m[1;38;2;180;140;80m(AReaL)[0m [36m20261002-23:32:41.425 PPOActor INFO:   log_p_theta (π_θ): TRAINING FORWARD PASS (current policy)
[36m[1;38;2;180;140;80m(AReaL)[0m [36m20261002-23:32:41.425 PPOActor INFO: Mode: Decoupled PPO (off-policy)
[36m[1;38;2;180;140;80m(AReaL)[0m [36m20261002-23:32:41.425 PPOActor INFO:   Rejection sampling: level=token, metric=ratio, action=mask, upper=5.0
[36m[1;38;2;180;140;80m(AReaL)[0m [36m20261002-23:32:41.425 PPOActor INFO:   log_p_behave (π_behave): FROM INFERENCE (behavior policy)
[36m[1;38;2;180;140;80m(AReaL)[0m [36m20261002-23:32:41.425 PPOActor INFO: ======================================================================
[36m[1;38;2;180;140;80m(AReaL)[0m [36m20261002-23:32:41.425 PPOActor INFO:   Proximal policy (π_prox): RECOMPUTED via forward pass (standard decoupled PPO)
[36m[1;38;2;180;140;80m(AReaL)[0m [36m20261002-23:32:41.425 PPOActor INFO: Training Parameters:
[36m[1;38;2;180;140;80m(AReaL)[0m [36m20261002-23:32:41.425 PPOActor INFO:   log_p_theta (π_θ): TRAINING FORWARD PASS (current policy)
[36m[1;38;2;180;140;80m(AReaL)[0m [36m20261002-23:32:41.425 PPOActor INFO:   importance_sampling_level: token
[36m[1;38;2;180;140;80m(AReaL)[0m [36m20261002-23:32:41.425 PPOActor INFO:   Rejection sampling: level=token, metric=ratio, action=mask, upper=5.0
[36m[1;38;2;180;140;80m(AReaL)[0m [36m20261002-23:32:41.425 PPOActor INFO:   adv_norm: NormConfig(mean_level='batch', mean_leave1out=False, std_level='batch', std_unbiased=True, eps=1e-05, group_size=1)
[36m[1;38;2;180;140;80m(AReaL)[0m [36m20261002-23:32:41.425 PPOActor INFO: ======================================================================
[36m[1;38;2;180;140;80m(AReaL)[0m [36m20261002-23:32:41.425 PPOActor INFO:   reward_norm: NormConfig(mean_level='group', mean_leave1out=False, std_level='group', std_unbiased=True, eps=1e-05, group_size=4)
[36m[1;38;2;180;140;80m(AReaL)[0m [36m20261002-23:32:41.425 PPOActor INFO: Training Parameters:
[36m[1;38;2;180;140;80m(AReaL)[0m [36m20261002-23:32:41.425 PPOActor INFO:   gae_lambda: 1.0
[36m[1;38;2;180;140;80m(AReaL)[0m [36m20261002-23:32:41.425 PPOActor INFO:   importance_sampling_level: token
[36m[1;38;2;180;140;80m(AReaL)[0m [36m20261002-23:32:41.425 PPOActor INFO:   gae_timestep_unit: token
[36m[1;38;2;180;140;80m(AReaL)[0m [36m20261002-23:32:41.425 PPOActor INFO:   adv_norm: NormConfig(mean_level='batch', mean_leave1out=False, std_level='batch', std_unbiased=True, eps=1e-05, group_size=1)
[36m[1;38;2;180;140;80m(AReaL)[0m [36m20261002-23:32:41.425 PPOActor INFO:   eps_clip: 0.4
[36m[1;38;2;180;140;80m(AReaL)[0m [36m20261002-23:32:41.425 PPOActor INFO:   reward_norm: NormConfig(mean_level='group', mean_leave1out=False, std_level='group', std_unbiased=True, eps=1e-05, group_size=4)
[36m[1;38;2;180;140;80m(AReaL)[0m [36m20261002-23:32:41.425 PPOActor INFO: ======================================================================
[36m[1;38;2;180;140;80m(AReaL)[0m [36m20261002-23:32:41.425 PPOActor INFO:   gae_lambda: 1.0
[37m[1;38;2;180;140;80m(AReaL)[0m [37m20261002-23:32:41.425 EngineBP INFO: Engine 'actor/3' (class: areal.engine.megatron_engine.MegatronPPOActor) instantiated successfully
[36m[1;38;2;180;140;80m(AReaL)[0m [36m20261002-23:32:41.426 PPOActor INFO:   gae_timestep_unit: token
[36m[1;38;2;180;140;80m(AReaL)[0m [36m20261002-23:32:41.426 PPOActor INFO:   eps_clip: 0.4
[36m[1;38;2;180;140;80m(AReaL)[0m [36m20261002-23:32:41.426 PPOActor INFO: ======================================================================
[37m[1;38;2;180;140;80m(AReaL)[0m [37m20261002-23:32:41.426 EngineBP INFO: Engine 'actor/1' (class: areal.engine.megatron_engine.MegatronPPOActor) instantiated successfully
[36m[1;38;2;180;140;80m(AReaL)[0m [36m20261002-23:32:41.428 PPOActor INFO: ======================================================================
[36m[1;38;2;180;140;80m(AReaL)[0m [36m20261002-23:32:41.429 PPOActor INFO: PPOActor Configuration
[36m[1;38;2;180;140;80m(AReaL)[0m [36m20261002-23:32:41.429 PPOActor INFO: ======================================================================
[36m[1;38;2;180;140;80m(AReaL)[0m [36m20261002-23:32:41.429 PPOActor INFO: Mode: Decoupled PPO (off-policy)
[36m[1;38;2;180;140;80m(AReaL)[0m [36m20261002-23:32:41.429 PPOActor INFO:   log_p_behave (π_behave): FROM INFERENCE (behavior policy)
[36m[1;38;2;180;140;80m(AReaL)[0m [36m20261002-23:32:41.429 PPOActor INFO:   Proximal policy (π_prox): RECOMPUTED via forward pass (standard decoupled PPO)
[36m[1;38;2;180;140;80m(AReaL)[0m [36m20261002-23:32:41.429 PPOActor INFO:   log_p_theta (π_θ): TRAINING FORWARD PASS (current policy)
[36m[1;38;2;180;140;80m(AReaL)[0m [36m20261002-23:32:41.429 PPOActor INFO:   Rejection sampling: level=token, metric=ratio, action=mask, upper=5.0
[36m[1;38;2;180;140;80m(AReaL)[0m [36m20261002-23:32:41.429 PPOActor INFO: ======================================================================
[36m[1;38;2;180;140;80m(AReaL)[0m [36m20261002-23:32:41.429 PPOActor INFO: Training Parameters:
[36m[1;38;2;180;140;80m(AReaL)[0m [36m20261002-23:32:41.429 PPOActor INFO:   importance_sampling_level: token
[36m[1;38;2;180;140;80m(AReaL)[0m [36m20261002-23:32:41.429 PPOActor INFO:   adv_norm: NormConfig(mean_level='batch', mean_leave1out=False, std_level='batch', std_unbiased=True, eps=1e-05, group_size=1)
[36m[1;38;2;180;140;80m(AReaL)[0m [36m20261002-23:32:41.430 PPOActor INFO:   reward_norm: NormConfig(mean_level='group', mean_leave1out=False, std_level='group', std_unbiased=True, eps=1e-05, group_size=4)
[36m[1;38;2;180;140;80m(AReaL)[0m [36m20261002-23:32:41.430 PPOActor INFO:   gae_lambda: 1.0
[36m[1;38;2;180;140;80m(AReaL)[0m [36m20261002-23:32:41.430 PPOActor INFO:   gae_timestep_unit: token
[36m[1;38;2;180;140;80m(AReaL)[0m [36m20261002-23:32:41.430 PPOActor INFO:   eps_clip: 0.4
[36m[1;38;2;180;140;80m(AReaL)[0m [36m20261002-23:32:41.430 PPOActor INFO: ======================================================================
[37m[1;38;2;180;140;80m(AReaL)[0m [37m20261002-23:32:41.430 EngineBP INFO: Engine 'actor/2' (class: areal.engine.megatron_engine.MegatronPPOActor) instantiated successfully
[37m[1;38;2;180;140;80m(AReaL)[0m [37m20261002-23:32:41.431 TrainController INFO: Engines created on all workers!
[37m[1;38;2;180;140;80m(AReaL)[0m [37m20261002-23:32:41.432 TrainController INFO: Calling engine initialization...
[Gloo] Rank 2 is connected to 3 peer ranks. Expected number of connected peer ranks is : 3
[Gloo] Rank 0 is connected to 3 peer ranks. Expected number of connected peer ranks is : 3
[Gloo] Rank 1 is connected to 3 peer ranks. Expected number of connected peer ranks is : 3
[Gloo] Rank 3 is connected to 3 peer ranks. Expected number of connected peer ranks is : 3
[Gloo] Rank 1 is connected to 3 peer ranks. Expected number of connected peer ranks is : 3
[Gloo] Rank 2 is connected to 3 peer ranks. Expected number of connected peer ranks is : 3
[Gloo] Rank 0 is connected to 3 peer ranks. Expected number of connected peer ranks is : 3
[Gloo] Rank 3 is connected to 3 peer ranks. Expected number of connected peer ranks is : 3
[Gloo] Rank 1 is connected to 3 peer ranks. Expected number of connected peer ranks is : 3
[Gloo] Rank 2 is connected to 3 peer ranks. Expected number of connected peer ranks is : 3
[Gloo] Rank 0 is connected to 3 peer ranks. Expected number of connected peer ranks is : 3
[Gloo] Rank 3 is connected to 3 peer ranks. Expected number of connected peer ranks is : 3
[Gloo] Rank 0 is connected to 0 peer ranks. Expected number of connected peer ranks is : 0
[Gloo] Rank 0 is connected to 0 peer ranks. Expected number of connected peer ranks is : 0
[Gloo] Rank 0 is connected to 0 peer ranks. Expected number of connected peer ranks is : 0
[Gloo] Rank 0 is connected to 0 peer ranks. Expected number of connected peer ranks is : 0
[Gloo] Rank 0 is connected to 3 peer ranks. Expected number of connected peer ranks is : 3
[Gloo] Rank 3 is connected to 3 peer ranks. Expected number of connected peer ranks is : 3
[Gloo] Rank 1 is connected to 3 peer ranks. Expected number of connected peer ranks is : 3
[Gloo] Rank 2 is connected to 3 peer ranks. Expected number of connected peer ranks is : 3
[96m[1;38;2;180;140;80m(AReaL)[0m [96m20261002-23:32:44.466 CUDAPlatform INFO: Set NUMA affinity for CUDA device 0 (GPU-5925d357-a578-9e58-4bb4-67adb54e4cda): bound to 96 CPU cores.
[96m[1;38;2;180;140;80m(AReaL)[0m [96m20261002-23:32:44.499 CUDAPlatform INFO: Set NUMA affinity for CUDA device 0 (GPU-142f3136-e75e-eece-fc73-6be42ac414ac): bound to 96 CPU cores.
[96m[1;38;2;180;140;80m(AReaL)[0m [96m20261002-23:32:44.504 CUDAPlatform INFO: Set NUMA affinity for CUDA device 0 (GPU-4b3cec1a-f5a1-bbd5-a36e-ddb0d23c89ac): bound to 96 CPU cores.
[96m[1;38;2;180;140;80m(AReaL)[0m [96m20261002-23:32:44.507 CUDAPlatform INFO: Set NUMA affinity for CUDA device 0 (GPU-ab998871-5159-5620-c933-3c78ff6b53e9): bound to 96 CPU cores.
The argument `trust_remote_code` is to be used with Auto classes. It has no effect here and is ignored.
The argument `trust_remote_code` is to be used with Auto classes. It has no effect here and is ignored.
You are using a model of type `qwen2` to instantiate a model of type ``. This may be expected if you are loading a checkpoint that shares a subset of the architecture (e.g., loading a `sam2_video` checkpoint into `Sam2Model`), but is otherwise not supported and can yield errors. Please verify that the checkpoint is compatible with the model you are instantiating.
You are using a model of type `qwen2` to instantiate a model of type ``. This may be expected if you are loading a checkpoint that shares a subset of the architecture (e.g., loading a `sam2_video` checkpoint into `Sam2Model`), but is otherwise not supported and can yield errors. Please verify that the checkpoint is compatible with the model you are instantiating.
The argument `trust_remote_code` is to be used with Auto classes. It has no effect here and is ignored.
You are using a model of type `qwen2` to instantiate a model of type ``. This may be expected if you are loading a checkpoint that shares a subset of the architecture (e.g., loading a `sam2_video` checkpoint into `Sam2Model`), but is otherwise not supported and can yield errors. Please verify that the checkpoint is compatible with the model you are instantiating.
/storage/openpsi/users/fenghui/projects/AReaL-RSI/.rsi/research-lab/runs/research_58654ea421ca4619/agents/research_ce92f6a2a491b52e7fd5b227/muon-env/lib/python3.12/site-packages/megatron/core/transformer/transformer_config.py:2415: UserWarning: full scope is deprecated. Use empty cuda_graph_modules to capture the whole layer.
  warnings.warn(
/storage/openpsi/users/fenghui/projects/AReaL-RSI/.rsi/research-lab/runs/research_58654ea421ca4619/agents/research_ce92f6a2a491b52e7fd5b227/muon-env/lib/python3.12/site-packages/megatron/core/transformer/transformer_config.py:2415: UserWarning: full scope is deprecated. Use empty cuda_graph_modules to capture the whole layer.
  warnings.warn(
[96m[1;38;2;180;140;80m(AReaL)[0m [96m20261002-23:32:45.009 [MegatronEngine Rank 2] INFO: Using mbridge to create models and hf model save/load in MegatronEngine.
[96m[1;38;2;180;140;80m(AReaL)[0m [96m20261002-23:32:45.009 [MegatronEngine Rank 1] INFO: Using mbridge to create models and hf model save/load in MegatronEngine.
/storage/openpsi/users/fenghui/projects/AReaL-RSI/.rsi/research-lab/runs/research_58654ea421ca4619/agents/research_ce92f6a2a491b52e7fd5b227/muon-env/lib/python3.12/site-packages/megatron/core/transformer/transformer_config.py:2415: UserWarning: full scope is deprecated. Use empty cuda_graph_modules to capture the whole layer.
  warnings.warn(
[96m[1;38;2;180;140;80m(AReaL)[0m [96m20261002-23:32:45.010 [MegatronEngine Rank 0] INFO: Using mbridge to create models and hf model save/load in MegatronEngine.
GPTModel IS DEPRECATED. GPTModel is only accepting critical bug fixes, no new features. Please reference the migration guide `docs/user-guide/hybrid-model-migration.md` for details on how to use `HybridModel`
The argument `trust_remote_code` is to be used with Auto classes. It has no effect here and is ignored.
You are using a model of type `qwen2` to instantiate a model of type ``. This may be expected if you are loading a checkpoint that shares a subset of the architecture (e.g., loading a `sam2_video` checkpoint into `Sam2Model`), but is otherwise not supported and can yield errors. Please verify that the checkpoint is compatible with the model you are instantiating.
/storage/openpsi/users/fenghui/projects/AReaL-RSI/.rsi/research-lab/runs/research_58654ea421ca4619/agents/research_ce92f6a2a491b52e7fd5b227/muon-env/lib/python3.12/site-packages/megatron/core/transformer/transformer_config.py:2415: UserWarning: full scope is deprecated. Use empty cuda_graph_modules to capture the whole layer.
  warnings.warn(
[96m[1;38;2;180;140;80m(AReaL)[0m [96m20261002-23:32:45.019 [MegatronEngine Rank 3] INFO: Using mbridge to create models and hf model save/load in MegatronEngine.
 > number of parameters on (tensor, pipeline) model parallel rank (0, 0): 1543714304
DistributedDataParallel: full_param_layout not provided with use_distributed_optimizer=True. Auto-computing layout inside DDP. Callers should pre-compute layouts via DistributedOptimizer.compute_full_param_layout() and pass them in.
[96m[1;38;2;180;140;80m(AReaL)[0m [96m20261002-23:32:46.111 [MegatronEngine Rank 0] INFO: Model parameter count: 1543.71M, pp_stage=0, vpp_chunks=1
[96m[1;38;2;180;140;80m(AReaL)[0m [96m20261002-23:32:46.111 [MegatronEngine Rank 3] INFO: Model parameter count: 1543.71M, pp_stage=0, vpp_chunks=1
[96m[1;38;2;180;140;80m(AReaL)[0m [96m20261002-23:32:46.111 [MegatronEngine Rank 1] INFO: Model parameter count: 1543.71M, pp_stage=0, vpp_chunks=1
[96m[1;38;2;180;140;80m(AReaL)[0m [96m20261002-23:32:46.111 [MegatronEngine Rank 2] INFO: Model parameter count: 1543.71M, pp_stage=0, vpp_chunks=1
/storage/openpsi/users/fenghui/projects/AReaL-RSI/.rsi/research-lab/runs/research_58654ea421ca4619/agents/research_ce92f6a2a491b52e7fd5b227/muon-env/lib/python3.12/site-packages/megatron/core/models/mimo/config/base_configs.py:12: UserWarning: MimoModelConfig is experimental and still under active development. The API may change without notice in future releases.
  class MimoModelConfig:
/storage/openpsi/users/fenghui/projects/AReaL-RSI/.rsi/research-lab/runs/research_58654ea421ca4619/agents/research_ce92f6a2a491b52e7fd5b227/muon-env/lib/python3.12/site-packages/megatron/core/models/mimo/config/base_configs.py:12: UserWarning: MimoModelConfig is experimental and still under active development. The API may change without notice in future releases.
  class MimoModelConfig:
/storage/openpsi/users/fenghui/projects/AReaL-RSI/.rsi/research-lab/runs/research_58654ea421ca4619/agents/research_ce92f6a2a491b52e7fd5b227/muon-env/lib/python3.12/site-packages/megatron/core/models/mimo/config/base_configs.py:12: UserWarning: MimoModelConfig is experimental and still under active development. The API may change without notice in future releases.
  class MimoModelConfig:
/storage/openpsi/users/fenghui/projects/AReaL-RSI/.rsi/research-lab/runs/research_58654ea421ca4619/agents/research_ce92f6a2a491b52e7fd5b227/muon-env/lib/python3.12/site-packages/megatron/core/models/mimo/config/base_configs.py:12: UserWarning: MimoModelConfig is experimental and still under active development. The API may change without notice in future releases.
  class MimoModelConfig:
[37m[1;38;2;180;140;80m(AReaL)[0m [37m20261002-23:32:46.309 TrainController INFO: All engines are initialized!
[37m[1;38;2;180;140;80m(AReaL)[0m [37m20261002-23:32:46.309 TrainController INFO: Identifying DP head workers...
[37m[1;38;2;180;140;80m(AReaL)[0m [37m20261002-23:32:46.316 TrainController INFO: TrainController initialization complete
[37m[1;38;2;180;140;80m(AReaL)[0m [37m20261002-23:32:46.333 RolloutController INFO: Creating workers via scheduler...
[34m[1;38;2;180;140;80m(AReaL)[0m [34m20261002-23:32:46.333 LocalScheduler INFO: Creating 4 workers for role 'rollout' (strategy: SchedulingStrategyType.separation, colocate_with: None)
[37m[1;38;2;180;140;80m(AReaL)[0m [37m20261002-23:32:46.334 LauncherUtils INFO: Auto-setting thread env vars to 8: OMP_NUM_THREADS, MKL_NUM_THREADS, OPENBLAS_NUM_THREADS, VECLIB_MAXIMUM_THREADS, NUMEXPR_NUM_THREADS
[34m[1;38;2;180;140;80m(AReaL)[0m [34m20261002-23:32:46.334 LocalScheduler INFO: Starting worker rollout/0 (attempt 1/3): python3 -m areal.infra.rpc.rpc_server --port 24891 --experiment-name gsm8k-grpo-megatron-adamw-baseline3 --trial-name trial0 --role rollout --worker-index 0 --name-resolve-type nfs --nfs-record-root /tmp/areal/name_resolve --etcd3-addr localhost:2379 --fileroot /storage/openpsi/users/fenghui/projects/AReaL-muon/research/muon/evidence/baseline-aligned-3epoch-20261002/adamw/results
[34m[1;38;2;180;140;80m(AReaL)[0m [34m20261002-23:32:46.441 LocalScheduler INFO: Worker rollout/0 started (PID: 21780, GPUs: [4], ports: [24891, 30089])
[37m[1;38;2;180;140;80m(AReaL)[0m [37m20261002-23:32:46.442 LauncherUtils INFO: Auto-setting thread env vars to 8: OMP_NUM_THREADS, MKL_NUM_THREADS, OPENBLAS_NUM_THREADS, VECLIB_MAXIMUM_THREADS, NUMEXPR_NUM_THREADS
[34m[1;38;2;180;140;80m(AReaL)[0m [34m20261002-23:32:46.442 LocalScheduler INFO: Starting worker rollout/1 (attempt 1/3): python3 -m areal.infra.rpc.rpc_server --port 12168 --experiment-name gsm8k-grpo-megatron-adamw-baseline3 --trial-name trial0 --role rollout --worker-index 1 --name-resolve-type nfs --nfs-record-root /tmp/areal/name_resolve --etcd3-addr localhost:2379 --fileroot /storage/openpsi/users/fenghui/projects/AReaL-muon/research/muon/evidence/baseline-aligned-3epoch-20261002/adamw/results
[34m[1;38;2;180;140;80m(AReaL)[0m [34m20261002-23:32:46.548 LocalScheduler INFO: Worker rollout/1 started (PID: 21786, GPUs: [5], ports: [12168, 30647])
[37m[1;38;2;180;140;80m(AReaL)[0m [37m20261002-23:32:46.549 LauncherUtils INFO: Auto-setting thread env vars to 8: OMP_NUM_THREADS, MKL_NUM_THREADS, OPENBLAS_NUM_THREADS, VECLIB_MAXIMUM_THREADS, NUMEXPR_NUM_THREADS
[34m[1;38;2;180;140;80m(AReaL)[0m [34m20261002-23:32:46.549 LocalScheduler INFO: Starting worker rollout/2 (attempt 1/3): python3 -m areal.infra.rpc.rpc_server --port 26636 --experiment-name gsm8k-grpo-megatron-adamw-baseline3 --trial-name trial0 --role rollout --worker-index 2 --name-resolve-type nfs --nfs-record-root /tmp/areal/name_resolve --etcd3-addr localhost:2379 --fileroot /storage/openpsi/users/fenghui/projects/AReaL-muon/research/muon/evidence/baseline-aligned-3epoch-20261002/adamw/results
[34m[1;38;2;180;140;80m(AReaL)[0m [34m20261002-23:32:46.654 LocalScheduler INFO: Worker rollout/2 started (PID: 21795, GPUs: [6], ports: [26636, 27120])
[37m[1;38;2;180;140;80m(AReaL)[0m [37m20261002-23:32:46.655 LauncherUtils INFO: Auto-setting thread env vars to 8: OMP_NUM_THREADS, MKL_NUM_THREADS, OPENBLAS_NUM_THREADS, VECLIB_MAXIMUM_THREADS, NUMEXPR_NUM_THREADS
[34m[1;38;2;180;140;80m(AReaL)[0m [34m20261002-23:32:46.655 LocalScheduler INFO: Starting worker rollout/3 (attempt 1/3): python3 -m areal.infra.rpc.rpc_server --port 21921 --experiment-name gsm8k-grpo-megatron-adamw-baseline3 --trial-name trial0 --role rollout --worker-index 3 --name-resolve-type nfs --nfs-record-root /tmp/areal/name_resolve --etcd3-addr localhost:2379 --fileroot /storage/openpsi/users/fenghui/projects/AReaL-muon/research/muon/evidence/baseline-aligned-3epoch-20261002/adamw/results
[34m[1;38;2;180;140;80m(AReaL)[0m [34m20261002-23:32:46.760 LocalScheduler INFO: Worker rollout/3 started (PID: 21804, GPUs: [7], ports: [21921, 31134])
[34m[1;38;2;180;140;80m(AReaL)[0m [34m20261002-23:32:46.761 LocalScheduler INFO: Successfully created 4 workers for role 'rollout'
[37m[1;38;2;180;140;80m(AReaL)[0m [37m20261002-23:32:55.339 SyncRPCServer INFO: Werkzeug log level: WARNING
[37m[1;38;2;180;140;80m(AReaL)[0m [37m20261002-23:32:55.339 SyncRPCServer INFO: Werkzeug log level: WARNING
[37m[1;38;2;180;140;80m(AReaL)[0m [37m20261002-23:32:55.340 SyncRPCServer INFO: Werkzeug log level: WARNING
[37m[1;38;2;180;140;80m(AReaL)[0m [37m20261002-23:32:55.340 SyncRPCServer INFO: Werkzeug log level: WARNING
[37m[1;38;2;180;140;80m(AReaL)[0m [37m20261002-23:32:55.340 Guard INFO: Starting Guard on 33.180.166.157:21921 for worker rollout/0
[37m[1;38;2;180;140;80m(AReaL)[0m [37m20261002-23:32:55.341 Guard INFO: Starting Guard on 33.180.166.157:26636 for worker rollout/0
[37m[1;38;2;180;140;80m(AReaL)[0m [37m20261002-23:32:55.341 Guard INFO: Starting Guard on 33.180.166.157:24891 for worker rollout/0
[37m[1;38;2;180;140;80m(AReaL)[0m [37m20261002-23:32:55.341 Guard INFO: Starting Guard on 33.180.166.157:12168 for worker rollout/0
[37m[1;38;2;180;140;80m(AReaL)[0m [37m20261002-23:32:55.430 EngineBP INFO: Engine thread started
[37m[1;38;2;180;140;80m(AReaL)[0m [37m20261002-23:32:55.430 EngineBP INFO: Engine thread initialized
[96m[1;38;2;180;140;80m(AReaL)[0m [96m20261002-23:32:56.276 PlatformInit INFO: Detected CUDA device: NVIDIA L20X
[96m[1;38;2;180;140;80m(AReaL)[0m [96m20261002-23:32:56.276 PlatformInit INFO: Initializing CUDA platform (NVIDIA).
[34m[1;38;2;180;140;80m(AReaL)[0m [34m20261002-23:32:56.278 LocalScheduler INFO: Configuration successfully on worker 'rollout/0'
[37m[1;38;2;180;140;80m(AReaL)[0m [37m20261002-23:32:56.285 EngineBP INFO: Engine thread started
[37m[1;38;2;180;140;80m(AReaL)[0m [37m20261002-23:32:56.285 EngineBP INFO: Engine thread initialized
[96m[1;38;2;180;140;80m(AReaL)[0m [96m20261002-23:32:57.144 PlatformInit INFO: Detected CUDA device: NVIDIA L20X
[96m[1;38;2;180;140;80m(AReaL)[0m [96m20261002-23:32:57.144 PlatformInit INFO: Initializing CUDA platform (NVIDIA).
[34m[1;38;2;180;140;80m(AReaL)[0m [34m20261002-23:32:57.145 LocalScheduler INFO: Configuration successfully on worker 'rollout/1'
[37m[1;38;2;180;140;80m(AReaL)[0m [37m20261002-23:32:57.156 EngineBP INFO: Engine thread started
[37m[1;38;2;180;140;80m(AReaL)[0m [37m20261002-23:32:57.157 EngineBP INFO: Engine thread initialized
[96m[1;38;2;180;140;80m(AReaL)[0m [96m20261002-23:32:58.076 PlatformInit INFO: Detected CUDA device: NVIDIA L20X
[96m[1;38;2;180;140;80m(AReaL)[0m [96m20261002-23:32:58.077 PlatformInit INFO: Initializing CUDA platform (NVIDIA).
[34m[1;38;2;180;140;80m(AReaL)[0m [34m20261002-23:32:58.078 LocalScheduler INFO: Configuration successfully on worker 'rollout/2'
[37m[1;38;2;180;140;80m(AReaL)[0m [37m20261002-23:32:58.086 EngineBP INFO: Engine thread started
[37m[1;38;2;180;140;80m(AReaL)[0m [37m20261002-23:32:58.087 EngineBP INFO: Engine thread initialized
[96m[1;38;2;180;140;80m(AReaL)[0m [96m20261002-23:32:58.942 PlatformInit INFO: Detected CUDA device: NVIDIA L20X
[96m[1;38;2;180;140;80m(AReaL)[0m [96m20261002-23:32:58.942 PlatformInit INFO: Initializing CUDA platform (NVIDIA).
[34m[1;38;2;180;140;80m(AReaL)[0m [34m20261002-23:32:58.944 LocalScheduler INFO: Configuration successfully on worker 'rollout/3'
[37m[1;38;2;180;140;80m(AReaL)[0m [37m20261002-23:32:58.944 RolloutController INFO: Workers created: ['rollout/0', 'rollout/1', 'rollout/2', 'rollout/3']
[37m[1;38;2;180;140;80m(AReaL)[0m [37m20261002-23:32:58.944 RolloutController INFO: Waiting for workers to be ready...
[34m[1;38;2;180;140;80m(AReaL)[0m [34m20261002-23:32:58.951 LocalScheduler INFO: All 4 workers for role 'rollout' are ready
[37m[1;38;2;180;140;80m(AReaL)[0m [37m20261002-23:32:58.952 RolloutController INFO: Workers ready: ['rollout/0', 'rollout/1', 'rollout/2', 'rollout/3']
[37m[1;38;2;180;140;80m(AReaL)[0m [37m20261002-23:32:58.952 RolloutController INFO: Creating engines...
[37m[1;38;2;180;140;80m(AReaL)[0m [37m20261002-23:32:58.961 EngineBP INFO: Engine 'rollout/3' (class: areal.engine.sglang_remote.RemoteSGLangEngine) instantiated successfully
[37m[1;38;2;180;140;80m(AReaL)[0m [37m20261002-23:32:58.962 EngineBP INFO: Engine 'rollout/0' (class: areal.engine.sglang_remote.RemoteSGLangEngine) instantiated successfully
[37m[1;38;2;180;140;80m(AReaL)[0m [37m20261002-23:32:58.963 EngineBP INFO: Engine 'rollout/1' (class: areal.engine.sglang_remote.RemoteSGLangEngine) instantiated successfully
[37m[1;38;2;180;140;80m(AReaL)[0m [37m20261002-23:32:58.964 EngineBP INFO: Engine 'rollout/2' (class: areal.engine.sglang_remote.RemoteSGLangEngine) instantiated successfully
[37m[1;38;2;180;140;80m(AReaL)[0m [37m20261002-23:32:58.965 RolloutController INFO: Engine created on all workers!
[37m[1;38;2;180;140;80m(AReaL)[0m [37m20261002-23:32:58.965 RolloutController INFO: Calling engine initialization...
No HuggingFace chat template found
No HuggingFace chat template found
No HuggingFace chat template found
No HuggingFace chat template found
[Gloo] Rank 0 is connected to 0 peer ranks. Expected number of connected peer ranks is : 0
[Gloo] Rank 0 is connected to 0 peer ranks. Expected number of connected peer ranks is : 0
[Gloo] Rank 0 is connected to 0 peer ranks. Expected number of connected peer ranks is : 0
Multi-thread loading shards:   0% Completed | 0/1 [00:00<?, ?it/s]Multi-thread loading shards: 100% Completed | 1/1 [00:00<00:00,  1.52it/s]Multi-thread loading shards: 100% Completed | 1/1 [00:00<00:00,  1.52it/s]
[Gloo] Rank 0 is connected to 0 peer ranks. Expected number of connected peer ranks is : 0
[Gloo] Rank 0 is connected to 0 peer ranks. Expected number of connected peer ranks is : 0
[Gloo] Rank 0 is connected to 0 peer ranks. Expected number of connected peer ranks is : 0
[Gloo] Rank 0 is connected to 0 peer ranks. Expected number of connected peer ranks is : 0
[Gloo] Rank 0 is connected to 0 peer ranks. Expected number of connected peer ranks is : 0
[Gloo] Rank 0 is connected to 0 peer ranks. Expected number of connected peer ranks is : 0
[Gloo] Rank 0 is connected to 0 peer ranks. Expected number of connected peer ranks is : 0
[Gloo] Rank 0 is connected to 0 peer ranks. Expected number of connected peer ranks is : 0
[Gloo] Rank 0 is connected to 0 peer ranks. Expected number of connected peer ranks is : 0
  0%|          | 0/36 [00:00<?, ?it/s]Capturing batches (bs=256 avail_mem=27.02 GB):   0%|          | 0/36 [00:00<?, ?it/s]Multi-thread loading shards:   0% Completed | 0/1 [00:00<?, ?it/s]Multi-thread loading shards:   0% Completed | 0/1 [00:00<?, ?it/s]Multi-thread loading shards:   0% Completed | 0/1 [00:00<?, ?it/s]2026-10-02 23:33:26,394 - CUTE_DSL - WARNING - [handle_import_error] - Unexpected error during package walk: cutlass.cute.experimental
Multi-thread loading shards: 100% Completed | 1/1 [00:00<00:00,  1.72it/s]Multi-thread loading shards: 100% Completed | 1/1 [00:00<00:00,  1.72it/s]
Multi-thread loading shards: 100% Completed | 1/1 [00:00<00:00,  1.62it/s]Multi-thread loading shards: 100% Completed | 1/1 [00:00<00:00,  1.62it/s]
Multi-thread loading shards: 100% Completed | 1/1 [00:00<00:00,  1.49it/s]Multi-thread loading shards: 100% Completed | 1/1 [00:00<00:00,  1.48it/s]
Capturing batches (bs=256 avail_mem=27.02 GB):   3%|▎         | 1/36 [00:01<00:41,  1.19s/it]Capturing batches (bs=248 avail_mem=26.89 GB):   3%|▎         | 1/36 [00:01<00:41,  1.19s/it]Capturing batches (bs=240 avail_mem=26.89 GB):   3%|▎         | 1/36 [00:01<00:41,  1.19s/it]Capturing batches (bs=232 avail_mem=26.88 GB):   3%|▎         | 1/36 [00:01<00:41,  1.19s/it]  0%|          | 0/36 [00:00<?, ?it/s]Capturing batches (bs=256 avail_mem=27.02 GB):   0%|          | 0/36 [00:00<?, ?it/s]Capturing batches (bs=232 avail_mem=26.88 GB):  11%|█         | 4/36 [00:01<00:08,  3.91it/s]Capturing batches (bs=224 avail_mem=26.88 GB):  11%|█         | 4/36 [00:01<00:08,  3.91it/s]Capturing batches (bs=216 avail_mem=26.87 GB):  11%|█         | 4/36 [00:01<00:08,  3.91it/s]Capturing batches (bs=208 avail_mem=26.87 GB):  11%|█         | 4/36 [00:01<00:08,  3.91it/s]Capturing batches (bs=208 avail_mem=26.87 GB):  19%|█▉        | 7/36 [00:01<00:04,  7.15it/s]Capturing batches (bs=200 avail_mem=26.86 GB):  19%|█▉        | 7/36 [00:01<00:04,  7.15it/s]  0%|          | 0/36 [00:00<?, ?it/s]Capturing batches (bs=256 avail_mem=27.02 GB):   0%|          | 0/36 [00:00<?, ?it/s]2026-10-02 23:33:27,488 - CUTE_DSL - WARNING - [handle_import_error] - Unexpected error during package walk: cutlass.cute.experimental
Capturing batches (bs=192 avail_mem=26.86 GB):  19%|█▉        | 7/36 [00:01<00:04,  7.15it/s]Capturing batches (bs=184 avail_mem=26.85 GB):  19%|█▉        | 7/36 [00:01<00:04,  7.15it/s]Capturing batches (bs=184 avail_mem=26.85 GB):  28%|██▊       | 10/36 [00:01<00:02, 10.61it/s]Capturing batches (bs=176 avail_mem=26.84 GB):  28%|██▊       | 10/36 [00:01<00:02, 10.61it/s]  0%|          | 0/36 [00:00<?, ?it/s]Capturing batches (bs=256 avail_mem=27.02 GB):   0%|          | 0/36 [00:00<?, ?it/s]Capturing batches (bs=168 avail_mem=26.84 GB):  28%|██▊       | 10/36 [00:01<00:02, 10.61it/s]Capturing batches (bs=160 avail_mem=26.84 GB):  28%|██▊       | 10/36 [00:01<00:02, 10.61it/s]Capturing batches (bs=160 avail_mem=26.84 GB):  36%|███▌      | 13/36 [00:01<00:01, 13.90it/s]Capturing batches (bs=152 avail_mem=26.83 GB):  36%|███▌      | 13/36 [00:01<00:01, 13.90it/s]Capturing batches (bs=144 avail_mem=26.83 GB):  36%|███▌      | 13/36 [00:01<00:01, 13.90it/s]2026-10-02 23:33:27,729 - CUTE_DSL - WARNING - [handle_import_error] - Unexpected error during package walk: cutlass.cute.experimental
2026-10-02 23:33:27,746 - CUTE_DSL - WARNING - [handle_import_error] - Unexpected error during package walk: cutlass.cute.experimental
Capturing batches (bs=136 avail_mem=26.82 GB):  36%|███▌      | 13/36 [00:01<00:01, 13.90it/s]Capturing batches (bs=136 avail_mem=26.82 GB):  44%|████▍     | 16/36 [00:01<00:01, 16.94it/s]Capturing batches (bs=128 avail_mem=26.82 GB):  44%|████▍     | 16/36 [00:01<00:01, 16.94it/s]Capturing batches (bs=120 avail_mem=26.81 GB):  44%|████▍     | 16/36 [00:01<00:01, 16.94it/s]Capturing batches (bs=112 avail_mem=26.81 GB):  44%|████▍     | 16/36 [00:01<00:01, 16.94it/s]Capturing batches (bs=112 avail_mem=26.81 GB):  53%|█████▎    | 19/36 [00:01<00:00, 19.79it/s]Capturing batches (bs=104 avail_mem=26.80 GB):  53%|█████▎    | 19/36 [00:01<00:00, 19.79it/s]Capturing batches (bs=96 avail_mem=26.80 GB):  53%|█████▎    | 19/36 [00:01<00:00, 19.79it/s] Capturing batches (bs=88 avail_mem=26.79 GB):  53%|█████▎    | 19/36 [00:01<00:00, 19.79it/s]Capturing batches (bs=88 avail_mem=26.79 GB):  61%|██████    | 22/36 [00:01<00:00, 21.95it/s]Capturing batches (bs=80 avail_mem=26.79 GB):  61%|██████    | 22/36 [00:01<00:00, 21.95it/s]Capturing batches (bs=72 avail_mem=26.78 GB):  61%|██████    | 22/36 [00:01<00:00, 21.95it/s]Capturing batches (bs=64 avail_mem=26.78 GB):  61%|██████    | 22/36 [00:02<00:00, 21.95it/s]Capturing batches (bs=64 avail_mem=26.78 GB):  69%|██████▉   | 25/36 [00:02<00:00, 23.63it/s]Capturing batches (bs=56 avail_mem=26.77 GB):  69%|██████▉   | 25/36 [00:02<00:00, 23.63it/s]Capturing batches (bs=48 avail_mem=26.77 GB):  69%|██████▉   | 25/36 [00:02<00:00, 23.63it/s]Capturing batches (bs=256 avail_mem=27.02 GB):   3%|▎         | 1/36 [00:00<00:29,  1.19it/s]Capturing batches (bs=248 avail_mem=26.89 GB):   3%|▎         | 1/36 [00:00<00:29,  1.19it/s]Capturing batches (bs=40 avail_mem=26.76 GB):  69%|██████▉   | 25/36 [00:02<00:00, 23.63it/s]Capturing batches (bs=240 avail_mem=26.89 GB):   3%|▎         | 1/36 [00:00<00:29,  1.19it/s]Capturing batches (bs=40 avail_mem=26.76 GB):  78%|███████▊  | 28/36 [00:02<00:00, 24.50it/s]Capturing batches (bs=32 avail_mem=26.76 GB):  78%|███████▊  | 28/36 [00:02<00:00, 24.50it/s]Capturing batches (bs=232 avail_mem=26.88 GB):   3%|▎         | 1/36 [00:00<00:29,  1.19it/s]Capturing batches (bs=24 avail_mem=26.75 GB):  78%|███████▊  | 28/36 [00:02<00:00, 24.50it/s]Capturing batches (bs=224 avail_mem=26.88 GB):   3%|▎         | 1/36 [00:00<00:29,  1.19it/s]Capturing batches (bs=16 avail_mem=26.75 GB):  78%|███████▊  | 28/36 [00:02<00:00, 24.50it/s]Capturing batches (bs=224 avail_mem=26.88 GB):  14%|█▍        | 5/36 [00:00<00:04,  6.54it/s]Capturing batches (bs=216 avail_mem=26.87 GB):  14%|█▍        | 5/36 [00:00<00:04,  6.54it/s]Capturing batches (bs=208 avail_mem=26.87 GB):  14%|█▍        | 5/36 [00:01<00:04,  6.54it/s]Capturing batches (bs=200 avail_mem=26.86 GB):  14%|█▍        | 5/36 [00:01<00:04,  6.54it/s]Capturing batches (bs=16 avail_mem=26.75 GB):  86%|████████▌ | 31/36 [00:02<00:00, 21.43it/s]Capturing batches (bs=12 avail_mem=26.74 GB):  86%|████████▌ | 31/36 [00:02<00:00, 21.43it/s]Capturing batches (bs=200 avail_mem=26.86 GB):  22%|██▏       | 8/36 [00:01<00:02, 10.37it/s]Capturing batches (bs=192 avail_mem=26.86 GB):  22%|██▏       | 8/36 [00:01<00:02, 10.37it/s]Capturing batches (bs=256 avail_mem=27.02 GB):   3%|▎         | 1/36 [00:00<00:32,  1.08it/s]Capturing batches (bs=248 avail_mem=26.89 GB):   3%|▎         | 1/36 [00:00<00:32,  1.08it/s]Capturing batches (bs=8 avail_mem=26.74 GB):  86%|████████▌ | 31/36 [00:02<00:00, 21.43it/s] Capturing batches (bs=184 avail_mem=26.85 GB):  22%|██▏       | 8/36 [00:01<00:02, 10.37it/s]Capturing batches (bs=240 avail_mem=26.89 GB):   3%|▎         | 1/36 [00:00<00:32,  1.08it/s]Capturing batches (bs=256 avail_mem=27.02 GB):   3%|▎         | 1/36 [00:00<00:30,  1.16it/s]Capturing batches (bs=248 avail_mem=26.89 GB):   3%|▎         | 1/36 [00:00<00:30,  1.16it/s]Capturing batches (bs=4 avail_mem=26.73 GB):  86%|████████▌ | 31/36 [00:02<00:00, 21.43it/s]Capturing batches (bs=176 avail_mem=26.84 GB):  22%|██▏       | 8/36 [00:01<00:02, 10.37it/s]Capturing batches (bs=232 avail_mem=26.88 GB):   3%|▎         | 1/36 [00:00<00:32,  1.08it/s]Capturing batches (bs=240 avail_mem=26.89 GB):   3%|▎         | 1/36 [00:00<00:30,  1.16it/s]Capturing batches (bs=2 avail_mem=26.73 GB):  86%|████████▌ | 31/36 [00:02<00:00, 21.43it/s]Capturing batches (bs=176 avail_mem=26.84 GB):  31%|███       | 11/36 [00:01<00:01, 14.08it/s]Capturing batches (bs=168 avail_mem=26.84 GB):  31%|███       | 11/36 [00:01<00:01, 14.08it/s]Capturing batches (bs=224 avail_mem=26.88 GB):   3%|▎         | 1/36 [00:01<00:32,  1.08it/s]Capturing batches (bs=2 avail_mem=26.73 GB):  97%|█████████▋| 35/36 [00:02<00:00, 24.66it/s]Capturing batches (bs=1 avail_mem=26.72 GB):  97%|█████████▋| 35/36 [00:02<00:00, 24.66it/s]Capturing batches (bs=232 avail_mem=26.88 GB):   3%|▎         | 1/36 [00:00<00:30,  1.16it/s]Capturing batches (bs=224 avail_mem=26.88 GB):  14%|█▍        | 5/36 [00:01<00:05,  6.05it/s]Capturing batches (bs=1 avail_mem=26.72 GB): 100%|██████████| 36/36 [00:02<00:00, 14.44it/s]
Capturing batches (bs=216 avail_mem=26.87 GB):  14%|█▍        | 5/36 [00:01<00:05,  6.05it/s]Capturing batches (bs=160 avail_mem=26.84 GB):  31%|███       | 11/36 [00:01<00:01, 14.08it/s]Capturing batches (bs=224 avail_mem=26.88 GB):   3%|▎         | 1/36 [00:00<00:30,  1.16it/s]Capturing batches (bs=152 avail_mem=26.83 GB):  31%|███       | 11/36 [00:01<00:01, 14.08it/s]Capturing batches (bs=208 avail_mem=26.87 GB):  14%|█▍        | 5/36 [00:01<00:05,  6.05it/s]Capturing batches (bs=224 avail_mem=26.88 GB):  14%|█▍        | 5/36 [00:01<00:04,  6.28it/s]Capturing batches (bs=216 avail_mem=26.87 GB):  14%|█▍        | 5/36 [00:01<00:04,  6.28it/s]Capturing batches (bs=152 avail_mem=26.83 GB):  39%|███▉      | 14/36 [00:01<00:01, 16.74it/s]Capturing batches (bs=144 avail_mem=26.83 GB):  39%|███▉      | 14/36 [00:01<00:01, 16.74it/s]Capturing batches (bs=200 avail_mem=26.86 GB):  14%|█▍        | 5/36 [00:01<00:05,  6.05it/s]Capturing batches (bs=208 avail_mem=26.87 GB):  14%|█▍        | 5/36 [00:01<00:04,  6.28it/s]Capturing batches (bs=136 avail_mem=26.82 GB):  39%|███▉      | 14/36 [00:01<00:01, 16.74it/s]Capturing batches (bs=200 avail_mem=26.86 GB):  22%|██▏       | 8/36 [00:01<00:02,  9.52it/s]Capturing batches (bs=192 avail_mem=26.86 GB):  22%|██▏       | 8/36 [00:01<00:02,  9.52it/s]Capturing batches (bs=200 avail_mem=26.86 GB):  14%|█▍        | 5/36 [00:01<00:04,  6.28it/s]Capturing batches (bs=128 avail_mem=26.82 GB):  39%|███▉      | 14/36 [00:01<00:01, 16.74it/s]Capturing batches (bs=184 avail_mem=26.85 GB):  22%|██▏       | 8/36 [00:01<00:02,  9.52it/s]Capturing batches (bs=200 avail_mem=26.86 GB):  22%|██▏       | 8/36 [00:01<00:02, 10.00it/s]Capturing batches (bs=192 avail_mem=26.86 GB):  22%|██▏       | 8/36 [00:01<00:02, 10.00it/s]Capturing batches (bs=128 avail_mem=26.82 GB):  47%|████▋     | 17/36 [00:01<00:00, 19.50it/s]Capturing batches (bs=120 avail_mem=26.81 GB):  47%|████▋     | 17/36 [00:01<00:00, 19.50it/s]Capturing batches (bs=176 avail_mem=26.84 GB):  22%|██▏       | 8/36 [00:01<00:02,  9.52it/s]Capturing batches (bs=184 avail_mem=26.85 GB):  22%|██▏       | 8/36 [00:01<00:02, 10.00it/s]Capturing batches (bs=176 avail_mem=26.84 GB):  31%|███       | 11/36 [00:01<00:01, 13.08it/s]Capturing batches (bs=168 avail_mem=26.84 GB):  31%|███       | 11/36 [00:01<00:01, 13.08it/s]Capturing batches (bs=112 avail_mem=26.81 GB):  47%|████▋     | 17/36 [00:01<00:00, 19.50it/s]Capturing batches (bs=176 avail_mem=26.84 GB):  22%|██▏       | 8/36 [00:01<00:02, 10.00it/s]Capturing batches (bs=160 avail_mem=26.84 GB):  31%|███       | 11/36 [00:01<00:01, 13.08it/s]Capturing batches (bs=104 avail_mem=26.80 GB):  47%|████▋     | 17/36 [00:01<00:00, 19.50it/s]Capturing batches (bs=176 avail_mem=26.84 GB):  31%|███       | 11/36 [00:01<00:01, 13.62it/s]Capturing batches (bs=168 avail_mem=26.84 GB):  31%|███       | 11/36 [00:01<00:01, 13.62it/s]Capturing batches (bs=104 avail_mem=26.80 GB):  56%|█████▌    | 20/36 [00:01<00:00, 21.71it/s]Capturing batches (bs=96 avail_mem=26.80 GB):  56%|█████▌    | 20/36 [00:01<00:00, 21.71it/s] Capturing batches (bs=152 avail_mem=26.83 GB):  31%|███       | 11/36 [00:01<00:01, 13.08it/s]Capturing batches (bs=160 avail_mem=26.84 GB):  31%|███       | 11/36 [00:01<00:01, 13.62it/s]Capturing batches (bs=152 avail_mem=26.83 GB):  39%|███▉      | 14/36 [00:01<00:01, 16.34it/s]Capturing batches (bs=144 avail_mem=26.83 GB):  39%|███▉      | 14/36 [00:01<00:01, 16.34it/s]Capturing batches (bs=88 avail_mem=26.79 GB):  56%|█████▌    | 20/36 [00:01<00:00, 21.71it/s]Capturing batches (bs=152 avail_mem=26.83 GB):  31%|███       | 11/36 [00:01<00:01, 13.62it/s]Disable piecewise CUDA graph because the capture size is not set
Capturing batches (bs=136 avail_mem=26.82 GB):  39%|███▉      | 14/36 [00:01<00:01, 16.34it/s]Capturing batches (bs=80 avail_mem=26.79 GB):  56%|█████▌    | 20/36 [00:01<00:00, 21.71it/s]Capturing batches (bs=152 avail_mem=26.83 GB):  39%|███▉      | 14/36 [00:01<00:01, 16.88it/s]Capturing batches (bs=144 avail_mem=26.83 GB):  39%|███▉      | 14/36 [00:01<00:01, 16.88it/s]Failed to get yes/no token IDs dynamically: 'NoneType' object has no attribute 'encode'
Using fallback token IDs for yes/no (9693/2152)
Capturing batches (bs=128 avail_mem=26.82 GB):  39%|███▉      | 14/36 [00:01<00:01, 16.34it/s]Capturing batches (bs=80 avail_mem=26.79 GB):  64%|██████▍   | 23/36 [00:01<00:00, 23.38it/s]Capturing batches (bs=72 avail_mem=26.78 GB):  64%|██████▍   | 23/36 [00:01<00:00, 23.38it/s]Capturing batches (bs=136 avail_mem=26.82 GB):  39%|███▉      | 14/36 [00:01<00:01, 16.88it/s]Capturing batches (bs=128 avail_mem=26.82 GB):  47%|████▋     | 17/36 [00:01<00:00, 19.25it/s]Capturing batches (bs=120 avail_mem=26.81 GB):  47%|████▋     | 17/36 [00:01<00:00, 19.25it/s]Capturing batches (bs=64 avail_mem=26.78 GB):  64%|██████▍   | 23/36 [00:01<00:00, 23.38it/s]Capturing batches (bs=128 avail_mem=26.82 GB):  39%|███▉      | 14/36 [00:01<00:01, 16.88it/s]Capturing batches (bs=112 avail_mem=26.81 GB):  47%|████▋     | 17/36 [00:01<00:00, 19.25it/s]Capturing batches (bs=56 avail_mem=26.77 GB):  64%|██████▍   | 23/36 [00:01<00:00, 23.38it/s]Capturing batches (bs=128 avail_mem=26.82 GB):  47%|████▋     | 17/36 [00:01<00:00, 19.56it/s]Capturing batches (bs=120 avail_mem=26.81 GB):  47%|████▋     | 17/36 [00:01<00:00, 19.56it/s]Capturing batches (bs=104 avail_mem=26.80 GB):  47%|████▋     | 17/36 [00:01<00:00, 19.25it/s]Capturing batches (bs=56 avail_mem=26.77 GB):  72%|███████▏  | 26/36 [00:01<00:00, 24.55it/s]Capturing batches (bs=48 avail_mem=26.77 GB):  72%|███████▏  | 26/36 [00:01<00:00, 24.55it/s]Capturing batches (bs=112 avail_mem=26.81 GB):  47%|████▋     | 17/36 [00:01<00:00, 19.56it/s]Capturing batches (bs=104 avail_mem=26.80 GB):  56%|█████▌    | 20/36 [00:01<00:00, 21.82it/s]Capturing batches (bs=96 avail_mem=26.80 GB):  56%|█████▌    | 20/36 [00:01<00:00, 21.82it/s] Capturing batches (bs=104 avail_mem=26.80 GB):  47%|████▋     | 17/36 [00:01<00:00, 19.56it/s]Capturing batches (bs=40 avail_mem=26.76 GB):  72%|███████▏  | 26/36 [00:01<00:00, 24.55it/s]Capturing batches (bs=88 avail_mem=26.79 GB):  56%|█████▌    | 20/36 [00:01<00:00, 21.82it/s]Capturing batches (bs=104 avail_mem=26.80 GB):  56%|█████▌    | 20/36 [00:01<00:00, 21.99it/s]Capturing batches (bs=96 avail_mem=26.80 GB):  56%|█████▌    | 20/36 [00:01<00:00, 21.99it/s] Capturing batches (bs=32 avail_mem=26.76 GB):  72%|███████▏  | 26/36 [00:01<00:00, 24.55it/s]Capturing batches (bs=80 avail_mem=26.79 GB):  56%|█████▌    | 20/36 [00:01<00:00, 21.82it/s]Capturing batches (bs=88 avail_mem=26.79 GB):  56%|█████▌    | 20/36 [00:01<00:00, 21.99it/s]Capturing batches (bs=32 avail_mem=26.76 GB):  81%|████████  | 29/36 [00:01<00:00, 25.32it/s]Capturing batches (bs=24 avail_mem=26.75 GB):  81%|████████  | 29/36 [00:01<00:00, 25.32it/s]Capturing batches (bs=80 avail_mem=26.79 GB):  64%|██████▍   | 23/36 [00:01<00:00, 23.59it/s]Capturing batches (bs=72 avail_mem=26.78 GB):  64%|██████▍   | 23/36 [00:01<00:00, 23.59it/s]Capturing batches (bs=80 avail_mem=26.79 GB):  56%|█████▌    | 20/36 [00:01<00:00, 21.99it/s]Capturing batches (bs=16 avail_mem=26.75 GB):  81%|████████  | 29/36 [00:01<00:00, 25.32it/s]Capturing batches (bs=64 avail_mem=26.78 GB):  64%|██████▍   | 23/36 [00:01<00:00, 23.59it/s]Capturing batches (bs=80 avail_mem=26.79 GB):  64%|██████▍   | 23/36 [00:01<00:00, 23.56it/s]Capturing batches (bs=72 avail_mem=26.78 GB):  64%|██████▍   | 23/36 [00:01<00:00, 23.56it/s]Capturing batches (bs=56 avail_mem=26.77 GB):  64%|██████▍   | 23/36 [00:01<00:00, 23.59it/s]Capturing batches (bs=64 avail_mem=26.78 GB):  64%|██████▍   | 23/36 [00:01<00:00, 23.56it/s]Capturing batches (bs=12 avail_mem=26.74 GB):  81%|████████  | 29/36 [00:01<00:00, 25.32it/s]Capturing batches (bs=56 avail_mem=26.77 GB):  72%|███████▏  | 26/36 [00:01<00:00, 24.65it/s]Capturing batches (bs=48 avail_mem=26.77 GB):  72%|███████▏  | 26/36 [00:01<00:00, 24.65it/s]Capturing batches (bs=12 avail_mem=26.74 GB):  89%|████████▉ | 32/36 [00:01<00:00, 23.86it/s]Capturing batches (bs=8 avail_mem=26.74 GB):  89%|████████▉ | 32/36 [00:01<00:00, 23.86it/s] Capturing batches (bs=56 avail_mem=26.77 GB):  64%|██████▍   | 23/36 [00:01<00:00, 23.56it/s]Capturing batches (bs=40 avail_mem=26.76 GB):  72%|███████▏  | 26/36 [00:01<00:00, 24.65it/s]Capturing batches (bs=4 avail_mem=26.73 GB):  89%|████████▉ | 32/36 [00:02<00:00, 23.86it/s]Capturing batches (bs=56 avail_mem=26.77 GB):  72%|███████▏  | 26/36 [00:01<00:00, 24.62it/s]Capturing batches (bs=48 avail_mem=26.77 GB):  72%|███████▏  | 26/36 [00:01<00:00, 24.62it/s]Capturing batches (bs=32 avail_mem=26.76 GB):  72%|███████▏  | 26/36 [00:01<00:00, 24.65it/s]Capturing batches (bs=2 avail_mem=26.73 GB):  89%|████████▉ | 32/36 [00:02<00:00, 23.86it/s]Capturing batches (bs=40 avail_mem=26.76 GB):  72%|███████▏  | 26/36 [00:01<00:00, 24.62it/s]Capturing batches (bs=1 avail_mem=26.72 GB):  89%|████████▉ | 32/36 [00:02<00:00, 23.86it/s]Capturing batches (bs=32 avail_mem=26.76 GB):  81%|████████  | 29/36 [00:01<00:00, 25.17it/s]Capturing batches (bs=24 avail_mem=26.75 GB):  81%|████████  | 29/36 [00:01<00:00, 25.17it/s]Capturing batches (bs=32 avail_mem=26.76 GB):  72%|███████▏  | 26/36 [00:01<00:00, 24.62it/s]Capturing batches (bs=1 avail_mem=26.72 GB): 100%|██████████| 36/36 [00:02<00:00, 26.81it/s]Capturing batches (bs=1 avail_mem=26.72 GB): 100%|██████████| 36/36 [00:02<00:00, 17.18it/s]
Capturing batches (bs=16 avail_mem=26.75 GB):  81%|████████  | 29/36 [00:01<00:00, 25.17it/s]Capturing batches (bs=32 avail_mem=26.76 GB):  81%|████████  | 29/36 [00:01<00:00, 25.30it/s]Capturing batches (bs=24 avail_mem=26.75 GB):  81%|████████  | 29/36 [00:01<00:00, 25.30it/s]Capturing batches (bs=16 avail_mem=26.75 GB):  81%|████████  | 29/36 [00:01<00:00, 25.30it/s]Capturing batches (bs=12 avail_mem=26.74 GB):  81%|████████  | 29/36 [00:02<00:00, 25.17it/s]Capturing batches (bs=12 avail_mem=26.74 GB):  89%|████████▉ | 32/36 [00:02<00:00, 24.33it/s]Capturing batches (bs=8 avail_mem=26.74 GB):  89%|████████▉ | 32/36 [00:02<00:00, 24.33it/s] Capturing batches (bs=12 avail_mem=26.74 GB):  81%|████████  | 29/36 [00:01<00:00, 25.30it/s]Capturing batches (bs=4 avail_mem=26.73 GB):  89%|████████▉ | 32/36 [00:02<00:00, 24.33it/s]Capturing batches (bs=2 avail_mem=26.73 GB):  89%|████████▉ | 32/36 [00:02<00:00, 24.33it/s]Capturing batches (bs=12 avail_mem=26.74 GB):  89%|████████▉ | 32/36 [00:02<00:00, 23.72it/s]Capturing batches (bs=8 avail_mem=26.74 GB):  89%|████████▉ | 32/36 [00:02<00:00, 23.72it/s] Capturing batches (bs=1 avail_mem=26.72 GB):  89%|████████▉ | 32/36 [00:02<00:00, 24.33it/s]Capturing batches (bs=4 avail_mem=26.73 GB):  89%|████████▉ | 32/36 [00:02<00:00, 23.72it/s]Capturing batches (bs=1 avail_mem=26.72 GB): 100%|██████████| 36/36 [00:02<00:00, 27.53it/s]Capturing batches (bs=1 avail_mem=26.72 GB): 100%|██████████| 36/36 [00:02<00:00, 16.69it/s]
Capturing batches (bs=2 avail_mem=26.73 GB):  89%|████████▉ | 32/36 [00:02<00:00, 23.72it/s]Capturing batches (bs=1 avail_mem=26.72 GB):  89%|████████▉ | 32/36 [00:02<00:00, 23.72it/s]Capturing batches (bs=1 avail_mem=26.72 GB): 100%|██████████| 36/36 [00:02<00:00, 26.92it/s]Capturing batches (bs=1 avail_mem=26.72 GB): 100%|██████████| 36/36 [00:02<00:00, 17.01it/s]
Disable piecewise CUDA graph because the capture size is not set
Failed to get yes/no token IDs dynamically: 'NoneType' object has no attribute 'encode'
Using fallback token IDs for yes/no (9693/2152)
Disable piecewise CUDA graph because the capture size is not set
Failed to get yes/no token IDs dynamically: 'NoneType' object has no attribute 'encode'
Using fallback token IDs for yes/no (9693/2152)
Disable piecewise CUDA graph because the capture size is not set
Failed to get yes/no token IDs dynamically: 'NoneType' object has no attribute 'encode'
Using fallback token IDs for yes/no (9693/2152)
[92m[1;38;2;180;140;80m(AReaL)[0m [92m20261002-23:33:34.037 InferenceTargets INFO: sglang metrics targets written to /storage/openpsi/users/fenghui/projects/AReaL-muon/research/muon/evidence/baseline-aligned-3epoch-20261002/adamw/results/logs/root/gsm8k-grpo-megatron-adamw-baseline3/trial0/sglang_targets.json (4 groups, role=rollout, source=separation)
[96m[1;38;2;180;140;80m(AReaL)[0m [96m20261002-23:33:34.041 [RemoteInfEngine Rank 0] INFO: Get server addresses from the local subprocess.
[96m[1;38;2;180;140;80m(AReaL)[0m [96m20261002-23:33:34.041 [RemoteInfEngine Rank 0] INFO: Waiting for server ready...
[96m[1;38;2;180;140;80m(AReaL)[0m [96m20261002-23:33:34.041 [RemoteInfEngine Rank 1] INFO: Get server addresses from the local subprocess.
[96m[1;38;2;180;140;80m(AReaL)[0m [96m20261002-23:33:34.041 [RemoteInfEngine Rank 2] INFO: Get server addresses from the local subprocess.
[96m[1;38;2;180;140;80m(AReaL)[0m [96m20261002-23:33:34.041 [RemoteInfEngine Rank 3] INFO: Get server addresses from the local subprocess.
[96m[1;38;2;180;140;80m(AReaL)[0m [96m20261002-23:33:34.041 [RemoteInfEngine Rank 2] INFO: Waiting for server ready...
[96m[1;38;2;180;140;80m(AReaL)[0m [96m20261002-23:33:34.041 [RemoteInfEngine Rank 1] INFO: Waiting for server ready...
[96m[1;38;2;180;140;80m(AReaL)[0m [96m20261002-23:33:34.041 [RemoteInfEngine Rank 3] INFO: Waiting for server ready...
[96m[1;38;2;180;140;80m(AReaL)[0m [96m20261002-23:33:35.043 [RemoteInfEngine Rank 2] INFO: Servers are all ready!
[96m[1;38;2;180;140;80m(AReaL)[0m [96m20261002-23:33:35.044 [RemoteInfEngine Rank 0] INFO: Servers are all ready!
[96m[1;38;2;180;140;80m(AReaL)[0m [96m20261002-23:33:35.044 [RemoteInfEngine Rank 3] INFO: Servers are all ready!
[96m[1;38;2;180;140;80m(AReaL)[0m [96m20261002-23:33:35.044 [RemoteInfEngine Rank 1] INFO: Servers are all ready!
[37m[1;38;2;180;140;80m(AReaL)[0m [37m20261002-23:33:35.046 RolloutController INFO: All engines are initialized...
[37m[1;38;2;180;140;80m(AReaL)[0m [37m20261002-23:33:35.050 RolloutController INFO: Callback server started on 33.180.166.157:26204
[37m[1;38;2;180;140;80m(AReaL)[0m [37m20261002-23:33:35.066 RolloutController INFO: Creating workers via scheduler...
[34m[1;38;2;180;140;80m(AReaL)[0m [34m20261002-23:33:35.067 LocalScheduler INFO: Creating 4 workers for role 'eval-rollout' (strategy: SchedulingStrategyType.colocation, colocate_with: rollout)
[37m[1;38;2;180;140;80m(AReaL)[0m [37m20261002-23:33:35.071 Guard INFO: Forking new worker process for role 'eval-rollout' index 0
[37m[1;38;2;180;140;80m(AReaL)[0m [37m20261002-23:33:35.071 Guard INFO: Forking new worker process for role 'eval-rollout' index 3
[37m[1;38;2;180;140;80m(AReaL)[0m [37m20261002-23:33:35.071 Guard INFO: Forking new worker process for role 'eval-rollout' index 1
[37m[1;38;2;180;140;80m(AReaL)[0m [37m20261002-23:33:35.071 Guard INFO: Forking new worker process for role 'eval-rollout' index 2
[37m[1;38;2;180;140;80m(AReaL)[0m [37m20261002-23:33:35.071 Guard INFO: Forked worker logs will be written to: /storage/openpsi/users/fenghui/projects/AReaL-muon/research/muon/evidence/baseline-aligned-3epoch-20261002/adamw/results/logs/root/gsm8k-grpo-megatron-adamw-baseline3/trial0/eval-rollout.log
[37m[1;38;2;180;140;80m(AReaL)[0m [37m20261002-23:33:35.072 Guard INFO: Forked worker logs will be written to: /storage/openpsi/users/fenghui/projects/AReaL-muon/research/muon/evidence/baseline-aligned-3epoch-20261002/adamw/results/logs/root/gsm8k-grpo-megatron-adamw-baseline3/trial0/eval-rollout.log
[37m[1;38;2;180;140;80m(AReaL)[0m [37m20261002-23:33:35.072 Guard INFO: Forked worker logs will be written to: /storage/openpsi/users/fenghui/projects/AReaL-muon/research/muon/evidence/baseline-aligned-3epoch-20261002/adamw/results/logs/root/gsm8k-grpo-megatron-adamw-baseline3/trial0/eval-rollout.log
[37m[1;38;2;180;140;80m(AReaL)[0m [37m20261002-23:33:35.072 Guard INFO: Forked worker logs will be written to: /storage/openpsi/users/fenghui/projects/AReaL-muon/research/muon/evidence/baseline-aligned-3epoch-20261002/adamw/results/logs/root/gsm8k-grpo-megatron-adamw-baseline3/trial0/eval-rollout.log
[37m[1;38;2;180;140;80m(AReaL)[0m [37m20261002-23:33:35.072 Guard INFO: Forked worker for role 'eval-rollout' index 0 spawned (pid=22681)
[37m[1;38;2;180;140;80m(AReaL)[0m [37m20261002-23:33:35.073 Guard INFO: Forked worker for role 'eval-rollout' index 3 spawned (pid=22682)
[37m[1;38;2;180;140;80m(AReaL)[0m [37m20261002-23:33:35.073 Guard INFO: Forked worker for role 'eval-rollout' index 1 spawned (pid=22683)
[37m[1;38;2;180;140;80m(AReaL)[0m [37m20261002-23:33:35.074 Guard INFO: Forked worker for role 'eval-rollout' index 2 spawned (pid=22684)
[37m[1;38;2;180;140;80m(AReaL)[0m [37m20261002-23:33:43.701 SyncRPCServer INFO: Werkzeug log level: WARNING
[37m[1;38;2;180;140;80m(AReaL)[0m [37m20261002-23:33:43.702 Guard INFO: Starting Guard on 33.180.166.157:12285 for worker eval-rollout/0
[37m[1;38;2;180;140;80m(AReaL)[0m [37m20261002-23:33:43.703 SyncRPCServer INFO: Werkzeug log level: WARNING
[37m[1;38;2;180;140;80m(AReaL)[0m [37m20261002-23:33:43.704 Guard INFO: Starting Guard on 33.180.166.157:19080 for worker eval-rollout/0
[37m[1;38;2;180;140;80m(AReaL)[0m [37m20261002-23:33:43.709 SyncRPCServer INFO: Werkzeug log level: WARNING
[37m[1;38;2;180;140;80m(AReaL)[0m [37m20261002-23:33:43.710 Guard INFO: Starting Guard on 33.180.166.157:19155 for worker eval-rollout/0
[37m[1;38;2;180;140;80m(AReaL)[0m [37m20261002-23:33:43.712 SyncRPCServer INFO: Werkzeug log level: WARNING
[37m[1;38;2;180;140;80m(AReaL)[0m [37m20261002-23:33:43.713 Guard INFO: Starting Guard on 33.180.166.157:15536 for worker eval-rollout/0
[34m[1;38;2;180;140;80m(AReaL)[0m [34m20261002-23:33:44.098 LocalScheduler INFO: Forked worker eval-rollout/2 created at 33.180.166.157:15536 (pid=22684) from rollout/2
[34m[1;38;2;180;140;80m(AReaL)[0m [34m20261002-23:33:44.099 LocalScheduler INFO: Forked worker eval-rollout/1 created at 33.180.166.157:12285 (pid=22683) from rollout/1
[34m[1;38;2;180;140;80m(AReaL)[0m [34m20261002-23:33:44.099 LocalScheduler INFO: Forked worker eval-rollout/0 created at 33.180.166.157:19155 (pid=22681) from rollout/0
[34m[1;38;2;180;140;80m(AReaL)[0m [34m20261002-23:33:44.099 LocalScheduler INFO: Forked worker eval-rollout/3 created at 33.180.166.157:19080 (pid=22682) from rollout/3
[34m[1;38;2;180;140;80m(AReaL)[0m [34m20261002-23:33:44.100 LocalScheduler INFO: Role 'eval-rollout' forked from 'rollout': created 4 new worker processes
[37m[1;38;2;180;140;80m(AReaL)[0m [37m20261002-23:33:44.107 EngineBP INFO: Engine thread started
[37m[1;38;2;180;140;80m(AReaL)[0m [37m20261002-23:33:44.107 EngineBP INFO: Engine thread initialized
[96m[1;38;2;180;140;80m(AReaL)[0m [96m20261002-23:33:44.988 PlatformInit INFO: Detected CUDA device: NVIDIA L20X
[96m[1;38;2;180;140;80m(AReaL)[0m [96m20261002-23:33:44.988 PlatformInit INFO: Initializing CUDA platform (NVIDIA).
[34m[1;38;2;180;140;80m(AReaL)[0m [34m20261002-23:33:44.989 LocalScheduler INFO: Configuration successfully on worker 'eval-rollout/0'
[37m[1;38;2;180;140;80m(AReaL)[0m [37m20261002-23:33:44.996 EngineBP INFO: Engine thread started
[37m[1;38;2;180;140;80m(AReaL)[0m [37m20261002-23:33:44.997 EngineBP INFO: Engine thread initialized
[96m[1;38;2;180;140;80m(AReaL)[0m [96m20261002-23:33:45.932 PlatformInit INFO: Detected CUDA device: NVIDIA L20X
[96m[1;38;2;180;140;80m(AReaL)[0m [96m20261002-23:33:45.933 PlatformInit INFO: Initializing CUDA platform (NVIDIA).
[34m[1;38;2;180;140;80m(AReaL)[0m [34m20261002-23:33:45.935 LocalScheduler INFO: Configuration successfully on worker 'eval-rollout/1'
[37m[1;38;2;180;140;80m(AReaL)[0m [37m20261002-23:33:45.942 EngineBP INFO: Engine thread started
[37m[1;38;2;180;140;80m(AReaL)[0m [37m20261002-23:33:45.942 EngineBP INFO: Engine thread initialized
[96m[1;38;2;180;140;80m(AReaL)[0m [96m20261002-23:33:46.782 PlatformInit INFO: Detected CUDA device: NVIDIA L20X
[96m[1;38;2;180;140;80m(AReaL)[0m [96m20261002-23:33:46.782 PlatformInit INFO: Initializing CUDA platform (NVIDIA).
[34m[1;38;2;180;140;80m(AReaL)[0m [34m20261002-23:33:46.784 LocalScheduler INFO: Configuration successfully on worker 'eval-rollout/2'
[37m[1;38;2;180;140;80m(AReaL)[0m [37m20261002-23:33:46.791 EngineBP INFO: Engine thread started
[37m[1;38;2;180;140;80m(AReaL)[0m [37m20261002-23:33:46.791 EngineBP INFO: Engine thread initialized
[96m[1;38;2;180;140;80m(AReaL)[0m [96m20261002-23:33:47.671 PlatformInit INFO: Detected CUDA device: NVIDIA L20X
[96m[1;38;2;180;140;80m(AReaL)[0m [96m20261002-23:33:47.671 PlatformInit INFO: Initializing CUDA platform (NVIDIA).
[34m[1;38;2;180;140;80m(AReaL)[0m [34m20261002-23:33:47.673 LocalScheduler INFO: Configuration successfully on worker 'eval-rollout/3'
[34m[1;38;2;180;140;80m(AReaL)[0m [34m20261002-23:33:47.673 LocalScheduler INFO: Role 'eval-rollout' colocated with 'rollout': reusing workers ['eval-rollout/0', 'eval-rollout/1', 'eval-rollout/2', 'eval-rollout/3']
[37m[1;38;2;180;140;80m(AReaL)[0m [37m20261002-23:33:47.674 RolloutController INFO: Workers created: ['eval-rollout/0', 'eval-rollout/1', 'eval-rollout/2', 'eval-rollout/3']
[37m[1;38;2;180;140;80m(AReaL)[0m [37m20261002-23:33:47.674 RolloutController INFO: Waiting for workers to be ready...
[34m[1;38;2;180;140;80m(AReaL)[0m [34m20261002-23:33:47.681 LocalScheduler INFO: All 4 workers for role 'eval-rollout' are ready
[37m[1;38;2;180;140;80m(AReaL)[0m [37m20261002-23:33:47.681 RolloutController INFO: Workers ready: ['eval-rollout/0', 'eval-rollout/1', 'eval-rollout/2', 'eval-rollout/3']
[37m[1;38;2;180;140;80m(AReaL)[0m [37m20261002-23:33:47.681 RolloutController INFO: Creating engines...
[37m[1;38;2;180;140;80m(AReaL)[0m [37m20261002-23:33:47.692 EngineBP INFO: Engine 'eval-rollout/3' (class: areal.engine.sglang_remote.RemoteSGLangEngine) instantiated successfully
[37m[1;38;2;180;140;80m(AReaL)[0m [37m20261002-23:33:47.692 EngineBP INFO: Engine 'eval-rollout/2' (class: areal.engine.sglang_remote.RemoteSGLangEngine) instantiated successfully
[37m[1;38;2;180;140;80m(AReaL)[0m [37m20261002-23:33:47.692 EngineBP INFO: Engine 'eval-rollout/0' (class: areal.engine.sglang_remote.RemoteSGLangEngine) instantiated successfully
[37m[1;38;2;180;140;80m(AReaL)[0m [37m20261002-23:33:47.693 EngineBP INFO: Engine 'eval-rollout/1' (class: areal.engine.sglang_remote.RemoteSGLangEngine) instantiated successfully
[37m[1;38;2;180;140;80m(AReaL)[0m [37m20261002-23:33:47.693 RolloutController INFO: Engine created on all workers!
[37m[1;38;2;180;140;80m(AReaL)[0m [37m20261002-23:33:47.694 RolloutController INFO: Calling engine initialization...
[96m[1;38;2;180;140;80m(AReaL)[0m [96m20261002-23:33:47.697 [RemoteInfEngine Rank 1] INFO: Get server addresses from the `addr` argument.
[96m[1;38;2;180;140;80m(AReaL)[0m [96m20261002-23:33:47.697 [RemoteInfEngine Rank 2] INFO: Get server addresses from the `addr` argument.
[96m[1;38;2;180;140;80m(AReaL)[0m [96m20261002-23:33:47.697 [RemoteInfEngine Rank 1] INFO: Waiting for server ready...
[96m[1;38;2;180;140;80m(AReaL)[0m [96m20261002-23:33:47.698 [RemoteInfEngine Rank 2] INFO: Waiting for server ready...
[96m[1;38;2;180;140;80m(AReaL)[0m [96m20261002-23:33:47.699 [RemoteInfEngine Rank 3] INFO: Get server addresses from the `addr` argument.
[96m[1;38;2;180;140;80m(AReaL)[0m [96m20261002-23:33:47.699 [RemoteInfEngine Rank 0] INFO: Get server addresses from the `addr` argument.
[96m[1;38;2;180;140;80m(AReaL)[0m [96m20261002-23:33:47.699 [RemoteInfEngine Rank 3] INFO: Waiting for server ready...
[96m[1;38;2;180;140;80m(AReaL)[0m [96m20261002-23:33:47.699 [RemoteInfEngine Rank 0] INFO: Waiting for server ready...
[96m[1;38;2;180;140;80m(AReaL)[0m [96m20261002-23:33:48.700 [RemoteInfEngine Rank 2] INFO: Servers are all ready!
[96m[1;38;2;180;140;80m(AReaL)[0m [96m20261002-23:33:48.702 [RemoteInfEngine Rank 1] INFO: Servers are all ready!
[96m[1;38;2;180;140;80m(AReaL)[0m [96m20261002-23:33:48.703 [RemoteInfEngine Rank 0] INFO: Servers are all ready!
[96m[1;38;2;180;140;80m(AReaL)[0m [96m20261002-23:33:48.703 [RemoteInfEngine Rank 3] INFO: Servers are all ready!
[37m[1;38;2;180;140;80m(AReaL)[0m [37m20261002-23:33:48.704 RolloutController INFO: All engines are initialized...
[37m[1;38;2;180;140;80m(AReaL)[0m [37m20261002-23:33:48.709 RolloutController INFO: Callback server started on 33.180.166.157:10717
[96m[1;38;2;180;140;80m(AReaL)[0m [96m20261002-23:33:48.715 [MegatronEngine Rank 0] INFO: Initializing weight update group: type=xccl init_method=tcp://33.180.166.157:23872 group=update_weight_group_0
[96m[1;38;2;180;140;80m(AReaL)[0m [96m20261002-23:33:48.743 [RemoteInfEngine Rank 3] INFO: Initializing weight update group: group=update_weight_group_0, addresses=['33.180.166.157:13162']
[96m[1;38;2;180;140;80m(AReaL)[0m [96m20261002-23:33:48.743 [RemoteInfEngine Rank 0] INFO: Initializing weight update group: group=update_weight_group_0, addresses=['33.180.166.157:20454']
[96m[1;38;2;180;140;80m(AReaL)[0m [96m20261002-23:33:48.743 [RemoteInfEngine Rank 1] INFO: Initializing weight update group: group=update_weight_group_0, addresses=['33.180.166.157:17337']
[96m[1;38;2;180;140;80m(AReaL)[0m [96m20261002-23:33:48.743 [RemoteInfEngine Rank 2] INFO: Initializing weight update group: group=update_weight_group_0, addresses=['33.180.166.157:15129']
[96m[1;38;2;180;140;80m(AReaL)[0m [96m20261002-23:33:48.748 [RemoteInfEngine Rank 1] INFO: Initialized NCCL group for distributed weight update for update_weight_group_0.
[96m[1;38;2;180;140;80m(AReaL)[0m [96m20261002-23:33:48.748 [RemoteInfEngine Rank 2] INFO: Initialized NCCL group for distributed weight update for update_weight_group_0.
[96m[1;38;2;180;140;80m(AReaL)[0m [96m20261002-23:33:48.748 [RemoteInfEngine Rank 3] INFO: Initialized NCCL group for distributed weight update for update_weight_group_0.
[96m[1;38;2;180;140;80m(AReaL)[0m [96m20261002-23:33:48.748 [RemoteInfEngine Rank 0] INFO: Initialized NCCL group for distributed weight update for update_weight_group_0.
swanlab: SwanLab run disabled, the data will not be saved or uploaded.
[92m[1;38;2;180;140;80m(AReaL)[0m [92m20261002-23:33:48.960 PerfTracer INFO: Configured global PerfTracer: enabled=False, session_tracing=False, rank=0, role=master
[92m[1;38;2;180;140;80m(AReaL)[0m [92m20261002-23:33:48.964 PerfTracer INFO: Configured global PerfTracer: enabled=False, session_tracing=False, rank=0, role=actor
[92m[1;38;2;180;140;80m(AReaL)[0m [92m20261002-23:33:48.964 PerfTracer INFO: Configured global PerfTracer: enabled=False, session_tracing=False, rank=2, role=actor
[92m[1;38;2;180;140;80m(AReaL)[0m [92m20261002-23:33:48.964 PerfTracer INFO: Configured global PerfTracer: enabled=False, session_tracing=False, rank=1, role=actor
[92m[1;38;2;180;140;80m(AReaL)[0m [92m20261002-23:33:48.964 PerfTracer INFO: Configured global PerfTracer: enabled=False, session_tracing=False, rank=3, role=actor
[92m[1;38;2;180;140;80m(AReaL)[0m [92m20261002-23:33:48.967 PerfTracer INFO: Configured global PerfTracer: enabled=False, session_tracing=False, rank=3, role=rollout
[92m[1;38;2;180;140;80m(AReaL)[0m [92m20261002-23:33:48.967 PerfTracer INFO: Configured global PerfTracer: enabled=False, session_tracing=False, rank=0, role=rollout
[92m[1;38;2;180;140;80m(AReaL)[0m [92m20261002-23:33:48.967 PerfTracer INFO: Configured global PerfTracer: enabled=False, session_tracing=False, rank=1, role=rollout
[92m[1;38;2;180;140;80m(AReaL)[0m [92m20261002-23:33:48.967 PerfTracer INFO: Configured global PerfTracer: enabled=False, session_tracing=False, rank=2, role=rollout
[92m[1;38;2;180;140;80m(AReaL)[0m [92m20261002-23:33:48.970 PerfTracer INFO: Configured global PerfTracer: enabled=False, session_tracing=False, rank=2, role=eval-rollout
[92m[1;38;2;180;140;80m(AReaL)[0m [92m20261002-23:33:48.970 PerfTracer INFO: Configured global PerfTracer: enabled=False, session_tracing=False, rank=0, role=eval-rollout
[92m[1;38;2;180;140;80m(AReaL)[0m [92m20261002-23:33:48.970 PerfTracer INFO: Configured global PerfTracer: enabled=False, session_tracing=False, rank=1, role=eval-rollout
[92m[1;38;2;180;140;80m(AReaL)[0m [92m20261002-23:33:48.970 PerfTracer INFO: Configured global PerfTracer: enabled=False, session_tracing=False, rank=3, role=eval-rollout
[92m[1;38;2;180;140;80m(AReaL)[0m [92m20261002-23:33:49.868 RLTrainer INFO: Initializing proxy workers for AgentWorkflow support
[37m[1;38;2;180;140;80m(AReaL)[0m [37m20261002-23:33:49.872 Guard INFO: Forking new worker process for role 'proxy-rollout' index 0
[37m[1;38;2;180;140;80m(AReaL)[0m [37m20261002-23:33:49.872 Guard INFO: Forking new worker process for role 'proxy-rollout' index 3
[37m[1;38;2;180;140;80m(AReaL)[0m [37m20261002-23:33:49.872 Guard INFO: Forking new worker process for role 'proxy-rollout' index 1
[37m[1;38;2;180;140;80m(AReaL)[0m [37m20261002-23:33:49.872 Guard INFO: Forking new worker process for role 'proxy-rollout' index 2
[37m[1;38;2;180;140;80m(AReaL)[0m [37m20261002-23:33:49.873 Guard INFO: Forked worker logs will be written to: /storage/openpsi/users/fenghui/projects/AReaL-muon/research/muon/evidence/baseline-aligned-3epoch-20261002/adamw/results/logs/root/gsm8k-grpo-megatron-adamw-baseline3/trial0/proxy-rollout.log
[37m[1;38;2;180;140;80m(AReaL)[0m [37m20261002-23:33:49.873 Guard INFO: Forked worker logs will be written to: /storage/openpsi/users/fenghui/projects/AReaL-muon/research/muon/evidence/baseline-aligned-3epoch-20261002/adamw/results/logs/root/gsm8k-grpo-megatron-adamw-baseline3/trial0/proxy-rollout.log
[37m[1;38;2;180;140;80m(AReaL)[0m [37m20261002-23:33:49.874 Guard INFO: Forked worker logs will be written to: /storage/openpsi/users/fenghui/projects/AReaL-muon/research/muon/evidence/baseline-aligned-3epoch-20261002/adamw/results/logs/root/gsm8k-grpo-megatron-adamw-baseline3/trial0/proxy-rollout.log
[37m[1;38;2;180;140;80m(AReaL)[0m [37m20261002-23:33:49.874 Guard INFO: Forked worker logs will be written to: /storage/openpsi/users/fenghui/projects/AReaL-muon/research/muon/evidence/baseline-aligned-3epoch-20261002/adamw/results/logs/root/gsm8k-grpo-megatron-adamw-baseline3/trial0/proxy-rollout.log
[37m[1;38;2;180;140;80m(AReaL)[0m [37m20261002-23:33:49.874 Guard INFO: Forked worker for role 'proxy-rollout' index 0 spawned (pid=22917)
[37m[1;38;2;180;140;80m(AReaL)[0m [37m20261002-23:33:49.874 Guard INFO: Forked worker for role 'proxy-rollout' index 3 spawned (pid=22918)
[37m[1;38;2;180;140;80m(AReaL)[0m [37m20261002-23:33:49.875 Guard INFO: Forked worker for role 'proxy-rollout' index 1 spawned (pid=22919)
[37m[1;38;2;180;140;80m(AReaL)[0m [37m20261002-23:33:49.875 Guard INFO: Forked worker for role 'proxy-rollout' index 2 spawned (pid=22920)
[92m23:33:57 - LiteLLM:WARNING[0m: get_model_cost_map.py:271 - LiteLLM: Failed to fetch remote model cost map from https://raw.githubusercontent.com/BerriAI/litellm/main/model_prices_and_context_window.json: [Errno 104] Connection reset by peer. Falling back to local backup.
[92m23:33:58 - LiteLLM:WARNING[0m: get_model_cost_map.py:271 - LiteLLM: Failed to fetch remote model cost map from https://raw.githubusercontent.com/BerriAI/litellm/main/model_prices_and_context_window.json: [Errno 104] Connection reset by peer. Falling back to local backup.
[37m[1;38;2;180;140;80m(AReaL)[0m [37m20261002-23:33:59.448 ProxyRolloutServer INFO: Starting proxy rollout server on 33.180.166.157:16959 for worker proxy-rollout/3
[37m[1;38;2;180;140;80m(AReaL)[0m [37m20261002-23:33:59.449 ProxyRolloutServer INFO: Starting proxy rollout server on 33.180.166.157:30475 for worker proxy-rollout/1
[34m[1;38;2;180;140;80m(AReaL)[0m [34m20261002-23:33:59.909 LocalScheduler INFO: Forked worker proxy-rollout/3 created at 33.180.166.157:16959 (pid=22918) from rollout/3
[34m[1;38;2;180;140;80m(AReaL)[0m [34m20261002-23:33:59.910 LocalScheduler INFO: Forked worker proxy-rollout/1 created at 33.180.166.157:30475 (pid=22919) from rollout/1
[37m[1;38;2;180;140;80m(AReaL)[0m [37m20261002-23:34:00.824 ProxyRolloutServer INFO: Starting proxy rollout server on 33.180.166.157:16680 for worker proxy-rollout/2
[34m[1;38;2;180;140;80m(AReaL)[0m [34m20261002-23:34:00.909 LocalScheduler INFO: Forked worker proxy-rollout/2 created at 33.180.166.157:16680 (pid=22920) from rollout/2
[37m[1;38;2;180;140;80m(AReaL)[0m [37m20261002-23:34:01.238 ProxyRolloutServer INFO: Starting proxy rollout server on 33.180.166.157:15871 for worker proxy-rollout/0
[34m[1;38;2;180;140;80m(AReaL)[0m [34m20261002-23:34:01.410 LocalScheduler INFO: Forked worker proxy-rollout/0 created at 33.180.166.157:15871 (pid=22917) from rollout/0
[34m[1;38;2;180;140;80m(AReaL)[0m [34m20261002-23:34:01.410 LocalScheduler INFO: Role 'proxy-rollout' forked from 'rollout': created 4 new worker processes
[96m[1;38;2;180;140;80m(AReaL)[0m [96m20261002-23:34:02.125 PlatformInit INFO: Detected CUDA device: NVIDIA L20X
[96m[1;38;2;180;140;80m(AReaL)[0m [96m20261002-23:34:02.125 PlatformInit INFO: Initializing CUDA platform (NVIDIA).
[34m[1;38;2;180;140;80m(AReaL)[0m [34m20261002-23:34:02.126 LocalScheduler INFO: Configuration successfully on worker 'proxy-rollout/0'
[96m[1;38;2;180;140;80m(AReaL)[0m [96m20261002-23:34:02.823 PlatformInit INFO: Detected CUDA device: NVIDIA L20X
[96m[1;38;2;180;140;80m(AReaL)[0m [96m20261002-23:34:02.823 PlatformInit INFO: Initializing CUDA platform (NVIDIA).
[34m[1;38;2;180;140;80m(AReaL)[0m [34m20261002-23:34:02.824 LocalScheduler INFO: Configuration successfully on worker 'proxy-rollout/1'
[96m[1;38;2;180;140;80m(AReaL)[0m [96m20261002-23:34:03.528 PlatformInit INFO: Detected CUDA device: NVIDIA L20X
[96m[1;38;2;180;140;80m(AReaL)[0m [96m20261002-23:34:03.529 PlatformInit INFO: Initializing CUDA platform (NVIDIA).
[34m[1;38;2;180;140;80m(AReaL)[0m [34m20261002-23:34:03.530 LocalScheduler INFO: Configuration successfully on worker 'proxy-rollout/2'
[96m[1;38;2;180;140;80m(AReaL)[0m [96m20261002-23:34:04.238 PlatformInit INFO: Detected CUDA device: NVIDIA L20X
[96m[1;38;2;180;140;80m(AReaL)[0m [96m20261002-23:34:04.238 PlatformInit INFO: Initializing CUDA platform (NVIDIA).
[34m[1;38;2;180;140;80m(AReaL)[0m [34m20261002-23:34:04.239 LocalScheduler INFO: Configuration successfully on worker 'proxy-rollout/3'
[37m[1;38;2;180;140;80m(AReaL)[0m [37m20261002-23:34:04.240 RolloutController INFO: Proxy workers forked: ['proxy-rollout/0', 'proxy-rollout/1', 'proxy-rollout/2', 'proxy-rollout/3']
[34m[1;38;2;180;140;80m(AReaL)[0m [34m20261002-23:34:04.247 LocalScheduler INFO: All 4 workers for role 'proxy-rollout' are ready
[37m[1;38;2;180;140;80m(AReaL)[0m [37m20261002-23:34:04.248 RolloutController INFO: Proxy workers: ['proxy-rollout/0', 'proxy-rollout/1', 'proxy-rollout/2', 'proxy-rollout/3']
[37m[1;38;2;180;140;80m(AReaL)[0m [37m20261002-23:34:04.258 RolloutController INFO: Proxy engines created
[96m[1;38;2;180;140;80m(AReaL)[0m [96m20261002-23:34:04.398 [RemoteInfEngine Rank 3039dd122f59485fa6b29afb7072533c] INFO: Get server addresses from the `addr` argument.
[96m[1;38;2;180;140;80m(AReaL)[0m [96m20261002-23:34:04.398 [RemoteInfEngine Rank 3039dd122f59485fa6b29afb7072533c] INFO: Waiting for server ready...
[96m[1;38;2;180;140;80m(AReaL)[0m [96m20261002-23:34:04.399 [RemoteInfEngine Rank ff7aa57f4977407d9c5eeb8164e5f7d2] INFO: Get server addresses from the `addr` argument.
[96m[1;38;2;180;140;80m(AReaL)[0m [96m20261002-23:34:04.400 [RemoteInfEngine Rank ff7aa57f4977407d9c5eeb8164e5f7d2] INFO: Waiting for server ready...
[96m[1;38;2;180;140;80m(AReaL)[0m [96m20261002-23:34:04.400 [RemoteInfEngine Rank f728ed121c6841bfb348aceea952a370] INFO: Get server addresses from the `addr` argument.
[96m[1;38;2;180;140;80m(AReaL)[0m [96m20261002-23:34:04.400 [RemoteInfEngine Rank f728ed121c6841bfb348aceea952a370] INFO: Waiting for server ready...
[96m[1;38;2;180;140;80m(AReaL)[0m [96m20261002-23:34:04.400 [RemoteInfEngine Rank b57d3999126540d9a9fe6afe601f7d3b] INFO: Get server addresses from the `addr` argument.
[96m[1;38;2;180;140;80m(AReaL)[0m [96m20261002-23:34:04.400 [RemoteInfEngine Rank b57d3999126540d9a9fe6afe601f7d3b] INFO: Waiting for server ready...
[96m[1;38;2;180;140;80m(AReaL)[0m [96m20261002-23:34:05.402 [RemoteInfEngine Rank 3039dd122f59485fa6b29afb7072533c] INFO: Servers are all ready!
[96m[1;38;2;180;140;80m(AReaL)[0m [96m20261002-23:34:05.402 [RemoteInfEngine Rank ff7aa57f4977407d9c5eeb8164e5f7d2] INFO: Servers are all ready!
[96m[1;38;2;180;140;80m(AReaL)[0m [96m20261002-23:34:05.403 [RemoteInfEngine Rank f728ed121c6841bfb348aceea952a370] INFO: Servers are all ready!
[96m[1;38;2;180;140;80m(AReaL)[0m [96m20261002-23:34:05.403 [RemoteInfEngine Rank b57d3999126540d9a9fe6afe601f7d3b] INFO: Servers are all ready!
[37m[1;38;2;180;140;80m(AReaL)[0m [37m20261002-23:34:06.403 RolloutController INFO: Proxy servers initialized. Addresses: ['http://33.180.166.157:15871', 'http://33.180.166.157:30475', 'http://33.180.166.157:16680', 'http://33.180.166.157:16959']
[37m[1;38;2;180;140;80m(AReaL)[0m [37m20261002-23:34:06.408 Guard INFO: Forking new worker process for role 'proxy-eval-rollout' index 2
[37m[1;38;2;180;140;80m(AReaL)[0m [37m20261002-23:34:06.408 Guard INFO: Forking new worker process for role 'proxy-eval-rollout' index 3
[37m[1;38;2;180;140;80m(AReaL)[0m [37m20261002-23:34:06.408 Guard INFO: Forking new worker process for role 'proxy-eval-rollout' index 0
[37m[1;38;2;180;140;80m(AReaL)[0m [37m20261002-23:34:06.408 Guard INFO: Forking new worker process for role 'proxy-eval-rollout' index 1
[37m[1;38;2;180;140;80m(AReaL)[0m [37m20261002-23:34:06.411 Guard INFO: Forked worker logs will be written to: /storage/openpsi/users/fenghui/projects/AReaL-muon/research/muon/evidence/baseline-aligned-3epoch-20261002/adamw/results/logs/root/gsm8k-grpo-megatron-adamw-baseline3/trial0/proxy-eval-rollout.log
[37m[1;38;2;180;140;80m(AReaL)[0m [37m20261002-23:34:06.411 Guard INFO: Forked worker logs will be written to: /storage/openpsi/users/fenghui/projects/AReaL-muon/research/muon/evidence/baseline-aligned-3epoch-20261002/adamw/results/logs/root/gsm8k-grpo-megatron-adamw-baseline3/trial0/proxy-eval-rollout.log
[37m[1;38;2;180;140;80m(AReaL)[0m [37m20261002-23:34:06.411 Guard INFO: Forked worker logs will be written to: /storage/openpsi/users/fenghui/projects/AReaL-muon/research/muon/evidence/baseline-aligned-3epoch-20261002/adamw/results/logs/root/gsm8k-grpo-megatron-adamw-baseline3/trial0/proxy-eval-rollout.log
[37m[1;38;2;180;140;80m(AReaL)[0m [37m20261002-23:34:06.412 Guard INFO: Forked worker logs will be written to: /storage/openpsi/users/fenghui/projects/AReaL-muon/research/muon/evidence/baseline-aligned-3epoch-20261002/adamw/results/logs/root/gsm8k-grpo-megatron-adamw-baseline3/trial0/proxy-eval-rollout.log
[37m[1;38;2;180;140;80m(AReaL)[0m [37m20261002-23:34:06.412 Guard INFO: Forked worker for role 'proxy-eval-rollout' index 3 spawned (pid=23074)
[37m[1;38;2;180;140;80m(AReaL)[0m [37m20261002-23:34:06.412 Guard INFO: Forked worker for role 'proxy-eval-rollout' index 1 spawned (pid=23075)
[37m[1;38;2;180;140;80m(AReaL)[0m [37m20261002-23:34:06.413 Guard INFO: Forked worker for role 'proxy-eval-rollout' index 2 spawned (pid=23077)
[37m[1;38;2;180;140;80m(AReaL)[0m [37m20261002-23:34:06.413 Guard INFO: Forked worker for role 'proxy-eval-rollout' index 0 spawned (pid=23076)
[92m23:34:14 - LiteLLM:WARNING[0m: get_model_cost_map.py:271 - LiteLLM: Failed to fetch remote model cost map from https://raw.githubusercontent.com/BerriAI/litellm/main/model_prices_and_context_window.json: [Errno 104] Connection reset by peer. Falling back to local backup.
[92m23:34:14 - LiteLLM:WARNING[0m: get_model_cost_map.py:271 - LiteLLM: Failed to fetch remote model cost map from https://raw.githubusercontent.com/BerriAI/litellm/main/model_prices_and_context_window.json: [Errno 104] Connection reset by peer. Falling back to local backup.
[37m[1;38;2;180;140;80m(AReaL)[0m [37m20261002-23:34:15.485 ProxyRolloutServer INFO: Starting proxy rollout server on 33.180.166.157:13948 for worker proxy-eval-rollout/0
[92m23:34:15 - LiteLLM:WARNING[0m: get_model_cost_map.py:271 - LiteLLM: Failed to fetch remote model cost map from https://raw.githubusercontent.com/BerriAI/litellm/main/model_prices_and_context_window.json: [Errno 104] Connection reset by peer. Falling back to local backup.
[34m[1;38;2;180;140;80m(AReaL)[0m [34m20261002-23:34:15.941 LocalScheduler INFO: Forked worker proxy-eval-rollout/0 created at 33.180.166.157:13948 (pid=23076) from eval-rollout/0
[37m[1;38;2;180;140;80m(AReaL)[0m [37m20261002-23:34:16.007 ProxyRolloutServer INFO: Starting proxy rollout server on 33.180.166.157:11939 for worker proxy-eval-rollout/3
[34m[1;38;2;180;140;80m(AReaL)[0m [34m20261002-23:34:16.443 LocalScheduler INFO: Forked worker proxy-eval-rollout/3 created at 33.180.166.157:11939 (pid=23074) from eval-rollout/3
[37m[1;38;2;180;140;80m(AReaL)[0m [37m20261002-23:34:17.029 ProxyRolloutServer INFO: Starting proxy rollout server on 33.180.166.157:13232 for worker proxy-eval-rollout/2
[34m[1;38;2;180;140;80m(AReaL)[0m [34m20261002-23:34:17.445 LocalScheduler INFO: Forked worker proxy-eval-rollout/2 created at 33.180.166.157:13232 (pid=23077) from eval-rollout/2
[92m23:34:20 - LiteLLM:WARNING[0m: get_model_cost_map.py:271 - LiteLLM: Failed to fetch remote model cost map from https://raw.githubusercontent.com/BerriAI/litellm/main/model_prices_and_context_window.json: _ssl.c:983: The handshake operation timed out. Falling back to local backup.
[37m[1;38;2;180;140;80m(AReaL)[0m [37m20261002-23:34:22.057 ProxyRolloutServer INFO: Starting proxy rollout server on 33.180.166.157:23937 for worker proxy-eval-rollout/1
[34m[1;38;2;180;140;80m(AReaL)[0m [34m20261002-23:34:22.453 LocalScheduler INFO: Forked worker proxy-eval-rollout/1 created at 33.180.166.157:23937 (pid=23075) from eval-rollout/1
[34m[1;38;2;180;140;80m(AReaL)[0m [34m20261002-23:34:22.454 LocalScheduler INFO: Role 'proxy-eval-rollout' forked from 'eval-rollout': created 4 new worker processes
[96m[1;38;2;180;140;80m(AReaL)[0m [96m20261002-23:34:23.163 PlatformInit INFO: Detected CUDA device: NVIDIA L20X
[96m[1;38;2;180;140;80m(AReaL)[0m [96m20261002-23:34:23.163 PlatformInit INFO: Initializing CUDA platform (NVIDIA).
[34m[1;38;2;180;140;80m(AReaL)[0m [34m20261002-23:34:23.164 LocalScheduler INFO: Configuration successfully on worker 'proxy-eval-rollout/0'
[96m[1;38;2;180;140;80m(AReaL)[0m [96m20261002-23:34:23.860 PlatformInit INFO: Detected CUDA device: NVIDIA L20X
[96m[1;38;2;180;140;80m(AReaL)[0m [96m20261002-23:34:23.860 PlatformInit INFO: Initializing CUDA platform (NVIDIA).
[34m[1;38;2;180;140;80m(AReaL)[0m [34m20261002-23:34:23.861 LocalScheduler INFO: Configuration successfully on worker 'proxy-eval-rollout/1'
[96m[1;38;2;180;140;80m(AReaL)[0m [96m20261002-23:34:24.555 PlatformInit INFO: Detected CUDA device: NVIDIA L20X
[96m[1;38;2;180;140;80m(AReaL)[0m [96m20261002-23:34:24.555 PlatformInit INFO: Initializing CUDA platform (NVIDIA).
[34m[1;38;2;180;140;80m(AReaL)[0m [34m20261002-23:34:24.556 LocalScheduler INFO: Configuration successfully on worker 'proxy-eval-rollout/2'
[96m[1;38;2;180;140;80m(AReaL)[0m [96m20261002-23:34:25.252 PlatformInit INFO: Detected CUDA device: NVIDIA L20X
[96m[1;38;2;180;140;80m(AReaL)[0m [96m20261002-23:34:25.252 PlatformInit INFO: Initializing CUDA platform (NVIDIA).
[34m[1;38;2;180;140;80m(AReaL)[0m [34m20261002-23:34:25.253 LocalScheduler INFO: Configuration successfully on worker 'proxy-eval-rollout/3'
[37m[1;38;2;180;140;80m(AReaL)[0m [37m20261002-23:34:25.253 RolloutController INFO: Proxy workers forked: ['proxy-eval-rollout/0', 'proxy-eval-rollout/1', 'proxy-eval-rollout/2', 'proxy-eval-rollout/3']
[34m[1;38;2;180;140;80m(AReaL)[0m [34m20261002-23:34:25.260 LocalScheduler INFO: All 4 workers for role 'proxy-eval-rollout' are ready
[37m[1;38;2;180;140;80m(AReaL)[0m [37m20261002-23:34:25.261 RolloutController INFO: Proxy workers: ['proxy-eval-rollout/0', 'proxy-eval-rollout/1', 'proxy-eval-rollout/2', 'proxy-eval-rollout/3']
[37m[1;38;2;180;140;80m(AReaL)[0m [37m20261002-23:34:25.275 RolloutController INFO: Proxy engines created
[96m[1;38;2;180;140;80m(AReaL)[0m [96m20261002-23:34:25.414 [RemoteInfEngine Rank 1dfdfdb2dd1f4398b95e366133bc4dcf] INFO: Get server addresses from the `addr` argument.
[96m[1;38;2;180;140;80m(AReaL)[0m [96m20261002-23:34:25.414 [RemoteInfEngine Rank 1dfdfdb2dd1f4398b95e366133bc4dcf] INFO: Waiting for server ready...
[96m[1;38;2;180;140;80m(AReaL)[0m [96m20261002-23:34:25.415 [RemoteInfEngine Rank e585196cb09649dfb750b51dec56b3c9] INFO: Get server addresses from the `addr` argument.
[96m[1;38;2;180;140;80m(AReaL)[0m [96m20261002-23:34:25.415 [RemoteInfEngine Rank e585196cb09649dfb750b51dec56b3c9] INFO: Waiting for server ready...
[96m[1;38;2;180;140;80m(AReaL)[0m [96m20261002-23:34:25.415 [RemoteInfEngine Rank fdcfe4439a234c9bbc491aa500705a14] INFO: Get server addresses from the `addr` argument.
[96m[1;38;2;180;140;80m(AReaL)[0m [96m20261002-23:34:25.415 [RemoteInfEngine Rank fdcfe4439a234c9bbc491aa500705a14] INFO: Waiting for server ready...
[96m[1;38;2;180;140;80m(AReaL)[0m [96m20261002-23:34:25.415 [RemoteInfEngine Rank 2734e3cd1f65459487943569c643f878] INFO: Get server addresses from the `addr` argument.
[96m[1;38;2;180;140;80m(AReaL)[0m [96m20261002-23:34:25.415 [RemoteInfEngine Rank 2734e3cd1f65459487943569c643f878] INFO: Waiting for server ready...
[96m[1;38;2;180;140;80m(AReaL)[0m [96m20261002-23:34:26.418 [RemoteInfEngine Rank e585196cb09649dfb750b51dec56b3c9] INFO: Servers are all ready!
[96m[1;38;2;180;140;80m(AReaL)[0m [96m20261002-23:34:26.418 [RemoteInfEngine Rank 1dfdfdb2dd1f4398b95e366133bc4dcf] INFO: Servers are all ready!
[96m[1;38;2;180;140;80m(AReaL)[0m [96m20261002-23:34:26.418 [RemoteInfEngine Rank 2734e3cd1f65459487943569c643f878] INFO: Servers are all ready!
[96m[1;38;2;180;140;80m(AReaL)[0m [96m20261002-23:34:26.419 [RemoteInfEngine Rank fdcfe4439a234c9bbc491aa500705a14] INFO: Servers are all ready!
[37m[1;38;2;180;140;80m(AReaL)[0m [37m20261002-23:34:27.429 RolloutController INFO: Proxy servers initialized. Addresses: ['http://33.180.166.157:13948', 'http://33.180.166.157:23937', 'http://33.180.166.157:13232', 'http://33.180.166.157:11939']
[96m[1;38;2;180;140;80m(AReaL)[0m [96m20261002-23:34:41.566 [MegatronEngine Rank 3] INFO: #microbatch: 9, microbatch #tokens: [10218, 10240, 10240, 10157, 10185, 10220, 10228, 5005, 10223], aligned to: [10218, 10240, 10240, 10157, 10185, 10220, 10228, 5005, 10223], padded to: [10240, 10240, 10240, 10240, 10240, 10240, 10240, 5120, 10240], padding lengths: [22, 0, 0, 83, 55, 20, 12, 115, 17].
[96m[1;38;2;180;140;80m(AReaL)[0m [96m20261002-23:34:41.566 [MegatronEngine Rank 1] INFO: #microbatch: 9, microbatch #tokens: [10231, 10189, 10230, 10112, 10127, 10221, 10239, 10216, 3607], aligned to: [10231, 10189, 10230, 10112, 10127, 10221, 10239, 10216, 3607], padded to: [10240, 10240, 10240, 10240, 10240, 10240, 10240, 10240, 3840], padding lengths: [9, 51, 10, 128, 113, 19, 1, 24, 233].
[96m[1;38;2;180;140;80m(AReaL)[0m [96m20261002-23:34:41.566 [MegatronEngine Rank 2] INFO: #microbatch: 9, microbatch #tokens: [10237, 6953, 10195, 10222, 10199, 10205, 10223, 10216, 10214], aligned to: [10237, 6953, 10195, 10222, 10199, 10205, 10223, 10216, 10214], padded to: [10240, 7168, 10240, 10240, 10240, 10240, 10240, 10240, 10240], padding lengths: [3, 215, 45, 18, 41, 35, 17, 24, 26].
[96m[1;38;2;180;140;80m(AReaL)[0m [96m20261002-23:34:41.566 [MegatronEngine Rank 0] INFO: #microbatch: 9, microbatch #tokens: [10228, 10233, 10225, 10240, 10230, 10233, 10240, 3666, 10233], aligned to: [10228, 10233, 10225, 10240, 10230, 10233, 10240, 3666, 10233], padded to: [10240, 10240, 10240, 10240, 10240, 10240, 10240, 3840, 10240], padding lengths: [12, 7, 15, 0, 10, 7, 0, 174, 7].
[37m[1;38;2;180;140;80m(AReaL)[0m [37m20261002-23:34:46.059 IOStruct INFO: Memory-Usage recompute logp: memory allocated (GB): 10.13, memory reserved (GB): 39.00, device memory used/total (GB): 43.32/139.81 | host RssAnon: 1290MB, RssShmem: 0MB
[37m[1;38;2;180;140;80m(AReaL)[0m [37m20261002-23:34:46.852 IOStruct INFO: Memory-Usage compute advantages: memory allocated (GB): 10.14, memory reserved (GB): 39.01, device memory used/total (GB): 43.34/139.81 | host RssAnon: 1296MB, RssShmem: 0MB
[96m[1;38;2;180;140;80m(AReaL)[0m [96m20261002-23:34:47.342 [MegatronEngine Rank 3] INFO: #microbatch: 9, microbatch #tokens: [10218, 10240, 10240, 10157, 10185, 10220, 10228, 5005, 10223], aligned to: [10218, 10240, 10240, 10157, 10185, 10220, 10228, 5005, 10223], padded to: [10240, 10240, 10240, 10240, 10240, 10240, 10240, 5120, 10240], padding lengths: [22, 0, 0, 83, 55, 20, 12, 115, 17].
[96m[1;38;2;180;140;80m(AReaL)[0m [96m20261002-23:34:47.342 [MegatronEngine Rank 1] INFO: #microbatch: 9, microbatch #tokens: [10231, 10189, 10230, 10112, 10127, 10221, 10239, 10216, 3607], aligned to: [10231, 10189, 10230, 10112, 10127, 10221, 10239, 10216, 3607], padded to: [10240, 10240, 10240, 10240, 10240, 10240, 10240, 10240, 3840], padding lengths: [9, 51, 10, 128, 113, 19, 1, 24, 233].
[96m[1;38;2;180;140;80m(AReaL)[0m [96m20261002-23:34:47.343 [MegatronEngine Rank 2] INFO: #microbatch: 9, microbatch #tokens: [10237, 6953, 10195, 10222, 10199, 10205, 10223, 10216, 10214], aligned to: [10237, 6953, 10195, 10222, 10199, 10205, 10223, 10216, 10214], padded to: [10240, 7168, 10240, 10240, 10240, 10240, 10240, 10240, 10240], padding lengths: [3, 215, 45, 18, 41, 35, 17, 24, 26].
[96m[1;38;2;180;140;80m(AReaL)[0m [96m20261002-23:34:47.348 [MegatronEngine Rank 0] INFO: #microbatch: 9, microbatch #tokens: [10228, 10233, 10225, 10240, 10230, 10233, 10240, 3666, 10233], aligned to: [10228, 10233, 10225, 10240, 10230, 10233, 10240, 3666, 10233], padded to: [10240, 10240, 10240, 10240, 10240, 10240, 10240, 3840, 10240], padding lengths: [12, 7, 15, 0, 10, 7, 0, 174, 7].
[37m[1;38;2;180;140;80m(AReaL)[0m [37m20261002-23:34:57.463 IOStruct INFO: Memory-Usage before first gradient synchronization: memory allocated (GB): 10.17, memory reserved (GB): 61.40, device memory used/total (GB): 65.80/139.81 | host RssAnon: 2368MB, RssShmem: 181MB
[37m[1;38;2;180;140;80m(AReaL)[0m [37m20261002-23:34:57.572 IOStruct INFO: Memory-Usage before first gradient synchronization: memory allocated (GB): 10.17, memory reserved (GB): 61.42, device memory used/total (GB): 65.96/139.81 | host RssAnon: 2387MB, RssShmem: 181MB
[37m[1;38;2;180;140;80m(AReaL)[0m [37m20261002-23:34:57.628 IOStruct INFO: Memory-Usage before first gradient synchronization: memory allocated (GB): 10.17, memory reserved (GB): 61.55, device memory used/total (GB): 65.40/139.81 | host RssAnon: 2352MB, RssShmem: 181MB
[37m[1;38;2;180;140;80m(AReaL)[0m [37m20261002-23:34:57.675 IOStruct INFO: Memory-Usage after reclaiming gradient sync cache: memory allocated (GB): 10.17, memory reserved (GB): 16.28, device memory used/total (GB): 20.69/139.81 | host RssAnon: 2368MB, RssShmem: 181MB
[37m[1;38;2;180;140;80m(AReaL)[0m [37m20261002-23:34:57.752 IOStruct INFO: Memory-Usage after reclaiming gradient sync cache: memory allocated (GB): 10.17, memory reserved (GB): 16.34, device memory used/total (GB): 20.18/139.81 | host RssAnon: 2352MB, RssShmem: 181MB
[37m[1;38;2;180;140;80m(AReaL)[0m [37m20261002-23:34:57.755 IOStruct INFO: Memory-Usage after reclaiming gradient sync cache: memory allocated (GB): 10.17, memory reserved (GB): 16.31, device memory used/total (GB): 20.86/139.81 | host RssAnon: 2387MB, RssShmem: 181MB
[37m[1;38;2;180;140;80m(AReaL)[0m [37m20261002-23:34:57.759 IOStruct INFO: Memory-Usage before first gradient synchronization: memory allocated (GB): 10.17, memory reserved (GB): 61.39, device memory used/total (GB): 65.94/139.81 | host RssAnon: 2350MB, RssShmem: 181MB
[37m[1;38;2;180;140;80m(AReaL)[0m [37m20261002-23:34:57.800 IOStruct INFO: Memory-Usage after reclaiming gradient sync cache: memory allocated (GB): 10.17, memory reserved (GB): 16.33, device memory used/total (GB): 20.87/139.81 | host RssAnon: 2350MB, RssShmem: 181MB
[37m[1;38;2;180;140;80m(AReaL)[0m [37m20261002-23:34:58.141 IOStruct INFO: Memory-Usage ppo update: memory allocated (GB): 13.05, memory reserved (GB): 16.28, device memory used/total (GB): 21.45/139.81 | host RssAnon: 1297MB, RssShmem: 0MB
[37m[1;38;2;180;140;80m(AReaL)[0m [37m20261002-23:35:12.123 HFUtils INFO: Copied generation_config.json from /storage/openpsi/models/Qwen__Qwen2.5-1.5B-Instruct to /storage/openpsi/users/fenghui/projects/AReaL-muon/research/muon/evidence/baseline-aligned-3epoch-20261002/adamw/results/checkpoints/root/gsm8k-grpo-megatron-adamw-baseline3/trial0/default/epoch0epochstep0globalstep0
[37m[1;38;2;180;140;80m(AReaL)[0m [37m20261002-23:35:12.133 HFUtils INFO: Copied tokenizer_config.json from /storage/openpsi/models/Qwen__Qwen2.5-1.5B-Instruct to /storage/openpsi/users/fenghui/projects/AReaL-muon/research/muon/evidence/baseline-aligned-3epoch-20261002/adamw/results/checkpoints/root/gsm8k-grpo-megatron-adamw-baseline3/trial0/default/epoch0epochstep0globalstep0
[37m[1;38;2;180;140;80m(AReaL)[0m [37m20261002-23:35:12.167 HFUtils INFO: Copied vocab.json from /storage/openpsi/models/Qwen__Qwen2.5-1.5B-Instruct to /storage/openpsi/users/fenghui/projects/AReaL-muon/research/muon/evidence/baseline-aligned-3epoch-20261002/adamw/results/checkpoints/root/gsm8k-grpo-megatron-adamw-baseline3/trial0/default/epoch0epochstep0globalstep0
[37m[1;38;2;180;140;80m(AReaL)[0m [37m20261002-23:35:12.183 HFUtils INFO: Copied merges.txt from /storage/openpsi/models/Qwen__Qwen2.5-1.5B-Instruct to /storage/openpsi/users/fenghui/projects/AReaL-muon/research/muon/evidence/baseline-aligned-3epoch-20261002/adamw/results/checkpoints/root/gsm8k-grpo-megatron-adamw-baseline3/trial0/default/epoch0epochstep0globalstep0
[37m[1;38;2;180;140;80m(AReaL)[0m [37m20261002-23:35:12.184 HFUtils INFO: special_tokens_map.json does not exist in /storage/openpsi/models/Qwen__Qwen2.5-1.5B-Instruct; skipping
[37m[1;38;2;180;140;80m(AReaL)[0m [37m20261002-23:35:12.202 HFUtils INFO: Copied tokenizer.json from /storage/openpsi/models/Qwen__Qwen2.5-1.5B-Instruct to /storage/openpsi/users/fenghui/projects/AReaL-muon/research/muon/evidence/baseline-aligned-3epoch-20261002/adamw/results/checkpoints/root/gsm8k-grpo-megatron-adamw-baseline3/trial0/default/epoch0epochstep0globalstep0
[37m[1;38;2;180;140;80m(AReaL)[0m [37m20261002-23:35:12.222 HFUtils INFO: Patched config.json: torch_dtype=bfloat16
[37m[1;38;2;180;140;80m(AReaL)[0m [37m20261002-23:35:12.435 DataBP INFO: Cleared 576 batch shards. Stats: {'status': 'ok', 'cleared_count': 576, 'num_tensors': 207, 'total_bytes': 1323732}
[37m[1;38;2;180;140;80m(AReaL)[0m [37m20261002-23:35:12.436 DataBP INFO: Cleared 567 batch shards. Stats: {'status': 'ok', 'cleared_count': 567, 'num_tensors': 243, 'total_bytes': 1537716}
[37m[1;38;2;180;140;80m(AReaL)[0m [37m20261002-23:35:12.436 DataBP INFO: Cleared 576 batch shards. Stats: {'status': 'ok', 'cleared_count': 576, 'num_tensors': 279, 'total_bytes': 1615608}
[37m[1;38;2;180;140;80m(AReaL)[0m [37m20261002-23:35:12.436 DataBP INFO: Cleared 585 batch shards. Stats: {'status': 'ok', 'cleared_count': 585, 'num_tensors': 225, 'total_bytes': 1323804}
[37m[1;38;2;180;140;80m(AReaL)[0m [37m20261002-23:35:12.438 DataBP INFO: Cleared 960 batch shards. Stats: {'status': 'ok', 'cleared_count': 960, 'num_tensors': 0, 'total_bytes': 0}
[37m[1;38;2;180;140;80m(AReaL)[0m [37m20261002-23:35:12.438 DataBP INFO: Cleared 960 batch shards. Stats: {'status': 'ok', 'cleared_count': 960, 'num_tensors': 0, 'total_bytes': 0}
[37m[1;38;2;180;140;80m(AReaL)[0m [37m20261002-23:35:12.439 DataBP INFO: Cleared 960 batch shards. Stats: {'status': 'ok', 'cleared_count': 960, 'num_tensors': 0, 'total_bytes': 0}
[37m[1;38;2;180;140;80m(AReaL)[0m [37m20261002-23:35:12.439 DataBP INFO: Cleared 960 batch shards. Stats: {'status': 'ok', 'cleared_count': 960, 'num_tensors': 0, 'total_bytes': 0}
[37m[1;38;2;180;140;80m(AReaL)[0m [37m20261002-23:35:18.631 DataBP INFO: Cleared 9 batch shards. Stats: {'status': 'ok', 'cleared_count': 9, 'num_tensors': 0, 'total_bytes': 0}
[37m[1;38;2;180;140;80m(AReaL)[0m [37m20261002-23:35:18.631 DataBP INFO: Cleared 9 batch shards. Stats: {'status': 'ok', 'cleared_count': 9, 'num_tensors': 0, 'total_bytes': 0}
[37m[1;38;2;180;140;80m(AReaL)[0m [37m20261002-23:35:18.631 DataBP INFO: Cleared 9 batch shards. Stats: {'status': 'ok', 'cleared_count': 9, 'num_tensors': 0, 'total_bytes': 0}
[37m[1;38;2;180;140;80m(AReaL)[0m [37m20261002-23:35:18.631 DataBP INFO: Cleared 9 batch shards. Stats: {'status': 'ok', 'cleared_count': 9, 'num_tensors': 0, 'total_bytes': 0}
[92m[1;38;2;180;140;80m(AReaL)[0m [92m20261002-23:35:19.571 StatsLogger INFO: Epoch 1/3 Step 1/1 Train step 1/3 done.
[92m[1;38;2;180;140;80m(AReaL)[0m [92m20261002-23:35:19.572 StatsLogger INFO: Stats (1/1):
[92m[1;38;2;180;140;80m(AReaL)[0m [92m20261002-23:35:19.578 StatsLogger INFO: 
╒════════════════════════════════════════╤═════════════╤═════════════════════════════════════════════════╤═════════════╤══════════════════════════════════════════════════════════════╤═════════════╤══════════════════════════════════════════════╤═════════════╕
│ timeperf/rollout                       │  1.3458e+01 │ ppo_actor/seq_len/max                           │  9.2500e+02 │ ppo_actor/update/compute_logp/kl_div_taylor/avg              │  3.4247e-04 │ ppo_actor/update/version_stats/v_proximal    │  0.0000e+00 │
├────────────────────────────────────────┼─────────────┼─────────────────────────────────────────────────┼─────────────┼──────────────────────────────────────────────────────────────┼─────────────┼──────────────────────────────────────────────┼─────────────┤
│ timeperf/recompute_logp                │  5.1719e+00 │ ppo_actor/seq_len/min                           │  7.1000e+01 │ ppo_actor/update/compute_logp/kl_div_taylor/max              │  2.7358e-01 │ ppo_actor/update/version_stats/v_theta       │  0.0000e+00 │
├────────────────────────────────────────┼─────────────┼─────────────────────────────────────────────────┼─────────────┼──────────────────────────────────────────────────────────────┼─────────────┼──────────────────────────────────────────────┼─────────────┤
│ timeperf/compute_advantage             │  7.9240e-01 │ ppo_actor/task_reward/avg                       │  6.9043e-01 │ ppo_actor/update/compute_logp/kl_div_taylor/min              │  0.0000e+00 │ ppo_actor/update/vocab_max_logits/avg        │  2.9520e+01 │
├────────────────────────────────────────┼─────────────┼─────────────────────────────────────────────────┼─────────────┼──────────────────────────────────────────────────────────────┼─────────────┼──────────────────────────────────────────────┼─────────────┤
│ timeperf/train_step                    │  1.1289e+01 │ ppo_actor/task_reward/max                       │  1.0000e+00 │ ppo_actor/update/compute_logp/n_valid_tokens                 │  2.4474e+05 │ ppo_actor/update/vocab_max_logits/max        │  4.9500e+01 │
├────────────────────────────────────────┼─────────────┼─────────────────────────────────────────────────┼─────────────┼──────────────────────────────────────────────────────────────┼─────────────┼──────────────────────────────────────────────┼─────────────┤
│ timeperf/update_weights                │  5.0171e+00 │ ppo_actor/task_reward/min                       │  0.0000e+00 │ ppo_actor/update/compute_logp/prox_logp_gt/avg               │ -3.2332e-01 │ ppo_actor/update/vocab_max_logits/min        │  8.6875e+00 │
├────────────────────────────────────────┼─────────────┼─────────────────────────────────────────────────┼─────────────┼──────────────────────────────────────────────────────────────┼─────────────┼──────────────────────────────────────────────┼─────────────┤
│ timeperf/save                          │  9.1600e+00 │ ppo_actor/train_infer/kl_k1                     │  3.8746e-04 │ ppo_actor/update/compute_logp/prox_logp_gt/max               │  0.0000e+00 │ ppo_actor/update/vocab_min_logits/avg        │ -1.5786e+01 │
├────────────────────────────────────────┼─────────────┼─────────────────────────────────────────────────┼─────────────┼──────────────────────────────────────────────────────────────┼─────────────┼──────────────────────────────────────────────┼─────────────┤
│ timeperf/checkpoint_for_recover        │  8.2709e-05 │ ppo_actor/train_infer/kl_k2                     │  3.4247e-04 │ ppo_actor/update/compute_logp/prox_logp_gt/min               │ -1.8981e+01 │ ppo_actor/update/vocab_min_logits/max        │ -4.7188e+00 │
├────────────────────────────────────────┼─────────────┼─────────────────────────────────────────────────┼─────────────┼──────────────────────────────────────────────────────────────┼─────────────┼──────────────────────────────────────────────┼─────────────┤
│ timeperf/clear_batches                 │  2.2111e-01 │ ppo_actor/train_infer/kl_k3                     │  3.4134e-04 │ ppo_actor/update/dual_clip_ratio/avg                         │  0.0000e+00 │ ppo_actor/update/vocab_min_logits/min        │ -4.2000e+01 │
├────────────────────────────────────────┼─────────────┼─────────────────────────────────────────────────┼─────────────┼──────────────────────────────────────────────────────────────┼─────────────┼──────────────────────────────────────────────┼─────────────┤
│ timeperf/eval                          │  5.9904e+00 │ ppo_actor/train_infer/kl_k3_overflow_fraction   │  0.0000e+00 │ ppo_actor/update/dual_clip_ratio/max                         │  0.0000e+00 │ ppo_actor/usable_group_size/avg              │  4.0000e+00 │
├────────────────────────────────────────┼─────────────┼─────────────────────────────────────────────────┼─────────────┼──────────────────────────────────────────────────────────────┼─────────────┼──────────────────────────────────────────────┼─────────────┤
│ ppo_actor/advantage_negative_fraction  │  7.0159e-01 │ ppo_actor/train_infer/logp_abs_diff/avg         │  8.6698e-03 │ ppo_actor/update/dual_clip_ratio/min                         │  0.0000e+00 │ ppo_actor/usable_group_size/max              │  4.0000e+00 │
├────────────────────────────────────────┼─────────────┼─────────────────────────────────────────────────┼─────────────┼──────────────────────────────────────────────────────────────┼─────────────┼──────────────────────────────────────────────┼─────────────┤
│ ppo_actor/advantage_positive_fraction  │  2.9841e-01 │ ppo_actor/train_infer/logp_abs_diff/max         │  7.3970e-01 │ ppo_actor/update/dual_clipped_tokens                         │  0.0000e+00 │ ppo_actor/usable_group_size/min              │  4.0000e+00 │
├────────────────────────────────────────┼─────────────┼─────────────────────────────────────────────────┼─────────────┼──────────────────────────────────────────────────────────────┼─────────────┼──────────────────────────────────────────────┼─────────────┤
│ ppo_actor/advantage_zero_fraction      │  0.0000e+00 │ ppo_actor/train_infer/logp_abs_diff/min         │  0.0000e+00 │ ppo_actor/update/entropy/avg                                 │  3.2222e-01 │ ppo_actor/use_dual_clip                      │  0.0000e+00 │
├────────────────────────────────────────┼─────────────┼─────────────────────────────────────────────────┼─────────────┼──────────────────────────────────────────────────────────────┼─────────────┼──────────────────────────────────────────────┼─────────────┤
│ ppo_actor/advantages/avg               │ -1.3467e-08 │ ppo_actor/train_infer/logp_diff/avg             │ -3.8746e-04 │ ppo_actor/update/entropy/max                                 │  8.6483e+00 │ rollout/num_turns_count                      │  2.0240e+03 │
├────────────────────────────────────────┼─────────────┼─────────────────────────────────────────────────┼─────────────┼──────────────────────────────────────────────────────────────┼─────────────┼──────────────────────────────────────────────┼─────────────┤
│ ppo_actor/advantages/max               │  2.4040e+00 │ ppo_actor/train_infer/logp_diff/max             │  6.1389e-01 │ ppo_actor/update/entropy/min                                 │  2.6163e-09 │ rollout/num_turns_no_harness_err_count       │  2.0240e+03 │
├────────────────────────────────────────┼─────────────┼─────────────────────────────────────────────────┼─────────────┼──────────────────────────────────────────────────────────────┼─────────────┼──────────────────────────────────────────────┼─────────────┤
│ ppo_actor/advantages/min               │ -2.4573e+00 │ ppo_actor/train_infer/logp_diff/min             │ -7.3970e-01 │ ppo_actor/update/grad_norm                                   │  3.0759e-01 │ rollout/accepted                             │  1.0000e+00 │
├────────────────────────────────────────┼─────────────┼─────────────────────────────────────────────────┼─────────────┼──────────────────────────────────────────────────────────────┼─────────────┼──────────────────────────────────────────────┼─────────────┤
│ ppo_actor/correct_n_seqs               │  7.0700e+02 │ ppo_actor/train_infer/logp_diff_squared         │  6.8494e-04 │ ppo_actor/update/importance_weight/avg                       │  1.0000e+00 │ rollout/context_overflow                     │  0.0000e+00 │
├────────────────────────────────────────┼─────────────┼─────────────────────────────────────────────────┼─────────────┼──────────────────────────────────────────────────────────────┼─────────────┼──────────────────────────────────────────────┼─────────────┤
│ ppo_actor/correct_seq_len/avg          │  3.2570e+02 │ ppo_actor/train_infer/n_valid_tokens            │  2.4474e+05 │ ppo_actor/update/importance_weight/max                       │  1.0000e+00 │ rollout/fully_masked_group                   │  0.0000e+00 │
├────────────────────────────────────────┼─────────────┼─────────────────────────────────────────────────┼─────────────┼──────────────────────────────────────────────────────────────┼─────────────┼──────────────────────────────────────────────┼─────────────┤
│ ppo_actor/correct_seq_len/max          │  7.6400e+02 │ ppo_actor/train_infer/nonfinite_logp_fraction   │  0.0000e+00 │ ppo_actor/update/importance_weight/min                       │  1.0000e+00 │ rollout/pre_filter_trainable_slot_yield      │  1.0000e+00 │
├────────────────────────────────────────┼─────────────┼─────────────────────────────────────────────────┼─────────────┼──────────────────────────────────────────────────────────────┼─────────────┼──────────────────────────────────────────────┼─────────────┤
│ ppo_actor/correct_seq_len/min          │  9.0000e+01 │ ppo_actor/train_infer/ratio_outside_1.5         │  2.8601e-05 │ ppo_actor/update/logp_abs_diff/avg                           │  8.6698e-03 │ rollout/pre_filter_usable_slot_yield         │  1.0000e+00 │
├────────────────────────────────────────┼─────────────┼─────────────────────────────────────────────────┼─────────────┼──────────────────────────────────────────────────────────────┼─────────────┼──────────────────────────────────────────────┼─────────────┤
│ ppo_actor/eps_clip                     │  4.0000e-01 │ ppo_actor/train_infer/ratio_outside_10          │  0.0000e+00 │ ppo_actor/update/logp_abs_diff/max                           │  7.3970e-01 │ rollout/proxy_system_error                   │  0.0000e+00 │
├────────────────────────────────────────┼─────────────┼─────────────────────────────────────────────────┼─────────────┼──────────────────────────────────────────────────────────────┼─────────────┼──────────────────────────────────────────────┼─────────────┤
│ ppo_actor/final_reward/avg             │ -1.2420e-11 │ ppo_actor/train_infer/ratio_outside_2           │  4.0859e-06 │ ppo_actor/update/logp_abs_diff/min                           │  0.0000e+00 │ rollout/reward                               │  7.0109e-01 │
├────────────────────────────────────────┼─────────────┼─────────────────────────────────────────────────┼─────────────┼──────────────────────────────────────────────────────────────┼─────────────┼──────────────────────────────────────────────┼─────────────┤
│ ppo_actor/final_reward/max             │  1.5000e+00 │ ppo_actor/train_infer/ratio_outside_3           │  0.0000e+00 │ ppo_actor/update/logp_diff/avg                               │  3.8746e-04 │ rollout/singleton_slot_group                 │  0.0000e+00 │
├────────────────────────────────────────┼─────────────┼─────────────────────────────────────────────────┼─────────────┼──────────────────────────────────────────────────────────────┼─────────────┼──────────────────────────────────────────────┼─────────────┤
│ ppo_actor/final_reward/min             │ -1.5000e+00 │ ppo_actor/train_infer/ratio_outside_5           │  0.0000e+00 │ ppo_actor/update/logp_diff/max                               │  7.3970e-01 │ rollout/target_slot_count                    │  4.0000e+00 │
├────────────────────────────────────────┼─────────────┼─────────────────────────────────────────────────┼─────────────┼──────────────────────────────────────────────────────────────┼─────────────┼──────────────────────────────────────────────┼─────────────┤
│ ppo_actor/group_loss_weight/avg        │  9.5603e+02 │ ppo_actor/train_infer/rollout_nll               │  3.2293e-01 │ ppo_actor/update/logp_diff/min                               │ -6.1389e-01 │ rollout/trainable_slot_count                 │  4.0000e+00 │
├────────────────────────────────────────┼─────────────┼─────────────────────────────────────────────────┼─────────────┼──────────────────────────────────────────────────────────────┼─────────────┼──────────────────────────────────────────────┼─────────────┤
│ ppo_actor/group_loss_weight/max        │  2.4310e+03 │ ppo_actor/train_infer/trainer_nll               │  3.2332e-01 │ ppo_actor/update/lr                                          │  3.0000e-06 │ rollout/usable_slot_count                    │  4.0000e+00 │
├────────────────────────────────────────┼─────────────┼─────────────────────────────────────────────────┼─────────────┼──────────────────────────────────────────────────────────────┼─────────────┼──────────────────────────────────────────────┼─────────────┤
│ ppo_actor/group_loss_weight/min        │  2.2600e+02 │ ppo_actor/update/actor_loss/avg                 │ -4.0415e-05 │ ppo_actor/update/masked_token_ratio                          │  3.0998e-01 │ rollout/num_turns/avg                        │  1.0000e+00 │
├────────────────────────────────────────┼─────────────┼─────────────────────────────────────────────────┼─────────────┼──────────────────────────────────────────────────────────────┼─────────────┼──────────────────────────────────────────────┼─────────────┤
│ ppo_actor/group_loss_weight_size_4/avg │  9.5603e+02 │ ppo_actor/update/actor_loss/max                 │  3.7891e+00 │ ppo_actor/update/n_masked_tokens                             │  2.8149e+03 │ rollout/num_turns_no_harness_err/avg         │  1.0000e+00 │
├────────────────────────────────────────┼─────────────┼─────────────────────────────────────────────────┼─────────────┼──────────────────────────────────────────────────────────────┼─────────────┼──────────────────────────────────────────────┼─────────────┤
│ ppo_actor/group_loss_weight_size_4/max │  2.4310e+03 │ ppo_actor/update/actor_loss/min                 │ -3.0725e+00 │ ppo_actor/update/n_tokens                                    │  3.4608e+05 │ rollout/num_turns/min                        │  1.0000e+00 │
├────────────────────────────────────────┼─────────────┼─────────────────────────────────────────────────┼─────────────┼──────────────────────────────────────────────────────────────┼─────────────┼──────────────────────────────────────────────┼─────────────┤
│ ppo_actor/group_loss_weight_size_4/min │  2.2600e+02 │ ppo_actor/update/approx_kl/avg                  │  0.0000e+00 │ ppo_actor/update/n_total_tokens                              │  9.6133e+03 │ rollout/num_turns_no_harness_err/min         │  1.0000e+00 │
├────────────────────────────────────────┼─────────────┼─────────────────────────────────────────────────┼─────────────┼──────────────────────────────────────────────────────────────┼─────────────┼──────────────────────────────────────────────┼─────────────┤
│ ppo_actor/incorrect_n_seqs             │  3.1700e+02 │ ppo_actor/update/approx_kl/max                  │  0.0000e+00 │ ppo_actor/update/n_valid_tokens                              │  2.4474e+05 │ rollout/num_turns/max                        │  1.0000e+00 │
├────────────────────────────────────────┼─────────────┼─────────────────────────────────────────────────┼─────────────┼──────────────────────────────────────────────────────────────┼─────────────┼──────────────────────────────────────────────┼─────────────┤
│ ppo_actor/incorrect_seq_len/avg        │  3.6534e+02 │ ppo_actor/update/approx_kl/min                  │  0.0000e+00 │ ppo_actor/update/n_valid_tokens_in_loss                      │  6.7984e+03 │ rollout/num_turns_no_harness_err/max         │  1.0000e+00 │
├────────────────────────────────────────┼─────────────┼─────────────────────────────────────────────────┼─────────────┼──────────────────────────────────────────────────────────────┼─────────────┼──────────────────────────────────────────────┼─────────────┤
│ ppo_actor/incorrect_seq_len/max        │  9.2500e+02 │ ppo_actor/update/behave_approx_kl/avg           │ -3.8746e-04 │ ppo_actor/update/new_logp/avg                                │ -3.2332e-01 │ eval-rollout/num_turns_count                 │  1.6000e+01 │
├────────────────────────────────────────┼─────────────┼─────────────────────────────────────────────────┼─────────────┼──────────────────────────────────────────────────────────────┼─────────────┼──────────────────────────────────────────────┼─────────────┤
│ ppo_actor/incorrect_seq_len/min        │  7.1000e+01 │ ppo_actor/update/behave_approx_kl/max           │  6.1389e-01 │ ppo_actor/update/new_logp/max                                │  0.0000e+00 │ eval-rollout/num_turns_no_harness_err_count  │  1.6000e+01 │
├────────────────────────────────────────┼─────────────┼─────────────────────────────────────────────────┼─────────────┼──────────────────────────────────────────────────────────────┼─────────────┼──────────────────────────────────────────────┼─────────────┤
│ ppo_actor/kl_rewards/avg               │  0.0000e+00 │ ppo_actor/update/behave_approx_kl/min           │ -7.3970e-01 │ ppo_actor/update/new_logp/min                                │ -1.8981e+01 │ eval-rollout/context_overflow                │  0.0000e+00 │
├────────────────────────────────────────┼─────────────┼─────────────────────────────────────────────────┼─────────────┼──────────────────────────────────────────────────────────────┼─────────────┼──────────────────────────────────────────────┼─────────────┤
│ ppo_actor/kl_rewards/max               │  0.0000e+00 │ ppo_actor/update/behave_filtered_ratio/avg      │  0.0000e+00 │ ppo_actor/update/num_micro_batches                           │  9.0000e+00 │ eval-rollout/fully_masked_group              │  0.0000e+00 │
├────────────────────────────────────────┼─────────────┼─────────────────────────────────────────────────┼─────────────┼──────────────────────────────────────────────────────────────┼─────────────┼──────────────────────────────────────────────┼─────────────┤
│ ppo_actor/kl_rewards/min               │  0.0000e+00 │ ppo_actor/update/behave_filtered_ratio/max      │  0.0000e+00 │ ppo_actor/update/old_logp/avg                                │ -3.2293e-01 │ eval-rollout/pre_filter_trainable_slot_yield │  1.0000e+00 │
├────────────────────────────────────────┼─────────────┼─────────────────────────────────────────────────┼─────────────┼──────────────────────────────────────────────────────────────┼─────────────┼──────────────────────────────────────────────┼─────────────┤
│ ppo_actor/mask_no_eos_with_zero        │  0.0000e+00 │ ppo_actor/update/behave_filtered_ratio/min      │  0.0000e+00 │ ppo_actor/update/old_logp/max                                │  0.0000e+00 │ eval-rollout/pre_filter_usable_slot_yield    │  1.0000e+00 │
├────────────────────────────────────────┼─────────────┼─────────────────────────────────────────────────┼─────────────┼──────────────────────────────────────────────────────────────┼─────────────┼──────────────────────────────────────────────┼─────────────┤
│ ppo_actor/n_groups                     │  2.5600e+02 │ ppo_actor/update/behave_imp_weight/avg          │  9.9995e-01 │ ppo_actor/update/old_logp/min                                │ -1.8873e+01 │ eval-rollout/proxy_system_error              │  0.0000e+00 │
├────────────────────────────────────────┼─────────────┼─────────────────────────────────────────────────┼─────────────┼──────────────────────────────────────────────────────────────┼─────────────┼──────────────────────────────────────────────┼─────────────┤
│ ppo_actor/n_groups_size_4              │  2.5600e+02 │ ppo_actor/update/behave_imp_weight/max          │  1.8476e+00 │ ppo_actor/update/rs_filtered_fraction                        │  0.0000e+00 │ eval-rollout/reward                          │  6.2500e-01 │
├────────────────────────────────────────┼─────────────┼─────────────────────────────────────────────────┼─────────────┼──────────────────────────────────────────────────────────────┼─────────────┼──────────────────────────────────────────────┼─────────────┤
│ ppo_actor/n_seqs                       │  1.0240e+03 │ ppo_actor/update/behave_imp_weight/min          │  4.7726e-01 │ ppo_actor/update/unclipped_behave_tokens                     │  2.4474e+05 │ eval-rollout/singleton_slot_group            │  0.0000e+00 │
├────────────────────────────────────────┼─────────────┼─────────────────────────────────────────────────┼─────────────┼──────────────────────────────────────────────────────────────┼─────────────┼──────────────────────────────────────────────┼─────────────┤
│ ppo_actor/n_tokens                     │  8.5402e+05 │ ppo_actor/update/clip_ratio/avg                 │  0.0000e+00 │ ppo_actor/update/update_successful                           │  1.0000e+00 │ eval-rollout/target_slot_count               │  4.0000e+00 │
├────────────────────────────────────────┼─────────────┼─────────────────────────────────────────────────┼─────────────┼──────────────────────────────────────────────────────────────┼─────────────┼──────────────────────────────────────────────┼─────────────┤
│ ppo_actor/n_valid_tokens               │  2.4474e+05 │ ppo_actor/update/clip_ratio/max                 │  0.0000e+00 │ ppo_actor/update/version_stats/future_token_fraction         │  0.0000e+00 │ eval-rollout/trainable_slot_count            │  4.0000e+00 │
├────────────────────────────────────────┼─────────────┼─────────────────────────────────────────────────┼─────────────┼──────────────────────────────────────────────────────────────┼─────────────┼──────────────────────────────────────────────┼─────────────┤
│ ppo_actor/no_eos_ratios/avg            │  0.0000e+00 │ ppo_actor/update/clip_ratio/min                 │  0.0000e+00 │ ppo_actor/update/version_stats/n_valid_generated_tokens      │  2.4474e+05 │ eval-rollout/usable_slot_count               │  4.0000e+00 │
├────────────────────────────────────────┼─────────────┼─────────────────────────────────────────────────┼─────────────┼──────────────────────────────────────────────────────────────┼─────────────┼──────────────────────────────────────────────┼─────────────┤
│ ppo_actor/no_eos_ratios/max            │  0.0000e+00 │ ppo_actor/update/clipped_tokens                 │  0.0000e+00 │ ppo_actor/update/version_stats/sample_staleness_proximal_avg │  0.0000e+00 │ eval-rollout/num_turns/avg                   │  1.0000e+00 │
├────────────────────────────────────────┼─────────────┼─────────────────────────────────────────────────┼─────────────┼──────────────────────────────────────────────────────────────┼─────────────┼──────────────────────────────────────────────┼─────────────┤
│ ppo_actor/no_eos_ratios/min            │  0.0000e+00 │ ppo_actor/update/compute_logp/kl_div_direct/avg │  3.8746e-04 │ ppo_actor/update/version_stats/sample_staleness_proximal_max │  0.0000e+00 │ eval-rollout/num_turns_no_harness_err/avg    │  1.0000e+00 │
├────────────────────────────────────────┼─────────────┼─────────────────────────────────────────────────┼─────────────┼──────────────────────────────────────────────────────────────┼─────────────┼──────────────────────────────────────────────┼─────────────┤
│ ppo_actor/prompt_len/avg               │  9.8961e+01 │ ppo_actor/update/compute_logp/kl_div_direct/max │  7.3970e-01 │ ppo_actor/update/version_stats/sample_staleness_proximal_min │  0.0000e+00 │ eval-rollout/num_turns/min                   │  1.0000e+00 │
├────────────────────────────────────────┼─────────────┼─────────────────────────────────────────────────┼─────────────┼──────────────────────────────────────────────────────────────┼─────────────┼──────────────────────────────────────────────┼─────────────┤
│ ppo_actor/prompt_len/max               │  1.7700e+02 │ ppo_actor/update/compute_logp/kl_div_direct/min │ -6.1389e-01 │ ppo_actor/update/version_stats/sample_staleness_theta_avg    │  0.0000e+00 │ eval-rollout/num_turns_no_harness_err/min    │  1.0000e+00 │
├────────────────────────────────────────┼─────────────┼─────────────────────────────────────────────────┼─────────────┼──────────────────────────────────────────────────────────────┼─────────────┼──────────────────────────────────────────────┼─────────────┤
│ ppo_actor/prompt_len/min               │  6.3000e+01 │ ppo_actor/update/compute_logp/kl_div_dual/avg   │  3.4135e-04 │ ppo_actor/update/version_stats/sample_staleness_theta_max    │  0.0000e+00 │ eval-rollout/num_turns/max                   │  1.0000e+00 │
├────────────────────────────────────────┼─────────────┼─────────────────────────────────────────────────┼─────────────┼──────────────────────────────────────────────────────────────┼─────────────┼──────────────────────────────────────────────┼─────────────┤
│ ppo_actor/rs_upper                     │  5.0000e+00 │ ppo_actor/update/compute_logp/kl_div_dual/max   │  2.3372e-01 │ ppo_actor/update/version_stats/sample_staleness_theta_min    │  0.0000e+00 │ eval-rollout/num_turns_no_harness_err/max    │  1.0000e+00 │
├────────────────────────────────────────┼─────────────┼─────────────────────────────────────────────────┼─────────────┼──────────────────────────────────────────────────────────────┼─────────────┼──────────────────────────────────────────────┼─────────────┤
│ ppo_actor/seq_len/avg                  │  3.3797e+02 │ ppo_actor/update/compute_logp/kl_div_dual/min   │ -9.0047e-08 │ ppo_actor/update/version_stats/stale_token_fraction          │  0.0000e+00 │                                              │             │
╘════════════════════════════════════════╧═════════════╧═════════════════════════════════════════════════╧═════════════╧══════════════════════════════════════════════════════════════╧═════════════╧══════════════════════════════════════════════╧═════════════╛
[96m[1;38;2;180;140;80m(AReaL)[0m [96m20261002-23:35:21.968 [MegatronEngine Rank 3] INFO: #microbatch: 8, microbatch #tokens: [10178, 10235, 10221, 10190, 10232, 8421, 10199, 10195], aligned to: [10178, 10235, 10221, 10190, 10232, 8421, 10199, 10195], padded to: [10240, 10240, 10240, 10240, 10240, 8448, 10240, 10240], padding lengths: [62, 5, 19, 50, 8, 27, 41, 45].
[96m[1;38;2;180;140;80m(AReaL)[0m [96m20261002-23:35:21.969 [MegatronEngine Rank 2] INFO: #microbatch: 8, microbatch #tokens: [10226, 10210, 10218, 10217, 10129, 10215, 10202, 6486], aligned to: [10226, 10210, 10218, 10217, 10129, 10215, 10202, 6486], padded to: [10240, 10240, 10240, 10240, 10240, 10240, 10240, 6656], padding lengths: [14, 30, 22, 23, 111, 25, 38, 170].
[96m[1;38;2;180;140;80m(AReaL)[0m [96m20261002-23:35:21.970 [MegatronEngine Rank 0] INFO: #microbatch: 8, microbatch #tokens: [10239, 10057, 10209, 10239, 10222, 6525, 10229, 10234], aligned to: [10239, 10057, 10209, 10239, 10222, 6525, 10229, 10234], padded to: [10240, 10240, 10240, 10240, 10240, 6656, 10240, 10240], padding lengths: [1, 183, 31, 1, 18, 131, 11, 6].
[96m[1;38;2;180;140;80m(AReaL)[0m [96m20261002-23:35:21.970 [MegatronEngine Rank 1] INFO: #microbatch: 8, microbatch #tokens: [10185, 10199, 10212, 10198, 10214, 10203, 10235, 8945], aligned to: [10185, 10199, 10212, 10198, 10214, 10203, 10235, 8945], padded to: [10240, 10240, 10240, 10240, 10240, 10240, 10240, 8960], padding lengths: [55, 41, 28, 42, 26, 37, 5, 15].
[37m[1;38;2;180;140;80m(AReaL)[0m [37m20261002-23:35:24.466 IOStruct INFO: Memory-Usage recompute logp: memory allocated (GB): 13.04, memory reserved (GB): 27.88, device memory used/total (GB): 34.92/139.81 | host RssAnon: 1345MB, RssShmem: 12MB
[37m[1;38;2;180;140;80m(AReaL)[0m [37m20261002-23:35:25.015 IOStruct INFO: Memory-Usage compute advantages: memory allocated (GB): 13.05, memory reserved (GB): 27.88, device memory used/total (GB): 34.92/139.81 | host RssAnon: 1351MB, RssShmem: 12MB
[96m[1;38;2;180;140;80m(AReaL)[0m [96m20261002-23:35:25.489 [MegatronEngine Rank 3] INFO: #microbatch: 8, microbatch #tokens: [10178, 10235, 10221, 10190, 10232, 8421, 10199, 10195], aligned to: [10178, 10235, 10221, 10190, 10232, 8421, 10199, 10195], padded to: [10240, 10240, 10240, 10240, 10240, 8448, 10240, 10240], padding lengths: [62, 5, 19, 50, 8, 27, 41, 45].
[96m[1;38;2;180;140;80m(AReaL)[0m [96m20261002-23:35:25.490 [MegatronEngine Rank 1] INFO: #microbatch: 8, microbatch #tokens: [10185, 10199, 10212, 10198, 10214, 10203, 10235, 8945], aligned to: [10185, 10199, 10212, 10198, 10214, 10203, 10235, 8945], padded to: [10240, 10240, 10240, 10240, 10240, 10240, 10240, 8960], padding lengths: [55, 41, 28, 42, 26, 37, 5, 15].
[96m[1;38;2;180;140;80m(AReaL)[0m [96m20261002-23:35:25.491 [MegatronEngine Rank 0] INFO: #microbatch: 8, microbatch #tokens: [10239, 10057, 10209, 10239, 10222, 6525, 10229, 10234], aligned to: [10239, 10057, 10209, 10239, 10222, 6525, 10229, 10234], padded to: [10240, 10240, 10240, 10240, 10240, 6656, 10240, 10240], padding lengths: [1, 183, 31, 1, 18, 131, 11, 6].
[96m[1;38;2;180;140;80m(AReaL)[0m [96m20261002-23:35:25.492 [MegatronEngine Rank 2] INFO: #microbatch: 8, microbatch #tokens: [10226, 10210, 10218, 10217, 10129, 10215, 10202, 6486], aligned to: [10226, 10210, 10218, 10217, 10129, 10215, 10202, 6486], padded to: [10240, 10240, 10240, 10240, 10240, 10240, 10240, 6656], padding lengths: [14, 30, 22, 23, 111, 25, 38, 170].
[37m[1;38;2;180;140;80m(AReaL)[0m [37m20261002-23:35:33.657 IOStruct INFO: Memory-Usage ppo update: memory allocated (GB): 13.05, memory reserved (GB): 63.02, device memory used/total (GB): 70.07/139.81 | host RssAnon: 1352MB, RssShmem: 12MB
[37m[1;38;2;180;140;80m(AReaL)[0m [37m20261002-23:35:44.506 HFUtils INFO: Copied generation_config.json from /storage/openpsi/models/Qwen__Qwen2.5-1.5B-Instruct to /storage/openpsi/users/fenghui/projects/AReaL-muon/research/muon/evidence/baseline-aligned-3epoch-20261002/adamw/results/checkpoints/root/gsm8k-grpo-megatron-adamw-baseline3/trial0/default/epoch1epochstep0globalstep1
[37m[1;38;2;180;140;80m(AReaL)[0m [37m20261002-23:35:44.515 HFUtils INFO: Copied tokenizer_config.json from /storage/openpsi/models/Qwen__Qwen2.5-1.5B-Instruct to /storage/openpsi/users/fenghui/projects/AReaL-muon/research/muon/evidence/baseline-aligned-3epoch-20261002/adamw/results/checkpoints/root/gsm8k-grpo-megatron-adamw-baseline3/trial0/default/epoch1epochstep0globalstep1
[37m[1;38;2;180;140;80m(AReaL)[0m [37m20261002-23:35:44.530 HFUtils INFO: Copied vocab.json from /storage/openpsi/models/Qwen__Qwen2.5-1.5B-Instruct to /storage/openpsi/users/fenghui/projects/AReaL-muon/research/muon/evidence/baseline-aligned-3epoch-20261002/adamw/results/checkpoints/root/gsm8k-grpo-megatron-adamw-baseline3/trial0/default/epoch1epochstep0globalstep1
[37m[1;38;2;180;140;80m(AReaL)[0m [37m20261002-23:35:44.544 HFUtils INFO: Copied merges.txt from /storage/openpsi/models/Qwen__Qwen2.5-1.5B-Instruct to /storage/openpsi/users/fenghui/projects/AReaL-muon/research/muon/evidence/baseline-aligned-3epoch-20261002/adamw/results/checkpoints/root/gsm8k-grpo-megatron-adamw-baseline3/trial0/default/epoch1epochstep0globalstep1
[37m[1;38;2;180;140;80m(AReaL)[0m [37m20261002-23:35:44.546 HFUtils INFO: special_tokens_map.json does not exist in /storage/openpsi/models/Qwen__Qwen2.5-1.5B-Instruct; skipping
[37m[1;38;2;180;140;80m(AReaL)[0m [37m20261002-23:35:44.564 HFUtils INFO: Copied tokenizer.json from /storage/openpsi/models/Qwen__Qwen2.5-1.5B-Instruct to /storage/openpsi/users/fenghui/projects/AReaL-muon/research/muon/evidence/baseline-aligned-3epoch-20261002/adamw/results/checkpoints/root/gsm8k-grpo-megatron-adamw-baseline3/trial0/default/epoch1epochstep0globalstep1
[37m[1;38;2;180;140;80m(AReaL)[0m [37m20261002-23:35:44.583 HFUtils INFO: Patched config.json: torch_dtype=bfloat16
[37m[1;38;2;180;140;80m(AReaL)[0m [37m20261002-23:35:44.791 DataBP INFO: Cleared 567 batch shards. Stats: {'status': 'ok', 'cleared_count': 567, 'num_tensors': 756, 'total_bytes': 5210556}
[37m[1;38;2;180;140;80m(AReaL)[0m [37m20261002-23:35:44.791 DataBP INFO: Cleared 531 batch shards. Stats: {'status': 'ok', 'cleared_count': 531, 'num_tensors': 1206, 'total_bytes': 7626900}
[37m[1;38;2;180;140;80m(AReaL)[0m [37m20261002-23:35:44.791 DataBP INFO: Cleared 612 batch shards. Stats: {'status': 'ok', 'cleared_count': 612, 'num_tensors': 540, 'total_bytes': 3549660}
[37m[1;38;2;180;140;80m(AReaL)[0m [37m20261002-23:35:44.792 DataBP INFO: Cleared 594 batch shards. Stats: {'status': 'ok', 'cleared_count': 594, 'num_tensors': 603, 'total_bytes': 4437084}
[37m[1;38;2;180;140;80m(AReaL)[0m [37m20261002-23:35:44.794 DataBP INFO: Cleared 960 batch shards. Stats: {'status': 'ok', 'cleared_count': 960, 'num_tensors': 0, 'total_bytes': 0}
[37m[1;38;2;180;140;80m(AReaL)[0m [37m20261002-23:35:44.795 DataBP INFO: Cleared 960 batch shards. Stats: {'status': 'ok', 'cleared_count': 960, 'num_tensors': 0, 'total_bytes': 0}
[37m[1;38;2;180;140;80m(AReaL)[0m [37m20261002-23:35:44.795 DataBP INFO: Cleared 960 batch shards. Stats: {'status': 'ok', 'cleared_count': 960, 'num_tensors': 0, 'total_bytes': 0}
[37m[1;38;2;180;140;80m(AReaL)[0m [37m20261002-23:35:44.795 DataBP INFO: Cleared 960 batch shards. Stats: {'status': 'ok', 'cleared_count': 960, 'num_tensors': 0, 'total_bytes': 0}
[37m[1;38;2;180;140;80m(AReaL)[0m [37m20261002-23:35:46.158 DataBP INFO: Cleared 9 batch shards. Stats: {'status': 'ok', 'cleared_count': 9, 'num_tensors': 0, 'total_bytes': 0}
[37m[1;38;2;180;140;80m(AReaL)[0m [37m20261002-23:35:46.158 DataBP INFO: Cleared 9 batch shards. Stats: {'status': 'ok', 'cleared_count': 9, 'num_tensors': 0, 'total_bytes': 0}
[37m[1;38;2;180;140;80m(AReaL)[0m [37m20261002-23:35:46.158 DataBP INFO: Cleared 9 batch shards. Stats: {'status': 'ok', 'cleared_count': 9, 'num_tensors': 0, 'total_bytes': 0}
[37m[1;38;2;180;140;80m(AReaL)[0m [37m20261002-23:35:46.158 DataBP INFO: Cleared 9 batch shards. Stats: {'status': 'ok', 'cleared_count': 9, 'num_tensors': 0, 'total_bytes': 0}
[92m[1;38;2;180;140;80m(AReaL)[0m [92m20261002-23:35:46.627 StatsLogger INFO: Epoch 2/3 Step 1/1 Train step 2/3 done.
[92m[1;38;2;180;140;80m(AReaL)[0m [92m20261002-23:35:46.628 StatsLogger INFO: Stats (1/1):
[92m[1;38;2;180;140;80m(AReaL)[0m [92m20261002-23:35:46.631 StatsLogger INFO: 
╒════════════════════════════════════════╤═════════════╤═════════════════════════════════════════════════╤═════════════╤══════════════════════════════════════════════════════════════╤═════════════╤══════════════════════════════════════════════╤═════════════╕
│ timeperf/rollout                       │  1.9894e+00 │ ppo_actor/seq_len/max                           │  9.0700e+02 │ ppo_actor/update/compute_logp/kl_div_taylor/avg              │  3.8507e-04 │ ppo_actor/update/version_stats/v_proximal    │  1.0000e+00 │
├────────────────────────────────────────┼─────────────┼─────────────────────────────────────────────────┼─────────────┼──────────────────────────────────────────────────────────────┼─────────────┼──────────────────────────────────────────────┼─────────────┤
│ timeperf/recompute_logp                │  2.8734e+00 │ ppo_actor/seq_len/min                           │  7.4000e+01 │ ppo_actor/update/compute_logp/kl_div_taylor/max              │  1.9261e-01 │ ppo_actor/update/version_stats/v_theta       │  1.0000e+00 │
├────────────────────────────────────────┼─────────────┼─────────────────────────────────────────────────┼─────────────┼──────────────────────────────────────────────────────────────┼─────────────┼──────────────────────────────────────────────┼─────────────┤
│ timeperf/compute_advantage             │  5.4888e-01 │ ppo_actor/task_reward/avg                       │  7.5000e-01 │ ppo_actor/update/compute_logp/kl_div_taylor/min              │  0.0000e+00 │ ppo_actor/update/vocab_max_logits/avg        │  2.9685e+01 │
├────────────────────────────────────────┼─────────────┼─────────────────────────────────────────────────┼─────────────┼──────────────────────────────────────────────────────────────┼─────────────┼──────────────────────────────────────────────┼─────────────┤
│ timeperf/train_step                    │  8.6425e+00 │ ppo_actor/task_reward/max                       │  1.0000e+00 │ ppo_actor/update/compute_logp/n_valid_tokens                 │  2.1770e+05 │ ppo_actor/update/vocab_max_logits/max        │  4.9250e+01 │
├────────────────────────────────────────┼─────────────┼─────────────────────────────────────────────────┼─────────────┼──────────────────────────────────────────────────────────────┼─────────────┼──────────────────────────────────────────────┼─────────────┤
│ timeperf/update_weights                │  2.2201e+00 │ ppo_actor/task_reward/min                       │  0.0000e+00 │ ppo_actor/update/compute_logp/prox_logp_gt/avg               │ -2.8463e-01 │ ppo_actor/update/vocab_max_logits/min        │  1.0875e+01 │
├────────────────────────────────────────┼─────────────┼─────────────────────────────────────────────────┼─────────────┼──────────────────────────────────────────────────────────────┼─────────────┼──────────────────────────────────────────────┼─────────────┤
│ timeperf/save                          │  8.8748e+00 │ ppo_actor/train_infer/kl_k1                     │  4.0536e-04 │ ppo_actor/update/compute_logp/prox_logp_gt/max               │  0.0000e+00 │ ppo_actor/update/vocab_min_logits/avg        │ -1.6059e+01 │
├────────────────────────────────────────┼─────────────┼─────────────────────────────────────────────────┼─────────────┼──────────────────────────────────────────────────────────────┼─────────────┼──────────────────────────────────────────────┼─────────────┤
│ timeperf/checkpoint_for_recover        │  9.9242e-05 │ ppo_actor/train_infer/kl_k2                     │  3.8507e-04 │ ppo_actor/update/compute_logp/prox_logp_gt/min               │ -2.0579e+01 │ ppo_actor/update/vocab_min_logits/max        │ -5.2188e+00 │
├────────────────────────────────────────┼─────────────┼─────────────────────────────────────────────────┼─────────────┼──────────────────────────────────────────────────────────────┼─────────────┼──────────────────────────────────────────────┼─────────────┤
│ timeperf/clear_batches                 │  2.8070e-01 │ ppo_actor/train_infer/kl_k3                     │  3.8132e-04 │ ppo_actor/update/dual_clip_ratio/avg                         │  0.0000e+00 │ ppo_actor/update/vocab_min_logits/min        │ -4.3500e+01 │
├────────────────────────────────────────┼─────────────┼─────────────────────────────────────────────────┼─────────────┼──────────────────────────────────────────────────────────────┼─────────────┼──────────────────────────────────────────────┼─────────────┤
│ timeperf/eval                          │  1.1023e+00 │ ppo_actor/train_infer/kl_k3_overflow_fraction   │  0.0000e+00 │ ppo_actor/update/dual_clip_ratio/max                         │  0.0000e+00 │ ppo_actor/usable_group_size/avg              │  4.0000e+00 │
├────────────────────────────────────────┼─────────────┼─────────────────────────────────────────────────┼─────────────┼──────────────────────────────────────────────────────────────┼─────────────┼──────────────────────────────────────────────┼─────────────┤
│ ppo_actor/advantage_negative_fraction  │  6.6551e-01 │ ppo_actor/train_infer/logp_abs_diff/avg         │  8.9403e-03 │ ppo_actor/update/dual_clip_ratio/min                         │  0.0000e+00 │ ppo_actor/usable_group_size/max              │  4.0000e+00 │
├────────────────────────────────────────┼─────────────┼─────────────────────────────────────────────────┼─────────────┼──────────────────────────────────────────────────────────────┼─────────────┼──────────────────────────────────────────────┼─────────────┤
│ ppo_actor/advantage_positive_fraction  │  3.3449e-01 │ ppo_actor/train_infer/logp_abs_diff/max         │  6.2066e-01 │ ppo_actor/update/dual_clipped_tokens                         │  0.0000e+00 │ ppo_actor/usable_group_size/min              │  4.0000e+00 │
├────────────────────────────────────────┼─────────────┼─────────────────────────────────────────────────┼─────────────┼──────────────────────────────────────────────────────────────┼─────────────┼──────────────────────────────────────────────┼─────────────┤
│ ppo_actor/advantage_zero_fraction      │  0.0000e+00 │ ppo_actor/train_infer/logp_abs_diff/min         │  0.0000e+00 │ ppo_actor/update/entropy/avg                                 │  2.8333e-01 │ ppo_actor/use_dual_clip                      │  0.0000e+00 │
├────────────────────────────────────────┼─────────────┼─────────────────────────────────────────────────┼─────────────┼──────────────────────────────────────────────────────────────┼─────────────┼──────────────────────────────────────────────┼─────────────┤
│ ppo_actor/advantages/avg               │ -1.2897e-08 │ ppo_actor/train_infer/logp_diff/avg             │ -4.0536e-04 │ ppo_actor/update/entropy/max                                 │  8.4224e+00 │ rollout/num_turns_count                      │  1.8530e+03 │
├────────────────────────────────────────┼─────────────┼─────────────────────────────────────────────────┼─────────────┼──────────────────────────────────────────────────────────────┼─────────────┼──────────────────────────────────────────────┼─────────────┤
│ ppo_actor/advantages/max               │  2.3222e+00 │ ppo_actor/train_infer/logp_diff/max             │  5.8093e-01 │ ppo_actor/update/entropy/min                                 │  7.5059e-10 │ rollout/num_turns_no_harness_err_count       │  1.8530e+03 │
├────────────────────────────────────────┼─────────────┼─────────────────────────────────────────────────┼─────────────┼──────────────────────────────────────────────────────────────┼─────────────┼──────────────────────────────────────────────┼─────────────┤
│ ppo_actor/advantages/min               │ -2.4262e+00 │ ppo_actor/train_infer/logp_diff/min             │ -6.2066e-01 │ ppo_actor/update/grad_norm                                   │  3.9069e-01 │ rollout/accepted                             │  1.0000e+00 │
├────────────────────────────────────────┼─────────────┼─────────────────────────────────────────────────┼─────────────┼──────────────────────────────────────────────────────────────┼─────────────┼──────────────────────────────────────────────┼─────────────┤
│ ppo_actor/correct_n_seqs               │  7.6800e+02 │ ppo_actor/train_infer/logp_diff_squared         │  7.7014e-04 │ ppo_actor/update/importance_weight/avg                       │  1.0000e+00 │ rollout/context_overflow                     │  0.0000e+00 │
├────────────────────────────────────────┼─────────────┼─────────────────────────────────────────────────┼─────────────┼──────────────────────────────────────────────────────────────┼─────────────┼──────────────────────────────────────────────┼─────────────┤
│ ppo_actor/correct_seq_len/avg          │  3.0345e+02 │ ppo_actor/train_infer/n_valid_tokens            │  2.1770e+05 │ ppo_actor/update/importance_weight/max                       │  1.0000e+00 │ rollout/fully_masked_group                   │  0.0000e+00 │
├────────────────────────────────────────┼─────────────┼─────────────────────────────────────────────────┼─────────────┼──────────────────────────────────────────────────────────────┼─────────────┼──────────────────────────────────────────────┼─────────────┤
│ ppo_actor/correct_seq_len/max          │  6.8100e+02 │ ppo_actor/train_infer/nonfinite_logp_fraction   │  0.0000e+00 │ ppo_actor/update/importance_weight/min                       │  1.0000e+00 │ rollout/pre_filter_trainable_slot_yield      │  1.0000e+00 │
├────────────────────────────────────────┼─────────────┼─────────────────────────────────────────────────┼─────────────┼──────────────────────────────────────────────────────────────┼─────────────┼──────────────────────────────────────────────┼─────────────┤
│ ppo_actor/correct_seq_len/min          │  9.1000e+01 │ ppo_actor/train_infer/ratio_outside_1.5         │  6.4308e-05 │ ppo_actor/update/logp_abs_diff/avg                           │  8.9403e-03 │ rollout/pre_filter_usable_slot_yield         │  1.0000e+00 │
├────────────────────────────────────────┼─────────────┼─────────────────────────────────────────────────┼─────────────┼──────────────────────────────────────────────────────────────┼─────────────┼──────────────────────────────────────────────┼─────────────┤
│ ppo_actor/eps_clip                     │  4.0000e-01 │ ppo_actor/train_infer/ratio_outside_10          │  0.0000e+00 │ ppo_actor/update/logp_abs_diff/max                           │  6.2066e-01 │ rollout/proxy_system_error                   │  0.0000e+00 │
├────────────────────────────────────────┼─────────────┼─────────────────────────────────────────────────┼─────────────┼──────────────────────────────────────────────────────────────┼─────────────┼──────────────────────────────────────────────┼─────────────┤
│ ppo_actor/final_reward/avg             │ -1.9165e-11 │ ppo_actor/train_infer/ratio_outside_2           │  0.0000e+00 │ ppo_actor/update/logp_abs_diff/min                           │  0.0000e+00 │ rollout/reward                               │  6.9401e-01 │
├────────────────────────────────────────┼─────────────┼─────────────────────────────────────────────────┼─────────────┼──────────────────────────────────────────────────────────────┼─────────────┼──────────────────────────────────────────────┼─────────────┤
│ ppo_actor/final_reward/max             │  1.5000e+00 │ ppo_actor/train_infer/ratio_outside_3           │  0.0000e+00 │ ppo_actor/update/logp_diff/avg                               │  4.0536e-04 │ rollout/singleton_slot_group                 │  0.0000e+00 │
├────────────────────────────────────────┼─────────────┼─────────────────────────────────────────────────┼─────────────┼──────────────────────────────────────────────────────────────┼─────────────┼──────────────────────────────────────────────┼─────────────┤
│ ppo_actor/final_reward/min             │ -1.5000e+00 │ ppo_actor/train_infer/ratio_outside_5           │  0.0000e+00 │ ppo_actor/update/logp_diff/max                               │  6.2066e-01 │ rollout/target_slot_count                    │  4.0000e+00 │
├────────────────────────────────────────┼─────────────┼─────────────────────────────────────────────────┼─────────────┼──────────────────────────────────────────────────────────────┼─────────────┼──────────────────────────────────────────────┼─────────────┤
│ ppo_actor/group_loss_weight/avg        │  8.5040e+02 │ ppo_actor/train_infer/rollout_nll               │  2.8422e-01 │ ppo_actor/update/logp_diff/min                               │ -5.8093e-01 │ rollout/trainable_slot_count                 │  4.0000e+00 │
├────────────────────────────────────────┼─────────────┼─────────────────────────────────────────────────┼─────────────┼──────────────────────────────────────────────────────────────┼─────────────┼──────────────────────────────────────────────┼─────────────┤
│ ppo_actor/group_loss_weight/max        │  1.8920e+03 │ ppo_actor/train_infer/trainer_nll               │  2.8463e-01 │ ppo_actor/update/lr                                          │  3.0000e-06 │ rollout/usable_slot_count                    │  4.0000e+00 │
├────────────────────────────────────────┼─────────────┼─────────────────────────────────────────────────┼─────────────┼──────────────────────────────────────────────────────────────┼─────────────┼──────────────────────────────────────────────┼─────────────┤
│ ppo_actor/group_loss_weight/min        │  1.5300e+02 │ ppo_actor/update/actor_loss/avg                 │ -7.8073e-05 │ ppo_actor/update/masked_token_ratio                          │  3.1949e-01 │ rollout/num_turns/avg                        │  1.0000e+00 │
├────────────────────────────────────────┼─────────────┼─────────────────────────────────────────────────┼─────────────┼──────────────────────────────────────────────────────────────┼─────────────┼──────────────────────────────────────────────┼─────────────┤
│ ppo_actor/group_loss_weight_size_4/avg │  8.5040e+02 │ ppo_actor/update/actor_loss/max                 │  3.8530e+00 │ ppo_actor/update/n_masked_tokens                             │  3.0755e+03 │ rollout/num_turns_no_harness_err/avg         │  1.0000e+00 │
├────────────────────────────────────────┼─────────────┼─────────────────────────────────────────────────┼─────────────┼──────────────────────────────────────────────────────────────┼─────────────┼──────────────────────────────────────────────┼─────────────┤
│ ppo_actor/group_loss_weight_size_4/max │  1.8920e+03 │ ppo_actor/update/actor_loss/min                 │ -2.9520e+00 │ ppo_actor/update/n_tokens                                    │  3.1612e+05 │ rollout/num_turns/min                        │  1.0000e+00 │
├────────────────────────────────────────┼─────────────┼─────────────────────────────────────────────────┼─────────────┼──────────────────────────────────────────────────────────────┼─────────────┼──────────────────────────────────────────────┼─────────────┤
│ ppo_actor/group_loss_weight_size_4/min │  1.5300e+02 │ ppo_actor/update/approx_kl/avg                  │  0.0000e+00 │ ppo_actor/update/n_total_tokens                              │  9.8787e+03 │ rollout/num_turns_no_harness_err/min         │  1.0000e+00 │
├────────────────────────────────────────┼─────────────┼─────────────────────────────────────────────────┼─────────────┼──────────────────────────────────────────────────────────────┼─────────────┼──────────────────────────────────────────────┼─────────────┤
│ ppo_actor/incorrect_n_seqs             │  2.5600e+02 │ ppo_actor/update/approx_kl/max                  │  0.0000e+00 │ ppo_actor/update/n_valid_tokens                              │  2.1770e+05 │ rollout/num_turns/max                        │  1.0000e+00 │
├────────────────────────────────────────┼─────────────┼─────────────────────────────────────────────────┼─────────────┼──────────────────────────────────────────────────────────────┼─────────────┼──────────────────────────────────────────────┼─────────────┤
│ ppo_actor/incorrect_seq_len/avg        │  3.2448e+02 │ ppo_actor/update/approx_kl/min                  │  0.0000e+00 │ ppo_actor/update/n_valid_tokens_in_loss                      │  6.8032e+03 │ rollout/num_turns_no_harness_err/max         │  1.0000e+00 │
├────────────────────────────────────────┼─────────────┼─────────────────────────────────────────────────┼─────────────┼──────────────────────────────────────────────────────────────┼─────────────┼──────────────────────────────────────────────┼─────────────┤
│ ppo_actor/incorrect_seq_len/max        │  9.0700e+02 │ ppo_actor/update/behave_approx_kl/avg           │ -4.0536e-04 │ ppo_actor/update/new_logp/avg                                │ -2.8463e-01 │ eval-rollout/num_turns_count                 │  1.6000e+01 │
├────────────────────────────────────────┼─────────────┼─────────────────────────────────────────────────┼─────────────┼──────────────────────────────────────────────────────────────┼─────────────┼──────────────────────────────────────────────┼─────────────┤
│ ppo_actor/incorrect_seq_len/min        │  7.4000e+01 │ ppo_actor/update/behave_approx_kl/max           │  5.8093e-01 │ ppo_actor/update/new_logp/max                                │  0.0000e+00 │ eval-rollout/num_turns_no_harness_err_count  │  1.6000e+01 │
├────────────────────────────────────────┼─────────────┼─────────────────────────────────────────────────┼─────────────┼──────────────────────────────────────────────────────────────┼─────────────┼──────────────────────────────────────────────┼─────────────┤
│ ppo_actor/kl_rewards/avg               │  0.0000e+00 │ ppo_actor/update/behave_approx_kl/min           │ -6.2066e-01 │ ppo_actor/update/new_logp/min                                │ -2.0579e+01 │ eval-rollout/context_overflow                │  0.0000e+00 │
├────────────────────────────────────────┼─────────────┼─────────────────────────────────────────────────┼─────────────┼──────────────────────────────────────────────────────────────┼─────────────┼──────────────────────────────────────────────┼─────────────┤
│ ppo_actor/kl_rewards/max               │  0.0000e+00 │ ppo_actor/update/behave_filtered_ratio/avg      │  0.0000e+00 │ ppo_actor/update/num_micro_batches                           │  8.0000e+00 │ eval-rollout/fully_masked_group              │  0.0000e+00 │
├────────────────────────────────────────┼─────────────┼─────────────────────────────────────────────────┼─────────────┼──────────────────────────────────────────────────────────────┼─────────────┼──────────────────────────────────────────────┼─────────────┤
│ ppo_actor/kl_rewards/min               │  0.0000e+00 │ ppo_actor/update/behave_filtered_ratio/max      │  0.0000e+00 │ ppo_actor/update/old_logp/avg                                │ -2.8422e-01 │ eval-rollout/pre_filter_trainable_slot_yield │  1.0000e+00 │
├────────────────────────────────────────┼─────────────┼─────────────────────────────────────────────────┼─────────────┼──────────────────────────────────────────────────────────────┼─────────────┼──────────────────────────────────────────────┼─────────────┤
│ ppo_actor/mask_no_eos_with_zero        │  0.0000e+00 │ ppo_actor/update/behave_filtered_ratio/min      │  0.0000e+00 │ ppo_actor/update/old_logp/max                                │  0.0000e+00 │ eval-rollout/pre_filter_usable_slot_yield    │  1.0000e+00 │
├────────────────────────────────────────┼─────────────┼─────────────────────────────────────────────────┼─────────────┼──────────────────────────────────────────────────────────────┼─────────────┼──────────────────────────────────────────────┼─────────────┤
│ ppo_actor/n_groups                     │  2.5600e+02 │ ppo_actor/update/behave_imp_weight/avg          │  9.9998e-01 │ ppo_actor/update/old_logp/min                                │ -2.0548e+01 │ eval-rollout/proxy_system_error              │  0.0000e+00 │
├────────────────────────────────────────┼─────────────┼─────────────────────────────────────────────────┼─────────────┼──────────────────────────────────────────────────────────────┼─────────────┼──────────────────────────────────────────────┼─────────────┤
│ ppo_actor/n_groups_size_4              │  2.5600e+02 │ ppo_actor/update/behave_imp_weight/max          │  1.7877e+00 │ ppo_actor/update/rs_filtered_fraction                        │  0.0000e+00 │ eval-rollout/reward                          │  8.7500e-01 │
├────────────────────────────────────────┼─────────────┼─────────────────────────────────────────────────┼─────────────┼──────────────────────────────────────────────────────────────┼─────────────┼──────────────────────────────────────────────┼─────────────┤
│ ppo_actor/n_seqs                       │  1.0240e+03 │ ppo_actor/update/behave_imp_weight/min          │  5.3759e-01 │ ppo_actor/update/unclipped_behave_tokens                     │  2.1770e+05 │ eval-rollout/singleton_slot_group            │  0.0000e+00 │
├────────────────────────────────────────┼─────────────┼─────────────────────────────────────────────────┼─────────────┼──────────────────────────────────────────────────────────────┼─────────────┼──────────────────────────────────────────────┼─────────────┤
│ ppo_actor/n_tokens                     │  8.2739e+05 │ ppo_actor/update/clip_ratio/avg                 │  0.0000e+00 │ ppo_actor/update/update_successful                           │  1.0000e+00 │ eval-rollout/target_slot_count               │  4.0000e+00 │
├────────────────────────────────────────┼─────────────┼─────────────────────────────────────────────────┼─────────────┼──────────────────────────────────────────────────────────────┼─────────────┼──────────────────────────────────────────────┼─────────────┤
│ ppo_actor/n_valid_tokens               │  2.1770e+05 │ ppo_actor/update/clip_ratio/max                 │  0.0000e+00 │ ppo_actor/update/version_stats/future_token_fraction         │  0.0000e+00 │ eval-rollout/trainable_slot_count            │  4.0000e+00 │
├────────────────────────────────────────┼─────────────┼─────────────────────────────────────────────────┼─────────────┼──────────────────────────────────────────────────────────────┼─────────────┼──────────────────────────────────────────────┼─────────────┤
│ ppo_actor/no_eos_ratios/avg            │  0.0000e+00 │ ppo_actor/update/clip_ratio/min                 │  0.0000e+00 │ ppo_actor/update/version_stats/n_valid_generated_tokens      │  2.1770e+05 │ eval-rollout/usable_slot_count               │  4.0000e+00 │
├────────────────────────────────────────┼─────────────┼─────────────────────────────────────────────────┼─────────────┼──────────────────────────────────────────────────────────────┼─────────────┼──────────────────────────────────────────────┼─────────────┤
│ ppo_actor/no_eos_ratios/max            │  0.0000e+00 │ ppo_actor/update/clipped_tokens                 │  0.0000e+00 │ ppo_actor/update/version_stats/sample_staleness_proximal_avg │  8.5475e-01 │ eval-rollout/num_turns/avg                   │  1.0000e+00 │
├────────────────────────────────────────┼─────────────┼─────────────────────────────────────────────────┼─────────────┼──────────────────────────────────────────────────────────────┼─────────────┼──────────────────────────────────────────────┼─────────────┤
│ ppo_actor/no_eos_ratios/min            │  0.0000e+00 │ ppo_actor/update/compute_logp/kl_div_direct/avg │  4.0536e-04 │ ppo_actor/update/version_stats/sample_staleness_proximal_max │  1.0000e+00 │ eval-rollout/num_turns_no_harness_err/avg    │  1.0000e+00 │
├────────────────────────────────────────┼─────────────┼─────────────────────────────────────────────────┼─────────────┼──────────────────────────────────────────────────────────────┼─────────────┼──────────────────────────────────────────────┼─────────────┤
│ ppo_actor/prompt_len/avg               │  9.6109e+01 │ ppo_actor/update/compute_logp/kl_div_direct/max │  6.2066e-01 │ ppo_actor/update/version_stats/sample_staleness_proximal_min │  0.0000e+00 │ eval-rollout/num_turns/min                   │  1.0000e+00 │
├────────────────────────────────────────┼─────────────┼─────────────────────────────────────────────────┼─────────────┼──────────────────────────────────────────────────────────────┼─────────────┼──────────────────────────────────────────────┼─────────────┤
│ ppo_actor/prompt_len/max               │  1.7700e+02 │ ppo_actor/update/compute_logp/kl_div_direct/min │ -5.8093e-01 │ ppo_actor/update/version_stats/sample_staleness_theta_avg    │  8.5475e-01 │ eval-rollout/num_turns_no_harness_err/min    │  1.0000e+00 │
├────────────────────────────────────────┼─────────────┼─────────────────────────────────────────────────┼─────────────┼──────────────────────────────────────────────────────────────┼─────────────┼──────────────────────────────────────────────┼─────────────┤
│ ppo_actor/prompt_len/min               │  6.3000e+01 │ ppo_actor/update/compute_logp/kl_div_dual/avg   │  3.8132e-04 │ ppo_actor/update/version_stats/sample_staleness_theta_max    │  1.0000e+00 │ eval-rollout/num_turns/max                   │  1.0000e+00 │
├────────────────────────────────────────┼─────────────┼─────────────────────────────────────────────────┼─────────────┼──────────────────────────────────────────────────────────────┼─────────────┼──────────────────────────────────────────────┼─────────────┤
│ ppo_actor/rs_upper                     │  5.0000e+00 │ ppo_actor/update/compute_logp/kl_div_dual/max   │  2.0677e-01 │ ppo_actor/update/version_stats/sample_staleness_theta_min    │  0.0000e+00 │ eval-rollout/num_turns_no_harness_err/max    │  1.0000e+00 │
├────────────────────────────────────────┼─────────────┼─────────────────────────────────────────────────┼─────────────┼──────────────────────────────────────────────────────────────┼─────────────┼──────────────────────────────────────────────┼─────────────┤
│ ppo_actor/seq_len/avg                  │  3.0871e+02 │ ppo_actor/update/compute_logp/kl_div_dual/min   │ -8.9640e-08 │ ppo_actor/update/version_stats/stale_token_fraction          │  8.5475e-01 │                                              │             │
╘════════════════════════════════════════╧═════════════╧═════════════════════════════════════════════════╧═════════════╧══════════════════════════════════════════════════════════════╧═════════════╧══════════════════════════════════════════════╧═════════════╛
[96m[1;38;2;180;140;80m(AReaL)[0m [96m20261002-23:35:48.585 [MegatronEngine Rank 1] INFO: #microbatch: 10, microbatch #tokens: [10239, 10233, 10073, 10228, 10223, 10131, 10139, 10127, 3138, 10240], aligned to: [10239, 10233, 10073, 10228, 10223, 10131, 10139, 10127, 3138, 10240], padded to: [10240, 10240, 10240, 10240, 10240, 10240, 10240, 10240, 3328, 10240], padding lengths: [1, 7, 167, 12, 17, 109, 101, 113, 190, 0].
[96m[1;38;2;180;140;80m(AReaL)[0m [96m20261002-23:35:48.586 [MegatronEngine Rank 2] INFO: #microbatch: 10, microbatch #tokens: [10183, 10205, 10155, 10060, 10227, 10233, 10208, 10240, 10233, 3536], aligned to: [10183, 10205, 10155, 10060, 10227, 10233, 10208, 10240, 10233, 3536], padded to: [10240, 10240, 10240, 10240, 10240, 10240, 10240, 10240, 10240, 3584], padding lengths: [57, 35, 85, 180, 13, 7, 32, 0, 7, 48].
[96m[1;38;2;180;140;80m(AReaL)[0m [96m20261002-23:35:48.586 [MegatronEngine Rank 0] INFO: #microbatch: 10, microbatch #tokens: [10240, 10213, 10059, 10232, 10220, 10176, 10239, 10209, 5694, 10213], aligned to: [10240, 10213, 10059, 10232, 10220, 10176, 10239, 10209, 5694, 10213], padded to: [10240, 10240, 10240, 10240, 10240, 10240, 10240, 10240, 5888, 10240], padding lengths: [0, 27, 181, 8, 20, 64, 1, 31, 194, 27].
[96m[1;38;2;180;140;80m(AReaL)[0m [96m20261002-23:35:48.586 [MegatronEngine Rank 3] INFO: #microbatch: 10, microbatch #tokens: [10221, 10219, 10235, 10007, 4952, 10233, 10203, 10089, 10225, 10210], aligned to: [10221, 10219, 10235, 10007, 4952, 10233, 10203, 10089, 10225, 10210], padded to: [10240, 10240, 10240, 10240, 5120, 10240, 10240, 10240, 10240, 10240], padding lengths: [19, 21, 5, 233, 168, 7, 37, 151, 15, 30].
[37m[1;38;2;180;140;80m(AReaL)[0m [37m20261002-23:35:51.341 IOStruct INFO: Memory-Usage recompute logp: memory allocated (GB): 13.05, memory reserved (GB): 27.90, device memory used/total (GB): 34.95/139.81 | host RssAnon: 1362MB, RssShmem: 12MB
[37m[1;38;2;180;140;80m(AReaL)[0m [37m20261002-23:35:52.558 IOStruct INFO: Memory-Usage compute advantages: memory allocated (GB): 13.06, memory reserved (GB): 27.90, device memory used/total (GB): 34.95/139.81 | host RssAnon: 1362MB, RssShmem: 12MB
[96m[1;38;2;180;140;80m(AReaL)[0m [96m20261002-23:35:53.045 [MegatronEngine Rank 3] INFO: #microbatch: 10, microbatch #tokens: [10221, 10219, 10235, 10007, 4952, 10233, 10203, 10089, 10225, 10210], aligned to: [10221, 10219, 10235, 10007, 4952, 10233, 10203, 10089, 10225, 10210], padded to: [10240, 10240, 10240, 10240, 5120, 10240, 10240, 10240, 10240, 10240], padding lengths: [19, 21, 5, 233, 168, 7, 37, 151, 15, 30].
[96m[1;38;2;180;140;80m(AReaL)[0m [96m20261002-23:35:53.046 [MegatronEngine Rank 1] INFO: #microbatch: 10, microbatch #tokens: [10239, 10233, 10073, 10228, 10223, 10131, 10139, 10127, 3138, 10240], aligned to: [10239, 10233, 10073, 10228, 10223, 10131, 10139, 10127, 3138, 10240], padded to: [10240, 10240, 10240, 10240, 10240, 10240, 10240, 10240, 3328, 10240], padding lengths: [1, 7, 167, 12, 17, 109, 101, 113, 190, 0].
[96m[1;38;2;180;140;80m(AReaL)[0m [96m20261002-23:35:53.047 [MegatronEngine Rank 2] INFO: #microbatch: 10, microbatch #tokens: [10183, 10205, 10155, 10060, 10227, 10233, 10208, 10240, 10233, 3536], aligned to: [10183, 10205, 10155, 10060, 10227, 10233, 10208, 10240, 10233, 3536], padded to: [10240, 10240, 10240, 10240, 10240, 10240, 10240, 10240, 10240, 3584], padding lengths: [57, 35, 85, 180, 13, 7, 32, 0, 7, 48].
[96m[1;38;2;180;140;80m(AReaL)[0m [96m20261002-23:35:53.049 [MegatronEngine Rank 0] INFO: #microbatch: 10, microbatch #tokens: [10240, 10213, 10059, 10232, 10220, 10176, 10239, 10209, 5694, 10213], aligned to: [10240, 10213, 10059, 10232, 10220, 10176, 10239, 10209, 5694, 10213], padded to: [10240, 10240, 10240, 10240, 10240, 10240, 10240, 10240, 5888, 10240], padding lengths: [0, 27, 181, 8, 20, 64, 1, 31, 194, 27].
[37m[1;38;2;180;140;80m(AReaL)[0m [37m20261002-23:36:01.367 IOStruct INFO: Memory-Usage ppo update: memory allocated (GB): 13.05, memory reserved (GB): 63.02, device memory used/total (GB): 70.06/139.81 | host RssAnon: 1362MB, RssShmem: 12MB
[37m[1;38;2;180;140;80m(AReaL)[0m [37m20261002-23:36:10.169 HFUtils INFO: Copied generation_config.json from /storage/openpsi/models/Qwen__Qwen2.5-1.5B-Instruct to /storage/openpsi/users/fenghui/projects/AReaL-muon/research/muon/evidence/baseline-aligned-3epoch-20261002/adamw/results/checkpoints/root/gsm8k-grpo-megatron-adamw-baseline3/trial0/default/epoch2epochstep0globalstep2
[37m[1;38;2;180;140;80m(AReaL)[0m [37m20261002-23:36:10.177 HFUtils INFO: Copied tokenizer_config.json from /storage/openpsi/models/Qwen__Qwen2.5-1.5B-Instruct to /storage/openpsi/users/fenghui/projects/AReaL-muon/research/muon/evidence/baseline-aligned-3epoch-20261002/adamw/results/checkpoints/root/gsm8k-grpo-megatron-adamw-baseline3/trial0/default/epoch2epochstep0globalstep2
[37m[1;38;2;180;140;80m(AReaL)[0m [37m20261002-23:36:10.222 HFUtils INFO: Copied vocab.json from /storage/openpsi/models/Qwen__Qwen2.5-1.5B-Instruct to /storage/openpsi/users/fenghui/projects/AReaL-muon/research/muon/evidence/baseline-aligned-3epoch-20261002/adamw/results/checkpoints/root/gsm8k-grpo-megatron-adamw-baseline3/trial0/default/epoch2epochstep0globalstep2
[37m[1;38;2;180;140;80m(AReaL)[0m [37m20261002-23:36:10.244 HFUtils INFO: Copied merges.txt from /storage/openpsi/models/Qwen__Qwen2.5-1.5B-Instruct to /storage/openpsi/users/fenghui/projects/AReaL-muon/research/muon/evidence/baseline-aligned-3epoch-20261002/adamw/results/checkpoints/root/gsm8k-grpo-megatron-adamw-baseline3/trial0/default/epoch2epochstep0globalstep2
[37m[1;38;2;180;140;80m(AReaL)[0m [37m20261002-23:36:10.245 HFUtils INFO: special_tokens_map.json does not exist in /storage/openpsi/models/Qwen__Qwen2.5-1.5B-Instruct; skipping
[37m[1;38;2;180;140;80m(AReaL)[0m [37m20261002-23:36:10.263 HFUtils INFO: Copied tokenizer.json from /storage/openpsi/models/Qwen__Qwen2.5-1.5B-Instruct to /storage/openpsi/users/fenghui/projects/AReaL-muon/research/muon/evidence/baseline-aligned-3epoch-20261002/adamw/results/checkpoints/root/gsm8k-grpo-megatron-adamw-baseline3/trial0/default/epoch2epochstep0globalstep2
[37m[1;38;2;180;140;80m(AReaL)[0m [37m20261002-23:36:10.281 HFUtils INFO: Patched config.json: torch_dtype=bfloat16
[37m[1;38;2;180;140;80m(AReaL)[0m [37m20261002-23:36:10.512 DataBP INFO: Cleared 468 batch shards. Stats: {'status': 'ok', 'cleared_count': 468, 'num_tensors': 1224, 'total_bytes': 7997496}
[37m[1;38;2;180;140;80m(AReaL)[0m [37m20261002-23:36:10.512 DataBP INFO: Cleared 576 batch shards. Stats: {'status': 'ok', 'cleared_count': 576, 'num_tensors': 1134, 'total_bytes': 7500288}
[37m[1;38;2;180;140;80m(AReaL)[0m [37m20261002-23:36:10.512 DataBP INFO: Cleared 603 batch shards. Stats: {'status': 'ok', 'cleared_count': 603, 'num_tensors': 1125, 'total_bytes': 7209720}
[37m[1;38;2;180;140;80m(AReaL)[0m [37m20261002-23:36:10.512 DataBP INFO: Cleared 657 batch shards. Stats: {'status': 'ok', 'cleared_count': 657, 'num_tensors': 1125, 'total_bytes': 7136592}
[37m[1;38;2;180;140;80m(AReaL)[0m [37m20261002-23:36:10.514 DataBP INFO: Cleared 960 batch shards. Stats: {'status': 'ok', 'cleared_count': 960, 'num_tensors': 0, 'total_bytes': 0}
[37m[1;38;2;180;140;80m(AReaL)[0m [37m20261002-23:36:10.516 DataBP INFO: Cleared 960 batch shards. Stats: {'status': 'ok', 'cleared_count': 960, 'num_tensors': 0, 'total_bytes': 0}
[37m[1;38;2;180;140;80m(AReaL)[0m [37m20261002-23:36:10.516 DataBP INFO: Cleared 960 batch shards. Stats: {'status': 'ok', 'cleared_count': 960, 'num_tensors': 0, 'total_bytes': 0}
[37m[1;38;2;180;140;80m(AReaL)[0m [37m20261002-23:36:10.517 DataBP INFO: Cleared 960 batch shards. Stats: {'status': 'ok', 'cleared_count': 960, 'num_tensors': 0, 'total_bytes': 0}
[37m[1;38;2;180;140;80m(AReaL)[0m [37m20261002-23:36:11.829 DataBP INFO: Cleared 9 batch shards. Stats: {'status': 'ok', 'cleared_count': 9, 'num_tensors': 0, 'total_bytes': 0}
[37m[1;38;2;180;140;80m(AReaL)[0m [37m20261002-23:36:11.829 DataBP INFO: Cleared 9 batch shards. Stats: {'status': 'ok', 'cleared_count': 9, 'num_tensors': 0, 'total_bytes': 0}
[37m[1;38;2;180;140;80m(AReaL)[0m [37m20261002-23:36:11.829 DataBP INFO: Cleared 9 batch shards. Stats: {'status': 'ok', 'cleared_count': 9, 'num_tensors': 0, 'total_bytes': 0}
[37m[1;38;2;180;140;80m(AReaL)[0m [37m20261002-23:36:11.829 DataBP INFO: Cleared 9 batch shards. Stats: {'status': 'ok', 'cleared_count': 9, 'num_tensors': 0, 'total_bytes': 0}
[92m[1;38;2;180;140;80m(AReaL)[0m [92m20261002-23:36:11.957 StatsLogger INFO: Epoch 3/3 Step 1/1 Train step 3/3 done.
[92m[1;38;2;180;140;80m(AReaL)[0m [92m20261002-23:36:11.957 StatsLogger INFO: Stats (1/1):
[92m[1;38;2;180;140;80m(AReaL)[0m [92m20261002-23:36:11.961 StatsLogger INFO: 
╒════════════════════════════════════════╤═════════════╤═════════════════════════════════════════════════╤═════════════╤══════════════════════════════════════════════════════════════╤═════════════╤══════════════════════════════════════════════╤═════════════╕
│ timeperf/rollout                       │  8.3899e-01 │ ppo_actor/seq_len/max                           │  1.0470e+03 │ ppo_actor/update/compute_logp/kl_div_taylor/avg              │  7.3595e-04 │ ppo_actor/update/version_stats/v_proximal    │  2.0000e+00 │
├────────────────────────────────────────┼─────────────┼─────────────────────────────────────────────────┼─────────────┼──────────────────────────────────────────────────────────────┼─────────────┼──────────────────────────────────────────────┼─────────────┤
│ timeperf/recompute_logp                │  3.8487e+00 │ ppo_actor/seq_len/min                           │  7.8000e+01 │ ppo_actor/update/compute_logp/kl_div_taylor/max              │  2.2419e+00 │ ppo_actor/update/version_stats/v_theta       │  2.0000e+00 │
├────────────────────────────────────────┼─────────────┼─────────────────────────────────────────────────┼─────────────┼──────────────────────────────────────────────────────────────┼─────────────┼──────────────────────────────────────────────┼─────────────┤
│ timeperf/compute_advantage             │  1.2159e+00 │ ppo_actor/task_reward/avg                       │  6.5527e-01 │ ppo_actor/update/compute_logp/kl_div_taylor/min              │  0.0000e+00 │ ppo_actor/update/vocab_max_logits/avg        │  2.9829e+01 │
├────────────────────────────────────────┼─────────────┼─────────────────────────────────────────────────┼─────────────┼──────────────────────────────────────────────────────────────┼─────────────┼──────────────────────────────────────────────┼─────────────┤
│ timeperf/train_step                    │  8.8087e+00 │ ppo_actor/task_reward/max                       │  1.0000e+00 │ ppo_actor/update/compute_logp/n_valid_tokens                 │  2.7978e+05 │ ppo_actor/update/vocab_max_logits/max        │  4.8750e+01 │
├────────────────────────────────────────┼─────────────┼─────────────────────────────────────────────────┼─────────────┼──────────────────────────────────────────────────────────────┼─────────────┼──────────────────────────────────────────────┼─────────────┤
│ timeperf/update_weights                │  2.2044e-01 │ ppo_actor/task_reward/min                       │  0.0000e+00 │ ppo_actor/update/compute_logp/prox_logp_gt/avg               │ -3.1039e-01 │ ppo_actor/update/vocab_max_logits/min        │  9.1875e+00 │
├────────────────────────────────────────┼─────────────┼─────────────────────────────────────────────────┼─────────────┼──────────────────────────────────────────────────────────────┼─────────────┼──────────────────────────────────────────────┼─────────────┤
│ timeperf/save                          │  8.9096e+00 │ ppo_actor/train_infer/kl_k1                     │  6.2542e-04 │ ppo_actor/update/compute_logp/prox_logp_gt/max               │  0.0000e+00 │ ppo_actor/update/vocab_min_logits/avg        │ -1.5898e+01 │
├────────────────────────────────────────┼─────────────┼─────────────────────────────────────────────────┼─────────────┼──────────────────────────────────────────────────────────────┼─────────────┼──────────────────────────────────────────────┼─────────────┤
│ timeperf/checkpoint_for_recover        │  9.2812e-05 │ ppo_actor/train_infer/kl_k2                     │  7.3595e-04 │ ppo_actor/update/compute_logp/prox_logp_gt/min               │ -2.0312e+01 │ ppo_actor/update/vocab_min_logits/max        │ -4.8125e+00 │
├────────────────────────────────────────┼─────────────┼─────────────────────────────────────────────────┼─────────────┼──────────────────────────────────────────────────────────────┼─────────────┼──────────────────────────────────────────────┼─────────────┤
│ timeperf/clear_batches                 │  2.0418e-01 │ ppo_actor/train_infer/kl_k3                     │  6.8735e-04 │ ppo_actor/update/dual_clip_ratio/avg                         │  0.0000e+00 │ ppo_actor/update/vocab_min_logits/min        │ -4.1000e+01 │
├────────────────────────────────────────┼─────────────┼─────────────────────────────────────────────────┼─────────────┼──────────────────────────────────────────────────────────────┼─────────────┼──────────────────────────────────────────────┼─────────────┤
│ timeperf/eval                          │  1.1286e+00 │ ppo_actor/train_infer/kl_k3_overflow_fraction   │  0.0000e+00 │ ppo_actor/update/dual_clip_ratio/max                         │  0.0000e+00 │ ppo_actor/usable_group_size/avg              │  4.0000e+00 │
├────────────────────────────────────────┼─────────────┼─────────────────────────────────────────────────┼─────────────┼──────────────────────────────────────────────────────────────┼─────────────┼──────────────────────────────────────────────┼─────────────┤
│ ppo_actor/advantage_negative_fraction  │  6.9718e-01 │ ppo_actor/train_infer/logp_abs_diff/avg         │  1.1336e-02 │ ppo_actor/update/dual_clip_ratio/min                         │  0.0000e+00 │ ppo_actor/usable_group_size/max              │  4.0000e+00 │
├────────────────────────────────────────┼─────────────┼─────────────────────────────────────────────────┼─────────────┼──────────────────────────────────────────────────────────────┼─────────────┼──────────────────────────────────────────────┼─────────────┤
│ ppo_actor/advantage_positive_fraction  │  3.0282e-01 │ ppo_actor/train_infer/logp_abs_diff/max         │  2.1175e+00 │ ppo_actor/update/dual_clipped_tokens                         │  0.0000e+00 │ ppo_actor/usable_group_size/min              │  4.0000e+00 │
├────────────────────────────────────────┼─────────────┼─────────────────────────────────────────────────┼─────────────┼──────────────────────────────────────────────────────────────┼─────────────┼──────────────────────────────────────────────┼─────────────┤
│ ppo_actor/advantage_zero_fraction      │  0.0000e+00 │ ppo_actor/train_infer/logp_abs_diff/min         │  0.0000e+00 │ ppo_actor/update/entropy/avg                                 │  3.0524e-01 │ ppo_actor/use_dual_clip                      │  0.0000e+00 │
├────────────────────────────────────────┼─────────────┼─────────────────────────────────────────────────┼─────────────┼──────────────────────────────────────────────────────────────┼─────────────┼──────────────────────────────────────────────┼─────────────┤
│ ppo_actor/advantages/avg               │ -4.3631e-10 │ ppo_actor/train_infer/logp_diff/avg             │ -6.2542e-04 │ ppo_actor/update/entropy/max                                 │  8.7258e+00 │ rollout/num_turns_count                      │  1.2430e+03 │
├────────────────────────────────────────┼─────────────┼─────────────────────────────────────────────────┼─────────────┼──────────────────────────────────────────────────────────────┼─────────────┼──────────────────────────────────────────────┼─────────────┤
│ ppo_actor/advantages/max               │  2.3819e+00 │ ppo_actor/train_infer/logp_diff/max             │  8.7749e-01 │ ppo_actor/update/entropy/min                                 │  6.9024e-10 │ rollout/num_turns_no_harness_err_count       │  1.2430e+03 │
├────────────────────────────────────────┼─────────────┼─────────────────────────────────────────────────┼─────────────┼──────────────────────────────────────────────────────────────┼─────────────┼──────────────────────────────────────────────┼─────────────┤
│ ppo_actor/advantages/min               │ -2.4290e+00 │ ppo_actor/train_infer/logp_diff/min             │ -2.1175e+00 │ ppo_actor/update/grad_norm                                   │  2.7871e-01 │ rollout/accepted                             │  1.0000e+00 │
├────────────────────────────────────────┼─────────────┼─────────────────────────────────────────────────┼─────────────┼──────────────────────────────────────────────────────────────┼─────────────┼──────────────────────────────────────────────┼─────────────┤
│ ppo_actor/correct_n_seqs               │  6.7100e+02 │ ppo_actor/train_infer/logp_diff_squared         │  1.4719e-03 │ ppo_actor/update/importance_weight/avg                       │  1.0000e+00 │ rollout/context_overflow                     │  0.0000e+00 │
├────────────────────────────────────────┼─────────────┼─────────────────────────────────────────────────┼─────────────┼──────────────────────────────────────────────────────────────┼─────────────┼──────────────────────────────────────────────┼─────────────┤
│ ppo_actor/correct_seq_len/avg          │  3.6074e+02 │ ppo_actor/train_infer/n_valid_tokens            │  2.7978e+05 │ ppo_actor/update/importance_weight/max                       │  1.0000e+00 │ rollout/fully_masked_group                   │  0.0000e+00 │
├────────────────────────────────────────┼─────────────┼─────────────────────────────────────────────────┼─────────────┼──────────────────────────────────────────────────────────────┼─────────────┼──────────────────────────────────────────────┼─────────────┤
│ ppo_actor/correct_seq_len/max          │  8.5900e+02 │ ppo_actor/train_infer/nonfinite_logp_fraction   │  0.0000e+00 │ ppo_actor/update/importance_weight/min                       │  1.0000e+00 │ rollout/pre_filter_trainable_slot_yield      │  1.0000e+00 │
├────────────────────────────────────────┼─────────────┼─────────────────────────────────────────────────┼─────────────┼──────────────────────────────────────────────────────────────┼─────────────┼──────────────────────────────────────────────┼─────────────┤
│ ppo_actor/correct_seq_len/min          │  8.2000e+01 │ ppo_actor/train_infer/ratio_outside_1.5         │  8.6854e-04 │ ppo_actor/update/logp_abs_diff/avg                           │  1.1336e-02 │ rollout/pre_filter_usable_slot_yield         │  1.0000e+00 │
├────────────────────────────────────────┼─────────────┼─────────────────────────────────────────────────┼─────────────┼──────────────────────────────────────────────────────────────┼─────────────┼──────────────────────────────────────────────┼─────────────┤
│ ppo_actor/eps_clip                     │  4.0000e-01 │ ppo_actor/train_infer/ratio_outside_10          │  0.0000e+00 │ ppo_actor/update/logp_abs_diff/max                           │  2.1175e+00 │ rollout/proxy_system_error                   │  0.0000e+00 │
├────────────────────────────────────────┼─────────────┼─────────────────────────────────────────────────┼─────────────┼──────────────────────────────────────────────────────────────┼─────────────┼──────────────────────────────────────────────┼─────────────┤
│ ppo_actor/final_reward/avg             │ -8.7347e-12 │ ppo_actor/train_infer/ratio_outside_2           │  2.1445e-04 │ ppo_actor/update/logp_abs_diff/min                           │  0.0000e+00 │ rollout/reward                               │  7.4175e-01 │
├────────────────────────────────────────┼─────────────┼─────────────────────────────────────────────────┼─────────────┼──────────────────────────────────────────────────────────────┼─────────────┼──────────────────────────────────────────────┼─────────────┤
│ ppo_actor/final_reward/max             │  1.5000e+00 │ ppo_actor/train_infer/ratio_outside_3           │  4.6465e-05 │ ppo_actor/update/logp_diff/avg                               │  6.2542e-04 │ rollout/singleton_slot_group                 │  0.0000e+00 │
├────────────────────────────────────────┼─────────────┼─────────────────────────────────────────────────┼─────────────┼──────────────────────────────────────────────────────────────┼─────────────┼──────────────────────────────────────────────┼─────────────┤
│ ppo_actor/final_reward/min             │ -1.5000e+00 │ ppo_actor/train_infer/ratio_outside_5           │  1.4297e-05 │ ppo_actor/update/logp_diff/max                               │  2.1175e+00 │ rollout/target_slot_count                    │  4.0000e+00 │
├────────────────────────────────────────┼─────────────┼─────────────────────────────────────────────────┼─────────────┼──────────────────────────────────────────────────────────────┼─────────────┼──────────────────────────────────────────────┼─────────────┤
│ ppo_actor/group_loss_weight/avg        │  1.0929e+03 │ ppo_actor/train_infer/rollout_nll               │  3.0977e-01 │ ppo_actor/update/logp_diff/min                               │ -8.7749e-01 │ rollout/trainable_slot_count                 │  4.0000e+00 │
├────────────────────────────────────────┼─────────────┼─────────────────────────────────────────────────┼─────────────┼──────────────────────────────────────────────────────────────┼─────────────┼──────────────────────────────────────────────┼─────────────┤
│ ppo_actor/group_loss_weight/max        │  2.2500e+03 │ ppo_actor/train_infer/trainer_nll               │  3.1039e-01 │ ppo_actor/update/lr                                          │  3.0000e-06 │ rollout/usable_slot_count                    │  4.0000e+00 │
├────────────────────────────────────────┼─────────────┼─────────────────────────────────────────────────┼─────────────┼──────────────────────────────────────────────────────────────┼─────────────┼──────────────────────────────────────────────┼─────────────┤
│ ppo_actor/group_loss_weight/min        │  2.8500e+02 │ ppo_actor/update/actor_loss/avg                 │ -1.7394e-04 │ ppo_actor/update/masked_token_ratio                          │  2.8816e-01 │ rollout/num_turns/avg                        │  1.0000e+00 │
├────────────────────────────────────────┼─────────────┼─────────────────────────────────────────────────┼─────────────┼──────────────────────────────────────────────────────────────┼─────────────┼──────────────────────────────────────────────┼─────────────┤
│ ppo_actor/group_loss_weight_size_4/avg │  1.0929e+03 │ ppo_actor/update/actor_loss/max                 │  4.2494e+00 │ ppo_actor/update/n_masked_tokens                             │  2.6090e+03 │ rollout/num_turns_no_harness_err/avg         │  1.0000e+00 │
├────────────────────────────────────────┼─────────────┼─────────────────────────────────────────────────┼─────────────┼──────────────────────────────────────────────────────────────┼─────────────┼──────────────────────────────────────────────┼─────────────┤
│ ppo_actor/group_loss_weight_size_4/max │  2.2500e+03 │ ppo_actor/update/actor_loss/min                 │ -3.3887e+00 │ ppo_actor/update/n_tokens                                    │  3.8414e+05 │ rollout/num_turns/min                        │  1.0000e+00 │
├────────────────────────────────────────┼─────────────┼─────────────────────────────────────────────────┼─────────────┼──────────────────────────────────────────────────────────────┼─────────────┼──────────────────────────────────────────────┼─────────────┤
│ ppo_actor/group_loss_weight_size_4/min │  2.8500e+02 │ ppo_actor/update/approx_kl/avg                  │  0.0000e+00 │ ppo_actor/update/n_total_tokens                              │  9.6035e+03 │ rollout/num_turns_no_harness_err/min         │  1.0000e+00 │
├────────────────────────────────────────┼─────────────┼─────────────────────────────────────────────────┼─────────────┼──────────────────────────────────────────────────────────────┼─────────────┼──────────────────────────────────────────────┼─────────────┤
│ ppo_actor/incorrect_n_seqs             │  3.5300e+02 │ ppo_actor/update/approx_kl/max                  │  0.0000e+00 │ ppo_actor/update/n_valid_tokens                              │  2.7978e+05 │ rollout/num_turns/max                        │  1.0000e+00 │
├────────────────────────────────────────┼─────────────┼─────────────────────────────────────────────────┼─────────────┼──────────────────────────────────────────────────────────────┼─────────────┼──────────────────────────────────────────────┼─────────────┤
│ ppo_actor/incorrect_seq_len/avg        │  4.0251e+02 │ ppo_actor/update/approx_kl/min                  │  0.0000e+00 │ ppo_actor/update/n_valid_tokens_in_loss                      │  6.9945e+03 │ rollout/num_turns_no_harness_err/max         │  1.0000e+00 │
├────────────────────────────────────────┼─────────────┼─────────────────────────────────────────────────┼─────────────┼──────────────────────────────────────────────────────────────┼─────────────┼──────────────────────────────────────────────┼─────────────┤
│ ppo_actor/incorrect_seq_len/max        │  1.0470e+03 │ ppo_actor/update/behave_approx_kl/avg           │ -6.2542e-04 │ ppo_actor/update/new_logp/avg                                │ -3.1039e-01 │ eval-rollout/num_turns_count                 │  1.6000e+01 │
├────────────────────────────────────────┼─────────────┼─────────────────────────────────────────────────┼─────────────┼──────────────────────────────────────────────────────────────┼─────────────┼──────────────────────────────────────────────┼─────────────┤
│ ppo_actor/incorrect_seq_len/min        │  7.8000e+01 │ ppo_actor/update/behave_approx_kl/max           │  8.7749e-01 │ ppo_actor/update/new_logp/max                                │  0.0000e+00 │ eval-rollout/num_turns_no_harness_err_count  │  1.6000e+01 │
├────────────────────────────────────────┼─────────────┼─────────────────────────────────────────────────┼─────────────┼──────────────────────────────────────────────────────────────┼─────────────┼──────────────────────────────────────────────┼─────────────┤
│ ppo_actor/kl_rewards/avg               │  0.0000e+00 │ ppo_actor/update/behave_approx_kl/min           │ -2.1175e+00 │ ppo_actor/update/new_logp/min                                │ -2.0312e+01 │ eval-rollout/context_overflow                │  0.0000e+00 │
├────────────────────────────────────────┼─────────────┼─────────────────────────────────────────────────┼─────────────┼──────────────────────────────────────────────────────────────┼─────────────┼──────────────────────────────────────────────┼─────────────┤
│ ppo_actor/kl_rewards/max               │  0.0000e+00 │ ppo_actor/update/behave_filtered_ratio/avg      │  0.0000e+00 │ ppo_actor/update/num_micro_batches                           │  1.0000e+01 │ eval-rollout/fully_masked_group              │  0.0000e+00 │
├────────────────────────────────────────┼─────────────┼─────────────────────────────────────────────────┼─────────────┼──────────────────────────────────────────────────────────────┼─────────────┼──────────────────────────────────────────────┼─────────────┤
│ ppo_actor/kl_rewards/min               │  0.0000e+00 │ ppo_actor/update/behave_filtered_ratio/max      │  0.0000e+00 │ ppo_actor/update/old_logp/avg                                │ -3.0977e-01 │ eval-rollout/pre_filter_trainable_slot_yield │  1.0000e+00 │
├────────────────────────────────────────┼─────────────┼─────────────────────────────────────────────────┼─────────────┼──────────────────────────────────────────────────────────────┼─────────────┼──────────────────────────────────────────────┼─────────────┤
│ ppo_actor/mask_no_eos_with_zero        │  0.0000e+00 │ ppo_actor/update/behave_filtered_ratio/min      │  0.0000e+00 │ ppo_actor/update/old_logp/max                                │  0.0000e+00 │ eval-rollout/pre_filter_usable_slot_yield    │  1.0000e+00 │
├────────────────────────────────────────┼─────────────┼─────────────────────────────────────────────────┼─────────────┼──────────────────────────────────────────────────────────────┼─────────────┼──────────────────────────────────────────────┼─────────────┤
│ ppo_actor/n_groups                     │  2.5600e+02 │ ppo_actor/update/behave_imp_weight/avg          │  1.0001e+00 │ ppo_actor/update/old_logp/min                                │ -2.0281e+01 │ eval-rollout/proxy_system_error              │  0.0000e+00 │
├────────────────────────────────────────┼─────────────┼─────────────────────────────────────────────────┼─────────────┼──────────────────────────────────────────────────────────────┼─────────────┼──────────────────────────────────────────────┼─────────────┤
│ ppo_actor/n_groups_size_4              │  2.5600e+02 │ ppo_actor/update/behave_imp_weight/max          │  2.4049e+00 │ ppo_actor/update/rs_filtered_fraction                        │  0.0000e+00 │ eval-rollout/reward                          │  8.1250e-01 │
├────────────────────────────────────────┼─────────────┼─────────────────────────────────────────────────┼─────────────┼──────────────────────────────────────────────────────────────┼─────────────┼──────────────────────────────────────────────┼─────────────┤
│ ppo_actor/n_seqs                       │  1.0240e+03 │ ppo_actor/update/behave_imp_weight/min          │  1.2033e-01 │ ppo_actor/update/unclipped_behave_tokens                     │  2.7978e+05 │ eval-rollout/singleton_slot_group            │  0.0000e+00 │
├────────────────────────────────────────┼─────────────┼─────────────────────────────────────────────────┼─────────────┼──────────────────────────────────────────────────────────────┼─────────────┼──────────────────────────────────────────────┼─────────────┤
│ ppo_actor/n_tokens                     │  9.8586e+05 │ ppo_actor/update/clip_ratio/avg                 │  0.0000e+00 │ ppo_actor/update/update_successful                           │  1.0000e+00 │ eval-rollout/target_slot_count               │  4.0000e+00 │
├────────────────────────────────────────┼─────────────┼─────────────────────────────────────────────────┼─────────────┼──────────────────────────────────────────────────────────────┼─────────────┼──────────────────────────────────────────────┼─────────────┤
│ ppo_actor/n_valid_tokens               │  2.7978e+05 │ ppo_actor/update/clip_ratio/max                 │  0.0000e+00 │ ppo_actor/update/version_stats/future_token_fraction         │  0.0000e+00 │ eval-rollout/trainable_slot_count            │  4.0000e+00 │
├────────────────────────────────────────┼─────────────┼─────────────────────────────────────────────────┼─────────────┼──────────────────────────────────────────────────────────────┼─────────────┼──────────────────────────────────────────────┼─────────────┤
│ ppo_actor/no_eos_ratios/avg            │  0.0000e+00 │ ppo_actor/update/clip_ratio/min                 │  0.0000e+00 │ ppo_actor/update/version_stats/n_valid_generated_tokens      │  2.7978e+05 │ eval-rollout/usable_slot_count               │  4.0000e+00 │
├────────────────────────────────────────┼─────────────┼─────────────────────────────────────────────────┼─────────────┼──────────────────────────────────────────────────────────────┼─────────────┼──────────────────────────────────────────────┼─────────────┤
│ ppo_actor/no_eos_ratios/max            │  0.0000e+00 │ ppo_actor/update/clipped_tokens                 │  0.0000e+00 │ ppo_actor/update/version_stats/sample_staleness_proximal_avg │  1.2069e+00 │ eval-rollout/num_turns/avg                   │  1.0000e+00 │
├────────────────────────────────────────┼─────────────┼─────────────────────────────────────────────────┼─────────────┼──────────────────────────────────────────────────────────────┼─────────────┼──────────────────────────────────────────────┼─────────────┤
│ ppo_actor/no_eos_ratios/min            │  0.0000e+00 │ ppo_actor/update/compute_logp/kl_div_direct/avg │  6.2542e-04 │ ppo_actor/update/version_stats/sample_staleness_proximal_max │  2.0000e+00 │ eval-rollout/num_turns_no_harness_err/avg    │  1.0000e+00 │
├────────────────────────────────────────┼─────────────┼─────────────────────────────────────────────────┼─────────────┼──────────────────────────────────────────────────────────────┼─────────────┼──────────────────────────────────────────────┼─────────────┤
│ ppo_actor/prompt_len/avg               │  1.0191e+02 │ ppo_actor/update/compute_logp/kl_div_direct/max │  2.1175e+00 │ ppo_actor/update/version_stats/sample_staleness_proximal_min │  1.0000e+00 │ eval-rollout/num_turns/min                   │  1.0000e+00 │
├────────────────────────────────────────┼─────────────┼─────────────────────────────────────────────────┼─────────────┼──────────────────────────────────────────────────────────────┼─────────────┼──────────────────────────────────────────────┼─────────────┤
│ ppo_actor/prompt_len/max               │  1.7700e+02 │ ppo_actor/update/compute_logp/kl_div_direct/min │ -8.7749e-01 │ ppo_actor/update/version_stats/sample_staleness_theta_avg    │  1.2069e+00 │ eval-rollout/num_turns_no_harness_err/min    │  1.0000e+00 │
├────────────────────────────────────────┼─────────────┼─────────────────────────────────────────────────┼─────────────┼──────────────────────────────────────────────────────────────┼─────────────┼──────────────────────────────────────────────┼─────────────┤
│ ppo_actor/prompt_len/min               │  6.3000e+01 │ ppo_actor/update/compute_logp/kl_div_dual/avg   │  6.8735e-04 │ ppo_actor/update/version_stats/sample_staleness_theta_max    │  2.0000e+00 │ eval-rollout/num_turns/max                   │  1.0000e+00 │
├────────────────────────────────────────┼─────────────┼─────────────────────────────────────────────────┼─────────────┼──────────────────────────────────────────────────────────────┼─────────────┼──────────────────────────────────────────────┼─────────────┤
│ ppo_actor/rs_upper                     │  5.0000e+00 │ ppo_actor/update/compute_logp/kl_div_dual/max   │  1.2378e+00 │ ppo_actor/update/version_stats/sample_staleness_theta_min    │  1.0000e+00 │ eval-rollout/num_turns_no_harness_err/max    │  1.0000e+00 │
├────────────────────────────────────────┼─────────────┼─────────────────────────────────────────────────┼─────────────┼──────────────────────────────────────────────────────────────┼─────────────┼──────────────────────────────────────────────┼─────────────┤
│ ppo_actor/seq_len/avg                  │  3.7514e+02 │ ppo_actor/update/compute_logp/kl_div_dual/min   │ -8.9683e-08 │ ppo_actor/update/version_stats/stale_token_fraction          │  1.0000e+00 │                                              │             │
╘════════════════════════════════════════╧═════════════╧═════════════════════════════════════════════════╧═════════════╧══════════════════════════════════════════════════════════════╧═════════════╧══════════════════════════════════════════════╧═════════════╛
[92m[1;38;2;180;140;80m(AReaL)[0m [92m20261002-23:36:11.969 RLTrainer INFO: Skipping rollout resume after final training step (global_step=2)
[37m[1;38;2;180;140;80m(AReaL)[0m [37m20261002-23:36:11.991 DataController INFO: Unregistered dataset gsm8k-grpo-megatron-adamw-baseline3_trial0_train
[37m[1;38;2;180;140;80m(AReaL)[0m [37m20261002-23:36:11.994 DataController INFO: Unregistered dataset gsm8k-grpo-megatron-adamw-baseline3_trial0_valid
[37m[1;38;2;180;140;80m(AReaL)[0m [37m20261002-23:36:12.032 ProcUtils INFO: Sending SIGTERM to process 20868 and 3 children
[37m[1;38;2;180;140;80m(AReaL)[0m [37m20261002-23:36:12.033 ProcUtils INFO: Sending SIGTERM to process 20902 and 3 children
[37m[1;38;2;180;140;80m(AReaL)[0m [37m20261002-23:36:12.033 ProcUtils INFO: Sending SIGTERM to process 20864 and 3 children
[37m[1;38;2;180;140;80m(AReaL)[0m [37m20261002-23:36:12.199 ProcUtils INFO: Successfully cleaned up process tree for PID 20868
[37m[1;38;2;180;140;80m(AReaL)[0m [37m20261002-23:36:12.200 Guard INFO: Killed forked worker data-router/0 (pid=20868)
[37m[1;38;2;180;140;80m(AReaL)[0m [37m20261002-23:36:12.200 DataController INFO: Killed forked service data-router/0
[37m[1;38;2;180;140;80m(AReaL)[0m [37m20261002-23:36:12.275 ProcUtils INFO: Successfully cleaned up process tree for PID 20902
[37m[1;38;2;180;140;80m(AReaL)[0m [37m20261002-23:36:12.275 Guard INFO: Killed forked worker data-gateway/0 (pid=20902)
[37m[1;38;2;180;140;80m(AReaL)[0m [37m20261002-23:36:12.276 DataController INFO: Killed forked service data-gateway/0
[37m[1;38;2;180;140;80m(AReaL)[0m [37m20261002-23:36:12.278 ProcUtils INFO: Successfully cleaned up process tree for PID 20864
[37m[1;38;2;180;140;80m(AReaL)[0m [37m20261002-23:36:12.278 Guard INFO: Killed forked worker data-worker/0 (pid=20864)
[37m[1;38;2;180;140;80m(AReaL)[0m [37m20261002-23:36:12.279 DataController INFO: Killed forked service data-worker/0
[34m[1;38;2;180;140;80m(AReaL)[0m [34m20261002-23:36:12.279 LocalScheduler INFO: Deleting 1 workers for role 'data-data'
[37m[1;38;2;180;140;80m(AReaL)[0m [37m20261002-23:36:12.285 ProcUtils INFO: Sending SIGTERM to process 20838 and 3 children
[37m[1;38;2;180;140;80m(AReaL)[0m [37m20261002-23:36:14.131 ProcUtils INFO: Successfully cleaned up process tree for PID 20838
[34m[1;38;2;180;140;80m(AReaL)[0m [34m20261002-23:36:14.131 LocalScheduler INFO: Successfully deleted workers for role 'data-data'
[37m[1;38;2;180;140;80m(AReaL)[0m [37m20261002-23:36:14.132 DataController INFO: Workers deleted for role: data-data
[92m[1;38;2;180;140;80m(AReaL)[0m [92m20261002-23:36:14.132 StatsLogger INFO: Training completes! Total time elapsed 145.38.
[37m[1;38;2;180;140;80m(AReaL)[0m [37m20261002-23:36:14.181 RolloutController INFO: Stopping callback server...
[34m[1;38;2;180;140;80m(AReaL)[0m [34m20261002-23:36:14.352 LocalScheduler INFO: Removing forked role 'proxy-eval-rollout' (managed by parent worker)
[37m[1;38;2;180;140;80m(AReaL)[0m [37m20261002-23:36:14.362 ProcUtils INFO: Sending SIGTERM to process 23074 and 3 children
[37m[1;38;2;180;140;80m(AReaL)[0m [37m20261002-23:36:14.362 ProcUtils INFO: Sending SIGTERM to process 23076 and 3 children
[37m[1;38;2;180;140;80m(AReaL)[0m [37m20261002-23:36:14.362 ProcUtils INFO: Sending SIGTERM to process 23077 and 3 children
[37m[1;38;2;180;140;80m(AReaL)[0m [37m20261002-23:36:14.362 ProcUtils INFO: Sending SIGTERM to process 23075 and 3 children
[37m[1;38;2;180;140;80m(AReaL)[0m [37m20261002-23:36:14.588 ProcUtils INFO: Successfully cleaned up process tree for PID 23075
[37m[1;38;2;180;140;80m(AReaL)[0m [37m20261002-23:36:14.588 Guard INFO: Killed forked worker proxy-eval-rollout/1 (pid=23075)
[34m[1;38;2;180;140;80m(AReaL)[0m [34m20261002-23:36:14.588 LocalScheduler INFO: Killed forked worker proxy-eval-rollout/1 (pid=23075)
[37m[1;38;2;180;140;80m(AReaL)[0m [37m20261002-23:36:14.612 ProcUtils INFO: Successfully cleaned up process tree for PID 23077
[37m[1;38;2;180;140;80m(AReaL)[0m [37m20261002-23:36:14.612 Guard INFO: Killed forked worker proxy-eval-rollout/2 (pid=23077)
[34m[1;38;2;180;140;80m(AReaL)[0m [34m20261002-23:36:14.613 LocalScheduler INFO: Killed forked worker proxy-eval-rollout/2 (pid=23077)
[37m[1;38;2;180;140;80m(AReaL)[0m [37m20261002-23:36:14.627 ProcUtils INFO: Successfully cleaned up process tree for PID 23074
[37m[1;38;2;180;140;80m(AReaL)[0m [37m20261002-23:36:14.627 Guard INFO: Killed forked worker proxy-eval-rollout/3 (pid=23074)
[34m[1;38;2;180;140;80m(AReaL)[0m [34m20261002-23:36:14.627 LocalScheduler INFO: Killed forked worker proxy-eval-rollout/3 (pid=23074)
[37m[1;38;2;180;140;80m(AReaL)[0m [37m20261002-23:36:14.634 ProcUtils INFO: Successfully cleaned up process tree for PID 23076
[37m[1;38;2;180;140;80m(AReaL)[0m [37m20261002-23:36:14.635 Guard INFO: Killed forked worker proxy-eval-rollout/0 (pid=23076)
[34m[1;38;2;180;140;80m(AReaL)[0m [34m20261002-23:36:14.635 LocalScheduler INFO: Killed forked worker proxy-eval-rollout/0 (pid=23076)
[37m[1;38;2;180;140;80m(AReaL)[0m [37m20261002-23:36:14.636 RolloutController INFO: Proxy workers deleted
[34m[1;38;2;180;140;80m(AReaL)[0m [34m20261002-23:36:14.679 LocalScheduler INFO: Removing forked role 'eval-rollout' (managed by parent worker)
[37m[1;38;2;180;140;80m(AReaL)[0m [37m20261002-23:36:14.692 ProcUtils INFO: Sending SIGTERM to process 22681 and 15 children
[37m[1;38;2;180;140;80m(AReaL)[0m [37m20261002-23:36:14.692 ProcUtils INFO: Sending SIGTERM to process 22683 and 15 children
[37m[1;38;2;180;140;80m(AReaL)[0m [37m20261002-23:36:14.693 ProcUtils INFO: Sending SIGTERM to process 22682 and 15 children
[37m[1;38;2;180;140;80m(AReaL)[0m [37m20261002-23:36:14.693 ProcUtils INFO: Sending SIGTERM to process 22684 and 15 children
[37m[1;38;2;180;140;80m(AReaL)[0m [37m20261002-23:36:16.508 ProcUtils INFO: Successfully cleaned up process tree for PID 22681
[37m[1;38;2;180;140;80m(AReaL)[0m [37m20261002-23:36:16.508 Guard INFO: Killed forked worker eval-rollout/0 (pid=22681)
[34m[1;38;2;180;140;80m(AReaL)[0m [34m20261002-23:36:16.509 LocalScheduler INFO: Killed forked worker eval-rollout/0 (pid=22681)
[37m[1;38;2;180;140;80m(AReaL)[0m [37m20261002-23:36:16.526 ProcUtils INFO: Successfully cleaned up process tree for PID 22684
[37m[1;38;2;180;140;80m(AReaL)[0m [37m20261002-23:36:16.526 Guard INFO: Killed forked worker eval-rollout/2 (pid=22684)
[34m[1;38;2;180;140;80m(AReaL)[0m [34m20261002-23:36:16.527 LocalScheduler INFO: Killed forked worker eval-rollout/2 (pid=22684)
[37m[1;38;2;180;140;80m(AReaL)[0m [37m20261002-23:36:16.543 ProcUtils INFO: Successfully cleaned up process tree for PID 22683
[37m[1;38;2;180;140;80m(AReaL)[0m [37m20261002-23:36:16.544 Guard INFO: Killed forked worker eval-rollout/1 (pid=22683)
[34m[1;38;2;180;140;80m(AReaL)[0m [34m20261002-23:36:16.544 LocalScheduler INFO: Killed forked worker eval-rollout/1 (pid=22683)
[37m[1;38;2;180;140;80m(AReaL)[0m [37m20261002-23:36:16.571 ProcUtils INFO: Successfully cleaned up process tree for PID 22682
[37m[1;38;2;180;140;80m(AReaL)[0m [37m20261002-23:36:16.571 Guard INFO: Killed forked worker eval-rollout/3 (pid=22682)
[34m[1;38;2;180;140;80m(AReaL)[0m [34m20261002-23:36:16.572 LocalScheduler INFO: Killed forked worker eval-rollout/3 (pid=22682)
[37m[1;38;2;180;140;80m(AReaL)[0m [37m20261002-23:36:16.572 RolloutController INFO: Workers deleted
[37m[1;38;2;180;140;80m(AReaL)[0m [37m20261002-23:36:16.592 RolloutController INFO: Stopping callback server...
[34m[1;38;2;180;140;80m(AReaL)[0m [34m20261002-23:36:16.652 LocalScheduler INFO: Removing forked role 'proxy-rollout' (managed by parent worker)
[37m[1;38;2;180;140;80m(AReaL)[0m [37m20261002-23:36:16.660 ProcUtils INFO: Sending SIGTERM to process 22918 and 3 children
[37m[1;38;2;180;140;80m(AReaL)[0m [37m20261002-23:36:16.660 ProcUtils INFO: Sending SIGTERM to process 22920 and 3 children
[37m[1;38;2;180;140;80m(AReaL)[0m [37m20261002-23:36:16.660 ProcUtils INFO: Sending SIGTERM to process 22919 and 3 children
[37m[1;38;2;180;140;80m(AReaL)[0m [37m20261002-23:36:16.660 ProcUtils INFO: Sending SIGTERM to process 22917 and 3 children
[37m[1;38;2;180;140;80m(AReaL)[0m [37m20261002-23:36:16.976 ProcUtils INFO: Successfully cleaned up process tree for PID 22919
[37m[1;38;2;180;140;80m(AReaL)[0m [37m20261002-23:36:16.976 Guard INFO: Killed forked worker proxy-rollout/1 (pid=22919)
[34m[1;38;2;180;140;80m(AReaL)[0m [34m20261002-23:36:16.976 LocalScheduler INFO: Killed forked worker proxy-rollout/1 (pid=22919)
[37m[1;38;2;180;140;80m(AReaL)[0m [37m20261002-23:36:16.978 ProcUtils INFO: Successfully cleaned up process tree for PID 22918
[37m[1;38;2;180;140;80m(AReaL)[0m [37m20261002-23:36:16.978 Guard INFO: Killed forked worker proxy-rollout/3 (pid=22918)
[34m[1;38;2;180;140;80m(AReaL)[0m [34m20261002-23:36:16.979 LocalScheduler INFO: Killed forked worker proxy-rollout/3 (pid=22918)
[37m[1;38;2;180;140;80m(AReaL)[0m [37m20261002-23:36:16.993 ProcUtils INFO: Successfully cleaned up process tree for PID 22917
[37m[1;38;2;180;140;80m(AReaL)[0m [37m20261002-23:36:16.993 Guard INFO: Killed forked worker proxy-rollout/0 (pid=22917)
[34m[1;38;2;180;140;80m(AReaL)[0m [34m20261002-23:36:16.993 LocalScheduler INFO: Killed forked worker proxy-rollout/0 (pid=22917)
[37m[1;38;2;180;140;80m(AReaL)[0m [37m20261002-23:36:16.995 ProcUtils INFO: Successfully cleaned up process tree for PID 22920
[37m[1;38;2;180;140;80m(AReaL)[0m [37m20261002-23:36:16.995 Guard INFO: Killed forked worker proxy-rollout/2 (pid=22920)
[34m[1;38;2;180;140;80m(AReaL)[0m [34m20261002-23:36:16.995 LocalScheduler INFO: Killed forked worker proxy-rollout/2 (pid=22920)
[37m[1;38;2;180;140;80m(AReaL)[0m [37m20261002-23:36:16.996 RolloutController INFO: Proxy workers deleted
[37m[1;38;2;180;140;80m(AReaL)[0m [37m20261002-23:36:17.010 ProcUtils INFO: Sending SIGTERM to process 21922 and 3 children
SIGTERM received. signum=None frame=None. Draining requests and shutting down...
[37m[1;38;2;180;140;80m(AReaL)[0m [37m20261002-23:36:17.017 ProcUtils INFO: Sending SIGTERM to process 21919 and 3 children
SIGTERM received. signum=None frame=None. Draining requests and shutting down...
[37m[1;38;2;180;140;80m(AReaL)[0m [37m20261002-23:36:17.042 ProcUtils INFO: Sending SIGTERM to process 21921 and 3 children
SIGTERM received. signum=None frame=None. Draining requests and shutting down...
[37m[1;38;2;180;140;80m(AReaL)[0m [37m20261002-23:36:17.052 ProcUtils INFO: Sending SIGTERM to process 21920 and 3 children
SIGTERM received. signum=None frame=None. Draining requests and shutting down...
Subprocess detokenizer (pid=22086) crashed with exit code -15. Triggering SIGQUIT for cleanup...
SIGQUIT received. signum=None, frame=None. It usually means one child failed.
Subprocess scheduler_0 (pid=22050) crashed with exit code -15. Triggering SIGQUIT for cleanup...
SIGQUIT received. signum=None, frame=None. It usually means one child failed.
Subprocess detokenizer (pid=22068) crashed with exit code -15. Triggering SIGQUIT for cleanup...
SIGQUIT received. signum=None, frame=None. It usually means one child failed.
[37m[1;38;2;180;140;80m(AReaL)[0m [37m20261002-23:36:18.072 ProcUtils INFO: Successfully cleaned up process tree for PID 21922
[37m[1;38;2;180;140;80m(AReaL)[0m [37m20261002-23:36:18.083 ProcUtils INFO: Successfully cleaned up process tree for PID 21921
Subprocess scheduler_0 (pid=22073) crashed with exit code -15. Triggering SIGQUIT for cleanup...
SIGQUIT received. signum=None, frame=None. It usually means one child failed.
[37m[1;38;2;180;140;80m(AReaL)[0m [37m20261002-23:36:18.277 ProcUtils INFO: Successfully cleaned up process tree for PID 21919
[37m[1;38;2;180;140;80m(AReaL)[0m [37m20261002-23:36:18.280 ProcUtils INFO: Successfully cleaned up process tree for PID 21920
[34m[1;38;2;180;140;80m(AReaL)[0m [34m20261002-23:36:18.281 LocalScheduler INFO: Deleting 4 workers for role 'rollout'
[37m[1;38;2;180;140;80m(AReaL)[0m [37m20261002-23:36:18.323 ProcUtils INFO: Sending SIGTERM to process 21780 and 15 children
[37m[1;38;2;180;140;80m(AReaL)[0m [37m20261002-23:36:18.324 ProcUtils INFO: Sending SIGTERM to process 21786 and 15 children
[37m[1;38;2;180;140;80m(AReaL)[0m [37m20261002-23:36:18.325 ProcUtils INFO: Sending SIGTERM to process 21795 and 15 children
[37m[1;38;2;180;140;80m(AReaL)[0m [37m20261002-23:36:18.326 ProcUtils INFO: Sending SIGTERM to process 21804 and 15 children
[37m[1;38;2;180;140;80m(AReaL)[0m [37m20261002-23:36:18.326 Guard INFO: Shutting down (SIGTERM)
[37m[1;38;2;180;140;80m(AReaL)[0m [37m20261002-23:36:20.175 ProcUtils INFO: Successfully cleaned up process tree for PID 21786
[37m[1;38;2;180;140;80m(AReaL)[0m [37m20261002-23:36:20.201 ProcUtils INFO: Successfully cleaned up process tree for PID 21780
[37m[1;38;2;180;140;80m(AReaL)[0m [37m20261002-23:36:20.253 ProcUtils INFO: Successfully cleaned up process tree for PID 21804
[37m[1;38;2;180;140;80m(AReaL)[0m [37m20261002-23:36:20.323 ProcUtils INFO: Successfully cleaned up process tree for PID 21795
[34m[1;38;2;180;140;80m(AReaL)[0m [34m20261002-23:36:20.324 LocalScheduler INFO: Successfully deleted workers for role 'rollout'
[37m[1;38;2;180;140;80m(AReaL)[0m [37m20261002-23:36:20.324 RolloutController INFO: Workers deleted
[37m[1;38;2;180;140;80m(AReaL)[0m [37m20261002-23:36:20.324 TrainController INFO: Destroying TrainController...
[37m[1;38;2;180;140;80m(AReaL)[0m [37m20261002-23:36:20.325 TrainController INFO: Destroying engines on all workers...
[37m[1;38;2;180;140;80m(AReaL)[0m [37m20261002-23:36:23.928 TrainController INFO: Engines destroyed
[37m[1;38;2;180;140;80m(AReaL)[0m [37m20261002-23:36:23.929 TrainController INFO: Deleting all workers (reverse rank order)...
[34m[1;38;2;180;140;80m(AReaL)[0m [34m20261002-23:36:23.929 LocalScheduler INFO: Deleting 4 workers for role 'actor'
[37m[1;38;2;180;140;80m(AReaL)[0m [37m20261002-23:36:23.967 ProcUtils INFO: Sending SIGTERM to process 21143 and 36 children
[37m[1;38;2;180;140;80m(AReaL)[0m [37m20261002-23:36:23.968 ProcUtils INFO: Sending SIGTERM to process 21127 and 36 children
[37m[1;38;2;180;140;80m(AReaL)[0m [37m20261002-23:36:23.968 ProcUtils INFO: Sending SIGTERM to process 21133 and 36 children
[37m[1;38;2;180;140;80m(AReaL)[0m [37m20261002-23:36:23.974 ProcUtils INFO: Sending SIGTERM to process 21151 and 36 children
[1;38;2;180;140;80m(AReaL)[0m 20261002-23:36:26.975 ProcUtils WARNING: Force killing 1 processes that didn't terminate gracefully
[1;38;2;180;140;80m(AReaL)[0m 20261002-23:36:26.978 ProcUtils WARNING: Force killing 1 processes that didn't terminate gracefully
[1;38;2;180;140;80m(AReaL)[0m 20261002-23:36:26.984 ProcUtils WARNING: Force killing 1 processes that didn't terminate gracefully
[1;38;2;180;140;80m(AReaL)[0m 20261002-23:36:26.985 ProcUtils WARNING: Force killing 1 processes that didn't terminate gracefully
[37m[1;38;2;180;140;80m(AReaL)[0m [37m20261002-23:36:27.265 ProcUtils INFO: Successfully cleaned up process tree for PID 21151
[37m[1;38;2;180;140;80m(AReaL)[0m [37m20261002-23:36:27.273 ProcUtils INFO: Successfully cleaned up process tree for PID 21143
[37m[1;38;2;180;140;80m(AReaL)[0m [37m20261002-23:36:27.360 ProcUtils INFO: Successfully cleaned up process tree for PID 21127
[37m[1;38;2;180;140;80m(AReaL)[0m [37m20261002-23:36:27.370 ProcUtils INFO: Successfully cleaned up process tree for PID 21133
[34m[1;38;2;180;140;80m(AReaL)[0m [34m20261002-23:36:27.370 LocalScheduler INFO: Successfully deleted workers for role 'actor'
[37m[1;38;2;180;140;80m(AReaL)[0m [37m20261002-23:36:27.371 TrainController INFO: Workers deleted
[37m[1;38;2;180;140;80m(AReaL)[0m [37m20261002-23:36:27.374 TrainController INFO: TrainController destroyed
