2026/10/03 09:17:49.344, 0, 4
2026/10/03 09:17:49.345, 1, 2
2026/10/03 09:17:49.345, 2, 1
2026/10/03 09:17:49.345, 3, 1
2026/10/03 09:17:49.345, 4, 1
2026/10/03 09:17:49.346, 5, 1
2026/10/03 09:17:49.346, 6, 1
2026/10/03 09:17:49.346, 7, 1
2026/10/03 09:17:50.346, 0, 4
2026/10/03 09:17:50.348, 1, 4
2026/10/03 09:17:50.362, 2, 4
2026/10/03 09:17:50.364, 3, 4
2026/10/03 09:17:50.364, 4, 4
2026/10/03 09:17:50.364, 5, 4
2026/10/03 09:17:50.364, 6, 1
2026/10/03 09:17:50.364, 7, 1
2026/10/03 09:17:51.364, 0, 0
2026/10/03 09:17:51.364, 1, 3
2026/10/03 09:17:51.364, 2, 4
2026/10/03 09:17:51.364, 3, 4
2026/10/03 09:17:51.364, 4, 4
2026/10/03 09:17:51.364, 5, 4
2026/10/03 09:17:51.364, 6, 4
2026/10/03 09:17:51.365, 7, 4
2026/10/03 09:17:52.366, 0, 0
2026/10/03 09:17:52.431, 1, 0
2026/10/03 09:17:52.432, 2, 0
2026/10/03 09:17:52.432, 3, 0
2026/10/03 09:17:52.432, 4, 0
2026/10/03 09:17:52.434, 5, 0
2026/10/03 09:17:52.434, 6, 0
2026/10/03 09:17:52.435, 7, 0
2026/10/03 09:17:53.435, 0, 0
2026/10/03 09:17:53.435, 1, 0
2026/10/03 09:17:53.435, 2, 0
2026/10/03 09:17:53.435, 3, 0
2026/10/03 09:17:53.435, 4, 0
2026/10/03 09:17:53.435, 5, 0
2026/10/03 09:17:53.435, 6, 0
2026/10/03 09:17:53.435, 7, 0
2026/10/03 09:17:54.435, 0, 0
2026/10/03 09:17:54.435, 1, 0
2026/10/03 09:17:54.436, 2, 0
2026/10/03 09:17:54.436, 3, 0
2026/10/03 09:17:54.436, 4, 0
2026/10/03 09:17:54.436, 5, 0
2026/10/03 09:17:54.436, 6, 0
2026/10/03 09:17:54.436, 7, 0
2026/10/03 09:17:55.436, 0, 0
2026/10/03 09:17:55.436, 1, 0
2026/10/03 09:17:55.436, 2, 0
2026/10/03 09:17:55.436, 3, 0
2026/10/03 09:17:55.436, 4, 0
2026/10/03 09:17:55.436, 5, 0
2026/10/03 09:17:55.436, 6, 0
2026/10/03 09:17:55.436, 7, 0
2026/10/03 09:17:56.436, 0, 0
2026/10/03 09:17:56.436, 1, 0
2026/10/03 09:17:56.436, 2, 0
2026/10/03 09:17:56.436, 3, 0
2026/10/03 09:17:56.436, 4, 0
2026/10/03 09:17:56.436, 5, 0
2026/10/03 09:17:56.436, 6, 0
2026/10/03 09:17:56.436, 7, 0
2026/10/03 09:17:57.436, 0, 0
2026/10/03 09:17:57.438, 1, 0
2026/10/03 09:17:57.440, 2, 0
2026/10/03 09:17:57.442, 3, 0
2026/10/03 09:17:57.444, 4, 0
2026/10/03 09:17:57.445, 5, 0
2026/10/03 09:17:57.447, 6, 0
2026/10/03 09:17:57.449, 7, 0
2026/10/03 09:17:58.451, 0, 4
2026/10/03 09:17:58.451, 1, 4
2026/10/03 09:17:58.451, 2, 1
2026/10/03 09:17:58.452, 3, 1
2026/10/03 09:17:58.452, 4, 1
2026/10/03 09:17:58.453, 5, 1
2026/10/03 09:17:58.453, 6, 1
2026/10/03 09:17:58.453, 7, 1
2026/10/03 09:17:59.453, 0, 4
2026/10/03 09:17:59.457, 1, 4
2026/10/03 09:17:59.457, 2, 4
2026/10/03 09:17:59.459, 3, 4
2026/10/03 09:17:59.461, 4, 4
2026/10/03 09:17:59.463, 5, 4
2026/10/03 09:17:59.464, 6, 1
2026/10/03 09:17:59.478, 7, 1
2026/10/03 09:18:00.480, 0, 4
2026/10/03 09:18:00.480, 1, 4
2026/10/03 09:18:00.480, 2, 4
2026/10/03 09:18:00.481, 3, 4
2026/10/03 09:18:00.481, 4, 4
2026/10/03 09:18:00.481, 5, 4
2026/10/03 09:18:00.481, 6, 4
2026/10/03 09:18:00.481, 7, 4
2026/10/03 09:18:01.481, 0, 4
2026/10/03 09:18:01.481, 1, 4
2026/10/03 09:18:01.481, 2, 4
2026/10/03 09:18:01.481, 3, 4
2026/10/03 09:18:01.481, 4, 4
2026/10/03 09:18:01.481, 5, 4
2026/10/03 09:18:01.481, 6, 4
2026/10/03 09:18:01.481, 7, 4
2026/10/03 09:18:02.481, 0, 4
2026/10/03 09:18:02.481, 1, 4
2026/10/03 09:18:02.481, 2, 4
2026/10/03 09:18:02.481, 3, 4
2026/10/03 09:18:02.481, 4, 4
2026/10/03 09:18:02.482, 5, 4
2026/10/03 09:18:02.482, 6, 4
2026/10/03 09:18:02.482, 7, 4
2026/10/03 09:18:03.482, 0, 4
2026/10/03 09:18:03.482, 1, 4
2026/10/03 09:18:03.482, 2, 4
2026/10/03 09:18:03.482, 3, 4
2026/10/03 09:18:03.482, 4, 4
2026/10/03 09:18:03.482, 5, 4
2026/10/03 09:18:03.482, 6, 4
2026/10/03 09:18:03.482, 7, 4
2026/10/03 09:18:04.482, 0, 4
2026/10/03 09:18:04.482, 1, 4
2026/10/03 09:18:04.483, 2, 4
2026/10/03 09:18:04.483, 3, 4
2026/10/03 09:18:04.483, 4, 4
2026/10/03 09:18:04.483, 5, 4
2026/10/03 09:18:04.483, 6, 4
2026/10/03 09:18:04.483, 7, 4
2026/10/03 09:18:05.483, 0, 4
2026/10/03 09:18:05.483, 1, 4
2026/10/03 09:18:05.483, 2, 4
2026/10/03 09:18:05.483, 3, 4
2026/10/03 09:18:05.483, 4, 4
2026/10/03 09:18:05.483, 5, 4
2026/10/03 09:18:05.483, 6, 4
2026/10/03 09:18:05.483, 7, 4
2026/10/03 09:18:06.483, 0, 4
2026/10/03 09:18:06.483, 1, 4
2026/10/03 09:18:06.483, 2, 4
2026/10/03 09:18:06.483, 3, 4
2026/10/03 09:18:06.483, 4, 4
2026/10/03 09:18:06.483, 5, 4
2026/10/03 09:18:06.483, 6, 4
2026/10/03 09:18:06.484, 7, 4
2026/10/03 09:18:07.485, 0, 4
2026/10/03 09:18:07.520, 1, 4
2026/10/03 09:18:07.521, 2, 4
2026/10/03 09:18:07.524, 3, 4
2026/10/03 09:18:07.524, 4, 4
2026/10/03 09:18:07.524, 5, 4
2026/10/03 09:18:07.524, 6, 4
2026/10/03 09:18:07.525, 7, 4
2026/10/03 09:18:08.525, 0, 4
2026/10/03 09:18:08.529, 1, 4
2026/10/03 09:18:08.533, 2, 4
2026/10/03 09:18:08.534, 3, 4
2026/10/03 09:18:08.537, 4, 4
2026/10/03 09:18:08.537, 5, 4
2026/10/03 09:18:08.537, 6, 4
2026/10/03 09:18:08.538, 7, 4
2026/10/03 09:18:09.538, 0, 4
2026/10/03 09:18:09.538, 1, 4
2026/10/03 09:18:09.538, 2, 4
2026/10/03 09:18:09.538, 3, 4
2026/10/03 09:18:09.538, 4, 4
2026/10/03 09:18:09.538, 5, 4
2026/10/03 09:18:09.538, 6, 4
2026/10/03 09:18:09.538, 7, 4
2026/10/03 09:18:10.538, 0, 4
2026/10/03 09:18:10.538, 1, 4
2026/10/03 09:18:10.538, 2, 4
2026/10/03 09:18:10.538, 3, 4
2026/10/03 09:18:10.538, 4, 4
2026/10/03 09:18:10.538, 5, 4
2026/10/03 09:18:10.538, 6, 4
2026/10/03 09:18:10.538, 7, 4
2026/10/03 09:18:11.539, 0, 4
2026/10/03 09:18:11.539, 1, 4
2026/10/03 09:18:11.539, 2, 4
2026/10/03 09:18:11.539, 3, 4
2026/10/03 09:18:11.539, 4, 4
2026/10/03 09:18:11.539, 5, 4
2026/10/03 09:18:11.539, 6, 4
2026/10/03 09:18:11.539, 7, 4
2026/10/03 09:18:12.539, 0, 4
2026/10/03 09:18:12.539, 1, 4
2026/10/03 09:18:12.539, 2, 4
2026/10/03 09:18:12.539, 3, 4
2026/10/03 09:18:12.539, 4, 4
2026/10/03 09:18:12.539, 5, 4
2026/10/03 09:18:12.539, 6, 4
2026/10/03 09:18:12.539, 7, 4
2026/10/03 09:18:13.539, 0, 4
2026/10/03 09:18:13.539, 1, 4
2026/10/03 09:18:13.539, 2, 4
2026/10/03 09:18:13.539, 3, 4
2026/10/03 09:18:13.539, 4, 4
2026/10/03 09:18:13.539, 5, 4
2026/10/03 09:18:13.539, 6, 4
2026/10/03 09:18:13.539, 7, 4
2026/10/03 09:18:14.539, 0, 4
2026/10/03 09:18:14.539, 1, 4
2026/10/03 09:18:14.539, 2, 4
2026/10/03 09:18:14.539, 3, 4
2026/10/03 09:18:14.539, 4, 4
2026/10/03 09:18:14.539, 5, 4
2026/10/03 09:18:14.539, 6, 4
2026/10/03 09:18:14.539, 7, 4
2026/10/03 09:18:15.539, 0, 4
2026/10/03 09:18:15.539, 1, 4
2026/10/03 09:18:15.539, 2, 4
2026/10/03 09:18:15.539, 3, 4
2026/10/03 09:18:15.540, 4, 4
2026/10/03 09:18:15.540, 5, 4
2026/10/03 09:18:15.540, 6, 4
2026/10/03 09:18:15.540, 7, 4
2026/10/03 09:18:16.540, 0, 4
2026/10/03 09:18:16.540, 1, 4
2026/10/03 09:18:16.540, 2, 4
2026/10/03 09:18:16.540, 3, 4
2026/10/03 09:18:16.540, 4, 4
2026/10/03 09:18:16.540, 5, 4
2026/10/03 09:18:16.540, 6, 4
2026/10/03 09:18:16.540, 7, 4
2026/10/03 09:18:17.578, 0, 4
2026/10/03 09:18:17.592, 1, 4
2026/10/03 09:18:17.605, 2, 4
2026/10/03 09:18:17.605, 3, 4
2026/10/03 09:18:17.608, 4, 4
2026/10/03 09:18:17.610, 5, 4
2026/10/03 09:18:17.610, 6, 4
2026/10/03 09:18:17.611, 7, 4
2026/10/03 09:18:18.611, 0, 4
2026/10/03 09:18:18.614, 1, 4
2026/10/03 09:18:18.617, 2, 4
2026/10/03 09:18:18.617, 3, 4
2026/10/03 09:18:18.618, 4, 4
2026/10/03 09:18:18.618, 5, 4
2026/10/03 09:18:18.621, 6, 4
2026/10/03 09:18:18.621, 7, 4
2026/10/03 09:18:19.625, 0, 4
2026/10/03 09:18:19.625, 1, 4
2026/10/03 09:18:19.625, 2, 4
2026/10/03 09:18:19.626, 3, 4
2026/10/03 09:18:19.626, 4, 4
2026/10/03 09:18:19.633, 5, 4
2026/10/03 09:18:19.633, 6, 4
2026/10/03 09:18:19.634, 7, 4
2026/10/03 09:18:20.637, 0, 4
2026/10/03 09:18:20.639, 1, 4
2026/10/03 09:18:20.640, 2, 4
2026/10/03 09:18:20.640, 3, 4
2026/10/03 09:18:20.640, 4, 4
2026/10/03 09:18:20.640, 5, 4
2026/10/03 09:18:20.640, 6, 4
2026/10/03 09:18:20.640, 7, 4
2026/10/03 09:18:21.640, 0, 4
2026/10/03 09:18:21.640, 1, 4
2026/10/03 09:18:21.640, 2, 4
2026/10/03 09:18:21.640, 3, 4
2026/10/03 09:18:21.640, 4, 4
2026/10/03 09:18:21.640, 5, 4
2026/10/03 09:18:21.640, 6, 4
2026/10/03 09:18:21.640, 7, 4
2026/10/03 09:18:22.640, 0, 4
2026/10/03 09:18:22.640, 1, 4
2026/10/03 09:18:22.640, 2, 4
2026/10/03 09:18:22.640, 3, 4
2026/10/03 09:18:22.640, 4, 4
2026/10/03 09:18:22.640, 5, 4
2026/10/03 09:18:22.640, 6, 4
2026/10/03 09:18:22.640, 7, 4
2026/10/03 09:18:23.640, 0, 4
2026/10/03 09:18:23.640, 1, 4
2026/10/03 09:18:23.640, 2, 4
2026/10/03 09:18:23.640, 3, 4
2026/10/03 09:18:23.640, 4, 4
2026/10/03 09:18:23.640, 5, 4
2026/10/03 09:18:23.640, 6, 4
2026/10/03 09:18:23.640, 7, 4
2026/10/03 09:18:24.640, 0, 4
2026/10/03 09:18:24.640, 1, 4
2026/10/03 09:18:24.641, 2, 4
2026/10/03 09:18:24.641, 3, 4
2026/10/03 09:18:24.641, 4, 4
2026/10/03 09:18:24.641, 5, 4
2026/10/03 09:18:24.641, 6, 4
2026/10/03 09:18:24.641, 7, 4
2026/10/03 09:18:25.641, 0, 4
2026/10/03 09:18:25.641, 1, 4
2026/10/03 09:18:25.641, 2, 4
2026/10/03 09:18:25.641, 3, 4
2026/10/03 09:18:25.641, 4, 4
2026/10/03 09:18:25.641, 5, 4
2026/10/03 09:18:25.641, 6, 4
2026/10/03 09:18:25.641, 7, 4
2026/10/03 09:18:26.642, 0, 4
2026/10/03 09:18:26.642, 1, 4
2026/10/03 09:18:26.642, 2, 4
2026/10/03 09:18:26.642, 3, 4
2026/10/03 09:18:26.642, 4, 4
2026/10/03 09:18:26.642, 5, 4
2026/10/03 09:18:26.642, 6, 4
2026/10/03 09:18:26.642, 7, 4
2026/10/03 09:18:27.642, 0, 4
2026/10/03 09:18:27.642, 1, 4
2026/10/03 09:18:27.642, 2, 4
2026/10/03 09:18:27.642, 3, 4
2026/10/03 09:18:27.642, 4, 4
2026/10/03 09:18:27.642, 5, 4
2026/10/03 09:18:27.642, 6, 4
2026/10/03 09:18:27.642, 7, 4
2026/10/03 09:18:28.642, 0, 4
2026/10/03 09:18:28.642, 1, 4
2026/10/03 09:18:28.642, 2, 4
2026/10/03 09:18:28.642, 3, 4
2026/10/03 09:18:28.642, 4, 4
2026/10/03 09:18:28.642, 5, 4
2026/10/03 09:18:28.642, 6, 4
2026/10/03 09:18:28.642, 7, 4
2026/10/03 09:18:29.642, 0, 4
2026/10/03 09:18:29.642, 1, 4
2026/10/03 09:18:29.642, 2, 4
2026/10/03 09:18:29.642, 3, 4
2026/10/03 09:18:29.642, 4, 4
2026/10/03 09:18:29.642, 5, 4
2026/10/03 09:18:29.642, 6, 4
2026/10/03 09:18:29.642, 7, 4
2026/10/03 09:18:30.642, 0, 4
2026/10/03 09:18:30.643, 1, 4
2026/10/03 09:18:30.643, 2, 4
2026/10/03 09:18:30.643, 3, 4
2026/10/03 09:18:30.643, 4, 4
2026/10/03 09:18:30.643, 5, 4
2026/10/03 09:18:30.643, 6, 4
2026/10/03 09:18:30.643, 7, 4
2026/10/03 09:18:31.643, 0, 4
2026/10/03 09:18:31.643, 1, 4
2026/10/03 09:18:31.643, 2, 4
2026/10/03 09:18:31.643, 3, 4
2026/10/03 09:18:31.643, 4, 4
2026/10/03 09:18:31.643, 5, 4
2026/10/03 09:18:31.643, 6, 4
2026/10/03 09:18:31.643, 7, 4
2026/10/03 09:18:32.643, 0, 4
2026/10/03 09:18:32.643, 1, 4
2026/10/03 09:18:32.643, 2, 4
2026/10/03 09:18:32.643, 3, 4
2026/10/03 09:18:32.643, 4, 4
2026/10/03 09:18:32.643, 5, 4
2026/10/03 09:18:32.643, 6, 4
2026/10/03 09:18:32.643, 7, 4
2026/10/03 09:18:33.643, 0, 4
2026/10/03 09:18:33.643, 1, 4
2026/10/03 09:18:33.643, 2, 4
2026/10/03 09:18:33.643, 3, 4
2026/10/03 09:18:33.643, 4, 4
2026/10/03 09:18:33.643, 5, 4
2026/10/03 09:18:33.643, 6, 4
2026/10/03 09:18:33.643, 7, 4
2026/10/03 09:18:34.643, 0, 4
2026/10/03 09:18:34.644, 1, 4
2026/10/03 09:18:34.644, 2, 4
2026/10/03 09:18:34.644, 3, 4
2026/10/03 09:18:34.644, 4, 4
2026/10/03 09:18:34.644, 5, 4
2026/10/03 09:18:34.644, 6, 4
2026/10/03 09:18:34.644, 7, 4
2026/10/03 09:18:35.644, 0, 4
2026/10/03 09:18:35.644, 1, 4
2026/10/03 09:18:35.644, 2, 4
2026/10/03 09:18:35.644, 3, 4
2026/10/03 09:18:35.644, 4, 4
2026/10/03 09:18:35.644, 5, 4
2026/10/03 09:18:35.644, 6, 4
2026/10/03 09:18:35.644, 7, 4
2026/10/03 09:18:36.644, 0, 4
2026/10/03 09:18:36.644, 1, 4
2026/10/03 09:18:36.644, 2, 4
2026/10/03 09:18:36.644, 3, 4
2026/10/03 09:18:36.644, 4, 4
2026/10/03 09:18:36.644, 5, 4
2026/10/03 09:18:36.644, 6, 4
2026/10/03 09:18:36.644, 7, 4
2026/10/03 09:18:37.644, 0, 4
2026/10/03 09:18:37.644, 1, 4
2026/10/03 09:18:37.644, 2, 4
2026/10/03 09:18:37.644, 3, 4
2026/10/03 09:18:37.644, 4, 4
2026/10/03 09:18:37.644, 5, 4
2026/10/03 09:18:37.644, 6, 4
2026/10/03 09:18:37.644, 7, 4
2026/10/03 09:18:38.644, 0, 4
2026/10/03 09:18:38.644, 1, 4
2026/10/03 09:18:38.644, 2, 4
2026/10/03 09:18:38.645, 3, 4
2026/10/03 09:18:38.645, 4, 4
2026/10/03 09:18:38.645, 5, 4
2026/10/03 09:18:38.645, 6, 4
2026/10/03 09:18:38.645, 7, 4
2026/10/03 09:18:39.645, 0, 4
2026/10/03 09:18:39.645, 1, 4
2026/10/03 09:18:39.645, 2, 4
2026/10/03 09:18:39.645, 3, 4
2026/10/03 09:18:39.645, 4, 4
2026/10/03 09:18:39.645, 5, 4
2026/10/03 09:18:39.645, 6, 4
2026/10/03 09:18:39.645, 7, 4
2026/10/03 09:18:40.645, 0, 4
2026/10/03 09:18:40.645, 1, 4
2026/10/03 09:18:40.645, 2, 4
2026/10/03 09:18:40.645, 3, 4
2026/10/03 09:18:40.645, 4, 4
2026/10/03 09:18:40.645, 5, 4
2026/10/03 09:18:40.645, 6, 4
2026/10/03 09:18:40.645, 7, 4
2026/10/03 09:18:41.645, 0, 4
2026/10/03 09:18:41.645, 1, 4
2026/10/03 09:18:41.645, 2, 4
2026/10/03 09:18:41.646, 3, 4
2026/10/03 09:18:41.646, 4, 4
2026/10/03 09:18:41.646, 5, 4
2026/10/03 09:18:41.646, 6, 4
2026/10/03 09:18:41.646, 7, 4
2026/10/03 09:18:42.646, 0, 4
2026/10/03 09:18:42.646, 1, 4
2026/10/03 09:18:42.647, 2, 4
2026/10/03 09:18:42.647, 3, 4
2026/10/03 09:18:42.647, 4, 4
2026/10/03 09:18:42.647, 5, 4
2026/10/03 09:18:42.647, 6, 4
2026/10/03 09:18:42.647, 7, 4
2026/10/03 09:18:43.647, 0, 4
2026/10/03 09:18:43.647, 1, 4
2026/10/03 09:18:43.647, 2, 4
2026/10/03 09:18:43.647, 3, 4
2026/10/03 09:18:43.647, 4, 4
2026/10/03 09:18:43.647, 5, 4
2026/10/03 09:18:43.647, 6, 4
2026/10/03 09:18:43.647, 7, 4
2026/10/03 09:18:44.647, 0, 4
2026/10/03 09:18:44.647, 1, 4
2026/10/03 09:18:44.647, 2, 4
2026/10/03 09:18:44.647, 3, 4
2026/10/03 09:18:44.647, 4, 4
2026/10/03 09:18:44.647, 5, 4
2026/10/03 09:18:44.648, 6, 4
2026/10/03 09:18:44.648, 7, 4
2026/10/03 09:18:45.648, 0, 4
2026/10/03 09:18:45.648, 1, 4
2026/10/03 09:18:45.648, 2, 4
2026/10/03 09:18:45.648, 3, 4
2026/10/03 09:18:45.648, 4, 4
2026/10/03 09:18:45.648, 5, 4
2026/10/03 09:18:45.648, 6, 4
2026/10/03 09:18:45.648, 7, 4
2026/10/03 09:18:46.648, 0, 4
2026/10/03 09:18:46.648, 1, 4
2026/10/03 09:18:46.648, 2, 4
2026/10/03 09:18:46.648, 3, 4
2026/10/03 09:18:46.648, 4, 4
2026/10/03 09:18:46.648, 5, 4
2026/10/03 09:18:46.648, 6, 4
2026/10/03 09:18:46.648, 7, 4
2026/10/03 09:18:47.648, 0, 4
2026/10/03 09:18:47.653, 1, 4
2026/10/03 09:18:47.667, 2, 4
2026/10/03 09:18:47.679, 3, 4
2026/10/03 09:18:47.703, 4, 4
2026/10/03 09:18:47.710, 5, 4
2026/10/03 09:18:47.711, 6, 4
2026/10/03 09:18:47.711, 7, 4
2026/10/03 09:18:48.749, 0, 4
2026/10/03 09:18:48.754, 1, 4
2026/10/03 09:18:48.754, 2, 4
2026/10/03 09:18:48.756, 3, 4
2026/10/03 09:18:48.758, 4, 4
2026/10/03 09:18:48.760, 5, 4
2026/10/03 09:18:48.766, 6, 4
2026/10/03 09:18:48.770, 7, 4
2026/10/03 09:18:49.770, 0, 4
2026/10/03 09:18:49.770, 1, 4
2026/10/03 09:18:49.770, 2, 4
2026/10/03 09:18:49.770, 3, 4
2026/10/03 09:18:49.770, 4, 4
2026/10/03 09:18:49.770, 5, 4
2026/10/03 09:18:49.770, 6, 4
2026/10/03 09:18:49.770, 7, 4
2026/10/03 09:18:50.771, 0, 4
2026/10/03 09:18:50.771, 1, 4
2026/10/03 09:18:50.771, 2, 4
2026/10/03 09:18:50.771, 3, 4
2026/10/03 09:18:50.771, 4, 4
2026/10/03 09:18:50.771, 5, 4
2026/10/03 09:18:50.771, 6, 4
2026/10/03 09:18:50.771, 7, 4
2026/10/03 09:18:51.771, 0, 4
2026/10/03 09:18:51.771, 1, 4
2026/10/03 09:18:51.771, 2, 4
2026/10/03 09:18:51.771, 3, 4
2026/10/03 09:18:51.771, 4, 4
2026/10/03 09:18:51.771, 5, 4
2026/10/03 09:18:51.771, 6, 4
2026/10/03 09:18:51.771, 7, 4
2026/10/03 09:18:52.771, 0, 4
2026/10/03 09:18:52.771, 1, 4
2026/10/03 09:18:52.771, 2, 4
2026/10/03 09:18:52.771, 3, 4
2026/10/03 09:18:52.771, 4, 4
2026/10/03 09:18:52.771, 5, 4
2026/10/03 09:18:52.771, 6, 4
2026/10/03 09:18:52.771, 7, 4
2026/10/03 09:18:53.771, 0, 4
2026/10/03 09:18:53.771, 1, 4
2026/10/03 09:18:53.771, 2, 4
2026/10/03 09:18:53.771, 3, 4
2026/10/03 09:18:53.830, 4, 4
2026/10/03 09:18:53.830, 5, 4
2026/10/03 09:18:53.830, 6, 4
2026/10/03 09:18:53.830, 7, 4
2026/10/03 09:18:54.830, 0, 4
2026/10/03 09:18:54.830, 1, 4
2026/10/03 09:18:54.830, 2, 4
2026/10/03 09:18:54.830, 3, 4
2026/10/03 09:18:54.830, 4, 4
2026/10/03 09:18:54.830, 5, 4
2026/10/03 09:18:54.830, 6, 4
2026/10/03 09:18:54.830, 7, 4
2026/10/03 09:18:55.830, 0, 4
2026/10/03 09:18:55.830, 1, 4
2026/10/03 09:18:55.831, 2, 4
2026/10/03 09:18:55.831, 3, 4
2026/10/03 09:18:55.831, 4, 4
2026/10/03 09:18:55.831, 5, 4
2026/10/03 09:18:55.831, 6, 4
2026/10/03 09:18:55.831, 7, 4
2026/10/03 09:18:56.831, 0, 4
2026/10/03 09:18:56.831, 1, 4
2026/10/03 09:18:56.831, 2, 4
2026/10/03 09:18:56.831, 3, 4
2026/10/03 09:18:56.831, 4, 4
2026/10/03 09:18:56.831, 5, 4
2026/10/03 09:18:56.831, 6, 4
2026/10/03 09:18:56.831, 7, 4
2026/10/03 09:18:57.831, 0, 4
2026/10/03 09:18:57.831, 1, 4
2026/10/03 09:18:57.831, 2, 4
2026/10/03 09:18:57.831, 3, 4
2026/10/03 09:18:57.831, 4, 4
2026/10/03 09:18:57.831, 5, 4
2026/10/03 09:18:57.831, 6, 4
2026/10/03 09:18:57.831, 7, 4
2026/10/03 09:18:58.831, 0, 4
2026/10/03 09:18:58.831, 1, 4
2026/10/03 09:18:58.831, 2, 4
2026/10/03 09:18:58.831, 3, 4
2026/10/03 09:18:58.831, 4, 4
2026/10/03 09:18:58.831, 5, 4
2026/10/03 09:18:58.831, 6, 4
2026/10/03 09:18:58.831, 7, 4
2026/10/03 09:18:59.831, 0, 4
2026/10/03 09:18:59.832, 1, 4
2026/10/03 09:18:59.832, 2, 4
2026/10/03 09:18:59.833, 3, 4
2026/10/03 09:18:59.833, 4, 4
2026/10/03 09:18:59.838, 5, 4
2026/10/03 09:18:59.838, 6, 4
2026/10/03 09:18:59.838, 7, 4
2026/10/03 09:19:00.839, 0, 4
2026/10/03 09:19:00.839, 1, 4
2026/10/03 09:19:00.839, 2, 4
2026/10/03 09:19:00.839, 3, 4
2026/10/03 09:19:00.839, 4, 4
2026/10/03 09:19:00.839, 5, 4
2026/10/03 09:19:00.839, 6, 4
2026/10/03 09:19:00.839, 7, 4
2026/10/03 09:19:01.839, 0, 4
2026/10/03 09:19:01.839, 1, 4
2026/10/03 09:19:01.839, 2, 4
2026/10/03 09:19:01.839, 3, 4
2026/10/03 09:19:01.839, 4, 4
2026/10/03 09:19:01.839, 5, 4
2026/10/03 09:19:01.839, 6, 4
2026/10/03 09:19:01.839, 7, 4
2026/10/03 09:19:02.840, 0, 4
2026/10/03 09:19:02.840, 1, 4
2026/10/03 09:19:02.840, 2, 4
2026/10/03 09:19:02.840, 3, 4
2026/10/03 09:19:02.840, 4, 4
2026/10/03 09:19:02.840, 5, 4
2026/10/03 09:19:02.840, 6, 4
2026/10/03 09:19:02.840, 7, 4
2026/10/03 09:19:03.840, 0, 4
2026/10/03 09:19:03.840, 1, 4
2026/10/03 09:19:03.840, 2, 4
2026/10/03 09:19:03.840, 3, 4
2026/10/03 09:19:03.840, 4, 4
2026/10/03 09:19:03.840, 5, 4
2026/10/03 09:19:03.840, 6, 4
2026/10/03 09:19:03.840, 7, 4
2026/10/03 09:19:04.840, 0, 4
2026/10/03 09:19:04.840, 1, 4
2026/10/03 09:19:04.840, 2, 4
2026/10/03 09:19:04.840, 3, 4
2026/10/03 09:19:04.840, 4, 4
2026/10/03 09:19:04.840, 5, 4
2026/10/03 09:19:04.840, 6, 4
2026/10/03 09:19:04.840, 7, 4
2026/10/03 09:19:05.840, 0, 4
2026/10/03 09:19:05.840, 1, 4
2026/10/03 09:19:05.840, 2, 4
2026/10/03 09:19:05.840, 3, 4
2026/10/03 09:19:05.840, 4, 4
2026/10/03 09:19:05.840, 5, 4
2026/10/03 09:19:05.840, 6, 4
2026/10/03 09:19:05.840, 7, 4
2026/10/03 09:19:06.840, 0, 4
2026/10/03 09:19:06.841, 1, 4
2026/10/03 09:19:06.841, 2, 4
2026/10/03 09:19:06.841, 3, 4
2026/10/03 09:19:06.841, 4, 4
2026/10/03 09:19:06.841, 5, 4
2026/10/03 09:19:06.841, 6, 4
2026/10/03 09:19:06.841, 7, 4
2026/10/03 09:19:07.841, 0, 4
2026/10/03 09:19:07.841, 1, 4
2026/10/03 09:19:07.841, 2, 4
2026/10/03 09:19:07.841, 3, 4
2026/10/03 09:19:07.841, 4, 4
2026/10/03 09:19:07.841, 5, 4
2026/10/03 09:19:07.841, 6, 4
2026/10/03 09:19:07.841, 7, 4
2026/10/03 09:19:08.841, 0, 4
2026/10/03 09:19:08.841, 1, 4
2026/10/03 09:19:08.841, 2, 4
2026/10/03 09:19:08.841, 3, 4
2026/10/03 09:19:08.841, 4, 4
2026/10/03 09:19:08.841, 5, 4
2026/10/03 09:19:08.841, 6, 4
2026/10/03 09:19:08.841, 7, 4
2026/10/03 09:19:09.841, 0, 4
2026/10/03 09:19:09.841, 1, 4
2026/10/03 09:19:09.841, 2, 4
2026/10/03 09:19:09.841, 3, 4
2026/10/03 09:19:09.841, 4, 4
2026/10/03 09:19:09.841, 5, 4
2026/10/03 09:19:09.841, 6, 4
2026/10/03 09:19:09.841, 7, 4
2026/10/03 09:19:10.841, 0, 4
2026/10/03 09:19:10.841, 1, 4
2026/10/03 09:19:10.841, 2, 4
2026/10/03 09:19:10.841, 3, 4
2026/10/03 09:19:10.842, 4, 4
2026/10/03 09:19:10.842, 5, 4
2026/10/03 09:19:10.842, 6, 4
2026/10/03 09:19:10.842, 7, 4
2026/10/03 09:19:11.842, 0, 4
2026/10/03 09:19:11.842, 1, 4
2026/10/03 09:19:11.842, 2, 4
2026/10/03 09:19:11.842, 3, 4
2026/10/03 09:19:11.842, 4, 4
2026/10/03 09:19:11.842, 5, 4
2026/10/03 09:19:11.842, 6, 4
2026/10/03 09:19:11.842, 7, 4
2026/10/03 09:19:12.842, 0, 4
2026/10/03 09:19:12.842, 1, 4
2026/10/03 09:19:12.842, 2, 4
2026/10/03 09:19:12.842, 3, 4
2026/10/03 09:19:12.842, 4, 4
2026/10/03 09:19:12.842, 5, 4
2026/10/03 09:19:12.842, 6, 4
2026/10/03 09:19:12.842, 7, 4
2026/10/03 09:19:13.842, 0, 4
2026/10/03 09:19:13.842, 1, 4
2026/10/03 09:19:13.842, 2, 4
2026/10/03 09:19:13.842, 3, 4
2026/10/03 09:19:13.842, 4, 4
2026/10/03 09:19:13.842, 5, 4
2026/10/03 09:19:13.842, 6, 4
2026/10/03 09:19:13.842, 7, 4
2026/10/03 09:19:14.842, 0, 4
2026/10/03 09:19:14.842, 1, 4
2026/10/03 09:19:14.842, 2, 4
2026/10/03 09:19:14.842, 3, 4
2026/10/03 09:19:14.842, 4, 4
2026/10/03 09:19:14.843, 5, 4
2026/10/03 09:19:14.843, 6, 4
2026/10/03 09:19:14.843, 7, 4
2026/10/03 09:19:15.843, 0, 4
2026/10/03 09:19:15.843, 1, 4
2026/10/03 09:19:15.843, 2, 4
2026/10/03 09:19:15.843, 3, 4
2026/10/03 09:19:15.843, 4, 4
2026/10/03 09:19:15.843, 5, 4
2026/10/03 09:19:15.843, 6, 4
2026/10/03 09:19:15.843, 7, 4
2026/10/03 09:19:16.844, 0, 4
2026/10/03 09:19:16.844, 1, 4
2026/10/03 09:19:16.845, 2, 4
2026/10/03 09:19:16.845, 3, 4
2026/10/03 09:19:16.845, 4, 4
2026/10/03 09:19:16.845, 5, 4
2026/10/03 09:19:16.845, 6, 4
2026/10/03 09:19:16.845, 7, 4
2026/10/03 09:19:17.845, 0, 4
2026/10/03 09:19:17.852, 1, 4
2026/10/03 09:19:17.863, 2, 4
2026/10/03 09:19:17.880, 3, 4
2026/10/03 09:19:17.893, 4, 4
2026/10/03 09:19:17.906, 5, 4
2026/10/03 09:19:17.908, 6, 4
2026/10/03 09:19:17.923, 7, 4
2026/10/03 09:19:18.937, 0, 22
2026/10/03 09:19:18.951, 1, 22
2026/10/03 09:19:18.952, 2, 22
2026/10/03 09:19:18.957, 3, 22
2026/10/03 09:19:18.973, 4, 4
2026/10/03 09:19:18.979, 5, 4
2026/10/03 09:19:18.985, 6, 4
2026/10/03 09:19:18.991, 7, 4
2026/10/03 09:19:19.997, 0, 716
2026/10/03 09:19:19.997, 1, 716
2026/10/03 09:19:19.999, 2, 716
2026/10/03 09:19:20.000, 3, 716
2026/10/03 09:19:20.001, 4, 4
2026/10/03 09:19:20.003, 5, 4
2026/10/03 09:19:20.004, 6, 4
2026/10/03 09:19:20.006, 7, 4
2026/10/03 09:19:21.008, 0, 2274
2026/10/03 09:19:21.008, 1, 2322
2026/10/03 09:19:21.008, 2, 2322
2026/10/03 09:19:21.008, 3, 2082
2026/10/03 09:19:21.008, 4, 4
2026/10/03 09:19:21.008, 5, 4
2026/10/03 09:19:21.008, 6, 4
2026/10/03 09:19:21.008, 7, 4
2026/10/03 09:19:22.008, 0, 11246
2026/10/03 09:19:22.008, 1, 11294
2026/10/03 09:19:22.008, 2, 11294
2026/10/03 09:19:22.008, 3, 11054
2026/10/03 09:19:22.008, 4, 4
2026/10/03 09:19:22.008, 5, 4
2026/10/03 09:19:22.008, 6, 4
2026/10/03 09:19:22.008, 7, 4
2026/10/03 09:19:23.008, 0, 12034
2026/10/03 09:19:23.008, 1, 12130
2026/10/03 09:19:23.008, 2, 12130
2026/10/03 09:19:23.008, 3, 11650
2026/10/03 09:19:23.008, 4, 4
2026/10/03 09:19:23.008, 5, 4
2026/10/03 09:19:23.008, 6, 4
2026/10/03 09:19:23.008, 7, 4
2026/10/03 09:19:24.008, 0, 19318
2026/10/03 09:19:24.008, 1, 19462
2026/10/03 09:19:24.008, 2, 19462
2026/10/03 09:19:24.008, 3, 18742
2026/10/03 09:19:24.008, 4, 4
2026/10/03 09:19:24.008, 5, 4
2026/10/03 09:19:24.008, 6, 4
2026/10/03 09:19:24.008, 7, 4
2026/10/03 09:19:25.009, 0, 19318
2026/10/03 09:19:25.009, 1, 19462
2026/10/03 09:19:25.009, 2, 19462
2026/10/03 09:19:25.009, 3, 18742
2026/10/03 09:19:25.009, 4, 4
2026/10/03 09:19:25.009, 5, 4
2026/10/03 09:19:25.009, 6, 4
2026/10/03 09:19:25.009, 7, 4
2026/10/03 09:19:26.009, 0, 19318
2026/10/03 09:19:26.009, 1, 19462
2026/10/03 09:19:26.010, 2, 19462
2026/10/03 09:19:26.012, 3, 18742
2026/10/03 09:19:26.013, 4, 4
2026/10/03 09:19:26.015, 5, 4
2026/10/03 09:19:26.016, 6, 4
2026/10/03 09:19:26.017, 7, 4
2026/10/03 09:19:27.018, 0, 19318
2026/10/03 09:19:27.018, 1, 19462
2026/10/03 09:19:27.018, 2, 19462
2026/10/03 09:19:27.018, 3, 18742
2026/10/03 09:19:27.018, 4, 4
2026/10/03 09:19:27.018, 5, 4
2026/10/03 09:19:27.018, 6, 4
2026/10/03 09:19:27.018, 7, 4
2026/10/03 09:19:28.018, 0, 19318
2026/10/03 09:19:28.018, 1, 19462
2026/10/03 09:19:28.018, 2, 19462
2026/10/03 09:19:28.018, 3, 18742
2026/10/03 09:19:28.018, 4, 4
2026/10/03 09:19:28.018, 5, 4
2026/10/03 09:19:28.018, 6, 4
2026/10/03 09:19:28.018, 7, 4
2026/10/03 09:19:29.019, 0, 19318
2026/10/03 09:19:29.019, 1, 19462
2026/10/03 09:19:29.019, 2, 19462
2026/10/03 09:19:29.019, 3, 18742
2026/10/03 09:19:29.019, 4, 4
2026/10/03 09:19:29.020, 5, 4
2026/10/03 09:19:29.021, 6, 4
2026/10/03 09:19:29.021, 7, 4
2026/10/03 09:19:30.022, 0, 19318
2026/10/03 09:19:30.023, 1, 19462
2026/10/03 09:19:30.023, 2, 19462
2026/10/03 09:19:30.023, 3, 18742
2026/10/03 09:19:30.023, 4, 4
2026/10/03 09:19:30.023, 5, 4
2026/10/03 09:19:30.023, 6, 4
2026/10/03 09:19:30.023, 7, 4
2026/10/03 09:19:31.023, 0, 19318
2026/10/03 09:19:31.023, 1, 19462
2026/10/03 09:19:31.023, 2, 19462
2026/10/03 09:19:31.023, 3, 18742
2026/10/03 09:19:31.023, 4, 4
2026/10/03 09:19:31.023, 5, 4
2026/10/03 09:19:31.023, 6, 4
2026/10/03 09:19:31.023, 7, 4
2026/10/03 09:19:32.023, 0, 19318
2026/10/03 09:19:32.023, 1, 19462
2026/10/03 09:19:32.023, 2, 19462
2026/10/03 09:19:32.023, 3, 18742
2026/10/03 09:19:32.023, 4, 4
2026/10/03 09:19:32.023, 5, 4
2026/10/03 09:19:32.023, 6, 4
2026/10/03 09:19:32.023, 7, 4
2026/10/03 09:19:33.023, 0, 19318
2026/10/03 09:19:33.023, 1, 19462
2026/10/03 09:19:33.023, 2, 19462
2026/10/03 09:19:33.023, 3, 18742
2026/10/03 09:19:33.023, 4, 4
2026/10/03 09:19:33.023, 5, 4
2026/10/03 09:19:33.023, 6, 4
2026/10/03 09:19:33.023, 7, 4
2026/10/03 09:19:34.023, 0, 19318
2026/10/03 09:19:34.023, 1, 19462
2026/10/03 09:19:34.023, 2, 19462
2026/10/03 09:19:34.024, 3, 18742
2026/10/03 09:19:34.024, 4, 4
2026/10/03 09:19:34.024, 5, 4
2026/10/03 09:19:34.024, 6, 4
2026/10/03 09:19:34.025, 7, 4
2026/10/03 09:19:35.025, 0, 19318
2026/10/03 09:19:35.025, 1, 19462
2026/10/03 09:19:35.025, 2, 19462
2026/10/03 09:19:35.025, 3, 18742
2026/10/03 09:19:35.025, 4, 4
2026/10/03 09:19:35.025, 5, 4
2026/10/03 09:19:35.025, 6, 4
2026/10/03 09:19:35.025, 7, 4
2026/10/03 09:19:36.026, 0, 19318
2026/10/03 09:19:36.026, 1, 19462
2026/10/03 09:19:36.026, 2, 19462
2026/10/03 09:19:36.026, 3, 18742
2026/10/03 09:19:36.026, 4, 4
2026/10/03 09:19:36.026, 5, 4
2026/10/03 09:19:36.026, 6, 4
2026/10/03 09:19:36.026, 7, 4
2026/10/03 09:19:37.026, 0, 19318
2026/10/03 09:19:37.027, 1, 19462
2026/10/03 09:19:37.028, 2, 19462
2026/10/03 09:19:37.029, 3, 18742
2026/10/03 09:19:37.031, 4, 4
2026/10/03 09:19:37.032, 5, 4
2026/10/03 09:19:37.034, 6, 4
2026/10/03 09:19:37.035, 7, 4
2026/10/03 09:19:38.036, 0, 19318
2026/10/03 09:19:38.037, 1, 19462
2026/10/03 09:19:38.037, 2, 19462
2026/10/03 09:19:38.037, 3, 18742
2026/10/03 09:19:38.037, 4, 4
2026/10/03 09:19:38.037, 5, 4
2026/10/03 09:19:38.037, 6, 4
2026/10/03 09:19:38.037, 7, 4
2026/10/03 09:19:39.037, 0, 19318
2026/10/03 09:19:39.037, 1, 19462
2026/10/03 09:19:39.037, 2, 19462
2026/10/03 09:19:39.037, 3, 18742
2026/10/03 09:19:39.037, 4, 4
2026/10/03 09:19:39.037, 5, 4
2026/10/03 09:19:39.037, 6, 4
2026/10/03 09:19:39.037, 7, 4
2026/10/03 09:19:40.037, 0, 19318
2026/10/03 09:19:40.037, 1, 19462
2026/10/03 09:19:40.037, 2, 19462
2026/10/03 09:19:40.037, 3, 18742
2026/10/03 09:19:40.037, 4, 4
2026/10/03 09:19:40.037, 5, 4
2026/10/03 09:19:40.037, 6, 4
2026/10/03 09:19:40.037, 7, 4
2026/10/03 09:19:41.037, 0, 19318
2026/10/03 09:19:41.037, 1, 19462
2026/10/03 09:19:41.037, 2, 19462
2026/10/03 09:19:41.037, 3, 18742
2026/10/03 09:19:41.037, 4, 4
2026/10/03 09:19:41.037, 5, 4
2026/10/03 09:19:41.037, 6, 4
2026/10/03 09:19:41.037, 7, 4
2026/10/03 09:19:42.037, 0, 19318
2026/10/03 09:19:42.038, 1, 19462
2026/10/03 09:19:42.038, 2, 19462
2026/10/03 09:19:42.038, 3, 18742
2026/10/03 09:19:42.038, 4, 4
2026/10/03 09:19:42.038, 5, 4
2026/10/03 09:19:42.038, 6, 4
2026/10/03 09:19:42.038, 7, 4
2026/10/03 09:19:43.038, 0, 19318
2026/10/03 09:19:43.038, 1, 19462
2026/10/03 09:19:43.038, 2, 19462
2026/10/03 09:19:43.038, 3, 18742
2026/10/03 09:19:43.038, 4, 4
2026/10/03 09:19:43.038, 5, 4
2026/10/03 09:19:43.038, 6, 4
2026/10/03 09:19:43.038, 7, 4
2026/10/03 09:19:44.038, 0, 19318
2026/10/03 09:19:44.038, 1, 19462
2026/10/03 09:19:44.038, 2, 19462
2026/10/03 09:19:44.038, 3, 18742
2026/10/03 09:19:44.038, 4, 4
2026/10/03 09:19:44.038, 5, 4
2026/10/03 09:19:44.038, 6, 4
2026/10/03 09:19:44.038, 7, 4
2026/10/03 09:19:45.038, 0, 19318
2026/10/03 09:19:45.038, 1, 19462
2026/10/03 09:19:45.038, 2, 19462
2026/10/03 09:19:45.038, 3, 18742
2026/10/03 09:19:45.038, 4, 4
2026/10/03 09:19:45.038, 5, 4
2026/10/03 09:19:45.038, 6, 4
2026/10/03 09:19:45.038, 7, 4
2026/10/03 09:19:46.038, 0, 19318
2026/10/03 09:19:46.039, 1, 19462
2026/10/03 09:19:46.040, 2, 19462
2026/10/03 09:19:46.041, 3, 18742
2026/10/03 09:19:46.042, 4, 4
2026/10/03 09:19:46.043, 5, 4
2026/10/03 09:19:46.043, 6, 4
2026/10/03 09:19:46.043, 7, 4
2026/10/03 09:19:47.043, 0, 19318
2026/10/03 09:19:47.043, 1, 19462
2026/10/03 09:19:47.043, 2, 19462
2026/10/03 09:19:47.043, 3, 18742
2026/10/03 09:19:47.043, 4, 4
2026/10/03 09:19:47.043, 5, 4
2026/10/03 09:19:47.043, 6, 4
2026/10/03 09:19:47.043, 7, 4
2026/10/03 09:19:48.044, 0, 19318
2026/10/03 09:19:48.044, 1, 19462
2026/10/03 09:19:48.045, 2, 19462
2026/10/03 09:19:48.048, 3, 18742
2026/10/03 09:19:48.049, 4, 4
2026/10/03 09:19:48.052, 5, 4
2026/10/03 09:19:48.054, 6, 4
2026/10/03 09:19:48.056, 7, 4
2026/10/03 09:19:49.058, 0, 19318
2026/10/03 09:19:49.059, 1, 19462
2026/10/03 09:19:49.059, 2, 19462
2026/10/03 09:19:49.059, 3, 18742
2026/10/03 09:19:49.059, 4, 4
2026/10/03 09:19:49.059, 5, 4
2026/10/03 09:19:49.059, 6, 4
2026/10/03 09:19:49.059, 7, 4
2026/10/03 09:19:50.059, 0, 19318
2026/10/03 09:19:50.059, 1, 19462
2026/10/03 09:19:50.059, 2, 19462
2026/10/03 09:19:50.059, 3, 18742
2026/10/03 09:19:50.059, 4, 4
2026/10/03 09:19:50.059, 5, 4
2026/10/03 09:19:50.059, 6, 4
2026/10/03 09:19:50.059, 7, 4
2026/10/03 09:19:51.059, 0, 19318
2026/10/03 09:19:51.060, 1, 19462
2026/10/03 09:19:51.060, 2, 19462
2026/10/03 09:19:51.060, 3, 18742
2026/10/03 09:19:51.060, 4, 4
2026/10/03 09:19:51.060, 5, 4
2026/10/03 09:19:51.060, 6, 4
2026/10/03 09:19:51.060, 7, 4
2026/10/03 09:19:52.061, 0, 19318
2026/10/03 09:19:52.063, 1, 19462
2026/10/03 09:19:52.063, 2, 19462
2026/10/03 09:19:52.063, 3, 18742
2026/10/03 09:19:52.063, 4, 4
2026/10/03 09:19:52.063, 5, 4
2026/10/03 09:19:52.063, 6, 4
2026/10/03 09:19:52.064, 7, 4
2026/10/03 09:19:53.064, 0, 19318
2026/10/03 09:19:53.064, 1, 19462
2026/10/03 09:19:53.064, 2, 19462
2026/10/03 09:19:53.064, 3, 18742
2026/10/03 09:19:53.064, 4, 4
2026/10/03 09:19:53.064, 5, 4
2026/10/03 09:19:53.064, 6, 4
2026/10/03 09:19:53.064, 7, 4
2026/10/03 09:19:54.064, 0, 19318
2026/10/03 09:19:54.064, 1, 19462
2026/10/03 09:19:54.064, 2, 19462
2026/10/03 09:19:54.064, 3, 18742
2026/10/03 09:19:54.064, 4, 4
2026/10/03 09:19:54.064, 5, 4
2026/10/03 09:19:54.064, 6, 4
2026/10/03 09:19:54.064, 7, 4
2026/10/03 09:19:55.065, 0, 19318
2026/10/03 09:19:55.065, 1, 19462
2026/10/03 09:19:55.065, 2, 19462
2026/10/03 09:19:55.065, 3, 18742
2026/10/03 09:19:55.065, 4, 4
2026/10/03 09:19:55.065, 5, 4
2026/10/03 09:19:55.065, 6, 4
2026/10/03 09:19:55.065, 7, 4
2026/10/03 09:19:56.065, 0, 19318
2026/10/03 09:19:56.065, 1, 19462
2026/10/03 09:19:56.065, 2, 19462
2026/10/03 09:19:56.065, 3, 18742
2026/10/03 09:19:56.065, 4, 4
2026/10/03 09:19:56.065, 5, 4
2026/10/03 09:19:56.065, 6, 4
2026/10/03 09:19:56.065, 7, 4
2026/10/03 09:19:57.065, 0, 19318
2026/10/03 09:19:57.067, 1, 19462
2026/10/03 09:19:57.067, 2, 19462
2026/10/03 09:19:57.067, 3, 18742
2026/10/03 09:19:57.067, 4, 4
2026/10/03 09:19:57.067, 5, 4
2026/10/03 09:19:57.067, 6, 4
2026/10/03 09:19:57.067, 7, 4
2026/10/03 09:19:58.067, 0, 19318
2026/10/03 09:19:58.067, 1, 19462
2026/10/03 09:19:58.067, 2, 19462
2026/10/03 09:19:58.067, 3, 18742
2026/10/03 09:19:58.067, 4, 4
2026/10/03 09:19:58.067, 5, 4
2026/10/03 09:19:58.067, 6, 4
2026/10/03 09:19:58.067, 7, 4
2026/10/03 09:19:59.067, 0, 19318
2026/10/03 09:19:59.069, 1, 19462
2026/10/03 09:19:59.069, 2, 19462
2026/10/03 09:19:59.069, 3, 18742
2026/10/03 09:19:59.069, 4, 4
2026/10/03 09:19:59.069, 5, 4
2026/10/03 09:19:59.069, 6, 4
2026/10/03 09:19:59.069, 7, 4
2026/10/03 09:20:00.069, 0, 19318
2026/10/03 09:20:00.069, 1, 19462
2026/10/03 09:20:00.069, 2, 19462
2026/10/03 09:20:00.069, 3, 18742
2026/10/03 09:20:00.069, 4, 4
2026/10/03 09:20:00.069, 5, 4
2026/10/03 09:20:00.069, 6, 4
2026/10/03 09:20:00.069, 7, 4
2026/10/03 09:20:01.070, 0, 19318
2026/10/03 09:20:01.070, 1, 19462
2026/10/03 09:20:01.070, 2, 19462
2026/10/03 09:20:01.070, 3, 18742
2026/10/03 09:20:01.070, 4, 4
2026/10/03 09:20:01.070, 5, 4
2026/10/03 09:20:01.070, 6, 4
2026/10/03 09:20:01.070, 7, 4
2026/10/03 09:20:02.070, 0, 19318
2026/10/03 09:20:02.070, 1, 19462
2026/10/03 09:20:02.070, 2, 19462
2026/10/03 09:20:02.070, 3, 18742
2026/10/03 09:20:02.070, 4, 690
2026/10/03 09:20:02.070, 5, 690
2026/10/03 09:20:02.070, 6, 526
2026/10/03 09:20:02.070, 7, 24
2026/10/03 09:20:03.070, 0, 19318
2026/10/03 09:20:03.070, 1, 19462
2026/10/03 09:20:03.070, 2, 19462
2026/10/03 09:20:03.070, 3, 18742
2026/10/03 09:20:03.071, 4, 3788
2026/10/03 09:20:03.071, 5, 3788
2026/10/03 09:20:03.071, 6, 3788
2026/10/03 09:20:03.071, 7, 3788
2026/10/03 09:20:04.071, 0, 19318
2026/10/03 09:20:04.071, 1, 19462
2026/10/03 09:20:04.071, 2, 19462
2026/10/03 09:20:04.071, 3, 18742
2026/10/03 09:20:04.071, 4, 115498
2026/10/03 09:20:04.071, 5, 115498
2026/10/03 09:20:04.071, 6, 115498
2026/10/03 09:20:04.071, 7, 115498
2026/10/03 09:20:05.071, 0, 19318
2026/10/03 09:20:05.071, 1, 19462
2026/10/03 09:20:05.071, 2, 19462
2026/10/03 09:20:05.071, 3, 18742
2026/10/03 09:20:05.071, 4, 115626
2026/10/03 09:20:05.071, 5, 115624
2026/10/03 09:20:05.071, 6, 115624
2026/10/03 09:20:05.071, 7, 115630
2026/10/03 09:20:06.071, 0, 19318
2026/10/03 09:20:06.071, 1, 19462
2026/10/03 09:20:06.071, 2, 19462
2026/10/03 09:20:06.071, 3, 18742
2026/10/03 09:20:06.071, 4, 115780
2026/10/03 09:20:06.071, 5, 115778
2026/10/03 09:20:06.071, 6, 115770
2026/10/03 09:20:06.071, 7, 115768
2026/10/03 09:20:07.071, 0, 19318
2026/10/03 09:20:07.072, 1, 19462
2026/10/03 09:20:07.072, 2, 19462
2026/10/03 09:20:07.072, 3, 18742
2026/10/03 09:20:07.072, 4, 115810
2026/10/03 09:20:07.072, 5, 115810
2026/10/03 09:20:07.072, 6, 115810
2026/10/03 09:20:07.072, 7, 115810
2026/10/03 09:20:08.072, 0, 19318
2026/10/03 09:20:08.072, 1, 19462
2026/10/03 09:20:08.072, 2, 19462
2026/10/03 09:20:08.072, 3, 18742
2026/10/03 09:20:08.072, 4, 115812
2026/10/03 09:20:08.072, 5, 115810
2026/10/03 09:20:08.072, 6, 115810
2026/10/03 09:20:08.072, 7, 115812
2026/10/03 09:20:09.072, 0, 19318
2026/10/03 09:20:09.072, 1, 19462
2026/10/03 09:20:09.072, 2, 19462
2026/10/03 09:20:09.072, 3, 18742
2026/10/03 09:20:09.072, 4, 115812
2026/10/03 09:20:09.072, 5, 115812
2026/10/03 09:20:09.072, 6, 115812
2026/10/03 09:20:09.072, 7, 115812
2026/10/03 09:20:10.072, 0, 19318
2026/10/03 09:20:10.072, 1, 19462
2026/10/03 09:20:10.072, 2, 19462
2026/10/03 09:20:10.072, 3, 18742
2026/10/03 09:20:10.072, 4, 115878
2026/10/03 09:20:10.072, 5, 115878
2026/10/03 09:20:10.072, 6, 115878
2026/10/03 09:20:10.072, 7, 115878
2026/10/03 09:20:11.072, 0, 19318
2026/10/03 09:20:11.072, 1, 19462
2026/10/03 09:20:11.072, 2, 19462
2026/10/03 09:20:11.072, 3, 18742
2026/10/03 09:20:11.072, 4, 115910
2026/10/03 09:20:11.073, 5, 115910
2026/10/03 09:20:11.073, 6, 115910
2026/10/03 09:20:11.073, 7, 115910
2026/10/03 09:20:12.073, 0, 19318
2026/10/03 09:20:12.073, 1, 19462
2026/10/03 09:20:12.073, 2, 19462
2026/10/03 09:20:12.073, 3, 18742
2026/10/03 09:20:12.073, 4, 115942
2026/10/03 09:20:12.073, 5, 115942
2026/10/03 09:20:12.073, 6, 115942
2026/10/03 09:20:12.073, 7, 115942
2026/10/03 09:20:13.073, 0, 19318
2026/10/03 09:20:13.073, 1, 19462
2026/10/03 09:20:13.073, 2, 19462
2026/10/03 09:20:13.073, 3, 18742
2026/10/03 09:20:13.073, 4, 115942
2026/10/03 09:20:13.073, 5, 115942
2026/10/03 09:20:13.073, 6, 115942
2026/10/03 09:20:13.073, 7, 115942
2026/10/03 09:20:14.074, 0, 19318
2026/10/03 09:20:14.074, 1, 19462
2026/10/03 09:20:14.074, 2, 19462
2026/10/03 09:20:14.074, 3, 18742
2026/10/03 09:20:14.074, 4, 115942
2026/10/03 09:20:14.074, 5, 115942
2026/10/03 09:20:14.074, 6, 115942
2026/10/03 09:20:14.074, 7, 115942
2026/10/03 09:20:15.074, 0, 19318
2026/10/03 09:20:15.074, 1, 19462
2026/10/03 09:20:15.074, 2, 19462
2026/10/03 09:20:15.074, 3, 18742
2026/10/03 09:20:15.074, 4, 115942
2026/10/03 09:20:15.074, 5, 115942
2026/10/03 09:20:15.074, 6, 115942
2026/10/03 09:20:15.074, 7, 115942
2026/10/03 09:20:16.074, 0, 19318
2026/10/03 09:20:16.074, 1, 19462
2026/10/03 09:20:16.074, 2, 19462
2026/10/03 09:20:16.074, 3, 18742
2026/10/03 09:20:16.074, 4, 115942
2026/10/03 09:20:16.074, 5, 115942
2026/10/03 09:20:16.074, 6, 115942
2026/10/03 09:20:16.074, 7, 115942
2026/10/03 09:20:17.074, 0, 19318
2026/10/03 09:20:17.074, 1, 19462
2026/10/03 09:20:17.074, 2, 19462
2026/10/03 09:20:17.074, 3, 18742
2026/10/03 09:20:17.074, 4, 115942
2026/10/03 09:20:17.074, 5, 115942
2026/10/03 09:20:17.074, 6, 115942
2026/10/03 09:20:17.074, 7, 115942
2026/10/03 09:20:18.074, 0, 19318
2026/10/03 09:20:18.075, 1, 19462
2026/10/03 09:20:18.076, 2, 19462
2026/10/03 09:20:18.076, 3, 18742
2026/10/03 09:20:18.077, 4, 115942
2026/10/03 09:20:18.078, 5, 115942
2026/10/03 09:20:18.081, 6, 115942
2026/10/03 09:20:18.082, 7, 115942
2026/10/03 09:20:19.083, 0, 19318
2026/10/03 09:20:19.084, 1, 19462
2026/10/03 09:20:19.084, 2, 19462
2026/10/03 09:20:19.084, 3, 18742
2026/10/03 09:20:19.084, 4, 115942
2026/10/03 09:20:19.084, 5, 115942
2026/10/03 09:20:19.084, 6, 115942
2026/10/03 09:20:19.084, 7, 115942
2026/10/03 09:20:20.084, 0, 19318
2026/10/03 09:20:20.085, 1, 19462
2026/10/03 09:20:20.085, 2, 19462
2026/10/03 09:20:20.085, 3, 18742
2026/10/03 09:20:20.085, 4, 115942
2026/10/03 09:20:20.085, 5, 115942
2026/10/03 09:20:20.085, 6, 115942
2026/10/03 09:20:20.085, 7, 115942
2026/10/03 09:20:21.085, 0, 19318
2026/10/03 09:20:21.086, 1, 19462
2026/10/03 09:20:21.086, 2, 19462
2026/10/03 09:20:21.086, 3, 18742
2026/10/03 09:20:21.086, 4, 115942
2026/10/03 09:20:21.087, 5, 115942
2026/10/03 09:20:21.087, 6, 115942
2026/10/03 09:20:21.087, 7, 115942
2026/10/03 09:20:22.087, 0, 19318
2026/10/03 09:20:22.088, 1, 19462
2026/10/03 09:20:22.089, 2, 19462
2026/10/03 09:20:22.090, 3, 18742
2026/10/03 09:20:22.093, 4, 115942
2026/10/03 09:20:22.093, 5, 115942
2026/10/03 09:20:22.093, 6, 115942
2026/10/03 09:20:22.093, 7, 115942
2026/10/03 09:20:23.093, 0, 19318
2026/10/03 09:20:23.093, 1, 19462
2026/10/03 09:20:23.093, 2, 19462
2026/10/03 09:20:23.093, 3, 18742
2026/10/03 09:20:23.093, 4, 115942
2026/10/03 09:20:23.093, 5, 115942
2026/10/03 09:20:23.093, 6, 115942
2026/10/03 09:20:23.093, 7, 115942
2026/10/03 09:20:24.093, 0, 19318
2026/10/03 09:20:24.093, 1, 19462
2026/10/03 09:20:24.093, 2, 19462
2026/10/03 09:20:24.093, 3, 18742
2026/10/03 09:20:24.093, 4, 115942
2026/10/03 09:20:24.093, 5, 115942
2026/10/03 09:20:24.093, 6, 115942
2026/10/03 09:20:24.093, 7, 115942
2026/10/03 09:20:25.093, 0, 19318
2026/10/03 09:20:25.094, 1, 19462
2026/10/03 09:20:25.094, 2, 19462
2026/10/03 09:20:25.094, 3, 18742
2026/10/03 09:20:25.094, 4, 115942
2026/10/03 09:20:25.094, 5, 115942
2026/10/03 09:20:25.094, 6, 115942
2026/10/03 09:20:25.094, 7, 115942
2026/10/03 09:20:26.094, 0, 19318
2026/10/03 09:20:26.094, 1, 19462
2026/10/03 09:20:26.094, 2, 19462
2026/10/03 09:20:26.094, 3, 18742
2026/10/03 09:20:26.094, 4, 115942
2026/10/03 09:20:26.094, 5, 115942
2026/10/03 09:20:26.094, 6, 115942
2026/10/03 09:20:26.094, 7, 115942
2026/10/03 09:20:27.094, 0, 19318
2026/10/03 09:20:27.094, 1, 19462
2026/10/03 09:20:27.094, 2, 19462
2026/10/03 09:20:27.094, 3, 18742
2026/10/03 09:20:27.094, 4, 115942
2026/10/03 09:20:27.094, 5, 115942
2026/10/03 09:20:27.094, 6, 115942
2026/10/03 09:20:27.094, 7, 115942
2026/10/03 09:20:28.094, 0, 19318
2026/10/03 09:20:28.094, 1, 19462
2026/10/03 09:20:28.094, 2, 19462
2026/10/03 09:20:28.094, 3, 18742
2026/10/03 09:20:28.094, 4, 115942
2026/10/03 09:20:28.094, 5, 115942
2026/10/03 09:20:28.094, 6, 115942
2026/10/03 09:20:28.094, 7, 115942
2026/10/03 09:20:29.094, 0, 19318
2026/10/03 09:20:29.094, 1, 19462
2026/10/03 09:20:29.094, 2, 19462
2026/10/03 09:20:29.094, 3, 18742
2026/10/03 09:20:29.095, 4, 115942
2026/10/03 09:20:29.095, 5, 115942
2026/10/03 09:20:29.095, 6, 115942
2026/10/03 09:20:29.095, 7, 115942
2026/10/03 09:20:30.095, 0, 19318
2026/10/03 09:20:30.095, 1, 19462
2026/10/03 09:20:30.095, 2, 19462
2026/10/03 09:20:30.095, 3, 18742
2026/10/03 09:20:30.095, 4, 115942
2026/10/03 09:20:30.095, 5, 115942
2026/10/03 09:20:30.095, 6, 115942
2026/10/03 09:20:30.095, 7, 115942
2026/10/03 09:20:31.095, 0, 19318
2026/10/03 09:20:31.095, 1, 19462
2026/10/03 09:20:31.095, 2, 19462
2026/10/03 09:20:31.095, 3, 18742
2026/10/03 09:20:31.095, 4, 115942
2026/10/03 09:20:31.095, 5, 115942
2026/10/03 09:20:31.095, 6, 115942
2026/10/03 09:20:31.095, 7, 115942
2026/10/03 09:20:32.095, 0, 19318
2026/10/03 09:20:32.096, 1, 19462
2026/10/03 09:20:32.096, 2, 19462
2026/10/03 09:20:32.097, 3, 18742
2026/10/03 09:20:32.100, 4, 115942
2026/10/03 09:20:32.102, 5, 115942
2026/10/03 09:20:32.103, 6, 115942
2026/10/03 09:20:32.105, 7, 115942
2026/10/03 09:20:33.107, 0, 19318
2026/10/03 09:20:33.107, 1, 19462
2026/10/03 09:20:33.107, 2, 19462
2026/10/03 09:20:33.107, 3, 18742
2026/10/03 09:20:33.107, 4, 115942
2026/10/03 09:20:33.107, 5, 115942
2026/10/03 09:20:33.107, 6, 115942
2026/10/03 09:20:33.107, 7, 115942
2026/10/03 09:20:34.107, 0, 19318
2026/10/03 09:20:34.107, 1, 19462
2026/10/03 09:20:34.107, 2, 19462
2026/10/03 09:20:34.107, 3, 18742
2026/10/03 09:20:34.107, 4, 115942
2026/10/03 09:20:34.107, 5, 115942
2026/10/03 09:20:34.107, 6, 115942
2026/10/03 09:20:34.107, 7, 115942
2026/10/03 09:20:35.107, 0, 19318
2026/10/03 09:20:35.108, 1, 19462
2026/10/03 09:20:35.108, 2, 19462
2026/10/03 09:20:35.108, 3, 18742
2026/10/03 09:20:35.108, 4, 115942
2026/10/03 09:20:35.108, 5, 115942
2026/10/03 09:20:35.108, 6, 115942
2026/10/03 09:20:35.108, 7, 115942
2026/10/03 09:20:36.108, 0, 19318
2026/10/03 09:20:36.108, 1, 19462
2026/10/03 09:20:36.108, 2, 19462
2026/10/03 09:20:36.108, 3, 18742
2026/10/03 09:20:36.108, 4, 115942
2026/10/03 09:20:36.108, 5, 115942
2026/10/03 09:20:36.108, 6, 115942
2026/10/03 09:20:36.108, 7, 115942
2026/10/03 09:20:37.108, 0, 19318
2026/10/03 09:20:37.108, 1, 19462
2026/10/03 09:20:37.109, 2, 19462
2026/10/03 09:20:37.110, 3, 18742
2026/10/03 09:20:37.110, 4, 115942
2026/10/03 09:20:37.110, 5, 115942
2026/10/03 09:20:37.110, 6, 115942
2026/10/03 09:20:37.110, 7, 115942
2026/10/03 09:20:38.110, 0, 19318
2026/10/03 09:20:38.110, 1, 19462
2026/10/03 09:20:38.110, 2, 19462
2026/10/03 09:20:38.110, 3, 18742
2026/10/03 09:20:38.110, 4, 115942
2026/10/03 09:20:38.110, 5, 115942
2026/10/03 09:20:38.110, 6, 115942
2026/10/03 09:20:38.110, 7, 115942
2026/10/03 09:20:39.110, 0, 19318
2026/10/03 09:20:39.111, 1, 19462
2026/10/03 09:20:39.111, 2, 19462
2026/10/03 09:20:39.111, 3, 18742
2026/10/03 09:20:39.111, 4, 115942
2026/10/03 09:20:39.111, 5, 115942
2026/10/03 09:20:39.111, 6, 115942
2026/10/03 09:20:39.111, 7, 115942
2026/10/03 09:20:40.111, 0, 19318
2026/10/03 09:20:40.111, 1, 19462
2026/10/03 09:20:40.111, 2, 19462
2026/10/03 09:20:40.111, 3, 18742
2026/10/03 09:20:40.111, 4, 115942
2026/10/03 09:20:40.111, 5, 115942
2026/10/03 09:20:40.111, 6, 115942
2026/10/03 09:20:40.111, 7, 115942
2026/10/03 09:20:41.111, 0, 19318
2026/10/03 09:20:41.111, 1, 19462
2026/10/03 09:20:41.111, 2, 19462
2026/10/03 09:20:41.111, 3, 18742
2026/10/03 09:20:41.111, 4, 115942
2026/10/03 09:20:41.111, 5, 115942
2026/10/03 09:20:41.112, 6, 115942
2026/10/03 09:20:41.112, 7, 115942
2026/10/03 09:20:42.112, 0, 19318
2026/10/03 09:20:42.112, 1, 19462
2026/10/03 09:20:42.113, 2, 19462
2026/10/03 09:20:42.114, 3, 18742
2026/10/03 09:20:42.116, 4, 115942
2026/10/03 09:20:42.116, 5, 115942
2026/10/03 09:20:42.117, 6, 115942
2026/10/03 09:20:42.117, 7, 115942
2026/10/03 09:20:43.117, 0, 19318
2026/10/03 09:20:43.117, 1, 19462
2026/10/03 09:20:43.117, 2, 19462
2026/10/03 09:20:43.117, 3, 18742
2026/10/03 09:20:43.117, 4, 115942
2026/10/03 09:20:43.117, 5, 115942
2026/10/03 09:20:43.117, 6, 115942
2026/10/03 09:20:43.117, 7, 115942
2026/10/03 09:20:44.117, 0, 19318
2026/10/03 09:20:44.117, 1, 19462
2026/10/03 09:20:44.117, 2, 19462
2026/10/03 09:20:44.117, 3, 18742
2026/10/03 09:20:44.117, 4, 115942
2026/10/03 09:20:44.117, 5, 115942
2026/10/03 09:20:44.117, 6, 115942
2026/10/03 09:20:44.117, 7, 115942
2026/10/03 09:20:45.117, 0, 19318
2026/10/03 09:20:45.117, 1, 19462
2026/10/03 09:20:45.117, 2, 19462
2026/10/03 09:20:45.117, 3, 18742
2026/10/03 09:20:45.117, 4, 115942
2026/10/03 09:20:45.117, 5, 115942
2026/10/03 09:20:45.117, 6, 115942
2026/10/03 09:20:45.117, 7, 115942
2026/10/03 09:20:46.117, 0, 19318
2026/10/03 09:20:46.118, 1, 19462
2026/10/03 09:20:46.118, 2, 19462
2026/10/03 09:20:46.118, 3, 18742
2026/10/03 09:20:46.118, 4, 115942
2026/10/03 09:20:46.118, 5, 115942
2026/10/03 09:20:46.118, 6, 115942
2026/10/03 09:20:46.118, 7, 115942
2026/10/03 09:20:47.118, 0, 19318
2026/10/03 09:20:47.118, 1, 19462
2026/10/03 09:20:47.120, 2, 19462
2026/10/03 09:20:47.120, 3, 18742
2026/10/03 09:20:47.121, 4, 115942
2026/10/03 09:20:47.121, 5, 115942
2026/10/03 09:20:47.121, 6, 115942
2026/10/03 09:20:47.121, 7, 115942
2026/10/03 09:20:48.122, 0, 19318
2026/10/03 09:20:48.123, 1, 19462
2026/10/03 09:20:48.126, 2, 19462
2026/10/03 09:20:48.127, 3, 18742
2026/10/03 09:20:48.127, 4, 115942
2026/10/03 09:20:48.128, 5, 115942
2026/10/03 09:20:48.131, 6, 115942
2026/10/03 09:20:48.133, 7, 115942
2026/10/03 09:20:49.135, 0, 19318
2026/10/03 09:20:49.136, 1, 19462
2026/10/03 09:20:49.136, 2, 19462
2026/10/03 09:20:49.136, 3, 18742
2026/10/03 09:20:49.136, 4, 115942
2026/10/03 09:20:49.136, 5, 115942
2026/10/03 09:20:49.136, 6, 115942
2026/10/03 09:20:49.136, 7, 115942
2026/10/03 09:20:50.136, 0, 19318
2026/10/03 09:20:50.136, 1, 19462
2026/10/03 09:20:50.136, 2, 19462
2026/10/03 09:20:50.136, 3, 18742
2026/10/03 09:20:50.136, 4, 115942
2026/10/03 09:20:50.136, 5, 115942
2026/10/03 09:20:50.136, 6, 115942
2026/10/03 09:20:50.136, 7, 115942
2026/10/03 09:20:51.136, 0, 19318
2026/10/03 09:20:51.136, 1, 19462
2026/10/03 09:20:51.136, 2, 19462
2026/10/03 09:20:51.136, 3, 18742
2026/10/03 09:20:51.136, 4, 115942
2026/10/03 09:20:51.136, 5, 115942
2026/10/03 09:20:51.136, 6, 115942
2026/10/03 09:20:51.136, 7, 115942
2026/10/03 09:20:52.137, 0, 19318
2026/10/03 09:20:52.137, 1, 19462
2026/10/03 09:20:52.137, 2, 19462
2026/10/03 09:20:52.137, 3, 18742
2026/10/03 09:20:52.137, 4, 115942
2026/10/03 09:20:52.137, 5, 115942
2026/10/03 09:20:52.137, 6, 115942
2026/10/03 09:20:52.137, 7, 115942
2026/10/03 09:20:53.137, 0, 19318
2026/10/03 09:20:53.137, 1, 19462
2026/10/03 09:20:53.137, 2, 19462
2026/10/03 09:20:53.137, 3, 18742
2026/10/03 09:20:53.137, 4, 115942
2026/10/03 09:20:53.137, 5, 115942
2026/10/03 09:20:53.137, 6, 115942
2026/10/03 09:20:53.137, 7, 115942
2026/10/03 09:20:54.137, 0, 19318
2026/10/03 09:20:54.137, 1, 19462
2026/10/03 09:20:54.137, 2, 19462
2026/10/03 09:20:54.137, 3, 18742
2026/10/03 09:20:54.137, 4, 115942
2026/10/03 09:20:54.137, 5, 115942
2026/10/03 09:20:54.137, 6, 115942
2026/10/03 09:20:54.137, 7, 115942
2026/10/03 09:20:55.137, 0, 19318
2026/10/03 09:20:55.138, 1, 19462
2026/10/03 09:20:55.139, 2, 19462
2026/10/03 09:20:55.139, 3, 18742
2026/10/03 09:20:55.139, 4, 115942
2026/10/03 09:20:55.139, 5, 115942
2026/10/03 09:20:55.139, 6, 115942
2026/10/03 09:20:55.139, 7, 115942
2026/10/03 09:20:56.139, 0, 19318
2026/10/03 09:20:56.139, 1, 19462
2026/10/03 09:20:56.139, 2, 19462
2026/10/03 09:20:56.139, 3, 18742
2026/10/03 09:20:56.139, 4, 115942
2026/10/03 09:20:56.139, 5, 115942
2026/10/03 09:20:56.139, 6, 115942
2026/10/03 09:20:56.139, 7, 115942
2026/10/03 09:20:57.139, 0, 19318
2026/10/03 09:20:57.140, 1, 19462
2026/10/03 09:20:57.140, 2, 19462
2026/10/03 09:20:57.140, 3, 18742
2026/10/03 09:20:57.140, 4, 115942
2026/10/03 09:20:57.140, 5, 115942
2026/10/03 09:20:57.140, 6, 115942
2026/10/03 09:20:57.140, 7, 115942
2026/10/03 09:20:58.140, 0, 19318
2026/10/03 09:20:58.140, 1, 19462
2026/10/03 09:20:58.140, 2, 19462
2026/10/03 09:20:58.140, 3, 18742
2026/10/03 09:20:58.140, 4, 115942
2026/10/03 09:20:58.140, 5, 115942
2026/10/03 09:20:58.140, 6, 115942
2026/10/03 09:20:58.140, 7, 115942
2026/10/03 09:20:59.140, 0, 19318
2026/10/03 09:20:59.140, 1, 19462
2026/10/03 09:20:59.140, 2, 19462
2026/10/03 09:20:59.140, 3, 18742
2026/10/03 09:20:59.140, 4, 115942
2026/10/03 09:20:59.140, 5, 115942
2026/10/03 09:20:59.140, 6, 115942
2026/10/03 09:20:59.140, 7, 115942
2026/10/03 09:21:00.140, 0, 19318
2026/10/03 09:21:00.140, 1, 19462
2026/10/03 09:21:00.140, 2, 19462
2026/10/03 09:21:00.140, 3, 18742
2026/10/03 09:21:00.140, 4, 115942
2026/10/03 09:21:00.140, 5, 115942
2026/10/03 09:21:00.140, 6, 115942
2026/10/03 09:21:00.140, 7, 115942
2026/10/03 09:21:01.141, 0, 19318
2026/10/03 09:21:01.141, 1, 19462
2026/10/03 09:21:01.141, 2, 19462
2026/10/03 09:21:01.141, 3, 18742
2026/10/03 09:21:01.141, 4, 115942
2026/10/03 09:21:01.141, 5, 115942
2026/10/03 09:21:01.141, 6, 115942
2026/10/03 09:21:01.141, 7, 115942
2026/10/03 09:21:02.141, 0, 19318
2026/10/03 09:21:02.142, 1, 19462
2026/10/03 09:21:02.143, 2, 19462
2026/10/03 09:21:02.144, 3, 18742
2026/10/03 09:21:02.145, 4, 116036
2026/10/03 09:21:02.146, 5, 116004
2026/10/03 09:21:02.147, 6, 116124
2026/10/03 09:21:02.147, 7, 116076
2026/10/03 09:21:03.150, 0, 19318
2026/10/03 09:21:03.150, 1, 19462
2026/10/03 09:21:03.150, 2, 19462
2026/10/03 09:21:03.150, 3, 18742
2026/10/03 09:21:03.150, 4, 116488
2026/10/03 09:21:03.150, 5, 116348
2026/10/03 09:21:03.150, 6, 116358
2026/10/03 09:21:03.150, 7, 116400
2026/10/03 09:21:04.150, 0, 19318
2026/10/03 09:21:04.150, 1, 19462
2026/10/03 09:21:04.150, 2, 19462
2026/10/03 09:21:04.150, 3, 18742
2026/10/03 09:21:04.150, 4, 116488
2026/10/03 09:21:04.150, 5, 116348
2026/10/03 09:21:04.150, 6, 116358
2026/10/03 09:21:04.150, 7, 116400
2026/10/03 09:21:05.150, 0, 19318
2026/10/03 09:21:05.150, 1, 19462
2026/10/03 09:21:05.150, 2, 19462
2026/10/03 09:21:05.150, 3, 18742
2026/10/03 09:21:05.150, 4, 116488
2026/10/03 09:21:05.150, 5, 116348
2026/10/03 09:21:05.150, 6, 116358
2026/10/03 09:21:05.150, 7, 116400
2026/10/03 09:21:06.150, 0, 19318
2026/10/03 09:21:06.150, 1, 19462
2026/10/03 09:21:06.150, 2, 19462
2026/10/03 09:21:06.150, 3, 18742
2026/10/03 09:21:06.150, 4, 116488
2026/10/03 09:21:06.150, 5, 116348
2026/10/03 09:21:06.150, 6, 116358
2026/10/03 09:21:06.151, 7, 116400
2026/10/03 09:21:07.151, 0, 19318
2026/10/03 09:21:07.151, 1, 19462
2026/10/03 09:21:07.151, 2, 19462
2026/10/03 09:21:07.151, 3, 18742
2026/10/03 09:21:07.151, 4, 116488
2026/10/03 09:21:07.151, 5, 116348
2026/10/03 09:21:07.151, 6, 116358
2026/10/03 09:21:07.151, 7, 116400
2026/10/03 09:21:08.151, 0, 19318
2026/10/03 09:21:08.151, 1, 19462
2026/10/03 09:21:08.151, 2, 19462
2026/10/03 09:21:08.151, 3, 18742
2026/10/03 09:21:08.151, 4, 116488
2026/10/03 09:21:08.151, 5, 116348
2026/10/03 09:21:08.151, 6, 116358
2026/10/03 09:21:08.151, 7, 116400
2026/10/03 09:21:09.152, 0, 19318
2026/10/03 09:21:09.152, 1, 19462
2026/10/03 09:21:09.152, 2, 19462
2026/10/03 09:21:09.152, 3, 18742
2026/10/03 09:21:09.152, 4, 116488
2026/10/03 09:21:09.152, 5, 116348
2026/10/03 09:21:09.152, 6, 116358
2026/10/03 09:21:09.152, 7, 116400
2026/10/03 09:21:10.152, 0, 19318
2026/10/03 09:21:10.152, 1, 19462
2026/10/03 09:21:10.152, 2, 19462
2026/10/03 09:21:10.152, 3, 18742
2026/10/03 09:21:10.152, 4, 116488
2026/10/03 09:21:10.152, 5, 116348
2026/10/03 09:21:10.152, 6, 116358
2026/10/03 09:21:10.152, 7, 116400
2026/10/03 09:21:11.152, 0, 19318
2026/10/03 09:21:11.152, 1, 19462
2026/10/03 09:21:11.152, 2, 19462
2026/10/03 09:21:11.152, 3, 18742
2026/10/03 09:21:11.152, 4, 116488
2026/10/03 09:21:11.152, 5, 116348
2026/10/03 09:21:11.152, 6, 116358
2026/10/03 09:21:11.152, 7, 116400
2026/10/03 09:21:12.152, 0, 19318
2026/10/03 09:21:12.152, 1, 19462
2026/10/03 09:21:12.152, 2, 19462
2026/10/03 09:21:12.152, 3, 18742
2026/10/03 09:21:12.152, 4, 116488
2026/10/03 09:21:12.152, 5, 116348
2026/10/03 09:21:12.152, 6, 116358
2026/10/03 09:21:12.152, 7, 116400
2026/10/03 09:21:13.152, 0, 34932
2026/10/03 09:21:13.199, 1, 35068
2026/10/03 09:21:13.201, 2, 35072
2026/10/03 09:21:13.201, 3, 22424
2026/10/03 09:21:13.201, 4, 116488
2026/10/03 09:21:13.201, 5, 116348
2026/10/03 09:21:13.201, 6, 116358
2026/10/03 09:21:13.201, 7, 116400
2026/10/03 09:21:14.201, 0, 34932
2026/10/03 09:21:14.201, 1, 35068
2026/10/03 09:21:14.201, 2, 35072
2026/10/03 09:21:14.201, 3, 34302
2026/10/03 09:21:14.201, 4, 116488
2026/10/03 09:21:14.201, 5, 116348
2026/10/03 09:21:14.201, 6, 116358
2026/10/03 09:21:14.201, 7, 116400
2026/10/03 09:21:15.201, 0, 40872
2026/10/03 09:21:15.201, 1, 41002
2026/10/03 09:21:15.201, 2, 41008
2026/10/03 09:21:15.201, 3, 46136
2026/10/03 09:21:15.201, 4, 116488
2026/10/03 09:21:15.201, 5, 116348
2026/10/03 09:21:15.201, 6, 116358
2026/10/03 09:21:15.201, 7, 116400
2026/10/03 09:21:16.201, 0, 40874
2026/10/03 09:21:16.202, 1, 46942
2026/10/03 09:21:16.278, 2, 46946
2026/10/03 09:21:16.278, 3, 52074
2026/10/03 09:21:16.279, 4, 116488
2026/10/03 09:21:16.279, 5, 116348
2026/10/03 09:21:16.280, 6, 116358
2026/10/03 09:21:16.280, 7, 116400
2026/10/03 09:21:17.284, 0, 41390
2026/10/03 09:21:17.290, 1, 47458
2026/10/03 09:21:17.291, 2, 47464
2026/10/03 09:21:17.294, 3, 52590
2026/10/03 09:21:17.297, 4, 116488
2026/10/03 09:21:17.349, 5, 116348
2026/10/03 09:21:17.352, 6, 116358
2026/10/03 09:21:17.353, 7, 116400
2026/10/03 09:21:18.355, 0, 41402
2026/10/03 09:21:18.359, 1, 47470
2026/10/03 09:21:18.363, 2, 47476
2026/10/03 09:21:18.364, 3, 52602
2026/10/03 09:21:18.368, 4, 116488
2026/10/03 09:21:18.371, 5, 116348
2026/10/03 09:21:18.374, 6, 116358
2026/10/03 09:21:18.379, 7, 116400
2026/10/03 09:21:19.383, 0, 64608
2026/10/03 09:21:19.383, 1, 64732
2026/10/03 09:21:19.383, 2, 64744
2026/10/03 09:21:19.383, 3, 64708
2026/10/03 09:21:19.383, 4, 116488
2026/10/03 09:21:19.383, 5, 116348
2026/10/03 09:21:19.383, 6, 116358
2026/10/03 09:21:19.383, 7, 116400
2026/10/03 09:21:20.383, 0, 70622
2026/10/03 09:21:20.383, 1, 64734
2026/10/03 09:21:20.383, 2, 70754
2026/10/03 09:21:20.383, 3, 64708
2026/10/03 09:21:20.383, 4, 116488
2026/10/03 09:21:20.383, 5, 116348
2026/10/03 09:21:20.383, 6, 116358
2026/10/03 09:21:20.383, 7, 116400
2026/10/03 09:21:21.384, 0, 70622
2026/10/03 09:21:21.384, 1, 70762
2026/10/03 09:21:21.384, 2, 70754
2026/10/03 09:21:21.384, 3, 70692
2026/10/03 09:21:21.384, 4, 116488
2026/10/03 09:21:21.384, 5, 116348
2026/10/03 09:21:21.384, 6, 116358
2026/10/03 09:21:21.384, 7, 116400
2026/10/03 09:21:22.384, 0, 70622
2026/10/03 09:21:22.385, 1, 70762
2026/10/03 09:21:22.385, 2, 70754
2026/10/03 09:21:22.385, 3, 70692
2026/10/03 09:21:22.385, 4, 116488
2026/10/03 09:21:22.385, 5, 116348
2026/10/03 09:21:22.386, 6, 116358
2026/10/03 09:21:22.386, 7, 116400
2026/10/03 09:21:23.386, 0, 70650
2026/10/03 09:21:23.386, 1, 70762
2026/10/03 09:21:23.386, 2, 70754
2026/10/03 09:21:23.386, 3, 70694
2026/10/03 09:21:23.386, 4, 116488
2026/10/03 09:21:23.386, 5, 116348
2026/10/03 09:21:23.386, 6, 116358
2026/10/03 09:21:23.386, 7, 116400
2026/10/03 09:21:24.386, 0, 70650
2026/10/03 09:21:24.386, 1, 70764
2026/10/03 09:21:24.386, 2, 70784
2026/10/03 09:21:24.386, 3, 76632
2026/10/03 09:21:24.386, 4, 116488
2026/10/03 09:21:24.386, 5, 116348
2026/10/03 09:21:24.386, 6, 116358
2026/10/03 09:21:24.386, 7, 116400
2026/10/03 09:21:25.386, 0, 70650
2026/10/03 09:21:25.387, 1, 70764
2026/10/03 09:21:25.387, 2, 70784
2026/10/03 09:21:25.387, 3, 76632
2026/10/03 09:21:25.387, 4, 116488
2026/10/03 09:21:25.387, 5, 116348
2026/10/03 09:21:25.387, 6, 116358
2026/10/03 09:21:25.387, 7, 116400
2026/10/03 09:21:26.387, 0, 70658
2026/10/03 09:21:26.387, 1, 70764
2026/10/03 09:21:26.387, 2, 70784
2026/10/03 09:21:26.387, 3, 76632
2026/10/03 09:21:26.387, 4, 116488
2026/10/03 09:21:26.387, 5, 116348
2026/10/03 09:21:26.387, 6, 116358
2026/10/03 09:21:26.387, 7, 116400
2026/10/03 09:21:27.387, 0, 70658
2026/10/03 09:21:27.387, 1, 70764
2026/10/03 09:21:27.389, 2, 70784
2026/10/03 09:21:27.390, 3, 76642
2026/10/03 09:21:27.391, 4, 116488
2026/10/03 09:21:27.393, 5, 116348
2026/10/03 09:21:27.393, 6, 116358
2026/10/03 09:21:27.393, 7, 116400
2026/10/03 09:21:28.393, 0, 70658
2026/10/03 09:21:28.393, 1, 26344
2026/10/03 09:21:28.393, 2, 70784
2026/10/03 09:21:28.393, 3, 25652
2026/10/03 09:21:28.393, 4, 116488
2026/10/03 09:21:28.393, 5, 116348
2026/10/03 09:21:28.393, 6, 116358
2026/10/03 09:21:28.393, 7, 116400
2026/10/03 09:21:29.393, 0, 27666
2026/10/03 09:21:29.393, 1, 27750
2026/10/03 09:21:29.393, 2, 27786
2026/10/03 09:21:29.393, 3, 27058
2026/10/03 09:21:29.393, 4, 116488
2026/10/03 09:21:29.393, 5, 116348
2026/10/03 09:21:29.393, 6, 116358
2026/10/03 09:21:29.393, 7, 116400
2026/10/03 09:21:30.393, 0, 28624
2026/10/03 09:21:30.394, 1, 28708
2026/10/03 09:21:30.395, 2, 28744
2026/10/03 09:21:30.396, 3, 28016
2026/10/03 09:21:30.400, 4, 117032
2026/10/03 09:21:30.404, 5, 116894
2026/10/03 09:21:30.409, 6, 116904
2026/10/03 09:21:30.413, 7, 116946
2026/10/03 09:21:31.413, 0, 29410
2026/10/03 09:21:31.413, 1, 28708
2026/10/03 09:21:31.413, 2, 28744
2026/10/03 09:21:31.413, 3, 28016
2026/10/03 09:21:31.413, 4, 117000
2026/10/03 09:21:31.413, 5, 117000
2026/10/03 09:21:31.413, 6, 117000
2026/10/03 09:21:31.413, 7, 116760
2026/10/03 09:21:32.413, 0, 29410
2026/10/03 09:21:32.413, 1, 28708
2026/10/03 09:21:32.415, 2, 28744
2026/10/03 09:21:32.416, 3, 28016
2026/10/03 09:21:32.417, 4, 117000
2026/10/03 09:21:32.417, 5, 117000
2026/10/03 09:21:32.418, 6, 117000
2026/10/03 09:21:32.420, 7, 116760
2026/10/03 09:21:33.420, 0, 29410
2026/10/03 09:21:33.420, 1, 28708
2026/10/03 09:21:33.420, 2, 28744
2026/10/03 09:21:33.420, 3, 28016
2026/10/03 09:21:33.420, 4, 117000
2026/10/03 09:21:33.420, 5, 118074
2026/10/03 09:21:33.420, 6, 118074
2026/10/03 09:21:33.420, 7, 117834
2026/10/03 09:21:34.420, 0, 29410
2026/10/03 09:21:34.420, 1, 28708
2026/10/03 09:21:34.420, 2, 28744
2026/10/03 09:21:34.420, 3, 28016
2026/10/03 09:21:34.420, 4, 117000
2026/10/03 09:21:34.420, 5, 117000
2026/10/03 09:21:34.420, 6, 117000
2026/10/03 09:21:34.420, 7, 116760
2026/10/03 09:21:35.421, 0, 29410
2026/10/03 09:21:35.421, 1, 28708
2026/10/03 09:21:35.421, 2, 28744
2026/10/03 09:21:35.421, 3, 28016
2026/10/03 09:21:35.421, 4, 117000
2026/10/03 09:21:35.421, 5, 117000
2026/10/03 09:21:35.421, 6, 117000
2026/10/03 09:21:35.421, 7, 116760
2026/10/03 09:21:36.421, 0, 29430
2026/10/03 09:21:36.421, 1, 28708
2026/10/03 09:21:36.422, 2, 28744
2026/10/03 09:21:36.422, 3, 28016
2026/10/03 09:21:36.422, 4, 117000
2026/10/03 09:21:36.422, 5, 117000
2026/10/03 09:21:36.422, 6, 117000
2026/10/03 09:21:36.423, 7, 116760
2026/10/03 09:21:37.424, 0, 30030
2026/10/03 09:21:37.424, 1, 28708
2026/10/03 09:21:37.424, 2, 28744
2026/10/03 09:21:37.424, 3, 28016
2026/10/03 09:21:37.424, 4, 117837
2026/10/03 09:21:37.424, 5, 117821
2026/10/03 09:21:37.424, 6, 117887
2026/10/03 09:21:37.424, 7, 117511
2026/10/03 09:21:38.424, 0, 30030
2026/10/03 09:21:38.424, 1, 28708
2026/10/03 09:21:38.424, 2, 28744
2026/10/03 09:21:38.424, 3, 28016
2026/10/03 09:21:38.424, 4, 118029
2026/10/03 09:21:38.424, 5, 117937
2026/10/03 09:21:38.424, 6, 118065
2026/10/03 09:21:38.424, 7, 117689
2026/10/03 09:21:39.424, 0, 30030
2026/10/03 09:21:39.424, 1, 28708
2026/10/03 09:21:39.424, 2, 28744
2026/10/03 09:21:39.424, 3, 28016
2026/10/03 09:21:39.424, 4, 118207
2026/10/03 09:21:39.424, 5, 117939
2026/10/03 09:21:39.424, 6, 118065
2026/10/03 09:21:39.424, 7, 117691
2026/10/03 09:21:40.424, 0, 45046
2026/10/03 09:21:40.424, 1, 49658
2026/10/03 09:21:40.455, 2, 43760
2026/10/03 09:21:40.455, 3, 43028
2026/10/03 09:21:40.455, 4, 118209
2026/10/03 09:21:40.455, 5, 117939
2026/10/03 09:21:40.456, 6, 118065
2026/10/03 09:21:40.456, 7, 117691
2026/10/03 09:21:41.456, 0, 45046
2026/10/03 09:21:41.456, 1, 49658
2026/10/03 09:21:41.456, 2, 43760
2026/10/03 09:21:41.456, 3, 48964
2026/10/03 09:21:41.456, 4, 118209
2026/10/03 09:21:41.456, 5, 117939
2026/10/03 09:21:41.456, 6, 118065
2026/10/03 09:21:41.456, 7, 117691
2026/10/03 09:21:42.456, 0, 45046
2026/10/03 09:21:42.456, 1, 49658
2026/10/03 09:21:42.456, 2, 43760
2026/10/03 09:21:42.456, 3, 48964
2026/10/03 09:21:42.456, 4, 118209
2026/10/03 09:21:42.456, 5, 117939
2026/10/03 09:21:42.457, 6, 118065
2026/10/03 09:21:42.457, 7, 117691
2026/10/03 09:21:43.457, 0, 57028
2026/10/03 09:21:43.457, 1, 56796
2026/10/03 09:21:43.457, 2, 55768
2026/10/03 09:21:43.457, 3, 55042
2026/10/03 09:21:43.457, 4, 118209
2026/10/03 09:21:43.457, 5, 117939
2026/10/03 09:21:43.457, 6, 118065
2026/10/03 09:21:43.457, 7, 117691
2026/10/03 09:21:44.457, 0, 79860
2026/10/03 09:21:44.457, 1, 78578
2026/10/03 09:21:44.459, 2, 78594
2026/10/03 09:21:44.461, 3, 77864
2026/10/03 09:21:44.461, 4, 118209
2026/10/03 09:21:44.461, 5, 117939
2026/10/03 09:21:44.461, 6, 118065
2026/10/03 09:21:44.464, 7, 117691
2026/10/03 09:21:45.464, 0, 79888
2026/10/03 09:21:45.464, 1, 78578
2026/10/03 09:21:45.464, 2, 78596
2026/10/03 09:21:45.464, 3, 77890
2026/10/03 09:21:45.464, 4, 118209
2026/10/03 09:21:45.464, 5, 117939
2026/10/03 09:21:45.464, 6, 118065
2026/10/03 09:21:45.464, 7, 117691
2026/10/03 09:21:46.464, 0, 79888
2026/10/03 09:21:46.464, 1, 78610
2026/10/03 09:21:46.464, 2, 78596
2026/10/03 09:21:46.464, 3, 77890
2026/10/03 09:21:46.464, 4, 118209
2026/10/03 09:21:46.464, 5, 117939
2026/10/03 09:21:46.464, 6, 118065
2026/10/03 09:21:46.465, 7, 117691
2026/10/03 09:21:47.465, 0, 79888
2026/10/03 09:21:47.468, 1, 78610
2026/10/03 09:21:47.479, 2, 78630
2026/10/03 09:21:47.491, 3, 77890
2026/10/03 09:21:47.550, 4, 118209
2026/10/03 09:21:47.565, 5, 117939
2026/10/03 09:21:47.575, 6, 118065
2026/10/03 09:21:47.585, 7, 117691
2026/10/03 09:21:48.593, 0, 79894
2026/10/03 09:21:48.599, 1, 78610
2026/10/03 09:21:48.607, 2, 78630
2026/10/03 09:21:48.610, 3, 77902
2026/10/03 09:21:48.614, 4, 118209
2026/10/03 09:21:48.615, 5, 117939
2026/10/03 09:21:48.618, 6, 118065
2026/10/03 09:21:48.624, 7, 117691
2026/10/03 09:21:49.626, 0, 79900
2026/10/03 09:21:49.626, 1, 78624
2026/10/03 09:21:49.626, 2, 78630
2026/10/03 09:21:49.626, 3, 77908
2026/10/03 09:21:49.626, 4, 118209
2026/10/03 09:21:49.626, 5, 117939
2026/10/03 09:21:49.626, 6, 118065
2026/10/03 09:21:49.626, 7, 117691
2026/10/03 09:21:50.626, 0, 79900
2026/10/03 09:21:50.626, 1, 78624
2026/10/03 09:21:50.626, 2, 78630
2026/10/03 09:21:50.626, 3, 77908
2026/10/03 09:21:50.626, 4, 118209
2026/10/03 09:21:50.626, 5, 117939
2026/10/03 09:21:50.626, 6, 118065
2026/10/03 09:21:50.626, 7, 117691
2026/10/03 09:21:51.627, 0, 79900
2026/10/03 09:21:51.627, 1, 78624
2026/10/03 09:21:51.627, 2, 78634
2026/10/03 09:21:51.627, 3, 77908
2026/10/03 09:21:51.627, 4, 118209
2026/10/03 09:21:51.627, 5, 117939
2026/10/03 09:21:51.627, 6, 118065
2026/10/03 09:21:51.627, 7, 117691
2026/10/03 09:21:52.627, 0, 79900
2026/10/03 09:21:52.627, 1, 78624
2026/10/03 09:21:52.627, 2, 78634
2026/10/03 09:21:52.627, 3, 77908
2026/10/03 09:21:52.627, 4, 118209
2026/10/03 09:21:52.627, 5, 117939
2026/10/03 09:21:52.627, 6, 118065
2026/10/03 09:21:52.627, 7, 117691
2026/10/03 09:21:53.627, 0, 79900
2026/10/03 09:21:53.627, 1, 78624
2026/10/03 09:21:53.627, 2, 78634
2026/10/03 09:21:53.627, 3, 77908
2026/10/03 09:21:53.627, 4, 117617
2026/10/03 09:21:53.627, 5, 117617
2026/10/03 09:21:53.627, 6, 117683
2026/10/03 09:21:53.627, 7, 117377
2026/10/03 09:21:54.627, 0, 79900
2026/10/03 09:21:54.627, 1, 78624
2026/10/03 09:21:54.627, 2, 78634
2026/10/03 09:21:54.627, 3, 77908
2026/10/03 09:21:54.627, 4, 117643
2026/10/03 09:21:54.627, 5, 117641
2026/10/03 09:21:54.627, 6, 117973
2026/10/03 09:21:54.627, 7, 117401
2026/10/03 09:21:55.627, 0, 79900
2026/10/03 09:21:55.627, 1, 78624
2026/10/03 09:21:55.627, 2, 78634
2026/10/03 09:21:55.628, 3, 77908
2026/10/03 09:21:55.628, 4, 117643
2026/10/03 09:21:55.628, 5, 117641
2026/10/03 09:21:55.628, 6, 118809
2026/10/03 09:21:55.628, 7, 117401
2026/10/03 09:21:56.628, 0, 79900
2026/10/03 09:21:56.628, 1, 78624
2026/10/03 09:21:56.628, 2, 78634
2026/10/03 09:21:56.628, 3, 77908
2026/10/03 09:21:56.628, 4, 117643
2026/10/03 09:21:56.628, 5, 117673
2026/10/03 09:21:56.628, 6, 118809
2026/10/03 09:21:56.628, 7, 117433
2026/10/03 09:21:57.628, 0, 79900
2026/10/03 09:21:57.628, 1, 78624
2026/10/03 09:21:57.628, 2, 78634
2026/10/03 09:21:57.628, 3, 77908
2026/10/03 09:21:57.628, 4, 117643
2026/10/03 09:21:57.628, 5, 117673
2026/10/03 09:21:57.628, 6, 118809
2026/10/03 09:21:57.628, 7, 117433
2026/10/03 09:21:58.628, 0, 79900
2026/10/03 09:21:58.628, 1, 78624
2026/10/03 09:21:58.628, 2, 78634
2026/10/03 09:21:58.628, 3, 77908
2026/10/03 09:21:58.628, 4, 117643
2026/10/03 09:21:58.628, 5, 117673
2026/10/03 09:21:58.628, 6, 118809
2026/10/03 09:21:58.628, 7, 117433
2026/10/03 09:21:59.628, 0, 79900
2026/10/03 09:21:59.628, 1, 78624
2026/10/03 09:21:59.628, 2, 78634
2026/10/03 09:21:59.628, 3, 77908
2026/10/03 09:21:59.628, 4, 117675
2026/10/03 09:21:59.628, 5, 117673
2026/10/03 09:21:59.628, 6, 118809
2026/10/03 09:21:59.628, 7, 117433
2026/10/03 09:22:00.629, 0, 79900
2026/10/03 09:22:00.656, 1, 78624
2026/10/03 09:22:00.657, 2, 78634
2026/10/03 09:22:00.657, 3, 77908
2026/10/03 09:22:00.657, 4, 117675
2026/10/03 09:22:00.657, 5, 117673
2026/10/03 09:22:00.657, 6, 118809
2026/10/03 09:22:00.657, 7, 117433
2026/10/03 09:22:01.657, 0, 79900
2026/10/03 09:22:01.657, 1, 78624
2026/10/03 09:22:01.657, 2, 78634
2026/10/03 09:22:01.657, 3, 77908
2026/10/03 09:22:01.657, 4, 117675
2026/10/03 09:22:01.657, 5, 117673
2026/10/03 09:22:01.657, 6, 118809
2026/10/03 09:22:01.657, 7, 117433
2026/10/03 09:22:02.658, 0, 79900
2026/10/03 09:22:02.658, 1, 78624
2026/10/03 09:22:02.658, 2, 78634
2026/10/03 09:22:02.658, 3, 77908
2026/10/03 09:22:02.658, 4, 117675
2026/10/03 09:22:02.658, 5, 117673
2026/10/03 09:22:02.658, 6, 118809
2026/10/03 09:22:02.658, 7, 117433
2026/10/03 09:22:03.658, 0, 79900
2026/10/03 09:22:03.658, 1, 78624
2026/10/03 09:22:03.658, 2, 78634
2026/10/03 09:22:03.658, 3, 77908
2026/10/03 09:22:03.658, 4, 117675
2026/10/03 09:22:03.658, 5, 117673
2026/10/03 09:22:03.658, 6, 118809
2026/10/03 09:22:03.658, 7, 117433
2026/10/03 09:22:04.658, 0, 79900
2026/10/03 09:22:04.659, 1, 78624
2026/10/03 09:22:04.659, 2, 78634
2026/10/03 09:22:04.659, 3, 77908
2026/10/03 09:22:04.659, 4, 117675
2026/10/03 09:22:04.659, 5, 117673
2026/10/03 09:22:04.659, 6, 118809
2026/10/03 09:22:04.659, 7, 117433
2026/10/03 09:22:05.659, 0, 79900
2026/10/03 09:22:05.659, 1, 78624
2026/10/03 09:22:05.659, 2, 78634
2026/10/03 09:22:05.659, 3, 77908
2026/10/03 09:22:05.659, 4, 117675
2026/10/03 09:22:05.659, 5, 117773
2026/10/03 09:22:05.659, 6, 118809
2026/10/03 09:22:05.659, 7, 117533
2026/10/03 09:22:06.659, 0, 79900
2026/10/03 09:22:06.659, 1, 78624
2026/10/03 09:22:06.660, 2, 78634
2026/10/03 09:22:06.660, 3, 77908
2026/10/03 09:22:06.660, 4, 117723
2026/10/03 09:22:06.660, 5, 117773
2026/10/03 09:22:06.660, 6, 118809
2026/10/03 09:22:06.660, 7, 117533
2026/10/03 09:22:07.660, 0, 79900
2026/10/03 09:22:07.660, 1, 78624
2026/10/03 09:22:07.660, 2, 78634
2026/10/03 09:22:07.660, 3, 77908
2026/10/03 09:22:07.660, 4, 117617
2026/10/03 09:22:07.660, 5, 117617
2026/10/03 09:22:07.660, 6, 117617
2026/10/03 09:22:07.660, 7, 117377
2026/10/03 09:22:08.660, 0, 79900
2026/10/03 09:22:08.661, 1, 78624
2026/10/03 09:22:08.661, 2, 78634
2026/10/03 09:22:08.661, 3, 77908
2026/10/03 09:22:08.661, 4, 117641
2026/10/03 09:22:08.661, 5, 117641
2026/10/03 09:22:08.661, 6, 117639
2026/10/03 09:22:08.661, 7, 117401
2026/10/03 09:22:09.661, 0, 79900
2026/10/03 09:22:09.661, 1, 78624
2026/10/03 09:22:09.661, 2, 78634
2026/10/03 09:22:09.661, 3, 77908
2026/10/03 09:22:09.661, 4, 117673
2026/10/03 09:22:09.661, 5, 117673
2026/10/03 09:22:09.661, 6, 117639
2026/10/03 09:22:09.661, 7, 117433
2026/10/03 09:22:10.661, 0, 79900
2026/10/03 09:22:10.661, 1, 78624
2026/10/03 09:22:10.661, 2, 78634
2026/10/03 09:22:10.661, 3, 77908
2026/10/03 09:22:10.661, 4, 117673
2026/10/03 09:22:10.661, 5, 118049
2026/10/03 09:22:10.661, 6, 117639
2026/10/03 09:22:10.661, 7, 117433
2026/10/03 09:22:11.661, 0, 79900
2026/10/03 09:22:11.661, 1, 78624
2026/10/03 09:22:11.662, 2, 78634
2026/10/03 09:22:11.662, 3, 77908
2026/10/03 09:22:11.662, 4, 118081
2026/10/03 09:22:11.662, 5, 118175
2026/10/03 09:22:11.662, 6, 117639
2026/10/03 09:22:11.662, 7, 117799
2026/10/03 09:22:12.662, 0, 79900
2026/10/03 09:22:12.690, 1, 78624
2026/10/03 09:22:12.690, 2, 78634
2026/10/03 09:22:12.690, 3, 77908
2026/10/03 09:22:12.690, 4, 118081
2026/10/03 09:22:12.690, 5, 118175
2026/10/03 09:22:12.690, 6, 117639
2026/10/03 09:22:12.690, 7, 117799
2026/10/03 09:22:13.690, 0, 79900
2026/10/03 09:22:13.690, 1, 78624
2026/10/03 09:22:13.690, 2, 78634
2026/10/03 09:22:13.690, 3, 77908
2026/10/03 09:22:13.690, 4, 118081
2026/10/03 09:22:13.690, 5, 118175
2026/10/03 09:22:13.690, 6, 117639
2026/10/03 09:22:13.690, 7, 117799
2026/10/03 09:22:14.690, 0, 79900
2026/10/03 09:22:14.692, 1, 78624
2026/10/03 09:22:14.692, 2, 78634
2026/10/03 09:22:14.692, 3, 77908
2026/10/03 09:22:14.692, 4, 118081
2026/10/03 09:22:14.692, 5, 118175
2026/10/03 09:22:14.692, 6, 117639
2026/10/03 09:22:14.692, 7, 117799
2026/10/03 09:22:15.692, 0, 79900
2026/10/03 09:22:15.692, 1, 78624
2026/10/03 09:22:15.692, 2, 78634
2026/10/03 09:22:15.692, 3, 77908
2026/10/03 09:22:15.692, 4, 118081
2026/10/03 09:22:15.693, 5, 118175
2026/10/03 09:22:15.693, 6, 117639
2026/10/03 09:22:15.693, 7, 117799
2026/10/03 09:22:16.693, 0, 79900
2026/10/03 09:22:16.693, 1, 78624
2026/10/03 09:22:16.693, 2, 78634
2026/10/03 09:22:16.693, 3, 77908
2026/10/03 09:22:16.693, 4, 118081
2026/10/03 09:22:16.693, 5, 118175
2026/10/03 09:22:16.693, 6, 117639
2026/10/03 09:22:16.693, 7, 117799
2026/10/03 09:22:17.693, 0, 79900
2026/10/03 09:22:17.699, 1, 78624
2026/10/03 09:22:17.760, 2, 78634
2026/10/03 09:22:17.771, 3, 77908
2026/10/03 09:22:17.781, 4, 118081
2026/10/03 09:22:17.796, 5, 118175
2026/10/03 09:22:17.807, 6, 117639
2026/10/03 09:22:17.807, 7, 117799
2026/10/03 09:22:18.807, 0, 79900
2026/10/03 09:22:18.814, 1, 78630
2026/10/03 09:22:18.814, 2, 78644
2026/10/03 09:22:18.818, 3, 77908
2026/10/03 09:22:18.819, 4, 118081
2026/10/03 09:22:18.819, 5, 118175
2026/10/03 09:22:18.819, 6, 117639
2026/10/03 09:22:18.819, 7, 117799
2026/10/03 09:22:19.819, 0, 79900
2026/10/03 09:22:19.819, 1, 78630
2026/10/03 09:22:19.819, 2, 78644
2026/10/03 09:22:19.819, 3, 77908
2026/10/03 09:22:19.819, 4, 118081
2026/10/03 09:22:19.819, 5, 118175
2026/10/03 09:22:19.819, 6, 117639
2026/10/03 09:22:19.819, 7, 117799
2026/10/03 09:22:20.820, 0, 79900
2026/10/03 09:22:20.820, 1, 78630
2026/10/03 09:22:20.820, 2, 78644
2026/10/03 09:22:20.820, 3, 77908
2026/10/03 09:22:20.820, 4, 118081
2026/10/03 09:22:20.820, 5, 118175
2026/10/03 09:22:20.820, 6, 117639
2026/10/03 09:22:20.820, 7, 117799
2026/10/03 09:22:21.820, 0, 79900
2026/10/03 09:22:21.820, 1, 78630
2026/10/03 09:22:21.820, 2, 78644
2026/10/03 09:22:21.820, 3, 77908
2026/10/03 09:22:21.820, 4, 119123
2026/10/03 09:22:21.820, 5, 119177
2026/10/03 09:22:21.820, 6, 117639
2026/10/03 09:22:21.820, 7, 118801
2026/10/03 09:22:22.820, 0, 79900
2026/10/03 09:22:22.820, 1, 78630
2026/10/03 09:22:22.820, 2, 78644
2026/10/03 09:22:22.820, 3, 77908
2026/10/03 09:22:22.820, 4, 118063
2026/10/03 09:22:22.820, 5, 117617
2026/10/03 09:22:22.820, 6, 118031
2026/10/03 09:22:22.821, 7, 117377
2026/10/03 09:22:23.821, 0, 79900
2026/10/03 09:22:23.821, 1, 78630
2026/10/03 09:22:23.821, 2, 78644
2026/10/03 09:22:23.821, 3, 77908
2026/10/03 09:22:23.828, 4, 118063
2026/10/03 09:22:23.828, 5, 117617
2026/10/03 09:22:23.828, 6, 118031
2026/10/03 09:22:23.828, 7, 117377
2026/10/03 09:22:24.828, 0, 79900
2026/10/03 09:22:24.828, 1, 78630
2026/10/03 09:22:24.828, 2, 78644
2026/10/03 09:22:24.828, 3, 77908
2026/10/03 09:22:24.828, 4, 118063
2026/10/03 09:22:24.828, 5, 117617
2026/10/03 09:22:24.828, 6, 118031
2026/10/03 09:22:24.828, 7, 117377
2026/10/03 09:22:25.828, 0, 79900
2026/10/03 09:22:25.828, 1, 78630
2026/10/03 09:22:25.828, 2, 78644
2026/10/03 09:22:25.828, 3, 77908
2026/10/03 09:22:25.828, 4, 118063
2026/10/03 09:22:25.829, 5, 117617
2026/10/03 09:22:25.829, 6, 118031
2026/10/03 09:22:25.829, 7, 117377
2026/10/03 09:22:26.829, 0, 79900
2026/10/03 09:22:26.829, 1, 78630
2026/10/03 09:22:26.829, 2, 78644
2026/10/03 09:22:26.829, 3, 77908
2026/10/03 09:22:26.829, 4, 118063
2026/10/03 09:22:26.829, 5, 117617
2026/10/03 09:22:26.829, 6, 118031
2026/10/03 09:22:26.829, 7, 117377
2026/10/03 09:22:27.830, 0, 79900
2026/10/03 09:22:27.830, 1, 78630
2026/10/03 09:22:27.830, 2, 78644
2026/10/03 09:22:27.830, 3, 77908
2026/10/03 09:22:27.830, 4, 118085
2026/10/03 09:22:27.831, 5, 117641
2026/10/03 09:22:27.831, 6, 118247
2026/10/03 09:22:27.831, 7, 117399
2026/10/03 09:22:28.831, 0, 79900
2026/10/03 09:22:28.831, 1, 78630
2026/10/03 09:22:28.831, 2, 78644
2026/10/03 09:22:28.831, 3, 77908
2026/10/03 09:22:28.831, 4, 118085
2026/10/03 09:22:28.831, 5, 117677
2026/10/03 09:22:28.831, 6, 119185
2026/10/03 09:22:28.831, 7, 117433
2026/10/03 09:22:29.831, 0, 79900
2026/10/03 09:22:29.831, 1, 78630
2026/10/03 09:22:29.831, 2, 78644
2026/10/03 09:22:29.831, 3, 77908
2026/10/03 09:22:29.831, 4, 118085
2026/10/03 09:22:29.831, 5, 117677
2026/10/03 09:22:29.832, 6, 119185
2026/10/03 09:22:29.832, 7, 117433
2026/10/03 09:22:30.832, 0, 79900
2026/10/03 09:22:30.832, 1, 78630
2026/10/03 09:22:30.832, 2, 78644
2026/10/03 09:22:30.832, 3, 77908
2026/10/03 09:22:30.832, 4, 118085
2026/10/03 09:22:30.832, 5, 117677
2026/10/03 09:22:30.832, 6, 119185
2026/10/03 09:22:30.832, 7, 117433
2026/10/03 09:22:31.832, 0, 79900
2026/10/03 09:22:31.832, 1, 78630
2026/10/03 09:22:31.832, 2, 78644
2026/10/03 09:22:31.832, 3, 77908
2026/10/03 09:22:31.832, 4, 118085
2026/10/03 09:22:31.832, 5, 117677
2026/10/03 09:22:31.832, 6, 119185
2026/10/03 09:22:31.832, 7, 117433
2026/10/03 09:22:32.832, 0, 79900
2026/10/03 09:22:32.832, 1, 78630
2026/10/03 09:22:32.832, 2, 78644
2026/10/03 09:22:32.832, 3, 77908
2026/10/03 09:22:32.832, 4, 118085
2026/10/03 09:22:32.832, 5, 117709
2026/10/03 09:22:32.832, 6, 119185
2026/10/03 09:22:32.832, 7, 117433
2026/10/03 09:22:33.832, 0, 79900
2026/10/03 09:22:33.832, 1, 78630
2026/10/03 09:22:33.832, 2, 78644
2026/10/03 09:22:33.832, 3, 77908
2026/10/03 09:22:33.832, 4, 118085
2026/10/03 09:22:33.832, 5, 117709
2026/10/03 09:22:33.832, 6, 119185
2026/10/03 09:22:33.832, 7, 117433
2026/10/03 09:22:34.833, 0, 79900
2026/10/03 09:22:34.833, 1, 78630
2026/10/03 09:22:34.833, 2, 78644
2026/10/03 09:22:34.833, 3, 77908
2026/10/03 09:22:34.833, 4, 118085
2026/10/03 09:22:34.833, 5, 117709
2026/10/03 09:22:34.833, 6, 119185
2026/10/03 09:22:34.833, 7, 117433
2026/10/03 09:22:35.833, 0, 79900
2026/10/03 09:22:35.833, 1, 78630
2026/10/03 09:22:35.833, 2, 78644
2026/10/03 09:22:35.833, 3, 77908
2026/10/03 09:22:35.833, 4, 118085
2026/10/03 09:22:35.833, 5, 117709
2026/10/03 09:22:35.833, 6, 119185
2026/10/03 09:22:35.833, 7, 117433
2026/10/03 09:22:36.833, 0, 79900
2026/10/03 09:22:36.833, 1, 78630
2026/10/03 09:22:36.835, 2, 78644
2026/10/03 09:22:36.836, 3, 77908
2026/10/03 09:22:36.836, 4, 118085
2026/10/03 09:22:36.837, 5, 117709
2026/10/03 09:22:36.839, 6, 119185
2026/10/03 09:22:36.840, 7, 117433
2026/10/03 09:22:37.841, 0, 79900
2026/10/03 09:22:37.841, 1, 78630
2026/10/03 09:22:37.841, 2, 78644
2026/10/03 09:22:37.841, 3, 77908
2026/10/03 09:22:37.841, 4, 118085
2026/10/03 09:22:37.841, 5, 117709
2026/10/03 09:22:37.841, 6, 119185
2026/10/03 09:22:37.841, 7, 117433
2026/10/03 09:22:38.841, 0, 79900
2026/10/03 09:22:38.842, 1, 78630
2026/10/03 09:22:38.842, 2, 78644
2026/10/03 09:22:38.842, 3, 77908
2026/10/03 09:22:38.842, 4, 118085
2026/10/03 09:22:38.842, 5, 117709
2026/10/03 09:22:38.842, 6, 119185
2026/10/03 09:22:38.842, 7, 117433
2026/10/03 09:22:39.842, 0, 79900
2026/10/03 09:22:39.842, 1, 78630
2026/10/03 09:22:39.842, 2, 78644
2026/10/03 09:22:39.842, 3, 77908
2026/10/03 09:22:39.842, 4, 118085
2026/10/03 09:22:39.842, 5, 117709
2026/10/03 09:22:39.842, 6, 119185
2026/10/03 09:22:39.842, 7, 117433
2026/10/03 09:22:40.842, 0, 79900
2026/10/03 09:22:40.842, 1, 78630
2026/10/03 09:22:40.842, 2, 78644
2026/10/03 09:22:40.842, 3, 77908
2026/10/03 09:22:40.842, 4, 118085
2026/10/03 09:22:40.842, 5, 117709
2026/10/03 09:22:40.842, 6, 119185
2026/10/03 09:22:40.842, 7, 117433
2026/10/03 09:22:41.842, 0, 79900
2026/10/03 09:22:41.842, 1, 78630
2026/10/03 09:22:41.842, 2, 78644
2026/10/03 09:22:41.842, 3, 77908
2026/10/03 09:22:41.842, 4, 118031
2026/10/03 09:22:41.842, 5, 117617
2026/10/03 09:22:41.842, 6, 117999
2026/10/03 09:22:41.842, 7, 117377
2026/10/03 09:22:42.842, 0, 79900
2026/10/03 09:22:42.842, 1, 78630
2026/10/03 09:22:42.842, 2, 78644
2026/10/03 09:22:42.842, 3, 77908
2026/10/03 09:22:42.842, 4, 118031
2026/10/03 09:22:42.842, 5, 117617
2026/10/03 09:22:42.842, 6, 117999
2026/10/03 09:22:42.842, 7, 117377
2026/10/03 09:22:43.843, 0, 79900
2026/10/03 09:22:43.843, 1, 78630
2026/10/03 09:22:43.843, 2, 78644
2026/10/03 09:22:43.843, 3, 77908
2026/10/03 09:22:43.843, 4, 118191
2026/10/03 09:22:43.843, 5, 117739
2026/10/03 09:22:43.843, 6, 118021
2026/10/03 09:22:43.843, 7, 117561
2026/10/03 09:22:44.843, 0, 79900
2026/10/03 09:22:44.843, 1, 78630
2026/10/03 09:22:44.843, 2, 78644
2026/10/03 09:22:44.843, 3, 77908
2026/10/03 09:22:44.843, 4, 118191
2026/10/03 09:22:44.843, 5, 117909
2026/10/03 09:22:44.843, 6, 118021
2026/10/03 09:22:44.843, 7, 117915
2026/10/03 09:22:45.843, 0, 79900
2026/10/03 09:22:45.843, 1, 78630
2026/10/03 09:22:45.843, 2, 78644
2026/10/03 09:22:45.843, 3, 77908
2026/10/03 09:22:45.843, 4, 119273
2026/10/03 09:22:45.843, 5, 118945
2026/10/03 09:22:45.843, 6, 118021
2026/10/03 09:22:45.843, 7, 117917
2026/10/03 09:22:46.843, 0, 79900
2026/10/03 09:22:46.843, 1, 78630
2026/10/03 09:22:46.843, 2, 78644
2026/10/03 09:22:46.843, 3, 77908
2026/10/03 09:22:46.843, 4, 119527
2026/10/03 09:22:46.843, 5, 119199
2026/10/03 09:22:46.843, 6, 118021
2026/10/03 09:22:46.843, 7, 117917
2026/10/03 09:22:47.843, 0, 79900
2026/10/03 09:22:47.851, 1, 78630
2026/10/03 09:22:47.856, 2, 78644
2026/10/03 09:22:47.862, 3, 77908
2026/10/03 09:22:47.867, 4, 119527
2026/10/03 09:22:47.870, 5, 119199
2026/10/03 09:22:47.874, 6, 118023
2026/10/03 09:22:47.880, 7, 117917
2026/10/03 09:22:48.884, 0, 79900
2026/10/03 09:22:48.884, 1, 78630
2026/10/03 09:22:48.885, 2, 78644
2026/10/03 09:22:48.887, 3, 77908
2026/10/03 09:22:48.889, 4, 119527
2026/10/03 09:22:48.891, 5, 119199
2026/10/03 09:22:48.893, 6, 118023
2026/10/03 09:22:48.893, 7, 117917
2026/10/03 09:22:49.893, 0, 79900
2026/10/03 09:22:49.893, 1, 78630
2026/10/03 09:22:49.893, 2, 78644
2026/10/03 09:22:49.893, 3, 77908
2026/10/03 09:22:49.893, 4, 119527
2026/10/03 09:22:49.893, 5, 119199
2026/10/03 09:22:49.893, 6, 118023
2026/10/03 09:22:49.893, 7, 117917
2026/10/03 09:22:50.893, 0, 79900
2026/10/03 09:22:50.893, 1, 78630
2026/10/03 09:22:50.893, 2, 78644
2026/10/03 09:22:50.893, 3, 77908
2026/10/03 09:22:50.893, 4, 119527
2026/10/03 09:22:50.893, 5, 119199
2026/10/03 09:22:50.893, 6, 118023
2026/10/03 09:22:50.893, 7, 117917
2026/10/03 09:22:51.894, 0, 79900
2026/10/03 09:22:51.894, 1, 78630
2026/10/03 09:22:51.894, 2, 78644
2026/10/03 09:22:51.894, 3, 77908
2026/10/03 09:22:51.894, 4, 119527
2026/10/03 09:22:51.894, 5, 119199
2026/10/03 09:22:51.894, 6, 118023
2026/10/03 09:22:51.894, 7, 117917
2026/10/03 09:22:52.894, 0, 79904
2026/10/03 09:22:52.894, 1, 78630
2026/10/03 09:22:52.894, 2, 78644
2026/10/03 09:22:52.894, 3, 77908
2026/10/03 09:22:52.894, 4, 119527
2026/10/03 09:22:52.894, 5, 119199
2026/10/03 09:22:52.894, 6, 118023
2026/10/03 09:22:52.894, 7, 117917
2026/10/03 09:22:53.894, 0, 79904
2026/10/03 09:22:53.894, 1, 78630
2026/10/03 09:22:53.894, 2, 78644
2026/10/03 09:22:53.894, 3, 77908
2026/10/03 09:22:53.894, 4, 119527
2026/10/03 09:22:53.894, 5, 119199
2026/10/03 09:22:53.894, 6, 118023
2026/10/03 09:22:53.894, 7, 117917
2026/10/03 09:22:54.894, 0, 79904
2026/10/03 09:22:54.894, 1, 78630
2026/10/03 09:22:54.894, 2, 78644
2026/10/03 09:22:54.894, 3, 77908
2026/10/03 09:22:54.894, 4, 119527
2026/10/03 09:22:54.894, 5, 119199
2026/10/03 09:22:54.894, 6, 118023
2026/10/03 09:22:54.894, 7, 117917
2026/10/03 09:22:55.894, 0, 79904
2026/10/03 09:22:55.895, 1, 78630
2026/10/03 09:22:55.895, 2, 78644
2026/10/03 09:22:55.895, 3, 77908
2026/10/03 09:22:55.895, 4, 119527
2026/10/03 09:22:55.895, 5, 119199
2026/10/03 09:22:55.895, 6, 118023
2026/10/03 09:22:55.895, 7, 117917
2026/10/03 09:22:56.895, 0, 79904
2026/10/03 09:22:56.895, 1, 78630
2026/10/03 09:22:56.895, 2, 78644
2026/10/03 09:22:56.895, 3, 77908
2026/10/03 09:22:56.895, 4, 119527
2026/10/03 09:22:56.895, 5, 119199
2026/10/03 09:22:56.895, 6, 118023
2026/10/03 09:22:56.895, 7, 117917
2026/10/03 09:22:57.895, 0, 79904
2026/10/03 09:22:57.896, 1, 78630
2026/10/03 09:22:57.896, 2, 78644
2026/10/03 09:22:57.897, 3, 77908
2026/10/03 09:22:57.897, 4, 120117
2026/10/03 09:22:57.897, 5, 120201
2026/10/03 09:22:57.897, 6, 118023
2026/10/03 09:22:57.897, 7, 118959
2026/10/03 09:22:58.897, 0, 79904
2026/10/03 09:22:58.897, 1, 78630
2026/10/03 09:22:58.897, 2, 78644
2026/10/03 09:22:58.897, 3, 77908
2026/10/03 09:22:58.897, 4, 118031
2026/10/03 09:22:58.897, 5, 117617
2026/10/03 09:22:58.897, 6, 117999
2026/10/03 09:22:58.897, 7, 117823
2026/10/03 09:22:59.897, 0, 79904
2026/10/03 09:22:59.897, 1, 78630
2026/10/03 09:22:59.897, 2, 78644
2026/10/03 09:22:59.897, 3, 77908
2026/10/03 09:22:59.897, 4, 118031
2026/10/03 09:22:59.897, 5, 117617
2026/10/03 09:22:59.897, 6, 117999
2026/10/03 09:22:59.897, 7, 117823
2026/10/03 09:23:00.897, 0, 79904
2026/10/03 09:23:00.897, 1, 78630
2026/10/03 09:23:00.897, 2, 78644
2026/10/03 09:23:00.897, 3, 77908
2026/10/03 09:23:00.897, 4, 118031
2026/10/03 09:23:00.897, 5, 117617
2026/10/03 09:23:00.897, 6, 117999
2026/10/03 09:23:00.897, 7, 117823
2026/10/03 09:23:01.898, 0, 79904
2026/10/03 09:23:01.898, 1, 78630
2026/10/03 09:23:01.898, 2, 78644
2026/10/03 09:23:01.898, 3, 77908
2026/10/03 09:23:01.898, 4, 118031
2026/10/03 09:23:01.898, 5, 117617
2026/10/03 09:23:01.898, 6, 117999
2026/10/03 09:23:01.898, 7, 117823
2026/10/03 09:23:02.898, 0, 79904
2026/10/03 09:23:02.898, 1, 78630
2026/10/03 09:23:02.898, 2, 78644
2026/10/03 09:23:02.898, 3, 77908
2026/10/03 09:23:02.898, 4, 118031
2026/10/03 09:23:02.898, 5, 117617
2026/10/03 09:23:02.898, 6, 118095
2026/10/03 09:23:02.898, 7, 117823
2026/10/03 09:23:03.898, 0, 79904
2026/10/03 09:23:03.898, 1, 78630
2026/10/03 09:23:03.898, 2, 78644
2026/10/03 09:23:03.898, 3, 77908
2026/10/03 09:23:03.898, 4, 118053
2026/10/03 09:23:03.898, 5, 117641
2026/10/03 09:23:03.898, 6, 118389
2026/10/03 09:23:03.898, 7, 117845
2026/10/03 09:23:04.898, 0, 79904
2026/10/03 09:23:04.898, 1, 78630
2026/10/03 09:23:04.898, 2, 78644
2026/10/03 09:23:04.898, 3, 77908
2026/10/03 09:23:04.898, 4, 118053
2026/10/03 09:23:04.898, 5, 117641
2026/10/03 09:23:04.898, 6, 118389
2026/10/03 09:23:04.898, 7, 117845
2026/10/03 09:23:05.898, 0, 79904
2026/10/03 09:23:05.898, 1, 78630
2026/10/03 09:23:05.899, 2, 78644
2026/10/03 09:23:05.899, 3, 77908
2026/10/03 09:23:05.899, 4, 118053
2026/10/03 09:23:05.899, 5, 117641
2026/10/03 09:23:05.899, 6, 118389
2026/10/03 09:23:05.899, 7, 117845
2026/10/03 09:23:06.899, 0, 79904
2026/10/03 09:23:06.899, 1, 78630
2026/10/03 09:23:06.899, 2, 78644
2026/10/03 09:23:06.899, 3, 77908
2026/10/03 09:23:06.899, 4, 118053
2026/10/03 09:23:06.899, 5, 117641
2026/10/03 09:23:06.899, 6, 118389
2026/10/03 09:23:06.899, 7, 117847
2026/10/03 09:23:07.899, 0, 79904
2026/10/03 09:23:07.899, 1, 78630
2026/10/03 09:23:07.899, 2, 78644
2026/10/03 09:23:07.899, 3, 77908
2026/10/03 09:23:07.899, 4, 118053
2026/10/03 09:23:07.899, 5, 117641
2026/10/03 09:23:07.899, 6, 118389
2026/10/03 09:23:07.899, 7, 117847
2026/10/03 09:23:08.899, 0, 79904
2026/10/03 09:23:08.899, 1, 78630
2026/10/03 09:23:08.899, 2, 78644
2026/10/03 09:23:08.899, 3, 77908
2026/10/03 09:23:08.899, 4, 118053
2026/10/03 09:23:08.899, 5, 117641
2026/10/03 09:23:08.899, 6, 118389
2026/10/03 09:23:08.899, 7, 117847
2026/10/03 09:23:09.899, 0, 79904
2026/10/03 09:23:09.900, 1, 78630
2026/10/03 09:23:09.900, 2, 78644
2026/10/03 09:23:09.900, 3, 77908
2026/10/03 09:23:09.900, 4, 118053
2026/10/03 09:23:09.900, 5, 117641
2026/10/03 09:23:09.900, 6, 118389
2026/10/03 09:23:09.900, 7, 117847
2026/10/03 09:23:10.900, 0, 79904
2026/10/03 09:23:10.900, 1, 78630
2026/10/03 09:23:10.900, 2, 78644
2026/10/03 09:23:10.900, 3, 77908
2026/10/03 09:23:10.900, 4, 118053
2026/10/03 09:23:10.901, 5, 117673
2026/10/03 09:23:10.901, 6, 118389
2026/10/03 09:23:10.901, 7, 117847
2026/10/03 09:23:11.901, 0, 79904
2026/10/03 09:23:11.901, 1, 78630
2026/10/03 09:23:11.901, 2, 78644
2026/10/03 09:23:11.901, 3, 77908
2026/10/03 09:23:11.901, 4, 118053
2026/10/03 09:23:11.901, 5, 117673
2026/10/03 09:23:11.901, 6, 118389
2026/10/03 09:23:11.901, 7, 117847
2026/10/03 09:23:12.901, 0, 79904
2026/10/03 09:23:12.901, 1, 78630
2026/10/03 09:23:12.901, 2, 78644
2026/10/03 09:23:12.901, 3, 77908
2026/10/03 09:23:12.901, 4, 118053
2026/10/03 09:23:12.901, 5, 117673
2026/10/03 09:23:12.901, 6, 118389
2026/10/03 09:23:12.901, 7, 117847
2026/10/03 09:23:13.901, 0, 79904
2026/10/03 09:23:13.901, 1, 78630
2026/10/03 09:23:13.901, 2, 78644
2026/10/03 09:23:13.901, 3, 77908
2026/10/03 09:23:13.901, 4, 118053
2026/10/03 09:23:13.901, 5, 117673
2026/10/03 09:23:13.901, 6, 118389
2026/10/03 09:23:13.901, 7, 117847
2026/10/03 09:23:14.902, 0, 79904
2026/10/03 09:23:14.902, 1, 78630
2026/10/03 09:23:14.902, 2, 78644
2026/10/03 09:23:14.902, 3, 77908
2026/10/03 09:23:14.902, 4, 118053
2026/10/03 09:23:14.902, 5, 117673
2026/10/03 09:23:14.902, 6, 118389
2026/10/03 09:23:14.902, 7, 117847
2026/10/03 09:23:15.902, 0, 79908
2026/10/03 09:23:15.902, 1, 78630
2026/10/03 09:23:15.902, 2, 78644
2026/10/03 09:23:15.902, 3, 77908
2026/10/03 09:23:15.902, 4, 118053
2026/10/03 09:23:15.902, 5, 117673
2026/10/03 09:23:15.902, 6, 118389
2026/10/03 09:23:15.902, 7, 117863
2026/10/03 09:23:16.902, 0, 79908
2026/10/03 09:23:16.902, 1, 78630
2026/10/03 09:23:16.902, 2, 78644
2026/10/03 09:23:16.902, 3, 77908
2026/10/03 09:23:16.902, 4, 118053
2026/10/03 09:23:16.902, 5, 117673
2026/10/03 09:23:16.902, 6, 118389
2026/10/03 09:23:16.902, 7, 117863
2026/10/03 09:23:17.902, 0, 79908
2026/10/03 09:23:17.902, 1, 78630
2026/10/03 09:23:17.903, 2, 78644
2026/10/03 09:23:17.903, 3, 77908
2026/10/03 09:23:17.903, 4, 118613
2026/10/03 09:23:17.905, 5, 118383
2026/10/03 09:23:17.907, 6, 118659
2026/10/03 09:23:17.911, 7, 118403
2026/10/03 09:23:18.916, 0, 79908
2026/10/03 09:23:18.916, 1, 78630
2026/10/03 09:23:18.916, 2, 78644
2026/10/03 09:23:18.916, 3, 77908
2026/10/03 09:23:18.916, 4, 118055
2026/10/03 09:23:18.916, 5, 117753
2026/10/03 09:23:18.916, 6, 118023
2026/10/03 09:23:18.916, 7, 117893
2026/10/03 09:23:19.916, 0, 79908
2026/10/03 09:23:19.916, 1, 78630
2026/10/03 09:23:19.916, 2, 78644
2026/10/03 09:23:19.916, 3, 77908
2026/10/03 09:23:19.916, 4, 118243
2026/10/03 09:23:19.916, 5, 117983
2026/10/03 09:23:19.916, 6, 118203
2026/10/03 09:23:19.916, 7, 118157
2026/10/03 09:23:20.916, 0, 79908
2026/10/03 09:23:20.916, 1, 78630
2026/10/03 09:23:20.916, 2, 78644
2026/10/03 09:23:20.916, 3, 77908
2026/10/03 09:23:20.916, 4, 119199
2026/10/03 09:23:20.916, 5, 117983
2026/10/03 09:23:20.917, 6, 118203
2026/10/03 09:23:20.917, 7, 118157
2026/10/03 09:23:21.917, 0, 79908
2026/10/03 09:23:21.919, 1, 78630
2026/10/03 09:23:21.919, 2, 78644
2026/10/03 09:23:21.920, 3, 77908
2026/10/03 09:23:21.920, 4, 119319
2026/10/03 09:23:21.920, 5, 117983
2026/10/03 09:23:21.920, 6, 118203
2026/10/03 09:23:21.920, 7, 118157
2026/10/03 09:23:22.920, 0, 79908
2026/10/03 09:23:22.920, 1, 78630
2026/10/03 09:23:22.920, 2, 78644
2026/10/03 09:23:22.920, 3, 77908
2026/10/03 09:23:22.920, 4, 119319
2026/10/03 09:23:22.920, 5, 117983
2026/10/03 09:23:22.920, 6, 118203
2026/10/03 09:23:22.920, 7, 118157
2026/10/03 09:23:23.920, 0, 79908
2026/10/03 09:23:23.920, 1, 78630
2026/10/03 09:23:23.920, 2, 78644
2026/10/03 09:23:23.920, 3, 77908
2026/10/03 09:23:23.920, 4, 119319
2026/10/03 09:23:23.920, 5, 117983
2026/10/03 09:23:23.920, 6, 118203
2026/10/03 09:23:23.920, 7, 118157
2026/10/03 09:23:24.920, 0, 79908
2026/10/03 09:23:24.921, 1, 78630
2026/10/03 09:23:24.921, 2, 78644
2026/10/03 09:23:24.921, 3, 77908
2026/10/03 09:23:24.921, 4, 119319
2026/10/03 09:23:24.921, 5, 117983
2026/10/03 09:23:24.921, 6, 118203
2026/10/03 09:23:24.921, 7, 118157
2026/10/03 09:23:25.921, 0, 79908
2026/10/03 09:23:25.921, 1, 78630
2026/10/03 09:23:25.921, 2, 78644
2026/10/03 09:23:25.921, 3, 77908
2026/10/03 09:23:25.921, 4, 119319
2026/10/03 09:23:25.921, 5, 117983
2026/10/03 09:23:25.921, 6, 118203
2026/10/03 09:23:25.921, 7, 118157
2026/10/03 09:23:26.921, 0, 79908
2026/10/03 09:23:26.921, 1, 78630
2026/10/03 09:23:26.921, 2, 78644
2026/10/03 09:23:26.921, 3, 77908
2026/10/03 09:23:26.921, 4, 119319
2026/10/03 09:23:26.921, 5, 117983
2026/10/03 09:23:26.921, 6, 118203
2026/10/03 09:23:26.921, 7, 118157
2026/10/03 09:23:27.921, 0, 79908
2026/10/03 09:23:27.921, 1, 78630
2026/10/03 09:23:27.921, 2, 78644
2026/10/03 09:23:27.921, 3, 77908
2026/10/03 09:23:27.921, 4, 119319
2026/10/03 09:23:27.921, 5, 117983
2026/10/03 09:23:27.921, 6, 118203
2026/10/03 09:23:27.921, 7, 118157
2026/10/03 09:23:28.921, 0, 79908
2026/10/03 09:23:28.921, 1, 78630
2026/10/03 09:23:28.921, 2, 78644
2026/10/03 09:23:28.921, 3, 77908
2026/10/03 09:23:28.921, 4, 119319
2026/10/03 09:23:28.922, 5, 117983
2026/10/03 09:23:28.922, 6, 118203
2026/10/03 09:23:28.922, 7, 118157
2026/10/03 09:23:29.922, 0, 79908
2026/10/03 09:23:29.922, 1, 78630
2026/10/03 09:23:29.922, 2, 78644
2026/10/03 09:23:29.922, 3, 77908
2026/10/03 09:23:29.922, 4, 119319
2026/10/03 09:23:29.922, 5, 117983
2026/10/03 09:23:29.922, 6, 118203
2026/10/03 09:23:29.922, 7, 118157
2026/10/03 09:23:30.922, 0, 79908
2026/10/03 09:23:30.922, 1, 78630
2026/10/03 09:23:30.922, 2, 78644
2026/10/03 09:23:30.922, 3, 77908
2026/10/03 09:23:30.922, 4, 119319
2026/10/03 09:23:30.922, 5, 117983
2026/10/03 09:23:30.922, 6, 118203
2026/10/03 09:23:30.922, 7, 118157
2026/10/03 09:23:31.922, 0, 79908
2026/10/03 09:23:31.922, 1, 78630
2026/10/03 09:23:31.922, 2, 78644
2026/10/03 09:23:31.922, 3, 77908
2026/10/03 09:23:31.922, 4, 119319
2026/10/03 09:23:31.922, 5, 117983
2026/10/03 09:23:31.922, 6, 118203
2026/10/03 09:23:31.922, 7, 118157
2026/10/03 09:23:32.922, 0, 79908
2026/10/03 09:23:32.922, 1, 78630
2026/10/03 09:23:32.922, 2, 78644
2026/10/03 09:23:32.922, 3, 77908
2026/10/03 09:23:32.922, 4, 119319
2026/10/03 09:23:32.922, 5, 117983
2026/10/03 09:23:32.922, 6, 118203
2026/10/03 09:23:32.922, 7, 118157
2026/10/03 09:23:33.923, 0, 79908
2026/10/03 09:23:33.923, 1, 78630
2026/10/03 09:23:33.923, 2, 78644
2026/10/03 09:23:33.923, 3, 77908
2026/10/03 09:23:33.923, 4, 118021
2026/10/03 09:23:33.923, 5, 117641
2026/10/03 09:23:33.923, 6, 118177
2026/10/03 09:23:33.923, 7, 117791
2026/10/03 09:23:34.923, 0, 79908
2026/10/03 09:23:34.923, 1, 78630
2026/10/03 09:23:34.923, 2, 78644
2026/10/03 09:23:34.923, 3, 77908
2026/10/03 09:23:34.923, 4, 118021
2026/10/03 09:23:34.923, 5, 117641
2026/10/03 09:23:34.923, 6, 118177
2026/10/03 09:23:34.923, 7, 117815
2026/10/03 09:23:35.923, 0, 79908
2026/10/03 09:23:35.923, 1, 78630
2026/10/03 09:23:35.923, 2, 78644
2026/10/03 09:23:35.923, 3, 77908
2026/10/03 09:23:35.923, 4, 118021
2026/10/03 09:23:35.923, 5, 117641
2026/10/03 09:23:35.923, 6, 118889
2026/10/03 09:23:35.923, 7, 117815
2026/10/03 09:23:36.923, 0, 79908
2026/10/03 09:23:36.923, 1, 78630
2026/10/03 09:23:36.923, 2, 78644
2026/10/03 09:23:36.923, 3, 77908
2026/10/03 09:23:36.923, 4, 118021
2026/10/03 09:23:36.923, 5, 117673
2026/10/03 09:23:36.923, 6, 118889
2026/10/03 09:23:36.923, 7, 117815
2026/10/03 09:23:37.923, 0, 79908
2026/10/03 09:23:37.924, 1, 78630
2026/10/03 09:23:37.924, 2, 78644
2026/10/03 09:23:37.924, 3, 77908
2026/10/03 09:23:37.924, 4, 118021
2026/10/03 09:23:37.924, 5, 117673
2026/10/03 09:23:37.924, 6, 118889
2026/10/03 09:23:37.924, 7, 117815
2026/10/03 09:23:38.924, 0, 79908
2026/10/03 09:23:38.924, 1, 78630
2026/10/03 09:23:38.924, 2, 78644
2026/10/03 09:23:38.924, 3, 77908
2026/10/03 09:23:38.924, 4, 118021
2026/10/03 09:23:38.924, 5, 117673
2026/10/03 09:23:38.924, 6, 118889
2026/10/03 09:23:38.924, 7, 117815
2026/10/03 09:23:39.924, 0, 79908
2026/10/03 09:23:39.924, 1, 78630
2026/10/03 09:23:39.924, 2, 78644
2026/10/03 09:23:39.924, 3, 77908
2026/10/03 09:23:39.924, 4, 118021
2026/10/03 09:23:39.924, 5, 117673
2026/10/03 09:23:39.924, 6, 118889
2026/10/03 09:23:39.924, 7, 117815
2026/10/03 09:23:40.924, 0, 79908
2026/10/03 09:23:40.924, 1, 78630
2026/10/03 09:23:40.924, 2, 78644
2026/10/03 09:23:40.924, 3, 77908
2026/10/03 09:23:40.924, 4, 118021
2026/10/03 09:23:40.924, 5, 117673
2026/10/03 09:23:40.924, 6, 118889
2026/10/03 09:23:40.924, 7, 117815
2026/10/03 09:23:41.924, 0, 79908
2026/10/03 09:23:41.924, 1, 78630
2026/10/03 09:23:41.924, 2, 78644
2026/10/03 09:23:41.924, 3, 77908
2026/10/03 09:23:41.925, 4, 118021
2026/10/03 09:23:41.925, 5, 117673
2026/10/03 09:23:41.925, 6, 118889
2026/10/03 09:23:41.925, 7, 117815
2026/10/03 09:23:42.925, 0, 79908
2026/10/03 09:23:42.925, 1, 78630
2026/10/03 09:23:42.925, 2, 78644
2026/10/03 09:23:42.925, 3, 77908
2026/10/03 09:23:42.925, 4, 118021
2026/10/03 09:23:42.925, 5, 117673
2026/10/03 09:23:42.925, 6, 118889
2026/10/03 09:23:42.925, 7, 117815
2026/10/03 09:23:43.925, 0, 79908
2026/10/03 09:23:43.925, 1, 78630
2026/10/03 09:23:43.925, 2, 78644
2026/10/03 09:23:43.925, 3, 77908
2026/10/03 09:23:43.925, 4, 118021
2026/10/03 09:23:43.925, 5, 117673
2026/10/03 09:23:43.925, 6, 118889
2026/10/03 09:23:43.925, 7, 117815
2026/10/03 09:23:44.925, 0, 79908
2026/10/03 09:23:44.926, 1, 78630
2026/10/03 09:23:44.926, 2, 78644
2026/10/03 09:23:44.927, 3, 77908
2026/10/03 09:23:44.927, 4, 118021
2026/10/03 09:23:44.927, 5, 117673
2026/10/03 09:23:44.927, 6, 118889
2026/10/03 09:23:44.927, 7, 117815
2026/10/03 09:23:45.927, 0, 79908
2026/10/03 09:23:45.927, 1, 78630
2026/10/03 09:23:45.927, 2, 78644
2026/10/03 09:23:45.927, 3, 77908
2026/10/03 09:23:45.927, 4, 118021
2026/10/03 09:23:45.927, 5, 117673
2026/10/03 09:23:45.927, 6, 118889
2026/10/03 09:23:45.927, 7, 117815
2026/10/03 09:23:46.928, 0, 79908
2026/10/03 09:23:46.928, 1, 78630
2026/10/03 09:23:46.928, 2, 78644
2026/10/03 09:23:46.928, 3, 77908
2026/10/03 09:23:46.928, 4, 118021
2026/10/03 09:23:46.928, 5, 117673
2026/10/03 09:23:46.928, 6, 118889
2026/10/03 09:23:46.928, 7, 117815
2026/10/03 09:23:47.928, 0, 79908
2026/10/03 09:23:47.930, 1, 78630
2026/10/03 09:23:47.930, 2, 78644
2026/10/03 09:23:47.932, 3, 77908
2026/10/03 09:23:47.933, 4, 118021
2026/10/03 09:23:47.948, 5, 117673
2026/10/03 09:23:47.948, 6, 118889
2026/10/03 09:23:47.949, 7, 117815
2026/10/03 09:23:48.949, 0, 79908
2026/10/03 09:23:48.949, 1, 78630
2026/10/03 09:23:48.949, 2, 78644
2026/10/03 09:23:48.949, 3, 77908
2026/10/03 09:23:48.949, 4, 117999
2026/10/03 09:23:48.949, 5, 117617
2026/10/03 09:23:48.949, 6, 117999
2026/10/03 09:23:48.949, 7, 117791
2026/10/03 09:23:49.949, 0, 79908
2026/10/03 09:23:49.949, 1, 78630
2026/10/03 09:23:49.949, 2, 78644
2026/10/03 09:23:49.949, 3, 77908
2026/10/03 09:23:49.949, 4, 117999
2026/10/03 09:23:49.949, 5, 117617
2026/10/03 09:23:49.949, 6, 117999
2026/10/03 09:23:49.949, 7, 117791
2026/10/03 09:23:50.949, 0, 79908
2026/10/03 09:23:50.953, 1, 78630
2026/10/03 09:23:50.953, 2, 78644
2026/10/03 09:23:50.953, 3, 77908
2026/10/03 09:23:50.953, 4, 117999
2026/10/03 09:23:50.953, 5, 117617
2026/10/03 09:23:50.953, 6, 117999
2026/10/03 09:23:50.953, 7, 117791
2026/10/03 09:23:51.953, 0, 79908
2026/10/03 09:23:51.953, 1, 78630
2026/10/03 09:23:51.953, 2, 78644
2026/10/03 09:23:51.953, 3, 77908
2026/10/03 09:23:51.953, 4, 118043
2026/10/03 09:23:51.953, 5, 117641
2026/10/03 09:23:51.953, 6, 117999
2026/10/03 09:23:51.953, 7, 117817
2026/10/03 09:23:52.954, 0, 79908
2026/10/03 09:23:52.954, 1, 78630
2026/10/03 09:23:52.954, 2, 78644
2026/10/03 09:23:52.954, 3, 77908
2026/10/03 09:23:52.954, 4, 118299
2026/10/03 09:23:52.954, 5, 117755
2026/10/03 09:23:52.954, 6, 118021
2026/10/03 09:23:52.954, 7, 118097
2026/10/03 09:23:53.954, 0, 79908
2026/10/03 09:23:53.954, 1, 78630
2026/10/03 09:23:53.954, 2, 78644
2026/10/03 09:23:53.954, 3, 77908
2026/10/03 09:23:53.954, 4, 118829
2026/10/03 09:23:53.954, 5, 118007
2026/10/03 09:23:53.954, 6, 118021
2026/10/03 09:23:53.955, 7, 118097
2026/10/03 09:23:54.955, 0, 79908
2026/10/03 09:23:54.955, 1, 78630
2026/10/03 09:23:54.955, 2, 78644
2026/10/03 09:23:54.955, 3, 77908
2026/10/03 09:23:54.955, 4, 118829
2026/10/03 09:23:54.955, 5, 118007
2026/10/03 09:23:54.955, 6, 118023
2026/10/03 09:23:54.955, 7, 118097
2026/10/03 09:23:55.955, 0, 79908
2026/10/03 09:23:55.955, 1, 78630
2026/10/03 09:23:55.955, 2, 78644
2026/10/03 09:23:55.955, 3, 77908
2026/10/03 09:23:55.955, 4, 118829
2026/10/03 09:23:55.955, 5, 118007
2026/10/03 09:23:55.955, 6, 118023
2026/10/03 09:23:55.955, 7, 118097
2026/10/03 09:23:56.955, 0, 79908
2026/10/03 09:23:56.955, 1, 78630
2026/10/03 09:23:56.955, 2, 78644
2026/10/03 09:23:56.955, 3, 77908
2026/10/03 09:23:56.955, 4, 118829
2026/10/03 09:23:56.955, 5, 118007
2026/10/03 09:23:56.955, 6, 118023
2026/10/03 09:23:56.955, 7, 118097
2026/10/03 09:23:57.955, 0, 79908
2026/10/03 09:23:57.955, 1, 78630
2026/10/03 09:23:57.955, 2, 78644
2026/10/03 09:23:57.955, 3, 77908
2026/10/03 09:23:57.955, 4, 118829
2026/10/03 09:23:57.955, 5, 118007
2026/10/03 09:23:57.955, 6, 118023
2026/10/03 09:23:57.955, 7, 118097
2026/10/03 09:23:58.956, 0, 79908
2026/10/03 09:23:58.956, 1, 78630
2026/10/03 09:23:58.956, 2, 78644
2026/10/03 09:23:58.956, 3, 77908
2026/10/03 09:23:58.956, 4, 118829
2026/10/03 09:23:58.956, 5, 118007
2026/10/03 09:23:58.956, 6, 118023
2026/10/03 09:23:58.956, 7, 118097
2026/10/03 09:23:59.956, 0, 79908
2026/10/03 09:23:59.956, 1, 78630
2026/10/03 09:23:59.956, 2, 78644
2026/10/03 09:23:59.956, 3, 77908
2026/10/03 09:23:59.956, 4, 118829
2026/10/03 09:23:59.956, 5, 118007
2026/10/03 09:23:59.956, 6, 118023
2026/10/03 09:23:59.956, 7, 118097
2026/10/03 09:24:00.956, 0, 79908
2026/10/03 09:24:00.956, 1, 78630
2026/10/03 09:24:00.956, 2, 78644
2026/10/03 09:24:00.956, 3, 77908
2026/10/03 09:24:00.956, 4, 118829
2026/10/03 09:24:00.956, 5, 118007
2026/10/03 09:24:00.956, 6, 118023
2026/10/03 09:24:00.956, 7, 118097
2026/10/03 09:24:01.956, 0, 79908
2026/10/03 09:24:01.956, 1, 78630
2026/10/03 09:24:01.956, 2, 78644
2026/10/03 09:24:01.956, 3, 77908
2026/10/03 09:24:01.956, 4, 118829
2026/10/03 09:24:01.956, 5, 118007
2026/10/03 09:24:01.956, 6, 118023
2026/10/03 09:24:01.956, 7, 118097
2026/10/03 09:24:02.956, 0, 79908
2026/10/03 09:24:02.956, 1, 78630
2026/10/03 09:24:02.957, 2, 78644
2026/10/03 09:24:02.957, 3, 77908
2026/10/03 09:24:02.957, 4, 118829
2026/10/03 09:24:02.957, 5, 118007
2026/10/03 09:24:02.957, 6, 118023
2026/10/03 09:24:02.957, 7, 118097
2026/10/03 09:24:03.957, 0, 79908
2026/10/03 09:24:03.957, 1, 78630
2026/10/03 09:24:03.957, 2, 78644
2026/10/03 09:24:03.957, 3, 77908
2026/10/03 09:24:03.957, 4, 118829
2026/10/03 09:24:03.957, 5, 118007
2026/10/03 09:24:03.957, 6, 118023
2026/10/03 09:24:03.957, 7, 118097
2026/10/03 09:24:04.957, 0, 79908
2026/10/03 09:24:04.957, 1, 78630
2026/10/03 09:24:04.957, 2, 78644
2026/10/03 09:24:04.957, 3, 77908
2026/10/03 09:24:04.957, 4, 118829
2026/10/03 09:24:04.957, 5, 118007
2026/10/03 09:24:04.957, 6, 118023
2026/10/03 09:24:04.957, 7, 118097
2026/10/03 09:24:05.957, 0, 79908
2026/10/03 09:24:05.957, 1, 78630
2026/10/03 09:24:05.957, 2, 78644
2026/10/03 09:24:05.957, 3, 77908
2026/10/03 09:24:05.957, 4, 118829
2026/10/03 09:24:05.957, 5, 118007
2026/10/03 09:24:05.957, 6, 118023
2026/10/03 09:24:05.957, 7, 118097
2026/10/03 09:24:06.957, 0, 79908
2026/10/03 09:24:06.957, 1, 78630
2026/10/03 09:24:06.957, 2, 78644
2026/10/03 09:24:06.957, 3, 77908
2026/10/03 09:24:06.957, 4, 117999
2026/10/03 09:24:06.957, 5, 117617
2026/10/03 09:24:06.957, 6, 117999
2026/10/03 09:24:06.957, 7, 117759
2026/10/03 09:24:07.958, 0, 79908
2026/10/03 09:24:07.958, 1, 78630
2026/10/03 09:24:07.958, 2, 78644
2026/10/03 09:24:07.958, 3, 77908
2026/10/03 09:24:07.958, 4, 118021
2026/10/03 09:24:07.958, 5, 117639
2026/10/03 09:24:07.958, 6, 118311
2026/10/03 09:24:07.958, 7, 117783
2026/10/03 09:24:08.958, 0, 79908
2026/10/03 09:24:08.959, 1, 78630
2026/10/03 09:24:08.959, 2, 78644
2026/10/03 09:24:08.959, 3, 77908
2026/10/03 09:24:08.959, 4, 118021
2026/10/03 09:24:08.959, 5, 117639
2026/10/03 09:24:08.959, 6, 118311
2026/10/03 09:24:08.959, 7, 117783
2026/10/03 09:24:09.959, 0, 79908
2026/10/03 09:24:09.959, 1, 78630
2026/10/03 09:24:09.959, 2, 78644
2026/10/03 09:24:09.959, 3, 77908
2026/10/03 09:24:09.959, 4, 118021
2026/10/03 09:24:09.959, 5, 117639
2026/10/03 09:24:09.959, 6, 118311
2026/10/03 09:24:09.959, 7, 117783
2026/10/03 09:24:10.959, 0, 79908
2026/10/03 09:24:10.959, 1, 78630
2026/10/03 09:24:10.959, 2, 78644
2026/10/03 09:24:10.959, 3, 77908
2026/10/03 09:24:10.959, 4, 118023
2026/10/03 09:24:10.959, 5, 117673
2026/10/03 09:24:10.959, 6, 118311
2026/10/03 09:24:10.959, 7, 117783
2026/10/03 09:24:11.959, 0, 79908
2026/10/03 09:24:11.959, 1, 78630
2026/10/03 09:24:11.959, 2, 78644
2026/10/03 09:24:11.959, 3, 77908
2026/10/03 09:24:11.959, 4, 118023
2026/10/03 09:24:11.959, 5, 117673
2026/10/03 09:24:11.959, 6, 118311
2026/10/03 09:24:11.959, 7, 117783
2026/10/03 09:24:12.959, 0, 79908
2026/10/03 09:24:12.959, 1, 78630
2026/10/03 09:24:12.959, 2, 78644
2026/10/03 09:24:12.960, 3, 77908
2026/10/03 09:24:12.960, 4, 118023
2026/10/03 09:24:12.960, 5, 117673
2026/10/03 09:24:12.960, 6, 118311
2026/10/03 09:24:12.960, 7, 117783
2026/10/03 09:24:13.960, 0, 79908
2026/10/03 09:24:13.960, 1, 78630
2026/10/03 09:24:13.960, 2, 78644
2026/10/03 09:24:13.960, 3, 77908
2026/10/03 09:24:13.960, 4, 118023
2026/10/03 09:24:13.960, 5, 117673
2026/10/03 09:24:13.960, 6, 118311
2026/10/03 09:24:13.960, 7, 117783
2026/10/03 09:24:14.960, 0, 79908
2026/10/03 09:24:14.960, 1, 78630
2026/10/03 09:24:14.960, 2, 78644
2026/10/03 09:24:14.960, 3, 77908
2026/10/03 09:24:14.960, 4, 118023
2026/10/03 09:24:14.960, 5, 117673
2026/10/03 09:24:14.960, 6, 118311
2026/10/03 09:24:14.960, 7, 117783
2026/10/03 09:24:15.960, 0, 79908
2026/10/03 09:24:15.960, 1, 78630
2026/10/03 09:24:15.960, 2, 78644
2026/10/03 09:24:15.960, 3, 77908
2026/10/03 09:24:15.960, 4, 118023
2026/10/03 09:24:15.960, 5, 117673
2026/10/03 09:24:15.960, 6, 118311
2026/10/03 09:24:15.960, 7, 117783
2026/10/03 09:24:16.960, 0, 79908
2026/10/03 09:24:16.960, 1, 78630
2026/10/03 09:24:16.960, 2, 78644
2026/10/03 09:24:16.960, 3, 77908
2026/10/03 09:24:16.960, 4, 118023
2026/10/03 09:24:16.960, 5, 117673
2026/10/03 09:24:16.960, 6, 118311
2026/10/03 09:24:16.960, 7, 117783
2026/10/03 09:24:17.961, 0, 79908
2026/10/03 09:24:17.964, 1, 78630
2026/10/03 09:24:17.980, 2, 78644
2026/10/03 09:24:17.990, 3, 77908
2026/10/03 09:24:17.999, 4, 118023
2026/10/03 09:24:18.007, 5, 117673
2026/10/03 09:24:18.011, 6, 118311
2026/10/03 09:24:18.013, 7, 117783
2026/10/03 09:24:19.015, 0, 79908
2026/10/03 09:24:19.016, 1, 78630
2026/10/03 09:24:19.018, 2, 78644
2026/10/03 09:24:19.020, 3, 77908
2026/10/03 09:24:19.021, 4, 118023
2026/10/03 09:24:19.021, 5, 117673
2026/10/03 09:24:19.022, 6, 118311
2026/10/03 09:24:19.022, 7, 117783
2026/10/03 09:24:20.022, 0, 79908
2026/10/03 09:24:20.022, 1, 78630
2026/10/03 09:24:20.022, 2, 78644
2026/10/03 09:24:20.022, 3, 77908
2026/10/03 09:24:20.022, 4, 118023
2026/10/03 09:24:20.022, 5, 117673
2026/10/03 09:24:20.022, 6, 118311
2026/10/03 09:24:20.022, 7, 117783
2026/10/03 09:24:21.022, 0, 79908
2026/10/03 09:24:21.023, 1, 78630
2026/10/03 09:24:21.023, 2, 78644
2026/10/03 09:24:21.023, 3, 77908
2026/10/03 09:24:21.023, 4, 118023
2026/10/03 09:24:21.023, 5, 117673
2026/10/03 09:24:21.023, 6, 118311
2026/10/03 09:24:21.023, 7, 117783
2026/10/03 09:24:22.023, 0, 79908
2026/10/03 09:24:22.023, 1, 78630
2026/10/03 09:24:22.023, 2, 78644
2026/10/03 09:24:22.023, 3, 77908
2026/10/03 09:24:22.023, 4, 117999
2026/10/03 09:24:22.023, 5, 117617
2026/10/03 09:24:22.023, 6, 117999
2026/10/03 09:24:22.023, 7, 117759
2026/10/03 09:24:23.023, 0, 79908
2026/10/03 09:24:23.023, 1, 78630
2026/10/03 09:24:23.023, 2, 78644
2026/10/03 09:24:23.023, 3, 77908
2026/10/03 09:24:23.023, 4, 117999
2026/10/03 09:24:23.039, 5, 118691
2026/10/03 09:24:23.039, 6, 118637
2026/10/03 09:24:23.039, 7, 118397
2026/10/03 09:24:24.039, 0, 79908
2026/10/03 09:24:24.039, 1, 78630
2026/10/03 09:24:24.040, 2, 78644
2026/10/03 09:24:24.040, 3, 77908
2026/10/03 09:24:24.040, 4, 117999
2026/10/03 09:24:24.040, 5, 117617
2026/10/03 09:24:24.040, 6, 117999
2026/10/03 09:24:24.040, 7, 117759
2026/10/03 09:24:25.040, 0, 79908
2026/10/03 09:24:25.040, 1, 78630
2026/10/03 09:24:25.042, 2, 78644
2026/10/03 09:24:25.042, 3, 77908
2026/10/03 09:24:25.042, 4, 118137
2026/10/03 09:24:25.042, 5, 117833
2026/10/03 09:24:25.042, 6, 118023
2026/10/03 09:24:25.042, 7, 117985
2026/10/03 09:24:26.043, 0, 79908
2026/10/03 09:24:26.043, 1, 78630
2026/10/03 09:24:26.043, 2, 78644
2026/10/03 09:24:26.043, 3, 77908
2026/10/03 09:24:26.043, 4, 118543
2026/10/03 09:24:26.043, 5, 117947
2026/10/03 09:24:26.043, 6, 118023
2026/10/03 09:24:26.043, 7, 117987
2026/10/03 09:24:27.043, 0, 79908
2026/10/03 09:24:27.044, 1, 78630
2026/10/03 09:24:27.048, 2, 78644
2026/10/03 09:24:27.050, 3, 77908
2026/10/03 09:24:27.054, 4, 118543
2026/10/03 09:24:27.055, 5, 117979
2026/10/03 09:24:27.057, 6, 118255
2026/10/03 09:24:27.058, 7, 117987
2026/10/03 09:24:28.059, 0, 79908
2026/10/03 09:24:28.060, 1, 78630
2026/10/03 09:24:28.060, 2, 78644
2026/10/03 09:24:28.060, 3, 77908
2026/10/03 09:24:28.060, 4, 118543
2026/10/03 09:24:28.060, 5, 117979
2026/10/03 09:24:28.060, 6, 119117
2026/10/03 09:24:28.060, 7, 117987
2026/10/03 09:24:29.060, 0, 79908
2026/10/03 09:24:29.060, 1, 78630
2026/10/03 09:24:29.060, 2, 78644
2026/10/03 09:24:29.060, 3, 77908
2026/10/03 09:24:29.060, 4, 118543
2026/10/03 09:24:29.060, 5, 117979
2026/10/03 09:24:29.060, 6, 119117
2026/10/03 09:24:29.060, 7, 117987
2026/10/03 09:24:30.060, 0, 79908
2026/10/03 09:24:30.060, 1, 78630
2026/10/03 09:24:30.060, 2, 78644
2026/10/03 09:24:30.060, 3, 77908
2026/10/03 09:24:30.060, 4, 118543
2026/10/03 09:24:30.060, 5, 117979
2026/10/03 09:24:30.060, 6, 119117
2026/10/03 09:24:30.060, 7, 117987
2026/10/03 09:24:31.060, 0, 79908
2026/10/03 09:24:31.060, 1, 78630
2026/10/03 09:24:31.063, 2, 78644
2026/10/03 09:24:31.063, 3, 77908
2026/10/03 09:24:31.063, 4, 118543
2026/10/03 09:24:31.063, 5, 117979
2026/10/03 09:24:31.064, 6, 119117
2026/10/03 09:24:31.064, 7, 117987
2026/10/03 09:24:32.064, 0, 79908
2026/10/03 09:24:32.064, 1, 78630
2026/10/03 09:24:32.064, 2, 78644
2026/10/03 09:24:32.064, 3, 77908
2026/10/03 09:24:32.064, 4, 118543
2026/10/03 09:24:32.064, 5, 117979
2026/10/03 09:24:32.064, 6, 119117
2026/10/03 09:24:32.064, 7, 117987
2026/10/03 09:24:33.065, 0, 79908
2026/10/03 09:24:33.065, 1, 78630
2026/10/03 09:24:33.065, 2, 78644
2026/10/03 09:24:33.065, 3, 77908
2026/10/03 09:24:33.065, 4, 118543
2026/10/03 09:24:33.065, 5, 117979
2026/10/03 09:24:33.065, 6, 119117
2026/10/03 09:24:33.065, 7, 117987
2026/10/03 09:24:34.065, 0, 79908
2026/10/03 09:24:34.065, 1, 78630
2026/10/03 09:24:34.065, 2, 78644
2026/10/03 09:24:34.065, 3, 77908
2026/10/03 09:24:34.065, 4, 118543
2026/10/03 09:24:34.065, 5, 117979
2026/10/03 09:24:34.065, 6, 119117
2026/10/03 09:24:34.065, 7, 117987
2026/10/03 09:24:35.065, 0, 79908
2026/10/03 09:24:35.065, 1, 78630
2026/10/03 09:24:35.065, 2, 78644
2026/10/03 09:24:35.065, 3, 77908
2026/10/03 09:24:35.065, 4, 118543
2026/10/03 09:24:35.065, 5, 117979
2026/10/03 09:24:35.065, 6, 119117
2026/10/03 09:24:35.065, 7, 117987
2026/10/03 09:24:36.066, 0, 79908
2026/10/03 09:24:36.066, 1, 78630
2026/10/03 09:24:36.066, 2, 78644
2026/10/03 09:24:36.066, 3, 77912
2026/10/03 09:24:36.066, 4, 118543
2026/10/03 09:24:36.066, 5, 117979
2026/10/03 09:24:36.066, 6, 119117
2026/10/03 09:24:36.066, 7, 117987
2026/10/03 09:24:37.066, 0, 79908
2026/10/03 09:24:37.066, 1, 78630
2026/10/03 09:24:37.066, 2, 78644
2026/10/03 09:24:37.066, 3, 77912
2026/10/03 09:24:37.066, 4, 118543
2026/10/03 09:24:37.066, 5, 117979
2026/10/03 09:24:37.066, 6, 119117
2026/10/03 09:24:37.067, 7, 117987
2026/10/03 09:24:38.069, 0, 79908
2026/10/03 09:24:38.069, 1, 78630
2026/10/03 09:24:38.069, 2, 78644
2026/10/03 09:24:38.069, 3, 77912
2026/10/03 09:24:38.069, 4, 118543
2026/10/03 09:24:38.069, 5, 117979
2026/10/03 09:24:38.069, 6, 119117
2026/10/03 09:24:38.069, 7, 117987
2026/10/03 09:24:39.069, 0, 79908
2026/10/03 09:24:39.069, 1, 78630
2026/10/03 09:24:39.069, 2, 78644
2026/10/03 09:24:39.069, 3, 77912
2026/10/03 09:24:39.069, 4, 117999
2026/10/03 09:24:39.069, 5, 117617
2026/10/03 09:24:39.069, 6, 117999
2026/10/03 09:24:39.069, 7, 117759
2026/10/03 09:24:40.071, 0, 79908
2026/10/03 09:24:40.071, 1, 78630
2026/10/03 09:24:40.072, 2, 78644
2026/10/03 09:24:40.072, 3, 77912
2026/10/03 09:24:40.072, 4, 118067
2026/10/03 09:24:40.072, 5, 117641
2026/10/03 09:24:40.072, 6, 118023
2026/10/03 09:24:40.072, 7, 117783
2026/10/03 09:24:41.072, 0, 79908
2026/10/03 09:24:41.072, 1, 78630
2026/10/03 09:24:41.072, 2, 78644
2026/10/03 09:24:41.072, 3, 77912
2026/10/03 09:24:41.072, 4, 118067
2026/10/03 09:24:41.072, 5, 117673
2026/10/03 09:24:41.072, 6, 118023
2026/10/03 09:24:41.072, 7, 117879
2026/10/03 09:24:42.075, 0, 79908
2026/10/03 09:24:42.075, 1, 78630
2026/10/03 09:24:42.075, 2, 78644
2026/10/03 09:24:42.076, 3, 77912
2026/10/03 09:24:42.076, 4, 118067
2026/10/03 09:24:42.076, 5, 117673
2026/10/03 09:24:42.076, 6, 118023
2026/10/03 09:24:42.076, 7, 117879
2026/10/03 09:24:43.076, 0, 79908
2026/10/03 09:24:43.076, 1, 78630
2026/10/03 09:24:43.076, 2, 78644
2026/10/03 09:24:43.076, 3, 77912
2026/10/03 09:24:43.076, 4, 118067
2026/10/03 09:24:43.076, 5, 117673
2026/10/03 09:24:43.076, 6, 118023
2026/10/03 09:24:43.076, 7, 117879
2026/10/03 09:24:44.078, 0, 79908
2026/10/03 09:24:44.078, 1, 78630
2026/10/03 09:24:44.078, 2, 78644
2026/10/03 09:24:44.078, 3, 77912
2026/10/03 09:24:44.078, 4, 118067
2026/10/03 09:24:44.078, 5, 117673
2026/10/03 09:24:44.078, 6, 118023
2026/10/03 09:24:44.078, 7, 117879
2026/10/03 09:24:45.078, 0, 79908
2026/10/03 09:24:45.078, 1, 78630
2026/10/03 09:24:45.078, 2, 78644
2026/10/03 09:24:45.078, 3, 77912
2026/10/03 09:24:45.078, 4, 118067
2026/10/03 09:24:45.078, 5, 117673
2026/10/03 09:24:45.079, 6, 118043
2026/10/03 09:24:45.079, 7, 117879
2026/10/03 09:24:46.082, 0, 79908
2026/10/03 09:24:46.082, 1, 78630
2026/10/03 09:24:46.082, 2, 78644
2026/10/03 09:24:46.082, 3, 77912
2026/10/03 09:24:46.082, 4, 118067
2026/10/03 09:24:46.082, 5, 117673
2026/10/03 09:24:46.082, 6, 118043
2026/10/03 09:24:46.082, 7, 117879
2026/10/03 09:24:47.082, 0, 79908
2026/10/03 09:24:47.082, 1, 78630
2026/10/03 09:24:47.088, 2, 78644
2026/10/03 09:24:47.089, 3, 77912
2026/10/03 09:24:47.091, 4, 118069
2026/10/03 09:24:47.092, 5, 117673
2026/10/03 09:24:47.094, 6, 118043
2026/10/03 09:24:47.095, 7, 117879
2026/10/03 09:24:48.097, 0, 79908
2026/10/03 09:24:48.098, 1, 78630
2026/10/03 09:24:48.098, 2, 78644
2026/10/03 09:24:48.099, 3, 77912
2026/10/03 09:24:48.102, 4, 118069
2026/10/03 09:24:48.103, 5, 117673
2026/10/03 09:24:48.103, 6, 118043
2026/10/03 09:24:48.106, 7, 117879
2026/10/03 09:24:49.107, 0, 79908
2026/10/03 09:24:49.109, 1, 78630
2026/10/03 09:24:49.112, 2, 78644
2026/10/03 09:24:49.114, 3, 77912
2026/10/03 09:24:49.116, 4, 118069
2026/10/03 09:24:49.120, 5, 117673
2026/10/03 09:24:49.121, 6, 118043
2026/10/03 09:24:49.121, 7, 117879
2026/10/03 09:24:50.124, 0, 79908
2026/10/03 09:24:50.124, 1, 78630
2026/10/03 09:24:50.124, 2, 78644
2026/10/03 09:24:50.124, 3, 77912
2026/10/03 09:24:50.124, 4, 118069
2026/10/03 09:24:50.124, 5, 117673
2026/10/03 09:24:50.124, 6, 118043
2026/10/03 09:24:50.124, 7, 117879
2026/10/03 09:24:51.124, 0, 79908
2026/10/03 09:24:51.125, 1, 78630
2026/10/03 09:24:51.125, 2, 78644
2026/10/03 09:24:51.127, 3, 77912
2026/10/03 09:24:51.127, 4, 118069
2026/10/03 09:24:51.127, 5, 117673
2026/10/03 09:24:51.127, 6, 118043
2026/10/03 09:24:51.128, 7, 117879
2026/10/03 09:24:52.128, 0, 79908
2026/10/03 09:24:52.128, 1, 78630
2026/10/03 09:24:52.129, 2, 78644
2026/10/03 09:24:52.130, 3, 77912
2026/10/03 09:24:52.131, 4, 118069
2026/10/03 09:24:52.132, 5, 117673
2026/10/03 09:24:52.132, 6, 118043
2026/10/03 09:24:52.133, 7, 117879
2026/10/03 09:24:53.134, 0, 79908
2026/10/03 09:24:53.135, 1, 78630
2026/10/03 09:24:53.135, 2, 78644
2026/10/03 09:24:53.135, 3, 77912
2026/10/03 09:24:53.135, 4, 118069
2026/10/03 09:24:53.135, 5, 117673
2026/10/03 09:24:53.135, 6, 118043
2026/10/03 09:24:53.135, 7, 118505
2026/10/03 09:24:54.135, 0, 79908
2026/10/03 09:24:54.135, 1, 78630
2026/10/03 09:24:54.135, 2, 78644
2026/10/03 09:24:54.135, 3, 77912
2026/10/03 09:24:54.135, 4, 118637
2026/10/03 09:24:54.135, 5, 117617
2026/10/03 09:24:54.135, 6, 118637
2026/10/03 09:24:54.135, 7, 118397
2026/10/03 09:24:55.135, 0, 79908
2026/10/03 09:24:55.135, 1, 78630
2026/10/03 09:24:55.135, 2, 78644
2026/10/03 09:24:55.135, 3, 77912
2026/10/03 09:24:55.135, 4, 117999
2026/10/03 09:24:55.135, 5, 117617
2026/10/03 09:24:55.135, 6, 117999
2026/10/03 09:24:55.135, 7, 117759
2026/10/03 09:24:56.135, 0, 79908
2026/10/03 09:24:56.135, 1, 78630
2026/10/03 09:24:56.135, 2, 78644
2026/10/03 09:24:56.135, 3, 77912
2026/10/03 09:24:56.135, 4, 117999
2026/10/03 09:24:56.135, 5, 117617
2026/10/03 09:24:56.135, 6, 117999
2026/10/03 09:24:56.135, 7, 117759
2026/10/03 09:24:57.135, 0, 79908
2026/10/03 09:24:57.137, 1, 78630
2026/10/03 09:24:57.138, 2, 78644
2026/10/03 09:24:57.139, 3, 77912
2026/10/03 09:24:57.139, 4, 117999
2026/10/03 09:24:57.139, 5, 117617
2026/10/03 09:24:57.140, 6, 117999
2026/10/03 09:24:57.140, 7, 117759
2026/10/03 09:24:58.141, 0, 79908
2026/10/03 09:24:58.141, 1, 78630
2026/10/03 09:24:58.141, 2, 78644
2026/10/03 09:24:58.141, 3, 77912
2026/10/03 09:24:58.141, 4, 118861
2026/10/03 09:24:58.141, 5, 117939
2026/10/03 09:24:58.141, 6, 118151
2026/10/03 09:24:58.141, 7, 118317
2026/10/03 09:24:59.141, 0, 79908
2026/10/03 09:24:59.141, 1, 78630
2026/10/03 09:24:59.141, 2, 78644
2026/10/03 09:24:59.141, 3, 77912
2026/10/03 09:24:59.141, 4, 118861
2026/10/03 09:24:59.141, 5, 117971
2026/10/03 09:24:59.141, 6, 118151
2026/10/03 09:24:59.141, 7, 118317
2026/10/03 09:25:00.141, 0, 79908
2026/10/03 09:25:00.142, 1, 78630
2026/10/03 09:25:00.142, 2, 78644
2026/10/03 09:25:00.142, 3, 77912
2026/10/03 09:25:00.142, 4, 118861
2026/10/03 09:25:00.142, 5, 117971
2026/10/03 09:25:00.142, 6, 118151
2026/10/03 09:25:00.142, 7, 118319
2026/10/03 09:25:01.142, 0, 79908
2026/10/03 09:25:01.142, 1, 78630
2026/10/03 09:25:01.142, 2, 78644
2026/10/03 09:25:01.142, 3, 77912
2026/10/03 09:25:01.142, 4, 118861
2026/10/03 09:25:01.142, 5, 117971
2026/10/03 09:25:01.142, 6, 118151
2026/10/03 09:25:01.142, 7, 118319
2026/10/03 09:25:02.142, 0, 79908
2026/10/03 09:25:02.142, 1, 78630
2026/10/03 09:25:02.142, 2, 78644
2026/10/03 09:25:02.142, 3, 77912
2026/10/03 09:25:02.142, 4, 118861
2026/10/03 09:25:02.142, 5, 117971
2026/10/03 09:25:02.142, 6, 118371
2026/10/03 09:25:02.142, 7, 118319
2026/10/03 09:25:03.142, 0, 79908
2026/10/03 09:25:03.142, 1, 78630
2026/10/03 09:25:03.142, 2, 78644
2026/10/03 09:25:03.142, 3, 77912
2026/10/03 09:25:03.142, 4, 118861
2026/10/03 09:25:03.142, 5, 117971
2026/10/03 09:25:03.142, 6, 118371
2026/10/03 09:25:03.142, 7, 118319
2026/10/03 09:25:04.142, 0, 79908
2026/10/03 09:25:04.143, 1, 78630
2026/10/03 09:25:04.143, 2, 78644
2026/10/03 09:25:04.143, 3, 77912
2026/10/03 09:25:04.143, 4, 118861
2026/10/03 09:25:04.143, 5, 117971
2026/10/03 09:25:04.143, 6, 118371
2026/10/03 09:25:04.143, 7, 118319
2026/10/03 09:25:05.143, 0, 79908
2026/10/03 09:25:05.143, 1, 78630
2026/10/03 09:25:05.143, 2, 78644
2026/10/03 09:25:05.143, 3, 77912
2026/10/03 09:25:05.143, 4, 118861
2026/10/03 09:25:05.143, 5, 117971
2026/10/03 09:25:05.143, 6, 118371
2026/10/03 09:25:05.143, 7, 118319
2026/10/03 09:25:06.143, 0, 79908
2026/10/03 09:25:06.143, 1, 78630
2026/10/03 09:25:06.143, 2, 78644
2026/10/03 09:25:06.143, 3, 77912
2026/10/03 09:25:06.143, 4, 118861
2026/10/03 09:25:06.143, 5, 117971
2026/10/03 09:25:06.143, 6, 118371
2026/10/03 09:25:06.143, 7, 118319
2026/10/03 09:25:07.143, 0, 79908
2026/10/03 09:25:07.145, 1, 78630
2026/10/03 09:25:07.148, 2, 78644
2026/10/03 09:25:07.149, 3, 77912
2026/10/03 09:25:07.149, 4, 118861
2026/10/03 09:25:07.149, 5, 117971
2026/10/03 09:25:07.149, 6, 118371
2026/10/03 09:25:07.149, 7, 118319
2026/10/03 09:25:08.149, 0, 79908
2026/10/03 09:25:08.149, 1, 78630
2026/10/03 09:25:08.149, 2, 78644
2026/10/03 09:25:08.149, 3, 77912
2026/10/03 09:25:08.149, 4, 118861
2026/10/03 09:25:08.149, 5, 117971
2026/10/03 09:25:08.149, 6, 118371
2026/10/03 09:25:08.149, 7, 118319
2026/10/03 09:25:09.149, 0, 79908
2026/10/03 09:25:09.149, 1, 78630
2026/10/03 09:25:09.149, 2, 78644
2026/10/03 09:25:09.149, 3, 77912
2026/10/03 09:25:09.150, 4, 118861
2026/10/03 09:25:09.150, 5, 117971
2026/10/03 09:25:09.150, 6, 118371
2026/10/03 09:25:09.150, 7, 118319
2026/10/03 09:25:10.150, 0, 79908
2026/10/03 09:25:10.150, 1, 78630
2026/10/03 09:25:10.150, 2, 78644
2026/10/03 09:25:10.150, 3, 77912
2026/10/03 09:25:10.150, 4, 118861
2026/10/03 09:25:10.150, 5, 117971
2026/10/03 09:25:10.150, 6, 118371
2026/10/03 09:25:10.150, 7, 118319
2026/10/03 09:25:11.150, 0, 79908
2026/10/03 09:25:11.150, 1, 78630
2026/10/03 09:25:11.150, 2, 78644
2026/10/03 09:25:11.150, 3, 77912
2026/10/03 09:25:11.150, 4, 117999
2026/10/03 09:25:11.150, 5, 117617
2026/10/03 09:25:11.150, 6, 117999
2026/10/03 09:25:11.150, 7, 117759
2026/10/03 09:25:12.150, 0, 79908
2026/10/03 09:25:12.150, 1, 78630
2026/10/03 09:25:12.151, 2, 78644
2026/10/03 09:25:12.153, 3, 77912
2026/10/03 09:25:12.154, 4, 118021
2026/10/03 09:25:12.155, 5, 117641
2026/10/03 09:25:12.157, 6, 118023
2026/10/03 09:25:12.158, 7, 117783
2026/10/03 09:25:13.159, 0, 79908
2026/10/03 09:25:13.159, 1, 78630
2026/10/03 09:25:13.159, 2, 78644
2026/10/03 09:25:13.159, 3, 77912
2026/10/03 09:25:13.159, 4, 118021
2026/10/03 09:25:13.159, 5, 117641
2026/10/03 09:25:13.159, 6, 118023
2026/10/03 09:25:13.159, 7, 117829
2026/10/03 09:25:14.160, 0, 79908
2026/10/03 09:25:14.160, 1, 78630
2026/10/03 09:25:14.160, 2, 78644
2026/10/03 09:25:14.160, 3, 77912
2026/10/03 09:25:14.160, 4, 118021
2026/10/03 09:25:14.160, 5, 117641
2026/10/03 09:25:14.160, 6, 118023
2026/10/03 09:25:14.160, 7, 117829
2026/10/03 09:25:15.160, 0, 79908
2026/10/03 09:25:15.160, 1, 78630
2026/10/03 09:25:15.160, 2, 78644
2026/10/03 09:25:15.160, 3, 77912
2026/10/03 09:25:15.160, 4, 118021
2026/10/03 09:25:15.160, 5, 117673
2026/10/03 09:25:15.160, 6, 118023
2026/10/03 09:25:15.160, 7, 117829
2026/10/03 09:25:16.160, 0, 79908
2026/10/03 09:25:16.160, 1, 78630
2026/10/03 09:25:16.160, 2, 78644
2026/10/03 09:25:16.160, 3, 77912
2026/10/03 09:25:16.160, 4, 118021
2026/10/03 09:25:16.160, 5, 117673
2026/10/03 09:25:16.160, 6, 118023
2026/10/03 09:25:16.160, 7, 117829
2026/10/03 09:25:17.160, 0, 79908
2026/10/03 09:25:17.164, 1, 78630
2026/10/03 09:25:17.171, 2, 78644
2026/10/03 09:25:17.176, 3, 77912
2026/10/03 09:25:17.178, 4, 118021
2026/10/03 09:25:17.180, 5, 117673
2026/10/03 09:25:17.181, 6, 118023
2026/10/03 09:25:17.184, 7, 117829
2026/10/03 09:25:18.186, 0, 79908
2026/10/03 09:25:18.188, 1, 78630
2026/10/03 09:25:18.189, 2, 78644
2026/10/03 09:25:18.189, 3, 77912
2026/10/03 09:25:18.189, 4, 118021
2026/10/03 09:25:18.192, 5, 117673
2026/10/03 09:25:18.193, 6, 118023
2026/10/03 09:25:18.195, 7, 117829
2026/10/03 09:25:19.198, 0, 79908
2026/10/03 09:25:19.198, 1, 78630
2026/10/03 09:25:19.198, 2, 78644
2026/10/03 09:25:19.198, 3, 77912
2026/10/03 09:25:19.198, 4, 118021
2026/10/03 09:25:19.198, 5, 117673
2026/10/03 09:25:19.198, 6, 118023
2026/10/03 09:25:19.198, 7, 118067
2026/10/03 09:25:20.198, 0, 79908
2026/10/03 09:25:20.198, 1, 78630
2026/10/03 09:25:20.198, 2, 78644
2026/10/03 09:25:20.198, 3, 77912
2026/10/03 09:25:20.198, 4, 118023
2026/10/03 09:25:20.198, 5, 117673
2026/10/03 09:25:20.198, 6, 118023
2026/10/03 09:25:20.198, 7, 118067
2026/10/03 09:25:21.198, 0, 79908
2026/10/03 09:25:21.198, 1, 78630
2026/10/03 09:25:21.200, 2, 78644
2026/10/03 09:25:21.200, 3, 77912
2026/10/03 09:25:21.200, 4, 118023
2026/10/03 09:25:21.201, 5, 117673
2026/10/03 09:25:21.201, 6, 118023
2026/10/03 09:25:21.201, 7, 118067
2026/10/03 09:25:22.201, 0, 79908
2026/10/03 09:25:22.202, 1, 78630
2026/10/03 09:25:22.203, 2, 78644
2026/10/03 09:25:22.204, 3, 77912
2026/10/03 09:25:22.205, 4, 118023
2026/10/03 09:25:22.206, 5, 117673
2026/10/03 09:25:22.208, 6, 118023
2026/10/03 09:25:22.209, 7, 118067
2026/10/03 09:25:23.210, 0, 79908
2026/10/03 09:25:23.210, 1, 78630
2026/10/03 09:25:23.210, 2, 78644
2026/10/03 09:25:23.210, 3, 77912
2026/10/03 09:25:23.211, 4, 118023
2026/10/03 09:25:23.211, 5, 117673
2026/10/03 09:25:23.211, 6, 118023
2026/10/03 09:25:23.211, 7, 118067
2026/10/03 09:25:24.211, 0, 79908
2026/10/03 09:25:24.211, 1, 78630
2026/10/03 09:25:24.211, 2, 78644
2026/10/03 09:25:24.211, 3, 77912
2026/10/03 09:25:24.211, 4, 118023
2026/10/03 09:25:24.211, 5, 117673
2026/10/03 09:25:24.211, 6, 118023
2026/10/03 09:25:24.211, 7, 118067
2026/10/03 09:25:25.211, 0, 79908
2026/10/03 09:25:25.211, 1, 78630
2026/10/03 09:25:25.211, 2, 78644
2026/10/03 09:25:25.211, 3, 77912
2026/10/03 09:25:25.212, 4, 118023
2026/10/03 09:25:25.212, 5, 117673
2026/10/03 09:25:25.212, 6, 118023
2026/10/03 09:25:25.212, 7, 118067
2026/10/03 09:25:26.212, 0, 79908
2026/10/03 09:25:26.212, 1, 78630
2026/10/03 09:25:26.212, 2, 78644
2026/10/03 09:25:26.212, 3, 77912
2026/10/03 09:25:26.212, 4, 117999
2026/10/03 09:25:26.212, 5, 118713
2026/10/03 09:25:26.212, 6, 118659
2026/10/03 09:25:26.212, 7, 118419
2026/10/03 09:25:27.212, 0, 79908
2026/10/03 09:25:27.215, 1, 78630
2026/10/03 09:25:27.219, 2, 78644
2026/10/03 09:25:27.220, 3, 77912
2026/10/03 09:25:27.222, 4, 117999
2026/10/03 09:25:27.223, 5, 117617
2026/10/03 09:25:27.224, 6, 117999
2026/10/03 09:25:27.226, 7, 117759
2026/10/03 09:25:28.227, 0, 79908
2026/10/03 09:25:28.227, 1, 78630
2026/10/03 09:25:28.227, 2, 78644
2026/10/03 09:25:28.227, 3, 77912
2026/10/03 09:25:28.227, 4, 118023
2026/10/03 09:25:28.227, 5, 117641
2026/10/03 09:25:28.227, 6, 118023
2026/10/03 09:25:28.227, 7, 117759
2026/10/03 09:25:29.227, 0, 79908
2026/10/03 09:25:29.227, 1, 78630
2026/10/03 09:25:29.227, 2, 78644
2026/10/03 09:25:29.227, 3, 77912
2026/10/03 09:25:29.227, 4, 118233
2026/10/03 09:25:29.227, 5, 117903
2026/10/03 09:25:29.228, 6, 118291
2026/10/03 09:25:29.228, 7, 117783
2026/10/03 09:25:30.228, 0, 79908
2026/10/03 09:25:30.228, 1, 78630
2026/10/03 09:25:30.228, 2, 78644
2026/10/03 09:25:30.228, 3, 77912
2026/10/03 09:25:30.228, 4, 118233
2026/10/03 09:25:30.228, 5, 117903
2026/10/03 09:25:30.228, 6, 118291
2026/10/03 09:25:30.228, 7, 117829
2026/10/03 09:25:31.228, 0, 79908
2026/10/03 09:25:31.228, 1, 78630
2026/10/03 09:25:31.228, 2, 78644
2026/10/03 09:25:31.228, 3, 77912
2026/10/03 09:25:31.228, 4, 118233
2026/10/03 09:25:31.228, 5, 117905
2026/10/03 09:25:31.228, 6, 118291
2026/10/03 09:25:31.228, 7, 117829
2026/10/03 09:25:32.228, 0, 79908
2026/10/03 09:25:32.228, 1, 78630
2026/10/03 09:25:32.228, 2, 78644
2026/10/03 09:25:32.228, 3, 77912
2026/10/03 09:25:32.228, 4, 118233
2026/10/03 09:25:32.228, 5, 117905
2026/10/03 09:25:32.228, 6, 118291
2026/10/03 09:25:32.228, 7, 118093
2026/10/03 09:25:33.228, 0, 79908
2026/10/03 09:25:33.228, 1, 78630
2026/10/03 09:25:33.228, 2, 78644
2026/10/03 09:25:33.228, 3, 77912
2026/10/03 09:25:33.228, 4, 118353
2026/10/03 09:25:33.228, 5, 117905
2026/10/03 09:25:33.228, 6, 118291
2026/10/03 09:25:33.229, 7, 118479
2026/10/03 09:25:34.229, 0, 79908
2026/10/03 09:25:34.229, 1, 78630
2026/10/03 09:25:34.229, 2, 78644
2026/10/03 09:25:34.229, 3, 77912
2026/10/03 09:25:34.229, 4, 118353
2026/10/03 09:25:34.229, 5, 117905
2026/10/03 09:25:34.229, 6, 118291
2026/10/03 09:25:34.229, 7, 118479
2026/10/03 09:25:35.229, 0, 79908
2026/10/03 09:25:35.229, 1, 78630
2026/10/03 09:25:35.229, 2, 78644
2026/10/03 09:25:35.229, 3, 77912
2026/10/03 09:25:35.229, 4, 118353
2026/10/03 09:25:35.229, 5, 117905
2026/10/03 09:25:35.229, 6, 118291
2026/10/03 09:25:35.229, 7, 118479
2026/10/03 09:25:36.229, 0, 79908
2026/10/03 09:25:36.229, 1, 78630
2026/10/03 09:25:36.229, 2, 78644
2026/10/03 09:25:36.229, 3, 77912
2026/10/03 09:25:36.229, 4, 118353
2026/10/03 09:25:36.230, 5, 117905
2026/10/03 09:25:36.230, 6, 118291
2026/10/03 09:25:36.230, 7, 118479
2026/10/03 09:25:37.230, 0, 79908
2026/10/03 09:25:37.268, 1, 78630
2026/10/03 09:25:37.268, 2, 78644
2026/10/03 09:25:37.268, 3, 77912
2026/10/03 09:25:37.268, 4, 118353
2026/10/03 09:25:37.269, 5, 117905
2026/10/03 09:25:37.270, 6, 118291
2026/10/03 09:25:37.270, 7, 118479
2026/10/03 09:25:38.288, 0, 79908
2026/10/03 09:25:38.288, 1, 78630
2026/10/03 09:25:38.288, 2, 78644
2026/10/03 09:25:38.288, 3, 77912
2026/10/03 09:25:38.290, 4, 118353
2026/10/03 09:25:38.290, 5, 117905
2026/10/03 09:25:38.290, 6, 118291
2026/10/03 09:25:38.290, 7, 118479
2026/10/03 09:25:39.290, 0, 79908
2026/10/03 09:25:39.290, 1, 78630
2026/10/03 09:25:39.290, 2, 78644
2026/10/03 09:25:39.290, 3, 77912
2026/10/03 09:25:39.290, 4, 118353
2026/10/03 09:25:39.290, 5, 117905
2026/10/03 09:25:39.290, 6, 118291
2026/10/03 09:25:39.290, 7, 118479
2026/10/03 09:25:40.290, 0, 79908
2026/10/03 09:25:40.290, 1, 78630
2026/10/03 09:25:40.290, 2, 78644
2026/10/03 09:25:40.290, 3, 77912
2026/10/03 09:25:40.290, 4, 118353
2026/10/03 09:25:40.290, 5, 117905
2026/10/03 09:25:40.290, 6, 118291
2026/10/03 09:25:40.290, 7, 118479
2026/10/03 09:25:41.291, 0, 79908
2026/10/03 09:25:41.291, 1, 78630
2026/10/03 09:25:41.291, 2, 78644
2026/10/03 09:25:41.291, 3, 77912
2026/10/03 09:25:41.291, 4, 118021
2026/10/03 09:25:41.291, 5, 117641
2026/10/03 09:25:41.292, 6, 118023
2026/10/03 09:25:41.292, 7, 117781
2026/10/03 09:25:42.292, 0, 79908
2026/10/03 09:25:42.293, 1, 78630
2026/10/03 09:25:42.293, 2, 78644
2026/10/03 09:25:42.293, 3, 77912
2026/10/03 09:25:42.293, 4, 118021
2026/10/03 09:25:42.293, 5, 117641
2026/10/03 09:25:42.293, 6, 118023
2026/10/03 09:25:42.293, 7, 117781
2026/10/03 09:25:43.293, 0, 79908
2026/10/03 09:25:43.296, 1, 78630
2026/10/03 09:25:43.296, 2, 78644
2026/10/03 09:25:43.296, 3, 77912
2026/10/03 09:25:43.296, 4, 118021
2026/10/03 09:25:43.296, 5, 117641
2026/10/03 09:25:43.296, 6, 118023
2026/10/03 09:25:43.296, 7, 117781
2026/10/03 09:25:44.296, 0, 79908
2026/10/03 09:25:44.296, 1, 78630
2026/10/03 09:25:44.296, 2, 78644
2026/10/03 09:25:44.296, 3, 77912
2026/10/03 09:25:44.296, 4, 118021
2026/10/03 09:25:44.296, 5, 117641
2026/10/03 09:25:44.296, 6, 118023
2026/10/03 09:25:44.296, 7, 117781
2026/10/03 09:25:45.296, 0, 79908
2026/10/03 09:25:45.296, 1, 78630
2026/10/03 09:25:45.296, 2, 78644
2026/10/03 09:25:45.296, 3, 77912
2026/10/03 09:25:45.297, 4, 118021
2026/10/03 09:25:45.297, 5, 117641
2026/10/03 09:25:45.297, 6, 118023
2026/10/03 09:25:45.297, 7, 117781
2026/10/03 09:25:46.297, 0, 79908
2026/10/03 09:25:46.297, 1, 78630
2026/10/03 09:25:46.297, 2, 78644
2026/10/03 09:25:46.297, 3, 77912
2026/10/03 09:25:46.297, 4, 118021
2026/10/03 09:25:46.297, 5, 117673
2026/10/03 09:25:46.297, 6, 118023
2026/10/03 09:25:46.297, 7, 117781
2026/10/03 09:25:47.297, 0, 79908
2026/10/03 09:25:47.298, 1, 78630
2026/10/03 09:25:47.299, 2, 78644
2026/10/03 09:25:47.300, 3, 77912
2026/10/03 09:25:47.300, 4, 118021
2026/10/03 09:25:47.301, 5, 117673
2026/10/03 09:25:47.349, 6, 118023
2026/10/03 09:25:47.352, 7, 117781
2026/10/03 09:25:48.355, 0, 79908
2026/10/03 09:25:48.360, 1, 78630
2026/10/03 09:25:48.362, 2, 78644
2026/10/03 09:25:48.364, 3, 77912
2026/10/03 09:25:48.365, 4, 118023
2026/10/03 09:25:48.366, 5, 117673
2026/10/03 09:25:48.367, 6, 118023
2026/10/03 09:25:48.369, 7, 117781
2026/10/03 09:25:49.372, 0, 79908
2026/10/03 09:25:49.373, 1, 78630
2026/10/03 09:25:49.373, 2, 78644
2026/10/03 09:25:49.373, 3, 77912
2026/10/03 09:25:49.373, 4, 118043
2026/10/03 09:25:49.373, 5, 117673
2026/10/03 09:25:49.373, 6, 118023
2026/10/03 09:25:49.373, 7, 117781
2026/10/03 09:25:50.373, 0, 79908
2026/10/03 09:25:50.373, 1, 78630
2026/10/03 09:25:50.373, 2, 78644
2026/10/03 09:25:50.373, 3, 77912
2026/10/03 09:25:50.373, 4, 118043
2026/10/03 09:25:50.373, 5, 117673
2026/10/03 09:25:50.373, 6, 118023
2026/10/03 09:25:50.373, 7, 117781
2026/10/03 09:25:51.373, 0, 79908
2026/10/03 09:25:51.373, 1, 78630
2026/10/03 09:25:51.374, 2, 78644
2026/10/03 09:25:51.374, 3, 77912
2026/10/03 09:25:51.374, 4, 118043
2026/10/03 09:25:51.374, 5, 117673
2026/10/03 09:25:51.374, 6, 118023
2026/10/03 09:25:51.374, 7, 117781
2026/10/03 09:25:52.374, 0, 79908
2026/10/03 09:25:52.374, 1, 78630
2026/10/03 09:25:52.374, 2, 78644
2026/10/03 09:25:52.375, 3, 77912
2026/10/03 09:25:52.375, 4, 118043
2026/10/03 09:25:52.375, 5, 117673
2026/10/03 09:25:52.375, 6, 118023
2026/10/03 09:25:52.375, 7, 117781
2026/10/03 09:25:53.375, 0, 79908
2026/10/03 09:25:53.375, 1, 78630
2026/10/03 09:25:53.375, 2, 78644
2026/10/03 09:25:53.375, 3, 77912
2026/10/03 09:25:53.375, 4, 118043
2026/10/03 09:25:53.375, 5, 117673
2026/10/03 09:25:53.375, 6, 118023
2026/10/03 09:25:53.375, 7, 117781
2026/10/03 09:25:54.375, 0, 79908
2026/10/03 09:25:54.375, 1, 78630
2026/10/03 09:25:54.375, 2, 78644
2026/10/03 09:25:54.375, 3, 77912
2026/10/03 09:25:54.375, 4, 118043
2026/10/03 09:25:54.375, 5, 117673
2026/10/03 09:25:54.375, 6, 118023
2026/10/03 09:25:54.375, 7, 117781
2026/10/03 09:25:55.376, 0, 79908
2026/10/03 09:25:55.376, 1, 78630
2026/10/03 09:25:55.376, 2, 78644
2026/10/03 09:25:55.376, 3, 77912
2026/10/03 09:25:55.376, 4, 118043
2026/10/03 09:25:55.376, 5, 117673
2026/10/03 09:25:55.376, 6, 118023
2026/10/03 09:25:55.376, 7, 117781
2026/10/03 09:25:56.376, 0, 79908
2026/10/03 09:25:56.376, 1, 78630
2026/10/03 09:25:56.376, 2, 78644
2026/10/03 09:25:56.376, 3, 77912
2026/10/03 09:25:56.376, 4, 117999
2026/10/03 09:25:56.376, 5, 117617
2026/10/03 09:25:56.376, 6, 117999
2026/10/03 09:25:56.376, 7, 117759
2026/10/03 09:25:57.376, 0, 79908
2026/10/03 09:25:57.376, 1, 78630
2026/10/03 09:25:57.376, 2, 78644
2026/10/03 09:25:57.376, 3, 77912
2026/10/03 09:25:57.376, 4, 118209
2026/10/03 09:25:57.376, 5, 117923
2026/10/03 09:25:57.376, 6, 118197
2026/10/03 09:25:57.376, 7, 118093
2026/10/03 09:25:58.376, 0, 79908
2026/10/03 09:25:58.376, 1, 78630
2026/10/03 09:25:58.376, 2, 78644
2026/10/03 09:25:58.376, 3, 77912
2026/10/03 09:25:58.376, 4, 118209
2026/10/03 09:25:58.376, 5, 117955
2026/10/03 09:25:58.376, 6, 118199
2026/10/03 09:25:58.376, 7, 118093
2026/10/03 09:25:59.377, 0, 79908
2026/10/03 09:25:59.377, 1, 78630
2026/10/03 09:25:59.377, 2, 78644
2026/10/03 09:25:59.377, 3, 77912
2026/10/03 09:25:59.377, 4, 118209
2026/10/03 09:25:59.377, 5, 117955
2026/10/03 09:25:59.377, 6, 118199
2026/10/03 09:25:59.377, 7, 118093
2026/10/03 09:26:00.377, 0, 79908
2026/10/03 09:26:00.377, 1, 78630
2026/10/03 09:26:00.377, 2, 78644
2026/10/03 09:26:00.377, 3, 77912
2026/10/03 09:26:00.377, 4, 118209
2026/10/03 09:26:00.377, 5, 117955
2026/10/03 09:26:00.377, 6, 118199
2026/10/03 09:26:00.377, 7, 118093
2026/10/03 09:26:01.377, 0, 79908
2026/10/03 09:26:01.377, 1, 78630
2026/10/03 09:26:01.377, 2, 78644
2026/10/03 09:26:01.377, 3, 77912
2026/10/03 09:26:01.377, 4, 118209
2026/10/03 09:26:01.377, 5, 117955
2026/10/03 09:26:01.377, 6, 118199
2026/10/03 09:26:01.377, 7, 118093
2026/10/03 09:26:02.377, 0, 79908
2026/10/03 09:26:02.379, 1, 78630
2026/10/03 09:26:02.380, 2, 78644
2026/10/03 09:26:02.380, 3, 77912
2026/10/03 09:26:02.380, 4, 118209
2026/10/03 09:26:02.380, 5, 117955
2026/10/03 09:26:02.380, 6, 118199
2026/10/03 09:26:02.380, 7, 118093
2026/10/03 09:26:03.380, 0, 79908
2026/10/03 09:26:03.380, 1, 78630
2026/10/03 09:26:03.380, 2, 78644
2026/10/03 09:26:03.380, 3, 77912
2026/10/03 09:26:03.380, 4, 118209
2026/10/03 09:26:03.380, 5, 117955
2026/10/03 09:26:03.380, 6, 118199
2026/10/03 09:26:03.380, 7, 118093
2026/10/03 09:26:04.380, 0, 79908
2026/10/03 09:26:04.380, 1, 78630
2026/10/03 09:26:04.380, 2, 78644
2026/10/03 09:26:04.381, 3, 77912
2026/10/03 09:26:04.381, 4, 118209
2026/10/03 09:26:04.381, 5, 117955
2026/10/03 09:26:04.381, 6, 118199
2026/10/03 09:26:04.381, 7, 118095
2026/10/03 09:26:05.381, 0, 79908
2026/10/03 09:26:05.381, 1, 78630
2026/10/03 09:26:05.381, 2, 78644
2026/10/03 09:26:05.381, 3, 77912
2026/10/03 09:26:05.381, 4, 118209
2026/10/03 09:26:05.381, 5, 117955
2026/10/03 09:26:05.381, 6, 118199
2026/10/03 09:26:05.381, 7, 118095
2026/10/03 09:26:06.381, 0, 79908
2026/10/03 09:26:06.381, 1, 78630
2026/10/03 09:26:06.381, 2, 78644
2026/10/03 09:26:06.381, 3, 77912
2026/10/03 09:26:06.381, 4, 118209
2026/10/03 09:26:06.381, 5, 117955
2026/10/03 09:26:06.381, 6, 118199
2026/10/03 09:26:06.381, 7, 118095
2026/10/03 09:26:07.381, 0, 79908
2026/10/03 09:26:07.384, 1, 78630
2026/10/03 09:26:07.385, 2, 78644
2026/10/03 09:26:07.388, 3, 77912
2026/10/03 09:26:07.391, 4, 118209
2026/10/03 09:26:07.393, 5, 117955
2026/10/03 09:26:07.395, 6, 118199
2026/10/03 09:26:07.397, 7, 118095
2026/10/03 09:26:08.397, 0, 79908
2026/10/03 09:26:08.397, 1, 78630
2026/10/03 09:26:08.397, 2, 78644
2026/10/03 09:26:08.397, 3, 77912
2026/10/03 09:26:08.397, 4, 118209
2026/10/03 09:26:08.397, 5, 117955
2026/10/03 09:26:08.397, 6, 118199
2026/10/03 09:26:08.397, 7, 118095
2026/10/03 09:26:09.397, 0, 79908
2026/10/03 09:26:09.397, 1, 78630
2026/10/03 09:26:09.397, 2, 78644
2026/10/03 09:26:09.397, 3, 77912
2026/10/03 09:26:09.397, 4, 118209
2026/10/03 09:26:09.397, 5, 117955
2026/10/03 09:26:09.397, 6, 118199
2026/10/03 09:26:09.397, 7, 118095
2026/10/03 09:26:10.397, 0, 79908
2026/10/03 09:26:10.397, 1, 78630
2026/10/03 09:26:10.397, 2, 78644
2026/10/03 09:26:10.397, 3, 77912
2026/10/03 09:26:10.397, 4, 117999
2026/10/03 09:26:10.397, 5, 117617
2026/10/03 09:26:10.397, 6, 117999
2026/10/03 09:26:10.397, 7, 117759
2026/10/03 09:26:11.397, 0, 79908
2026/10/03 09:26:11.397, 1, 78630
2026/10/03 09:26:11.397, 2, 78644
2026/10/03 09:26:11.397, 3, 77912
2026/10/03 09:26:11.397, 4, 118023
2026/10/03 09:26:11.397, 5, 117641
2026/10/03 09:26:11.397, 6, 118023
2026/10/03 09:26:11.397, 7, 117781
2026/10/03 09:26:12.398, 0, 79908
2026/10/03 09:26:12.399, 1, 78630
2026/10/03 09:26:12.400, 2, 78644
2026/10/03 09:26:12.403, 3, 77912
2026/10/03 09:26:12.404, 4, 118023
2026/10/03 09:26:12.405, 5, 117673
2026/10/03 09:26:12.406, 6, 118023
2026/10/03 09:26:12.406, 7, 117781
2026/10/03 09:26:13.406, 0, 79908
2026/10/03 09:26:13.407, 1, 78630
2026/10/03 09:26:13.407, 2, 78644
2026/10/03 09:26:13.407, 3, 77912
2026/10/03 09:26:13.407, 4, 118023
2026/10/03 09:26:13.407, 5, 117673
2026/10/03 09:26:13.407, 6, 118023
2026/10/03 09:26:13.407, 7, 117781
2026/10/03 09:26:14.407, 0, 79908
2026/10/03 09:26:14.407, 1, 78630
2026/10/03 09:26:14.407, 2, 78644
2026/10/03 09:26:14.407, 3, 77912
2026/10/03 09:26:14.407, 4, 118023
2026/10/03 09:26:14.407, 5, 117673
2026/10/03 09:26:14.407, 6, 118023
2026/10/03 09:26:14.407, 7, 117783
2026/10/03 09:26:15.407, 0, 79908
2026/10/03 09:26:15.407, 1, 78630
2026/10/03 09:26:15.407, 2, 78644
2026/10/03 09:26:15.407, 3, 77912
2026/10/03 09:26:15.407, 4, 118023
2026/10/03 09:26:15.407, 5, 117673
2026/10/03 09:26:15.407, 6, 118023
2026/10/03 09:26:15.407, 7, 117783
2026/10/03 09:26:16.407, 0, 79908
2026/10/03 09:26:16.407, 1, 78630
2026/10/03 09:26:16.407, 2, 78644
2026/10/03 09:26:16.407, 3, 77912
2026/10/03 09:26:16.407, 4, 118023
2026/10/03 09:26:16.407, 5, 117673
2026/10/03 09:26:16.407, 6, 118023
2026/10/03 09:26:16.407, 7, 117783
2026/10/03 09:26:17.407, 0, 79908
2026/10/03 09:26:17.454, 1, 78630
2026/10/03 09:26:17.462, 2, 78644
2026/10/03 09:26:17.472, 3, 77912
2026/10/03 09:26:17.484, 4, 118023
2026/10/03 09:26:17.493, 5, 117673
2026/10/03 09:26:17.550, 6, 118045
2026/10/03 09:26:17.565, 7, 117783
2026/10/03 09:26:18.581, 0, 79908
2026/10/03 09:26:18.582, 1, 78630
2026/10/03 09:26:18.583, 2, 78644
2026/10/03 09:26:18.584, 3, 77912
2026/10/03 09:26:18.584, 4, 118023
2026/10/03 09:26:18.584, 5, 117673
2026/10/03 09:26:18.584, 6, 118383
2026/10/03 09:26:18.584, 7, 117785
2026/10/03 09:26:19.584, 0, 79908
2026/10/03 09:26:19.585, 1, 78630
2026/10/03 09:26:19.585, 2, 78644
2026/10/03 09:26:19.585, 3, 77912
2026/10/03 09:26:19.585, 4, 118023
2026/10/03 09:26:19.585, 5, 117673
2026/10/03 09:26:19.585, 6, 118497
2026/10/03 09:26:19.585, 7, 117785
2026/10/03 09:26:20.586, 0, 79908
2026/10/03 09:26:20.586, 1, 78630
2026/10/03 09:26:20.586, 2, 78644
2026/10/03 09:26:20.586, 3, 77912
2026/10/03 09:26:20.586, 4, 118023
2026/10/03 09:26:20.586, 5, 117673
2026/10/03 09:26:20.586, 6, 118497
2026/10/03 09:26:20.586, 7, 117785
2026/10/03 09:26:21.586, 0, 79908
2026/10/03 09:26:21.587, 1, 78630
2026/10/03 09:26:21.587, 2, 78644
2026/10/03 09:26:21.587, 3, 77912
2026/10/03 09:26:21.587, 4, 118023
2026/10/03 09:26:21.587, 5, 117673
2026/10/03 09:26:21.587, 6, 118497
2026/10/03 09:26:21.587, 7, 117785
2026/10/03 09:26:22.587, 0, 79908
2026/10/03 09:26:22.588, 1, 78630
2026/10/03 09:26:22.588, 2, 78644
2026/10/03 09:26:22.588, 3, 77912
2026/10/03 09:26:22.588, 4, 118023
2026/10/03 09:26:22.588, 5, 117673
2026/10/03 09:26:22.588, 6, 118497
2026/10/03 09:26:22.588, 7, 117785
2026/10/03 09:26:23.588, 0, 79908
2026/10/03 09:26:23.588, 1, 78630
2026/10/03 09:26:23.588, 2, 78644
2026/10/03 09:26:23.588, 3, 77912
2026/10/03 09:26:23.588, 4, 118095
2026/10/03 09:26:23.591, 5, 117673
2026/10/03 09:26:23.591, 6, 118497
2026/10/03 09:26:23.591, 7, 117785
2026/10/03 09:26:24.591, 0, 79908
2026/10/03 09:26:24.591, 1, 78630
2026/10/03 09:26:24.591, 2, 78644
2026/10/03 09:26:24.591, 3, 77912
2026/10/03 09:26:24.591, 4, 118095
2026/10/03 09:26:24.592, 5, 117673
2026/10/03 09:26:24.592, 6, 118497
2026/10/03 09:26:24.592, 7, 117785
2026/10/03 09:26:25.592, 0, 79908
2026/10/03 09:26:25.592, 1, 78630
2026/10/03 09:26:25.592, 2, 78644
2026/10/03 09:26:25.592, 3, 77912
2026/10/03 09:26:25.592, 4, 117999
2026/10/03 09:26:25.592, 5, 117617
2026/10/03 09:26:25.592, 6, 117999
2026/10/03 09:26:25.592, 7, 117759
2026/10/03 09:26:26.592, 0, 79908
2026/10/03 09:26:26.592, 1, 78630
2026/10/03 09:26:26.592, 2, 78644
2026/10/03 09:26:26.592, 3, 77912
2026/10/03 09:26:26.592, 4, 118073
2026/10/03 09:26:26.592, 5, 117853
2026/10/03 09:26:26.592, 6, 118023
2026/10/03 09:26:26.592, 7, 118141
2026/10/03 09:26:27.592, 0, 79908
2026/10/03 09:26:27.592, 1, 78630
2026/10/03 09:26:27.592, 2, 78644
2026/10/03 09:26:27.592, 3, 77912
2026/10/03 09:26:27.592, 4, 118073
2026/10/03 09:26:27.592, 5, 117885
2026/10/03 09:26:27.592, 6, 118023
2026/10/03 09:26:27.592, 7, 118141
2026/10/03 09:26:28.593, 0, 79908
2026/10/03 09:26:28.593, 1, 78630
2026/10/03 09:26:28.593, 2, 78644
2026/10/03 09:26:28.593, 3, 77912
2026/10/03 09:26:28.593, 4, 118073
2026/10/03 09:26:28.593, 5, 117885
2026/10/03 09:26:28.593, 6, 118023
2026/10/03 09:26:28.593, 7, 118141
2026/10/03 09:26:29.593, 0, 79908
2026/10/03 09:26:29.593, 1, 78630
2026/10/03 09:26:29.593, 2, 78644
2026/10/03 09:26:29.593, 3, 77912
2026/10/03 09:26:29.593, 4, 118073
2026/10/03 09:26:29.593, 5, 117885
2026/10/03 09:26:29.593, 6, 118023
2026/10/03 09:26:29.593, 7, 118141
2026/10/03 09:26:30.593, 0, 79908
2026/10/03 09:26:30.593, 1, 78630
2026/10/03 09:26:30.593, 2, 78644
2026/10/03 09:26:30.593, 3, 77912
2026/10/03 09:26:30.593, 4, 118073
2026/10/03 09:26:30.593, 5, 117885
2026/10/03 09:26:30.593, 6, 118023
2026/10/03 09:26:30.593, 7, 118141
2026/10/03 09:26:31.593, 0, 79908
2026/10/03 09:26:31.593, 1, 78630
2026/10/03 09:26:31.593, 2, 78644
2026/10/03 09:26:31.593, 3, 77912
2026/10/03 09:26:31.593, 4, 118073
2026/10/03 09:26:31.593, 5, 117885
2026/10/03 09:26:31.593, 6, 118023
2026/10/03 09:26:31.594, 7, 118141
2026/10/03 09:26:32.594, 0, 79908
2026/10/03 09:26:32.594, 1, 78630
2026/10/03 09:26:32.594, 2, 78644
2026/10/03 09:26:32.594, 3, 77912
2026/10/03 09:26:32.594, 4, 118073
2026/10/03 09:26:32.594, 5, 117885
2026/10/03 09:26:32.594, 6, 118045
2026/10/03 09:26:32.594, 7, 118141
2026/10/03 09:26:33.594, 0, 79908
2026/10/03 09:26:33.594, 1, 78630
2026/10/03 09:26:33.594, 2, 78644
2026/10/03 09:26:33.594, 3, 77912
2026/10/03 09:26:33.594, 4, 118073
2026/10/03 09:26:33.594, 5, 117885
2026/10/03 09:26:33.594, 6, 118255
2026/10/03 09:26:33.594, 7, 118141
2026/10/03 09:26:34.594, 0, 79908
2026/10/03 09:26:34.594, 1, 78630
2026/10/03 09:26:34.594, 2, 78644
2026/10/03 09:26:34.595, 3, 77912
2026/10/03 09:26:34.595, 4, 118073
2026/10/03 09:26:34.595, 5, 117885
2026/10/03 09:26:34.595, 6, 118389
2026/10/03 09:26:34.596, 7, 118141
2026/10/03 09:26:35.596, 0, 79908
2026/10/03 09:26:35.596, 1, 78630
2026/10/03 09:26:35.596, 2, 78644
2026/10/03 09:26:35.596, 3, 77912
2026/10/03 09:26:35.596, 4, 118073
2026/10/03 09:26:35.596, 5, 117885
2026/10/03 09:26:35.596, 6, 118389
2026/10/03 09:26:35.596, 7, 118141
2026/10/03 09:26:36.596, 0, 79908
2026/10/03 09:26:36.596, 1, 78630
2026/10/03 09:26:36.596, 2, 78644
2026/10/03 09:26:36.596, 3, 77912
2026/10/03 09:26:36.596, 4, 118073
2026/10/03 09:26:36.596, 5, 117885
2026/10/03 09:26:36.596, 6, 118389
2026/10/03 09:26:36.596, 7, 118141
2026/10/03 09:26:37.596, 0, 79908
2026/10/03 09:26:37.596, 1, 78630
2026/10/03 09:26:37.596, 2, 78644
2026/10/03 09:26:37.596, 3, 77912
2026/10/03 09:26:37.596, 4, 118273
2026/10/03 09:26:37.596, 5, 117885
2026/10/03 09:26:37.596, 6, 118389
2026/10/03 09:26:37.596, 7, 118141
2026/10/03 09:26:38.596, 0, 79908
2026/10/03 09:26:38.596, 1, 78630
2026/10/03 09:26:38.596, 2, 78644
2026/10/03 09:26:38.596, 3, 77912
2026/10/03 09:26:38.596, 4, 118273
2026/10/03 09:26:38.596, 5, 117885
2026/10/03 09:26:38.596, 6, 118389
2026/10/03 09:26:38.596, 7, 118141
2026/10/03 09:26:39.596, 0, 79908
2026/10/03 09:26:39.597, 1, 78630
2026/10/03 09:26:39.597, 2, 78644
2026/10/03 09:26:39.597, 3, 77912
2026/10/03 09:26:39.597, 4, 118899
2026/10/03 09:26:39.597, 5, 118885
2026/10/03 09:26:39.597, 6, 119015
2026/10/03 09:26:39.597, 7, 118767
2026/10/03 09:26:40.597, 0, 79908
2026/10/03 09:26:40.597, 1, 78630
2026/10/03 09:26:40.597, 2, 78644
2026/10/03 09:26:40.597, 3, 77912
2026/10/03 09:26:40.597, 4, 118023
2026/10/03 09:26:40.597, 5, 117641
2026/10/03 09:26:40.597, 6, 118043
2026/10/03 09:26:40.597, 7, 117783
2026/10/03 09:26:41.597, 0, 79908
2026/10/03 09:26:41.597, 1, 78630
2026/10/03 09:26:41.597, 2, 78644
2026/10/03 09:26:41.597, 3, 77912
2026/10/03 09:26:41.597, 4, 118255
2026/10/03 09:26:41.597, 5, 117673
2026/10/03 09:26:41.597, 6, 118043
2026/10/03 09:26:41.597, 7, 117841
2026/10/03 09:26:42.597, 0, 79908
2026/10/03 09:26:42.597, 1, 78630
2026/10/03 09:26:42.597, 2, 78644
2026/10/03 09:26:42.597, 3, 77912
2026/10/03 09:26:42.597, 4, 118797
2026/10/03 09:26:42.597, 5, 117673
2026/10/03 09:26:42.597, 6, 118043
2026/10/03 09:26:42.597, 7, 117841
2026/10/03 09:26:43.597, 0, 79908
2026/10/03 09:26:43.598, 1, 78630
2026/10/03 09:26:43.598, 2, 78644
2026/10/03 09:26:43.598, 3, 77912
2026/10/03 09:26:43.598, 4, 118797
2026/10/03 09:26:43.598, 5, 117673
2026/10/03 09:26:43.598, 6, 118043
2026/10/03 09:26:43.598, 7, 117841
2026/10/03 09:26:44.598, 0, 79908
2026/10/03 09:26:44.598, 1, 78630
2026/10/03 09:26:44.598, 2, 78644
2026/10/03 09:26:44.598, 3, 77912
2026/10/03 09:26:44.598, 4, 118797
2026/10/03 09:26:44.598, 5, 117673
2026/10/03 09:26:44.598, 6, 118043
2026/10/03 09:26:44.598, 7, 117841
2026/10/03 09:26:45.598, 0, 79908
2026/10/03 09:26:45.598, 1, 78630
2026/10/03 09:26:45.598, 2, 78644
2026/10/03 09:26:45.598, 3, 77912
2026/10/03 09:26:45.598, 4, 118797
2026/10/03 09:26:45.598, 5, 117673
2026/10/03 09:26:45.598, 6, 118043
2026/10/03 09:26:45.598, 7, 117841
2026/10/03 09:26:46.598, 0, 79908
2026/10/03 09:26:46.598, 1, 78630
2026/10/03 09:26:46.598, 2, 78644
2026/10/03 09:26:46.598, 3, 77912
2026/10/03 09:26:46.598, 4, 118797
2026/10/03 09:26:46.598, 5, 117673
2026/10/03 09:26:46.598, 6, 118115
2026/10/03 09:26:46.598, 7, 117841
2026/10/03 09:26:47.598, 0, 79908
2026/10/03 09:26:47.655, 1, 78630
2026/10/03 09:26:47.671, 2, 78644
2026/10/03 09:26:47.680, 3, 77912
2026/10/03 09:26:47.690, 4, 118797
2026/10/03 09:26:47.700, 5, 117673
2026/10/03 09:26:47.753, 6, 118215
2026/10/03 09:26:47.763, 7, 117983
2026/10/03 09:26:48.770, 0, 79908
2026/10/03 09:26:48.847, 1, 78630
2026/10/03 09:26:48.848, 2, 78644
2026/10/03 09:26:48.851, 3, 77912
2026/10/03 09:26:48.852, 4, 118797
2026/10/03 09:26:48.853, 5, 117673
2026/10/03 09:26:48.853, 6, 118215
2026/10/03 09:26:48.854, 7, 117983
2026/10/03 09:26:49.857, 0, 79908
2026/10/03 09:26:49.857, 1, 78630
2026/10/03 09:26:49.857, 2, 78644
2026/10/03 09:26:49.857, 3, 77912
2026/10/03 09:26:49.857, 4, 118797
2026/10/03 09:26:49.857, 5, 117673
2026/10/03 09:26:49.857, 6, 118215
2026/10/03 09:26:49.857, 7, 117983
2026/10/03 09:26:50.857, 0, 79908
2026/10/03 09:26:50.857, 1, 78630
2026/10/03 09:26:50.857, 2, 78644
2026/10/03 09:26:50.857, 3, 77912
2026/10/03 09:26:50.857, 4, 118797
2026/10/03 09:26:50.857, 5, 117805
2026/10/03 09:26:50.857, 6, 118215
2026/10/03 09:26:50.857, 7, 117983
2026/10/03 09:26:51.858, 0, 79908
2026/10/03 09:26:51.858, 1, 78630
2026/10/03 09:26:51.858, 2, 78644
2026/10/03 09:26:51.858, 3, 77914
2026/10/03 09:26:51.858, 4, 118797
2026/10/03 09:26:51.858, 5, 117805
2026/10/03 09:26:51.858, 6, 118215
2026/10/03 09:26:51.858, 7, 117983
2026/10/03 09:26:52.858, 0, 79908
2026/10/03 09:26:52.858, 1, 78630
2026/10/03 09:26:52.858, 2, 78644
2026/10/03 09:26:52.858, 3, 77914
2026/10/03 09:26:52.858, 4, 118797
2026/10/03 09:26:52.858, 5, 117805
2026/10/03 09:26:52.858, 6, 118215
2026/10/03 09:26:52.858, 7, 117983
2026/10/03 09:26:53.858, 0, 79908
2026/10/03 09:26:53.858, 1, 78630
2026/10/03 09:26:53.858, 2, 78644
2026/10/03 09:26:53.858, 3, 77914
2026/10/03 09:26:53.858, 4, 117999
2026/10/03 09:26:53.858, 5, 117617
2026/10/03 09:26:53.858, 6, 117999
2026/10/03 09:26:53.858, 7, 117759
2026/10/03 09:26:54.859, 0, 79908
2026/10/03 09:26:54.859, 1, 78630
2026/10/03 09:26:54.859, 2, 78644
2026/10/03 09:26:54.859, 3, 77914
2026/10/03 09:26:54.859, 4, 118021
2026/10/03 09:26:54.859, 5, 117641
2026/10/03 09:26:54.859, 6, 118023
2026/10/03 09:26:54.859, 7, 117803
2026/10/03 09:26:55.859, 0, 79908
2026/10/03 09:26:55.859, 1, 78630
2026/10/03 09:26:55.859, 2, 78644
2026/10/03 09:26:55.859, 3, 77914
2026/10/03 09:26:55.859, 4, 118021
2026/10/03 09:26:55.859, 5, 117641
2026/10/03 09:26:55.859, 6, 118023
2026/10/03 09:26:55.859, 7, 117803
2026/10/03 09:26:56.859, 0, 79908
2026/10/03 09:26:56.859, 1, 78630
2026/10/03 09:26:56.859, 2, 78644
2026/10/03 09:26:56.859, 3, 77914
2026/10/03 09:26:56.859, 4, 118021
2026/10/03 09:26:56.859, 5, 117673
2026/10/03 09:26:56.859, 6, 118095
2026/10/03 09:26:56.859, 7, 117803
2026/10/03 09:26:57.859, 0, 79908
2026/10/03 09:26:57.859, 1, 78630
2026/10/03 09:26:57.859, 2, 78644
2026/10/03 09:26:57.859, 3, 77914
2026/10/03 09:26:57.859, 4, 118021
2026/10/03 09:26:57.859, 5, 117673
2026/10/03 09:26:57.859, 6, 118641
2026/10/03 09:26:57.859, 7, 117803
2026/10/03 09:26:58.859, 0, 79908
2026/10/03 09:26:58.860, 1, 78630
2026/10/03 09:26:58.860, 2, 78644
2026/10/03 09:26:58.860, 3, 77914
2026/10/03 09:26:58.860, 4, 118021
2026/10/03 09:26:58.860, 5, 117673
2026/10/03 09:26:58.860, 6, 118641
2026/10/03 09:26:58.860, 7, 117803
2026/10/03 09:26:59.860, 0, 79908
2026/10/03 09:26:59.860, 1, 78630
2026/10/03 09:26:59.860, 2, 78644
2026/10/03 09:26:59.860, 3, 77914
2026/10/03 09:26:59.860, 4, 118021
2026/10/03 09:26:59.860, 5, 117673
2026/10/03 09:26:59.860, 6, 118641
2026/10/03 09:26:59.860, 7, 117825
2026/10/03 09:27:00.860, 0, 79908
2026/10/03 09:27:00.860, 1, 78630
2026/10/03 09:27:00.860, 2, 78644
2026/10/03 09:27:00.860, 3, 77914
2026/10/03 09:27:00.860, 4, 118021
2026/10/03 09:27:00.860, 5, 117673
2026/10/03 09:27:00.860, 6, 118641
2026/10/03 09:27:00.860, 7, 117965
2026/10/03 09:27:01.860, 0, 79908
2026/10/03 09:27:01.860, 1, 78630
2026/10/03 09:27:01.860, 2, 78644
2026/10/03 09:27:01.860, 3, 77914
2026/10/03 09:27:01.860, 4, 118023
2026/10/03 09:27:01.860, 5, 117673
2026/10/03 09:27:01.860, 6, 118641
2026/10/03 09:27:01.860, 7, 118215
2026/10/03 09:27:02.860, 0, 79908
2026/10/03 09:27:02.860, 1, 78630
2026/10/03 09:27:02.860, 2, 78644
2026/10/03 09:27:02.860, 3, 77914
2026/10/03 09:27:02.861, 4, 118023
2026/10/03 09:27:02.861, 5, 117673
2026/10/03 09:27:02.861, 6, 118641
2026/10/03 09:27:02.861, 7, 118215
2026/10/03 09:27:03.861, 0, 79908
2026/10/03 09:27:03.861, 1, 78630
2026/10/03 09:27:03.861, 2, 78644
2026/10/03 09:27:03.861, 3, 77914
2026/10/03 09:27:03.861, 4, 118023
2026/10/03 09:27:03.861, 5, 117673
2026/10/03 09:27:03.861, 6, 118641
2026/10/03 09:27:03.861, 7, 118215
2026/10/03 09:27:04.861, 0, 79908
2026/10/03 09:27:04.861, 1, 78630
2026/10/03 09:27:04.861, 2, 78644
2026/10/03 09:27:04.861, 3, 77914
2026/10/03 09:27:04.861, 4, 118023
2026/10/03 09:27:04.861, 5, 117769
2026/10/03 09:27:04.861, 6, 118641
2026/10/03 09:27:04.861, 7, 118215
2026/10/03 09:27:05.861, 0, 79912
2026/10/03 09:27:05.861, 1, 78630
2026/10/03 09:27:05.861, 2, 78644
2026/10/03 09:27:05.861, 3, 77914
2026/10/03 09:27:05.861, 4, 118023
2026/10/03 09:27:05.861, 5, 117769
2026/10/03 09:27:05.861, 6, 118641
2026/10/03 09:27:05.861, 7, 118215
2026/10/03 09:27:06.861, 0, 79912
2026/10/03 09:27:06.861, 1, 78630
2026/10/03 09:27:06.861, 2, 78644
2026/10/03 09:27:06.861, 3, 77914
2026/10/03 09:27:06.861, 4, 118023
2026/10/03 09:27:06.861, 5, 117769
2026/10/03 09:27:06.861, 6, 118641
2026/10/03 09:27:06.861, 7, 118215
2026/10/03 09:27:07.862, 0, 79912
2026/10/03 09:27:07.862, 1, 78630
2026/10/03 09:27:07.862, 2, 78644
2026/10/03 09:27:07.862, 3, 77914
2026/10/03 09:27:07.862, 4, 118023
2026/10/03 09:27:07.862, 5, 117769
2026/10/03 09:27:07.862, 6, 118641
2026/10/03 09:27:07.862, 7, 118215
2026/10/03 09:27:08.862, 0, 79912
2026/10/03 09:27:08.862, 1, 78630
2026/10/03 09:27:08.862, 2, 78644
2026/10/03 09:27:08.862, 3, 77914
2026/10/03 09:27:08.862, 4, 117999
2026/10/03 09:27:08.862, 5, 117617
2026/10/03 09:27:08.862, 6, 117999
2026/10/03 09:27:08.862, 7, 117759
2026/10/03 09:27:09.862, 0, 79912
2026/10/03 09:27:09.862, 1, 78630
2026/10/03 09:27:09.862, 2, 78644
2026/10/03 09:27:09.862, 3, 77914
2026/10/03 09:27:09.862, 4, 117999
2026/10/03 09:27:09.862, 5, 117617
2026/10/03 09:27:09.862, 6, 117999
2026/10/03 09:27:09.862, 7, 117759
2026/10/03 09:27:10.862, 0, 79912
2026/10/03 09:27:10.862, 1, 78630
2026/10/03 09:27:10.862, 2, 78644
2026/10/03 09:27:10.862, 3, 77914
2026/10/03 09:27:10.862, 4, 117999
2026/10/03 09:27:10.862, 5, 117617
2026/10/03 09:27:10.862, 6, 117999
2026/10/03 09:27:10.862, 7, 117759
2026/10/03 09:27:11.862, 0, 79912
2026/10/03 09:27:11.862, 1, 78630
2026/10/03 09:27:11.863, 2, 78644
2026/10/03 09:27:11.863, 3, 77914
2026/10/03 09:27:11.863, 4, 117999
2026/10/03 09:27:11.863, 5, 117617
2026/10/03 09:27:11.863, 6, 117999
2026/10/03 09:27:11.863, 7, 117759
2026/10/03 09:27:12.863, 0, 79912
2026/10/03 09:27:12.863, 1, 78630
2026/10/03 09:27:12.863, 2, 78644
2026/10/03 09:27:12.863, 3, 77914
2026/10/03 09:27:12.863, 4, 117999
2026/10/03 09:27:12.863, 5, 117617
2026/10/03 09:27:12.863, 6, 117999
2026/10/03 09:27:12.863, 7, 117759
2026/10/03 09:27:13.863, 0, 79912
2026/10/03 09:27:13.863, 1, 78630
2026/10/03 09:27:13.863, 2, 78644
2026/10/03 09:27:13.863, 3, 77914
2026/10/03 09:27:13.863, 4, 118089
2026/10/03 09:27:13.863, 5, 117617
2026/10/03 09:27:13.863, 6, 117999
2026/10/03 09:27:13.863, 7, 117759
2026/10/03 09:27:14.863, 0, 79912
2026/10/03 09:27:14.863, 1, 78630
2026/10/03 09:27:14.863, 2, 78644
2026/10/03 09:27:14.863, 3, 77914
2026/10/03 09:27:14.863, 4, 118857
2026/10/03 09:27:14.863, 5, 117967
2026/10/03 09:27:14.863, 6, 118023
2026/10/03 09:27:14.863, 7, 117801
2026/10/03 09:27:15.863, 0, 79912
2026/10/03 09:27:15.863, 1, 78630
2026/10/03 09:27:15.863, 2, 78644
2026/10/03 09:27:15.863, 3, 77914
2026/10/03 09:27:15.863, 4, 118857
2026/10/03 09:27:15.863, 5, 118115
2026/10/03 09:27:15.864, 6, 118023
2026/10/03 09:27:15.864, 7, 117849
2026/10/03 09:27:16.866, 0, 79912
2026/10/03 09:27:16.866, 1, 78630
2026/10/03 09:27:16.866, 2, 78644
2026/10/03 09:27:16.866, 3, 77914
2026/10/03 09:27:16.866, 4, 119415
2026/10/03 09:27:16.866, 5, 118115
2026/10/03 09:27:16.866, 6, 118023
2026/10/03 09:27:16.866, 7, 117933
2026/10/03 09:27:17.866, 0, 79912
2026/10/03 09:27:17.871, 1, 78630
2026/10/03 09:27:17.880, 2, 78644
2026/10/03 09:27:17.888, 3, 77914
2026/10/03 09:27:17.894, 4, 119415
2026/10/03 09:27:17.902, 5, 118115
2026/10/03 09:27:17.909, 6, 118023
2026/10/03 09:27:17.916, 7, 118035
2026/10/03 09:27:18.921, 0, 79912
2026/10/03 09:27:18.949, 1, 78630
2026/10/03 09:27:18.949, 2, 78644
2026/10/03 09:27:18.951, 3, 77914
2026/10/03 09:27:18.951, 4, 119415
2026/10/03 09:27:18.952, 5, 118115
2026/10/03 09:27:18.953, 6, 118023
2026/10/03 09:27:18.954, 7, 118035
2026/10/03 09:27:19.956, 0, 79912
2026/10/03 09:27:19.956, 1, 78630
2026/10/03 09:27:19.956, 2, 78644
2026/10/03 09:27:19.956, 3, 77914
2026/10/03 09:27:19.956, 4, 119415
2026/10/03 09:27:19.956, 5, 118115
2026/10/03 09:27:19.956, 6, 118023
2026/10/03 09:27:19.958, 7, 118161
2026/10/03 09:27:20.958, 0, 79912
2026/10/03 09:27:20.960, 1, 78630
2026/10/03 09:27:20.960, 2, 78644
2026/10/03 09:27:20.960, 3, 77914
2026/10/03 09:27:20.960, 4, 119415
2026/10/03 09:27:20.960, 5, 118115
2026/10/03 09:27:20.960, 6, 118023
2026/10/03 09:27:20.961, 7, 118161
2026/10/03 09:27:21.961, 0, 79912
2026/10/03 09:27:21.961, 1, 78630
2026/10/03 09:27:21.961, 2, 78644
2026/10/03 09:27:21.961, 3, 77914
2026/10/03 09:27:21.961, 4, 119415
2026/10/03 09:27:21.961, 5, 118115
2026/10/03 09:27:21.961, 6, 118023
2026/10/03 09:27:21.961, 7, 118161
2026/10/03 09:27:22.961, 0, 79912
2026/10/03 09:27:22.961, 1, 78630
2026/10/03 09:27:22.961, 2, 78644
2026/10/03 09:27:22.961, 3, 77914
2026/10/03 09:27:22.961, 4, 119415
2026/10/03 09:27:22.961, 5, 118115
2026/10/03 09:27:22.961, 6, 118023
2026/10/03 09:27:22.961, 7, 118161
2026/10/03 09:27:23.961, 0, 79912
2026/10/03 09:27:23.962, 1, 78630
2026/10/03 09:27:23.962, 2, 78644
2026/10/03 09:27:23.962, 3, 77914
2026/10/03 09:27:23.962, 4, 119415
2026/10/03 09:27:23.962, 5, 118115
2026/10/03 09:27:23.962, 6, 118023
2026/10/03 09:27:23.962, 7, 118161
2026/10/03 09:27:24.962, 0, 79912
2026/10/03 09:27:24.962, 1, 78630
2026/10/03 09:27:24.962, 2, 78644
2026/10/03 09:27:24.962, 3, 77914
2026/10/03 09:27:24.962, 4, 119415
2026/10/03 09:27:24.962, 5, 118115
2026/10/03 09:27:24.962, 6, 118023
2026/10/03 09:27:24.962, 7, 118161
2026/10/03 09:27:25.962, 0, 79912
2026/10/03 09:27:25.962, 1, 78630
2026/10/03 09:27:25.962, 2, 78644
2026/10/03 09:27:25.962, 3, 77914
2026/10/03 09:27:25.962, 4, 119415
2026/10/03 09:27:25.962, 5, 118115
2026/10/03 09:27:25.962, 6, 118023
2026/10/03 09:27:25.962, 7, 118161
2026/10/03 09:27:26.962, 0, 79912
2026/10/03 09:27:26.962, 1, 78630
2026/10/03 09:27:26.962, 2, 78644
2026/10/03 09:27:26.963, 3, 77914
2026/10/03 09:27:26.963, 4, 119415
2026/10/03 09:27:26.963, 5, 118115
2026/10/03 09:27:26.963, 6, 118023
2026/10/03 09:27:26.963, 7, 118161
2026/10/03 09:27:27.963, 0, 79912
2026/10/03 09:27:27.963, 1, 78630
2026/10/03 09:27:27.963, 2, 78644
2026/10/03 09:27:27.963, 3, 77914
2026/10/03 09:27:27.963, 4, 118659
2026/10/03 09:27:27.963, 5, 118713
2026/10/03 09:27:27.963, 6, 117999
2026/10/03 09:27:27.963, 7, 118419
2026/10/03 09:27:28.963, 0, 79912
2026/10/03 09:27:28.963, 1, 78630
2026/10/03 09:27:28.963, 2, 78644
2026/10/03 09:27:28.963, 3, 77914
2026/10/03 09:27:28.963, 4, 117999
2026/10/03 09:27:28.963, 5, 117617
2026/10/03 09:27:28.963, 6, 117999
2026/10/03 09:27:28.963, 7, 117759
2026/10/03 09:27:29.963, 0, 79912
2026/10/03 09:27:29.963, 1, 78630
2026/10/03 09:27:29.964, 2, 78644
2026/10/03 09:27:29.964, 3, 77914
2026/10/03 09:27:29.964, 4, 118021
2026/10/03 09:27:29.964, 5, 117639
2026/10/03 09:27:29.964, 6, 118211
2026/10/03 09:27:29.964, 7, 117783
2026/10/03 09:27:30.964, 0, 79912
2026/10/03 09:27:30.964, 1, 78630
2026/10/03 09:27:30.964, 2, 78644
2026/10/03 09:27:30.964, 3, 77914
2026/10/03 09:27:30.964, 4, 118021
2026/10/03 09:27:30.964, 5, 117641
2026/10/03 09:27:30.964, 6, 118211
2026/10/03 09:27:30.964, 7, 117783
2026/10/03 09:27:31.964, 0, 79912
2026/10/03 09:27:31.964, 1, 78630
2026/10/03 09:27:31.964, 2, 78644
2026/10/03 09:27:31.964, 3, 77914
2026/10/03 09:27:31.964, 4, 118021
2026/10/03 09:27:31.964, 5, 117641
2026/10/03 09:27:31.964, 6, 118211
2026/10/03 09:27:31.964, 7, 117783
2026/10/03 09:27:32.964, 0, 79912
2026/10/03 09:27:32.965, 1, 78630
2026/10/03 09:27:32.966, 2, 78644
2026/10/03 09:27:32.966, 3, 77914
2026/10/03 09:27:32.966, 4, 118021
2026/10/03 09:27:32.966, 5, 117673
2026/10/03 09:27:32.966, 6, 118211
2026/10/03 09:27:32.966, 7, 117783
2026/10/03 09:27:33.966, 0, 79912
2026/10/03 09:27:33.966, 1, 78630
2026/10/03 09:27:33.966, 2, 78644
2026/10/03 09:27:33.966, 3, 77914
2026/10/03 09:27:33.966, 4, 118021
2026/10/03 09:27:33.966, 5, 117673
2026/10/03 09:27:33.966, 6, 118435
2026/10/03 09:27:33.966, 7, 117783
2026/10/03 09:27:34.966, 0, 79912
2026/10/03 09:27:34.966, 1, 78630
2026/10/03 09:27:34.966, 2, 78644
2026/10/03 09:27:34.967, 3, 77914
2026/10/03 09:27:34.967, 4, 118021
2026/10/03 09:27:34.967, 5, 117673
2026/10/03 09:27:34.967, 6, 118435
2026/10/03 09:27:34.967, 7, 117783
2026/10/03 09:27:35.967, 0, 79912
2026/10/03 09:27:35.968, 1, 78630
2026/10/03 09:27:35.970, 2, 78644
2026/10/03 09:27:35.971, 3, 77914
2026/10/03 09:27:35.972, 4, 118021
2026/10/03 09:27:35.973, 5, 117673
2026/10/03 09:27:35.975, 6, 118435
2026/10/03 09:27:35.976, 7, 117829
2026/10/03 09:27:36.977, 0, 79912
2026/10/03 09:27:36.977, 1, 78630
2026/10/03 09:27:36.977, 2, 78644
2026/10/03 09:27:36.977, 3, 77914
2026/10/03 09:27:36.977, 4, 118023
2026/10/03 09:27:36.977, 5, 117673
2026/10/03 09:27:36.977, 6, 118435
2026/10/03 09:27:36.977, 7, 118093
2026/10/03 09:27:37.978, 0, 79912
2026/10/03 09:27:37.978, 1, 78630
2026/10/03 09:27:37.979, 2, 78644
2026/10/03 09:27:37.981, 3, 77914
2026/10/03 09:27:37.982, 4, 118023
2026/10/03 09:27:37.983, 5, 117673
2026/10/03 09:27:37.984, 6, 118435
2026/10/03 09:27:37.985, 7, 118191
2026/10/03 09:27:38.986, 0, 79912
2026/10/03 09:27:38.986, 1, 78630
2026/10/03 09:27:38.986, 2, 78644
2026/10/03 09:27:38.986, 3, 77914
2026/10/03 09:27:38.986, 4, 118023
2026/10/03 09:27:38.986, 5, 117673
2026/10/03 09:27:38.986, 6, 118435
2026/10/03 09:27:38.986, 7, 118191
2026/10/03 09:27:39.987, 0, 79912
2026/10/03 09:27:39.987, 1, 78630
2026/10/03 09:27:39.987, 2, 78644
2026/10/03 09:27:39.987, 3, 77914
2026/10/03 09:27:39.987, 4, 118023
2026/10/03 09:27:39.987, 5, 117673
2026/10/03 09:27:39.987, 6, 118435
2026/10/03 09:27:39.987, 7, 118191
2026/10/03 09:27:40.987, 0, 79912
2026/10/03 09:27:40.987, 1, 78630
2026/10/03 09:27:40.987, 2, 78644
2026/10/03 09:27:40.987, 3, 77914
2026/10/03 09:27:40.987, 4, 118023
2026/10/03 09:27:40.987, 5, 117673
2026/10/03 09:27:40.987, 6, 118435
2026/10/03 09:27:40.987, 7, 118191
2026/10/03 09:27:41.987, 0, 79912
2026/10/03 09:27:41.987, 1, 78630
2026/10/03 09:27:41.987, 2, 78644
2026/10/03 09:27:41.987, 3, 77914
2026/10/03 09:27:41.987, 4, 118023
2026/10/03 09:27:41.987, 5, 117673
2026/10/03 09:27:41.987, 6, 118435
2026/10/03 09:27:41.987, 7, 118191
2026/10/03 09:27:42.987, 0, 79939
2026/10/03 09:27:42.989, 1, 78630
2026/10/03 09:27:42.989, 2, 78644
2026/10/03 09:27:42.990, 3, 77914
2026/10/03 09:27:42.990, 4, 118023
2026/10/03 09:27:42.990, 5, 117673
2026/10/03 09:27:42.990, 6, 118435
2026/10/03 09:27:42.990, 7, 118191
2026/10/03 09:27:43.990, 0, 79912
2026/10/03 09:27:43.992, 1, 78650
2026/10/03 09:27:43.992, 2, 78644
2026/10/03 09:27:43.992, 3, 77914
2026/10/03 09:27:43.992, 4, 117999
2026/10/03 09:27:43.992, 5, 118223
2026/10/03 09:27:43.992, 6, 118005
2026/10/03 09:27:43.992, 7, 117777
2026/10/03 09:27:44.992, 0, 79912
2026/10/03 09:27:45.033, 1, 78630
2026/10/03 09:27:45.033, 2, 78644
2026/10/03 09:27:45.033, 3, 77914
2026/10/03 09:27:45.033, 4, 117999
2026/10/03 09:27:45.033, 5, 117617
2026/10/03 09:27:45.033, 6, 117999
2026/10/03 09:27:45.033, 7, 117759
2026/10/03 09:27:46.033, 0, 79912
2026/10/03 09:27:46.033, 1, 78630
2026/10/03 09:27:46.033, 2, 78644
2026/10/03 09:27:46.033, 3, 77914
2026/10/03 09:27:46.033, 4, 117999
2026/10/03 09:27:46.034, 5, 117617
2026/10/03 09:27:46.034, 6, 117999
2026/10/03 09:27:46.034, 7, 117759
2026/10/03 09:27:47.034, 0, 79912
2026/10/03 09:27:47.034, 1, 78630
2026/10/03 09:27:47.037, 2, 78644
2026/10/03 09:27:47.038, 3, 77914
2026/10/03 09:27:47.039, 4, 117999
2026/10/03 09:27:47.039, 5, 117617
2026/10/03 09:27:47.042, 6, 117999
2026/10/03 09:27:47.043, 7, 117759
2026/10/03 09:27:48.043, 0, 79912
2026/10/03 09:27:48.045, 1, 78630
2026/10/03 09:27:48.045, 2, 78644
2026/10/03 09:27:48.047, 3, 77914
2026/10/03 09:27:48.048, 4, 118030
2026/10/03 09:27:48.050, 5, 117617
2026/10/03 09:27:48.050, 6, 117999
2026/10/03 09:27:48.050, 7, 117759
2026/10/03 09:27:49.051, 0, 79912
2026/10/03 09:27:49.051, 1, 78630
2026/10/03 09:27:49.051, 2, 78644
2026/10/03 09:27:49.051, 3, 77914
2026/10/03 09:27:49.051, 4, 118041
2026/10/03 09:27:49.051, 5, 117641
2026/10/03 09:27:49.051, 6, 117999
2026/10/03 09:27:49.051, 7, 117759
2026/10/03 09:27:50.052, 0, 79912
2026/10/03 09:27:50.052, 1, 78630
2026/10/03 09:27:50.052, 2, 78644
2026/10/03 09:27:50.052, 3, 77914
2026/10/03 09:27:50.052, 4, 119761
2026/10/03 09:27:50.052, 5, 117961
2026/10/03 09:27:50.052, 6, 118021
2026/10/03 09:27:50.052, 7, 117803
2026/10/03 09:27:51.052, 0, 79912
2026/10/03 09:27:51.052, 1, 78630
2026/10/03 09:27:51.052, 2, 78644
2026/10/03 09:27:51.052, 3, 77914
2026/10/03 09:27:51.052, 4, 123193
2026/10/03 09:27:51.052, 5, 117993
2026/10/03 09:27:51.052, 6, 118021
2026/10/03 09:27:51.052, 7, 117849
2026/10/03 09:27:52.052, 0, 79912
2026/10/03 09:27:52.053, 1, 78630
2026/10/03 09:27:52.054, 2, 78644
2026/10/03 09:27:52.054, 3, 77914
2026/10/03 09:27:52.055, 4, 125605
2026/10/03 09:27:52.056, 5, 117993
2026/10/03 09:27:52.057, 6, 118021
2026/10/03 09:27:52.058, 7, 118259
2026/10/03 09:27:53.060, 0, 79912
2026/10/03 09:27:53.060, 1, 78630
2026/10/03 09:27:53.060, 2, 78644
2026/10/03 09:27:53.060, 3, 77914
2026/10/03 09:27:53.060, 4, 125605
2026/10/03 09:27:53.060, 5, 117993
2026/10/03 09:27:53.060, 6, 118021
2026/10/03 09:27:53.060, 7, 118259
2026/10/03 09:27:54.060, 0, 79912
2026/10/03 09:27:54.060, 1, 78630
2026/10/03 09:27:54.060, 2, 78644
2026/10/03 09:27:54.060, 3, 77914
2026/10/03 09:27:54.060, 4, 125605
2026/10/03 09:27:54.060, 5, 117993
2026/10/03 09:27:54.060, 6, 118021
2026/10/03 09:27:54.060, 7, 118259
2026/10/03 09:27:55.060, 0, 79912
2026/10/03 09:27:55.060, 1, 78630
2026/10/03 09:27:55.060, 2, 78644
2026/10/03 09:27:55.060, 3, 77914
2026/10/03 09:27:55.060, 4, 125605
2026/10/03 09:27:55.060, 5, 117993
2026/10/03 09:27:55.060, 6, 118021
2026/10/03 09:27:55.060, 7, 118259
2026/10/03 09:27:56.061, 0, 79912
2026/10/03 09:27:56.061, 1, 78630
2026/10/03 09:27:56.061, 2, 78644
2026/10/03 09:27:56.061, 3, 77914
2026/10/03 09:27:56.061, 4, 125605
2026/10/03 09:27:56.061, 5, 117993
2026/10/03 09:27:56.061, 6, 118023
2026/10/03 09:27:56.061, 7, 118259
2026/10/03 09:27:57.061, 0, 79912
2026/10/03 09:27:57.061, 1, 78630
2026/10/03 09:27:57.061, 2, 78644
2026/10/03 09:27:57.061, 3, 77914
2026/10/03 09:27:57.061, 4, 125605
2026/10/03 09:27:57.061, 5, 117993
2026/10/03 09:27:57.061, 6, 118023
2026/10/03 09:27:57.061, 7, 118259
2026/10/03 09:27:58.061, 0, 79912
2026/10/03 09:27:58.061, 1, 78630
2026/10/03 09:27:58.061, 2, 78644
2026/10/03 09:27:58.061, 3, 77914
2026/10/03 09:27:58.061, 4, 125605
2026/10/03 09:27:58.061, 5, 117993
2026/10/03 09:27:58.061, 6, 118023
2026/10/03 09:27:58.061, 7, 118259
2026/10/03 09:27:59.061, 0, 79912
2026/10/03 09:27:59.061, 1, 78630
2026/10/03 09:27:59.061, 2, 78644
2026/10/03 09:27:59.061, 3, 77914
2026/10/03 09:27:59.061, 4, 125605
2026/10/03 09:27:59.061, 5, 117993
2026/10/03 09:27:59.061, 6, 118023
2026/10/03 09:27:59.061, 7, 118259
2026/10/03 09:28:00.061, 0, 79912
2026/10/03 09:28:00.062, 1, 78630
2026/10/03 09:28:00.062, 2, 78644
2026/10/03 09:28:00.062, 3, 77914
2026/10/03 09:28:00.062, 4, 125605
2026/10/03 09:28:00.062, 5, 117993
2026/10/03 09:28:00.062, 6, 118023
2026/10/03 09:28:00.062, 7, 118259
2026/10/03 09:28:01.062, 0, 79912
2026/10/03 09:28:01.062, 1, 78630
2026/10/03 09:28:01.062, 2, 78644
2026/10/03 09:28:01.062, 3, 77914
2026/10/03 09:28:01.062, 4, 125605
2026/10/03 09:28:01.062, 5, 117993
2026/10/03 09:28:01.062, 6, 118023
2026/10/03 09:28:01.062, 7, 118259
2026/10/03 09:28:02.062, 0, 79912
2026/10/03 09:28:02.062, 1, 78630
2026/10/03 09:28:02.062, 2, 78646
2026/10/03 09:28:02.062, 3, 77914
2026/10/03 09:28:02.062, 4, 125605
2026/10/03 09:28:02.062, 5, 117993
2026/10/03 09:28:02.062, 6, 118023
2026/10/03 09:28:02.062, 7, 118259
2026/10/03 09:28:03.062, 0, 79912
2026/10/03 09:28:03.062, 1, 78630
2026/10/03 09:28:03.062, 2, 78646
2026/10/03 09:28:03.062, 3, 77914
2026/10/03 09:28:03.062, 4, 125605
2026/10/03 09:28:03.062, 5, 117993
2026/10/03 09:28:03.062, 6, 118023
2026/10/03 09:28:03.062, 7, 118259
2026/10/03 09:28:04.062, 0, 79912
2026/10/03 09:28:04.062, 1, 78630
2026/10/03 09:28:04.062, 2, 78646
2026/10/03 09:28:04.063, 3, 77914
2026/10/03 09:28:04.063, 4, 118637
2026/10/03 09:28:04.063, 5, 118691
2026/10/03 09:28:04.063, 6, 117999
2026/10/03 09:28:04.063, 7, 118397
2026/10/03 09:28:05.063, 0, 79912
2026/10/03 09:28:05.063, 1, 78630
2026/10/03 09:28:05.063, 2, 78646
2026/10/03 09:28:05.063, 3, 77914
2026/10/03 09:28:05.063, 4, 117999
2026/10/03 09:28:05.063, 5, 117617
2026/10/03 09:28:05.063, 6, 117999
2026/10/03 09:28:05.063, 7, 117759
2026/10/03 09:28:06.063, 0, 79912
2026/10/03 09:28:06.063, 1, 78630
2026/10/03 09:28:06.063, 2, 78646
2026/10/03 09:28:06.063, 3, 77914
2026/10/03 09:28:06.063, 4, 118021
2026/10/03 09:28:06.063, 5, 117639
2026/10/03 09:28:06.063, 6, 118339
2026/10/03 09:28:06.063, 7, 117783
2026/10/03 09:28:07.063, 0, 79912
2026/10/03 09:28:07.065, 1, 78630
2026/10/03 09:28:07.067, 2, 78646
2026/10/03 09:28:07.068, 3, 77914
2026/10/03 09:28:07.069, 4, 118021
2026/10/03 09:28:07.071, 5, 117639
2026/10/03 09:28:07.071, 6, 118339
2026/10/03 09:28:07.071, 7, 117783
2026/10/03 09:28:08.071, 0, 79912
2026/10/03 09:28:08.071, 1, 78630
2026/10/03 09:28:08.071, 2, 78646
2026/10/03 09:28:08.071, 3, 77914
2026/10/03 09:28:08.071, 4, 118021
2026/10/03 09:28:08.071, 5, 117639
2026/10/03 09:28:08.071, 6, 118339
2026/10/03 09:28:08.071, 7, 117783
2026/10/03 09:28:09.071, 0, 79912
2026/10/03 09:28:09.071, 1, 78630
2026/10/03 09:28:09.071, 2, 78646
2026/10/03 09:28:09.071, 3, 77914
2026/10/03 09:28:09.071, 4, 118021
2026/10/03 09:28:09.071, 5, 117671
2026/10/03 09:28:09.071, 6, 118339
2026/10/03 09:28:09.071, 7, 117783
2026/10/03 09:28:10.071, 0, 79912
2026/10/03 09:28:10.071, 1, 78630
2026/10/03 09:28:10.071, 2, 78646
2026/10/03 09:28:10.071, 3, 77914
2026/10/03 09:28:10.071, 4, 118021
2026/10/03 09:28:10.071, 5, 117673
2026/10/03 09:28:10.071, 6, 118339
2026/10/03 09:28:10.071, 7, 117783
2026/10/03 09:28:11.071, 0, 79912
2026/10/03 09:28:11.071, 1, 78630
2026/10/03 09:28:11.071, 2, 78646
2026/10/03 09:28:11.071, 3, 77914
2026/10/03 09:28:11.071, 4, 118021
2026/10/03 09:28:11.071, 5, 117673
2026/10/03 09:28:11.071, 6, 118339
2026/10/03 09:28:11.071, 7, 117783
2026/10/03 09:28:12.072, 0, 79912
2026/10/03 09:28:12.072, 1, 78630
2026/10/03 09:28:12.072, 2, 78646
2026/10/03 09:28:12.072, 3, 77914
2026/10/03 09:28:12.072, 4, 118021
2026/10/03 09:28:12.072, 5, 117673
2026/10/03 09:28:12.072, 6, 118339
2026/10/03 09:28:12.072, 7, 117783
2026/10/03 09:28:13.072, 0, 79912
2026/10/03 09:28:13.072, 1, 78630
2026/10/03 09:28:13.072, 2, 78646
2026/10/03 09:28:13.072, 3, 77914
2026/10/03 09:28:13.072, 4, 118023
2026/10/03 09:28:13.072, 5, 117673
2026/10/03 09:28:13.072, 6, 118339
2026/10/03 09:28:13.072, 7, 117783
2026/10/03 09:28:14.072, 0, 79912
2026/10/03 09:28:14.072, 1, 78630
2026/10/03 09:28:14.072, 2, 78646
2026/10/03 09:28:14.072, 3, 77914
2026/10/03 09:28:14.072, 4, 118023
2026/10/03 09:28:14.072, 5, 117673
2026/10/03 09:28:14.072, 6, 118339
2026/10/03 09:28:14.072, 7, 117803
2026/10/03 09:28:15.072, 0, 79912
2026/10/03 09:28:15.072, 1, 78630
2026/10/03 09:28:15.072, 2, 78646
2026/10/03 09:28:15.072, 3, 77914
2026/10/03 09:28:15.072, 4, 118023
2026/10/03 09:28:15.072, 5, 117673
2026/10/03 09:28:15.072, 6, 118339
2026/10/03 09:28:15.072, 7, 117803
2026/10/03 09:28:16.072, 0, 79912
2026/10/03 09:28:16.073, 1, 78630
2026/10/03 09:28:16.073, 2, 78646
2026/10/03 09:28:16.073, 3, 77914
2026/10/03 09:28:16.074, 4, 118023
2026/10/03 09:28:16.074, 5, 117673
2026/10/03 09:28:16.074, 6, 118339
2026/10/03 09:28:16.074, 7, 117803
2026/10/03 09:28:17.074, 0, 79912
2026/10/03 09:28:17.075, 1, 78630
2026/10/03 09:28:17.077, 2, 78646
2026/10/03 09:28:17.079, 3, 77914
2026/10/03 09:28:17.079, 4, 118023
2026/10/03 09:28:17.079, 5, 117673
2026/10/03 09:28:17.081, 6, 118339
2026/10/03 09:28:17.082, 7, 117803
2026/10/03 09:28:18.083, 0, 79912
2026/10/03 09:28:18.085, 1, 78630
2026/10/03 09:28:18.090, 2, 78646
2026/10/03 09:28:18.093, 3, 77914
2026/10/03 09:28:18.094, 4, 118023
2026/10/03 09:28:18.098, 5, 117673
2026/10/03 09:28:18.100, 6, 118339
2026/10/03 09:28:18.104, 7, 117937
2026/10/03 09:28:19.107, 0, 79912
2026/10/03 09:28:19.108, 1, 78630
2026/10/03 09:28:19.108, 2, 78646
2026/10/03 09:28:19.109, 3, 77914
2026/10/03 09:28:19.110, 4, 118023
2026/10/03 09:28:19.110, 5, 117673
2026/10/03 09:28:19.112, 6, 118339
2026/10/03 09:28:19.112, 7, 117937
2026/10/03 09:28:20.113, 0, 79912
2026/10/03 09:28:20.113, 1, 78630
2026/10/03 09:28:20.113, 2, 78646
2026/10/03 09:28:20.113, 3, 77914
2026/10/03 09:28:20.113, 4, 118023
2026/10/03 09:28:20.113, 5, 117673
2026/10/03 09:28:20.113, 6, 118339
2026/10/03 09:28:20.113, 7, 117937
2026/10/03 09:28:21.113, 0, 79912
2026/10/03 09:28:21.113, 1, 78630
2026/10/03 09:28:21.113, 2, 78646
2026/10/03 09:28:21.113, 3, 77914
2026/10/03 09:28:21.113, 4, 118043
2026/10/03 09:28:21.113, 5, 117673
2026/10/03 09:28:21.113, 6, 118339
2026/10/03 09:28:21.113, 7, 117937
2026/10/03 09:28:22.113, 0, 79912
2026/10/03 09:28:22.114, 1, 78630
2026/10/03 09:28:22.114, 2, 78646
2026/10/03 09:28:22.114, 3, 77914
2026/10/03 09:28:22.114, 4, 118043
2026/10/03 09:28:22.114, 5, 117753
2026/10/03 09:28:22.114, 6, 118339
2026/10/03 09:28:22.114, 7, 117937
2026/10/03 09:28:23.114, 0, 79912
2026/10/03 09:28:23.114, 1, 78630
2026/10/03 09:28:23.114, 2, 78646
2026/10/03 09:28:23.114, 3, 77914
2026/10/03 09:28:23.114, 4, 117999
2026/10/03 09:28:23.114, 5, 117617
2026/10/03 09:28:23.114, 6, 117999
2026/10/03 09:28:23.114, 7, 117759
2026/10/03 09:28:24.114, 0, 79912
2026/10/03 09:28:24.114, 1, 78630
2026/10/03 09:28:24.114, 2, 78646
2026/10/03 09:28:24.114, 3, 77914
2026/10/03 09:28:24.114, 4, 117999
2026/10/03 09:28:24.114, 5, 117617
2026/10/03 09:28:24.114, 6, 117999
2026/10/03 09:28:24.114, 7, 117759
2026/10/03 09:28:25.114, 0, 79912
2026/10/03 09:28:25.114, 1, 78630
2026/10/03 09:28:25.114, 2, 78646
2026/10/03 09:28:25.114, 3, 77914
2026/10/03 09:28:25.114, 4, 118329
2026/10/03 09:28:25.114, 5, 118017
2026/10/03 09:28:25.114, 6, 118021
2026/10/03 09:28:25.115, 7, 117801
2026/10/03 09:28:26.115, 0, 79912
2026/10/03 09:28:26.115, 1, 78630
2026/10/03 09:28:26.115, 2, 78646
2026/10/03 09:28:26.115, 3, 77914
2026/10/03 09:28:26.115, 4, 119327
2026/10/03 09:28:26.115, 5, 118017
2026/10/03 09:28:26.115, 6, 118021
2026/10/03 09:28:26.115, 7, 118137
2026/10/03 09:28:27.115, 0, 79912
2026/10/03 09:28:27.115, 1, 78630
2026/10/03 09:28:27.115, 2, 78646
2026/10/03 09:28:27.115, 3, 77914
2026/10/03 09:28:27.115, 4, 119867
2026/10/03 09:28:27.115, 5, 118017
2026/10/03 09:28:27.115, 6, 118023
2026/10/03 09:28:27.115, 7, 118137
2026/10/03 09:28:28.115, 0, 79912
2026/10/03 09:28:28.115, 1, 78630
2026/10/03 09:28:28.115, 2, 78646
2026/10/03 09:28:28.115, 3, 77914
2026/10/03 09:28:28.115, 4, 119867
2026/10/03 09:28:28.115, 5, 118019
2026/10/03 09:28:28.115, 6, 118023
2026/10/03 09:28:28.115, 7, 118137
2026/10/03 09:28:29.115, 0, 79912
2026/10/03 09:28:29.115, 1, 78630
2026/10/03 09:28:29.115, 2, 78646
2026/10/03 09:28:29.115, 3, 77914
2026/10/03 09:28:29.115, 4, 119867
2026/10/03 09:28:29.115, 5, 118019
2026/10/03 09:28:29.115, 6, 118023
2026/10/03 09:28:29.116, 7, 118137
2026/10/03 09:28:30.116, 0, 79912
2026/10/03 09:28:30.116, 1, 78630
2026/10/03 09:28:30.116, 2, 78646
2026/10/03 09:28:30.116, 3, 77914
2026/10/03 09:28:30.116, 4, 119867
2026/10/03 09:28:30.116, 5, 118019
2026/10/03 09:28:30.116, 6, 118023
2026/10/03 09:28:30.116, 7, 118137
2026/10/03 09:28:31.117, 0, 79912
2026/10/03 09:28:31.117, 1, 78630
2026/10/03 09:28:31.117, 2, 78646
2026/10/03 09:28:31.117, 3, 77914
2026/10/03 09:28:31.117, 4, 119867
2026/10/03 09:28:31.117, 5, 118019
2026/10/03 09:28:31.117, 6, 118023
2026/10/03 09:28:31.117, 7, 118137
2026/10/03 09:28:32.117, 0, 79912
2026/10/03 09:28:32.117, 1, 78630
2026/10/03 09:28:32.117, 2, 78646
2026/10/03 09:28:32.117, 3, 77914
2026/10/03 09:28:32.117, 4, 119867
2026/10/03 09:28:32.117, 5, 118019
2026/10/03 09:28:32.117, 6, 118023
2026/10/03 09:28:32.117, 7, 118137
2026/10/03 09:28:33.117, 0, 79912
2026/10/03 09:28:33.117, 1, 78630
2026/10/03 09:28:33.117, 2, 78646
2026/10/03 09:28:33.118, 3, 77914
2026/10/03 09:28:33.118, 4, 119867
2026/10/03 09:28:33.118, 5, 118019
2026/10/03 09:28:33.118, 6, 118023
2026/10/03 09:28:33.118, 7, 118137
2026/10/03 09:28:34.118, 0, 79912
2026/10/03 09:28:34.118, 1, 78630
2026/10/03 09:28:34.118, 2, 78646
2026/10/03 09:28:34.118, 3, 77914
2026/10/03 09:28:34.118, 4, 119867
2026/10/03 09:28:34.118, 5, 118019
2026/10/03 09:28:34.118, 6, 118023
2026/10/03 09:28:34.118, 7, 118137
2026/10/03 09:28:35.119, 0, 79912
2026/10/03 09:28:35.119, 1, 78630
2026/10/03 09:28:35.119, 2, 78646
2026/10/03 09:28:35.119, 3, 77914
2026/10/03 09:28:35.119, 4, 119867
2026/10/03 09:28:35.119, 5, 118019
2026/10/03 09:28:35.119, 6, 118023
2026/10/03 09:28:35.119, 7, 118137
2026/10/03 09:28:36.119, 0, 79912
2026/10/03 09:28:36.119, 1, 78630
2026/10/03 09:28:36.119, 2, 78646
2026/10/03 09:28:36.119, 3, 77914
2026/10/03 09:28:36.119, 4, 119867
2026/10/03 09:28:36.119, 5, 118019
2026/10/03 09:28:36.119, 6, 118023
2026/10/03 09:28:36.119, 7, 118137
2026/10/03 09:28:37.119, 0, 79912
2026/10/03 09:28:37.119, 1, 78630
2026/10/03 09:28:37.119, 2, 78646
2026/10/03 09:28:37.119, 3, 77914
2026/10/03 09:28:37.119, 4, 119867
2026/10/03 09:28:37.119, 5, 118019
2026/10/03 09:28:37.119, 6, 118023
2026/10/03 09:28:37.119, 7, 118137
2026/10/03 09:28:38.119, 0, 79912
2026/10/03 09:28:38.119, 1, 78630
2026/10/03 09:28:38.119, 2, 78646
2026/10/03 09:28:38.119, 3, 77914
2026/10/03 09:28:38.119, 4, 119867
2026/10/03 09:28:38.119, 5, 118019
2026/10/03 09:28:38.119, 6, 118023
2026/10/03 09:28:38.119, 7, 118137
2026/10/03 09:28:39.120, 0, 79912
2026/10/03 09:28:39.120, 1, 78630
2026/10/03 09:28:39.121, 2, 78646
2026/10/03 09:28:39.121, 3, 77914
2026/10/03 09:28:39.122, 4, 118111
2026/10/03 09:28:39.122, 5, 117805
2026/10/03 09:28:39.122, 6, 118081
2026/10/03 09:28:39.123, 7, 117841
2026/10/03 09:28:40.123, 0, 79912
2026/10/03 09:28:40.123, 1, 78630
2026/10/03 09:28:40.123, 2, 78646
2026/10/03 09:28:40.123, 3, 77914
2026/10/03 09:28:40.123, 4, 118021
2026/10/03 09:28:40.123, 5, 117617
2026/10/03 09:28:40.123, 6, 118325
2026/10/03 09:28:40.123, 7, 117759
2026/10/03 09:28:41.123, 0, 79912
2026/10/03 09:28:41.123, 1, 78630
2026/10/03 09:28:41.123, 2, 78646
2026/10/03 09:28:41.123, 3, 77914
2026/10/03 09:28:41.123, 4, 118023
2026/10/03 09:28:41.123, 5, 117639
2026/10/03 09:28:41.123, 6, 118325
2026/10/03 09:28:41.123, 7, 117781
2026/10/03 09:28:42.124, 0, 79912
2026/10/03 09:28:42.124, 1, 78630
2026/10/03 09:28:42.124, 2, 78646
2026/10/03 09:28:42.124, 3, 77914
2026/10/03 09:28:42.124, 4, 118023
2026/10/03 09:28:42.124, 5, 117639
2026/10/03 09:28:42.124, 6, 118465
2026/10/03 09:28:42.124, 7, 117781
2026/10/03 09:28:43.124, 0, 79912
2026/10/03 09:28:43.124, 1, 78630
2026/10/03 09:28:43.124, 2, 78646
2026/10/03 09:28:43.124, 3, 77914
2026/10/03 09:28:43.124, 4, 118023
2026/10/03 09:28:43.124, 5, 117639
2026/10/03 09:28:43.124, 6, 118465
2026/10/03 09:28:43.124, 7, 117781
2026/10/03 09:28:44.124, 0, 79912
2026/10/03 09:28:44.124, 1, 78630
2026/10/03 09:28:44.124, 2, 78646
2026/10/03 09:28:44.124, 3, 77914
2026/10/03 09:28:44.124, 4, 118023
2026/10/03 09:28:44.124, 5, 117671
2026/10/03 09:28:44.124, 6, 118465
2026/10/03 09:28:44.124, 7, 117781
2026/10/03 09:28:45.124, 0, 79912
2026/10/03 09:28:45.124, 1, 78630
2026/10/03 09:28:45.124, 2, 78646
2026/10/03 09:28:45.124, 3, 77914
2026/10/03 09:28:45.124, 4, 118023
2026/10/03 09:28:45.124, 5, 117673
2026/10/03 09:28:45.124, 6, 118465
2026/10/03 09:28:45.124, 7, 117781
2026/10/03 09:28:46.125, 0, 79912
2026/10/03 09:28:46.125, 1, 78630
2026/10/03 09:28:46.125, 2, 78646
2026/10/03 09:28:46.125, 3, 77914
2026/10/03 09:28:46.125, 4, 118023
2026/10/03 09:28:46.125, 5, 117673
2026/10/03 09:28:46.125, 6, 118465
2026/10/03 09:28:46.125, 7, 117781
2026/10/03 09:28:47.125, 0, 79912
2026/10/03 09:28:47.126, 1, 78630
2026/10/03 09:28:47.128, 2, 78646
2026/10/03 09:28:47.129, 3, 77914
2026/10/03 09:28:47.131, 4, 118023
2026/10/03 09:28:47.132, 5, 117673
2026/10/03 09:28:47.133, 6, 118465
2026/10/03 09:28:47.135, 7, 117781
2026/10/03 09:28:48.136, 0, 79912
2026/10/03 09:28:48.136, 1, 78630
2026/10/03 09:28:48.138, 2, 78646
2026/10/03 09:28:48.139, 3, 77914
2026/10/03 09:28:48.142, 4, 118023
2026/10/03 09:28:48.144, 5, 117673
2026/10/03 09:28:48.145, 6, 118465
2026/10/03 09:28:48.146, 7, 117781
2026/10/03 09:28:49.148, 0, 79912
2026/10/03 09:28:49.148, 1, 78630
2026/10/03 09:28:49.149, 2, 78646
2026/10/03 09:28:49.149, 3, 77914
2026/10/03 09:28:49.149, 4, 118023
2026/10/03 09:28:49.150, 5, 117673
2026/10/03 09:28:49.150, 6, 118465
2026/10/03 09:28:49.150, 7, 117781
2026/10/03 09:28:50.151, 0, 79912
2026/10/03 09:28:50.151, 1, 78630
2026/10/03 09:28:50.154, 2, 78646
2026/10/03 09:28:50.154, 3, 77914
2026/10/03 09:28:50.154, 4, 118023
2026/10/03 09:28:50.154, 5, 117673
2026/10/03 09:28:50.154, 6, 118465
2026/10/03 09:28:50.154, 7, 117781
2026/10/03 09:28:51.154, 0, 79912
2026/10/03 09:28:51.154, 1, 78630
2026/10/03 09:28:51.154, 2, 78646
2026/10/03 09:28:51.154, 3, 77914
2026/10/03 09:28:51.154, 4, 118023
2026/10/03 09:28:51.154, 5, 117673
2026/10/03 09:28:51.154, 6, 118465
2026/10/03 09:28:51.154, 7, 117781
2026/10/03 09:28:52.154, 0, 79912
2026/10/03 09:28:52.155, 1, 78630
2026/10/03 09:28:52.155, 2, 78646
2026/10/03 09:28:52.155, 3, 77914
2026/10/03 09:28:52.155, 4, 118023
2026/10/03 09:28:52.155, 5, 117673
2026/10/03 09:28:52.155, 6, 118465
2026/10/03 09:28:52.155, 7, 117781
2026/10/03 09:28:53.155, 0, 79912
2026/10/03 09:28:53.157, 1, 78630
2026/10/03 09:28:53.157, 2, 78646
2026/10/03 09:28:53.157, 3, 77914
2026/10/03 09:28:53.157, 4, 118023
2026/10/03 09:28:53.157, 5, 117673
2026/10/03 09:28:53.157, 6, 118465
2026/10/03 09:28:53.157, 7, 117781
2026/10/03 09:28:54.157, 0, 79912
2026/10/03 09:28:54.157, 1, 78630
2026/10/03 09:28:54.157, 2, 78646
2026/10/03 09:28:54.157, 3, 77914
2026/10/03 09:28:54.157, 4, 118023
2026/10/03 09:28:54.157, 5, 117673
2026/10/03 09:28:54.157, 6, 118465
2026/10/03 09:28:54.157, 7, 117781
2026/10/03 09:28:55.157, 0, 79912
2026/10/03 09:28:55.157, 1, 78630
2026/10/03 09:28:55.157, 2, 78646
2026/10/03 09:28:55.157, 3, 77914
2026/10/03 09:28:55.157, 4, 117999
2026/10/03 09:28:55.157, 5, 117617
2026/10/03 09:28:55.157, 6, 117999
2026/10/03 09:28:55.157, 7, 117759
2026/10/03 09:28:56.157, 0, 79912
2026/10/03 09:28:56.157, 1, 78630
2026/10/03 09:28:56.157, 2, 78646
2026/10/03 09:28:56.157, 3, 77914
2026/10/03 09:28:56.157, 4, 117999
2026/10/03 09:28:56.157, 5, 117617
2026/10/03 09:28:56.157, 6, 117999
2026/10/03 09:28:56.157, 7, 117759
2026/10/03 09:28:57.157, 0, 79912
2026/10/03 09:28:57.157, 1, 78630
2026/10/03 09:28:57.158, 2, 78646
2026/10/03 09:28:57.158, 3, 77914
2026/10/03 09:28:57.158, 4, 117999
2026/10/03 09:28:57.158, 5, 117617
2026/10/03 09:28:57.158, 6, 117999
2026/10/03 09:28:57.158, 7, 117759
2026/10/03 09:28:58.158, 0, 79912
2026/10/03 09:28:58.158, 1, 78630
2026/10/03 09:28:58.158, 2, 78646
2026/10/03 09:28:58.158, 3, 77914
2026/10/03 09:28:58.158, 4, 117999
2026/10/03 09:28:58.158, 5, 117617
2026/10/03 09:28:58.158, 6, 117999
2026/10/03 09:28:58.158, 7, 117759
2026/10/03 09:28:59.159, 0, 79912
2026/10/03 09:28:59.159, 1, 78630
2026/10/03 09:28:59.159, 2, 78646
2026/10/03 09:28:59.159, 3, 77914
2026/10/03 09:28:59.159, 4, 117999
2026/10/03 09:28:59.159, 5, 117617
2026/10/03 09:28:59.159, 6, 117999
2026/10/03 09:28:59.159, 7, 117759
2026/10/03 09:29:00.159, 0, 79912
2026/10/03 09:29:00.159, 1, 78630
2026/10/03 09:29:00.159, 2, 78646
2026/10/03 09:29:00.159, 3, 77914
2026/10/03 09:29:00.159, 4, 118195
2026/10/03 09:29:00.159, 5, 117935
2026/10/03 09:29:00.159, 6, 118021
2026/10/03 09:29:00.159, 7, 117931
2026/10/03 09:29:01.159, 0, 79912
2026/10/03 09:29:01.159, 1, 78630
2026/10/03 09:29:01.159, 2, 78646
2026/10/03 09:29:01.159, 3, 77914
2026/10/03 09:29:01.159, 4, 118535
2026/10/03 09:29:01.159, 5, 117967
2026/10/03 09:29:01.159, 6, 118021
2026/10/03 09:29:01.159, 7, 117931
2026/10/03 09:29:02.160, 0, 79912
2026/10/03 09:29:02.160, 1, 78630
2026/10/03 09:29:02.160, 2, 78646
2026/10/03 09:29:02.160, 3, 77914
2026/10/03 09:29:02.160, 4, 118535
2026/10/03 09:29:02.160, 5, 117967
2026/10/03 09:29:02.160, 6, 118021
2026/10/03 09:29:02.160, 7, 118039
2026/10/03 09:29:03.160, 0, 79912
2026/10/03 09:29:03.160, 1, 78630
2026/10/03 09:29:03.160, 2, 78646
2026/10/03 09:29:03.161, 3, 77914
2026/10/03 09:29:03.161, 4, 118535
2026/10/03 09:29:03.161, 5, 117967
2026/10/03 09:29:03.161, 6, 118021
2026/10/03 09:29:03.161, 7, 118039
2026/10/03 09:29:04.161, 0, 79912
2026/10/03 09:29:04.161, 1, 78630
2026/10/03 09:29:04.161, 2, 78646
2026/10/03 09:29:04.161, 3, 77914
2026/10/03 09:29:04.161, 4, 118535
2026/10/03 09:29:04.161, 5, 117967
2026/10/03 09:29:04.161, 6, 118021
2026/10/03 09:29:04.161, 7, 118039
2026/10/03 09:29:05.161, 0, 79912
2026/10/03 09:29:05.161, 1, 78630
2026/10/03 09:29:05.161, 2, 78646
2026/10/03 09:29:05.161, 3, 77914
2026/10/03 09:29:05.161, 4, 118535
2026/10/03 09:29:05.161, 5, 117967
2026/10/03 09:29:05.161, 6, 118023
2026/10/03 09:29:05.161, 7, 118039
2026/10/03 09:29:06.161, 0, 79912
2026/10/03 09:29:06.161, 1, 78630
2026/10/03 09:29:06.161, 2, 78646
2026/10/03 09:29:06.161, 3, 77914
2026/10/03 09:29:06.161, 4, 118535
2026/10/03 09:29:06.162, 5, 117967
2026/10/03 09:29:06.162, 6, 118023
2026/10/03 09:29:06.162, 7, 118039
2026/10/03 09:29:07.162, 0, 79912
2026/10/03 09:29:07.162, 1, 78630
2026/10/03 09:29:07.165, 2, 78646
2026/10/03 09:29:07.165, 3, 77914
2026/10/03 09:29:07.165, 4, 118535
2026/10/03 09:29:07.165, 5, 117967
2026/10/03 09:29:07.165, 6, 118023
2026/10/03 09:29:07.166, 7, 118039
2026/10/03 09:29:08.166, 0, 79912
2026/10/03 09:29:08.166, 1, 78630
2026/10/03 09:29:08.166, 2, 78646
2026/10/03 09:29:08.166, 3, 77914
2026/10/03 09:29:08.166, 4, 118535
2026/10/03 09:29:08.166, 5, 117967
2026/10/03 09:29:08.166, 6, 118023
2026/10/03 09:29:08.166, 7, 118039
2026/10/03 09:29:09.166, 0, 79912
2026/10/03 09:29:09.167, 1, 78630
2026/10/03 09:29:09.167, 2, 78646
2026/10/03 09:29:09.167, 3, 77914
2026/10/03 09:29:09.167, 4, 118535
2026/10/03 09:29:09.167, 5, 117967
2026/10/03 09:29:09.168, 6, 118023
2026/10/03 09:29:09.170, 7, 118039
2026/10/03 09:29:10.170, 0, 79912
2026/10/03 09:29:10.170, 1, 78630
2026/10/03 09:29:10.170, 2, 78646
2026/10/03 09:29:10.170, 3, 77914
2026/10/03 09:29:10.170, 4, 118535
2026/10/03 09:29:10.171, 5, 117967
2026/10/03 09:29:10.171, 6, 118023
2026/10/03 09:29:10.171, 7, 118039
2026/10/03 09:29:11.171, 0, 79912
2026/10/03 09:29:11.171, 1, 78630
2026/10/03 09:29:11.171, 2, 78646
2026/10/03 09:29:11.171, 3, 77914
2026/10/03 09:29:11.171, 4, 118535
2026/10/03 09:29:11.171, 5, 117967
2026/10/03 09:29:11.172, 6, 118023
2026/10/03 09:29:11.173, 7, 118039
2026/10/03 09:29:12.173, 0, 79912
2026/10/03 09:29:12.173, 1, 78630
2026/10/03 09:29:12.173, 2, 78646
2026/10/03 09:29:12.173, 3, 77914
2026/10/03 09:29:12.173, 4, 118535
2026/10/03 09:29:12.173, 5, 117967
2026/10/03 09:29:12.173, 6, 118023
2026/10/03 09:29:12.173, 7, 118039
2026/10/03 09:29:13.173, 0, 79912
2026/10/03 09:29:13.173, 1, 78630
2026/10/03 09:29:13.173, 2, 78646
2026/10/03 09:29:13.173, 3, 77914
2026/10/03 09:29:13.173, 4, 118535
2026/10/03 09:29:13.173, 5, 117967
2026/10/03 09:29:13.174, 6, 118023
2026/10/03 09:29:13.174, 7, 118039
2026/10/03 09:29:14.174, 0, 79912
2026/10/03 09:29:14.174, 1, 78630
2026/10/03 09:29:14.174, 2, 78646
2026/10/03 09:29:14.174, 3, 77914
2026/10/03 09:29:14.174, 4, 118535
2026/10/03 09:29:14.174, 5, 117967
2026/10/03 09:29:14.174, 6, 118327
2026/10/03 09:29:14.174, 7, 118039
2026/10/03 09:29:15.174, 0, 79912
2026/10/03 09:29:15.176, 1, 78630
2026/10/03 09:29:15.176, 2, 78646
2026/10/03 09:29:15.176, 3, 77914
2026/10/03 09:29:15.176, 4, 118535
2026/10/03 09:29:15.176, 5, 117967
2026/10/03 09:29:15.176, 6, 118327
2026/10/03 09:29:15.176, 7, 118039
2026/10/03 09:29:16.176, 0, 79912
2026/10/03 09:29:16.176, 1, 78630
2026/10/03 09:29:16.176, 2, 78646
2026/10/03 09:29:16.176, 3, 77914
2026/10/03 09:29:16.176, 4, 117999
2026/10/03 09:29:16.176, 5, 117617
2026/10/03 09:29:16.176, 6, 117999
2026/10/03 09:29:16.176, 7, 117759
2026/10/03 09:29:17.176, 0, 79912
2026/10/03 09:29:17.177, 1, 78630
2026/10/03 09:29:17.177, 2, 78646
2026/10/03 09:29:17.177, 3, 77914
2026/10/03 09:29:17.177, 4, 117999
2026/10/03 09:29:17.178, 5, 117617
2026/10/03 09:29:17.179, 6, 117999
2026/10/03 09:29:17.179, 7, 117759
2026/10/03 09:29:18.181, 0, 79912
2026/10/03 09:29:18.181, 1, 78630
2026/10/03 09:29:18.182, 2, 78646
2026/10/03 09:29:18.183, 3, 77914
2026/10/03 09:29:18.184, 4, 117999
2026/10/03 09:29:18.185, 5, 117617
2026/10/03 09:29:18.186, 6, 117999
2026/10/03 09:29:18.187, 7, 117759
2026/10/03 09:29:19.188, 0, 79912
2026/10/03 09:29:19.188, 1, 78630
2026/10/03 09:29:19.188, 2, 78646
2026/10/03 09:29:19.188, 3, 77914
2026/10/03 09:29:19.188, 4, 117999
2026/10/03 09:29:19.188, 5, 117617
2026/10/03 09:29:19.188, 6, 117999
2026/10/03 09:29:19.188, 7, 117759
2026/10/03 09:29:20.188, 0, 79912
2026/10/03 09:29:20.188, 1, 78630
2026/10/03 09:29:20.188, 2, 78646
2026/10/03 09:29:20.188, 3, 77914
2026/10/03 09:29:20.188, 4, 117999
2026/10/03 09:29:20.188, 5, 117617
2026/10/03 09:29:20.188, 6, 117999
2026/10/03 09:29:20.188, 7, 117759
2026/10/03 09:29:21.188, 0, 79912
2026/10/03 09:29:21.188, 1, 78630
2026/10/03 09:29:21.188, 2, 78646
2026/10/03 09:29:21.188, 3, 77914
2026/10/03 09:29:21.188, 4, 117999
2026/10/03 09:29:21.188, 5, 117617
2026/10/03 09:29:21.188, 6, 117999
2026/10/03 09:29:21.189, 7, 117759
2026/10/03 09:29:22.189, 0, 29662
2026/10/03 09:29:22.189, 1, 28350
2026/10/03 09:29:22.189, 2, 74708
2026/10/03 09:29:22.189, 3, 27654
2026/10/03 09:29:22.190, 4, 117999
2026/10/03 09:29:22.190, 5, 117617
2026/10/03 09:29:22.190, 6, 117999
2026/10/03 09:29:22.190, 7, 117759
2026/10/03 09:29:23.190, 0, 29662
2026/10/03 09:29:23.190, 1, 28350
2026/10/03 09:29:23.190, 2, 28392
2026/10/03 09:29:23.190, 3, 27654
2026/10/03 09:29:23.190, 4, 117999
2026/10/03 09:29:23.190, 5, 117617
2026/10/03 09:29:23.190, 6, 117999
2026/10/03 09:29:23.190, 7, 117759
2026/10/03 09:29:24.191, 0, 29662
2026/10/03 09:29:24.191, 1, 28350
2026/10/03 09:29:24.191, 2, 28392
2026/10/03 09:29:24.191, 3, 27654
2026/10/03 09:29:24.191, 4, 117999
2026/10/03 09:29:24.191, 5, 117617
2026/10/03 09:29:24.191, 6, 117999
2026/10/03 09:29:24.191, 7, 117759
2026/10/03 09:29:25.191, 0, 29662
2026/10/03 09:29:25.191, 1, 28350
2026/10/03 09:29:25.191, 2, 28392
2026/10/03 09:29:25.191, 3, 27654
2026/10/03 09:29:25.191, 4, 117999
2026/10/03 09:29:25.191, 5, 117617
2026/10/03 09:29:25.191, 6, 117999
2026/10/03 09:29:25.191, 7, 117759
2026/10/03 09:29:26.191, 0, 29662
2026/10/03 09:29:26.191, 1, 28350
2026/10/03 09:29:26.191, 2, 28392
2026/10/03 09:29:26.191, 3, 27654
2026/10/03 09:29:26.191, 4, 118023
2026/10/03 09:29:26.191, 5, 117641
2026/10/03 09:29:26.191, 6, 118023
2026/10/03 09:29:26.191, 7, 117783
2026/10/03 09:29:27.191, 0, 29662
2026/10/03 09:29:27.193, 1, 28350
2026/10/03 09:29:27.193, 2, 28392
2026/10/03 09:29:27.193, 3, 27654
2026/10/03 09:29:27.193, 4, 118451
2026/10/03 09:29:27.194, 5, 117933
2026/10/03 09:29:27.194, 6, 118449
2026/10/03 09:29:27.194, 7, 118335
2026/10/03 09:29:28.194, 0, 29662
2026/10/03 09:29:28.194, 1, 28350
2026/10/03 09:29:28.194, 2, 28392
2026/10/03 09:29:28.194, 3, 27654
2026/10/03 09:29:28.194, 4, 118701
2026/10/03 09:29:28.194, 5, 118235
2026/10/03 09:29:28.194, 6, 118599
2026/10/03 09:29:28.194, 7, 118471
2026/10/03 09:29:29.194, 0, 29662
2026/10/03 09:29:29.195, 1, 28350
2026/10/03 09:29:29.195, 2, 28392
2026/10/03 09:29:29.195, 3, 27654
2026/10/03 09:29:29.196, 4, 118701
2026/10/03 09:29:29.197, 5, 118235
2026/10/03 09:29:29.197, 6, 118599
2026/10/03 09:29:29.197, 7, 118471
2026/10/03 09:29:30.197, 0, 29662
2026/10/03 09:29:30.197, 1, 28350
2026/10/03 09:29:30.197, 2, 28392
2026/10/03 09:29:30.197, 3, 27654
2026/10/03 09:29:30.197, 4, 118701
2026/10/03 09:29:30.197, 5, 118235
2026/10/03 09:29:30.197, 6, 118599
2026/10/03 09:29:30.197, 7, 118471
2026/10/03 09:29:31.197, 0, 29662
2026/10/03 09:29:31.197, 1, 28350
2026/10/03 09:29:31.197, 2, 28392
2026/10/03 09:29:31.197, 3, 27654
2026/10/03 09:29:31.197, 4, 118701
2026/10/03 09:29:31.198, 5, 118235
2026/10/03 09:29:31.198, 6, 118599
2026/10/03 09:29:31.198, 7, 118471
2026/10/03 09:29:32.198, 0, 29662
2026/10/03 09:29:32.198, 1, 28350
2026/10/03 09:29:32.199, 2, 28392
2026/10/03 09:29:32.199, 3, 27654
2026/10/03 09:29:32.199, 4, 118701
2026/10/03 09:29:32.199, 5, 118235
2026/10/03 09:29:32.199, 6, 118599
2026/10/03 09:29:32.199, 7, 118471
2026/10/03 09:29:33.199, 0, 29662
2026/10/03 09:29:33.199, 1, 28350
2026/10/03 09:29:33.199, 2, 28392
2026/10/03 09:29:33.199, 3, 27654
2026/10/03 09:29:33.199, 4, 118701
2026/10/03 09:29:33.199, 5, 118235
2026/10/03 09:29:33.199, 6, 118599
2026/10/03 09:29:33.199, 7, 118471
2026/10/03 09:29:34.199, 0, 29662
2026/10/03 09:29:34.199, 1, 28350
2026/10/03 09:29:34.199, 2, 28392
2026/10/03 09:29:34.199, 3, 27654
2026/10/03 09:29:34.199, 4, 118701
2026/10/03 09:29:34.199, 5, 118235
2026/10/03 09:29:34.199, 6, 118599
2026/10/03 09:29:34.199, 7, 118471
2026/10/03 09:29:35.199, 0, 29662
2026/10/03 09:29:35.200, 1, 28350
2026/10/03 09:29:35.200, 2, 28392
2026/10/03 09:29:35.200, 3, 27654
2026/10/03 09:29:35.200, 4, 118701
2026/10/03 09:29:35.200, 5, 118235
2026/10/03 09:29:35.201, 6, 118599
2026/10/03 09:29:35.201, 7, 118471
2026/10/03 09:29:36.204, 0, 29662
2026/10/03 09:29:36.204, 1, 28350
2026/10/03 09:29:36.204, 2, 28392
2026/10/03 09:29:36.204, 3, 27654
2026/10/03 09:29:36.204, 4, 118701
2026/10/03 09:29:36.204, 5, 118235
2026/10/03 09:29:36.204, 6, 118599
2026/10/03 09:29:36.204, 7, 118471
2026/10/03 09:29:37.204, 0, 29662
2026/10/03 09:29:37.204, 1, 28350
2026/10/03 09:29:37.205, 2, 28392
2026/10/03 09:29:37.205, 3, 27654
2026/10/03 09:29:37.206, 4, 118701
2026/10/03 09:29:37.206, 5, 118235
2026/10/03 09:29:37.206, 6, 118599
2026/10/03 09:29:37.206, 7, 118471
2026/10/03 09:29:38.206, 0, 29662
2026/10/03 09:29:38.206, 1, 28350
2026/10/03 09:29:38.206, 2, 28392
2026/10/03 09:29:38.206, 3, 27654
2026/10/03 09:29:38.206, 4, 118701
2026/10/03 09:29:38.206, 5, 118235
2026/10/03 09:29:38.206, 6, 118599
2026/10/03 09:29:38.206, 7, 118471
2026/10/03 09:29:39.206, 0, 29662
2026/10/03 09:29:39.206, 1, 28350
2026/10/03 09:29:39.206, 2, 28392
2026/10/03 09:29:39.206, 3, 27654
2026/10/03 09:29:39.206, 4, 118701
2026/10/03 09:29:39.206, 5, 118235
2026/10/03 09:29:39.206, 6, 118599
2026/10/03 09:29:39.206, 7, 118471
2026/10/03 09:29:40.207, 0, 29662
2026/10/03 09:29:40.207, 1, 28350
2026/10/03 09:29:40.207, 2, 28392
2026/10/03 09:29:40.207, 3, 27654
2026/10/03 09:29:40.207, 4, 118701
2026/10/03 09:29:40.207, 5, 118235
2026/10/03 09:29:40.207, 6, 118599
2026/10/03 09:29:40.207, 7, 118471
2026/10/03 09:29:41.207, 0, 29662
2026/10/03 09:29:41.207, 1, 28350
2026/10/03 09:29:41.207, 2, 28392
2026/10/03 09:29:41.207, 3, 27654
2026/10/03 09:29:41.207, 4, 118701
2026/10/03 09:29:41.207, 5, 118235
2026/10/03 09:29:41.207, 6, 118599
2026/10/03 09:29:41.207, 7, 118471
2026/10/03 09:29:42.207, 0, 29662
2026/10/03 09:29:42.208, 1, 28350
2026/10/03 09:29:42.209, 2, 28392
2026/10/03 09:29:42.210, 3, 27654
2026/10/03 09:29:42.211, 4, 118701
2026/10/03 09:29:42.212, 5, 118235
2026/10/03 09:29:42.214, 6, 118599
2026/10/03 09:29:42.215, 7, 118471
2026/10/03 09:29:43.217, 0, 29662
2026/10/03 09:29:43.217, 1, 28350
2026/10/03 09:29:43.217, 2, 28392
2026/10/03 09:29:43.217, 3, 27654
2026/10/03 09:29:43.217, 4, 118701
2026/10/03 09:29:43.217, 5, 118235
2026/10/03 09:29:43.217, 6, 118599
2026/10/03 09:29:43.243, 7, 118471
2026/10/03 09:29:44.243, 0, 29662
2026/10/03 09:29:44.243, 1, 28350
2026/10/03 09:29:44.243, 2, 28392
2026/10/03 09:29:44.244, 3, 27654
2026/10/03 09:29:44.244, 4, 118701
2026/10/03 09:29:44.244, 5, 118235
2026/10/03 09:29:44.244, 6, 118599
2026/10/03 09:29:44.244, 7, 118471
2026/10/03 09:29:45.244, 0, 29662
2026/10/03 09:29:45.244, 1, 28350
2026/10/03 09:29:45.244, 2, 28392
2026/10/03 09:29:45.244, 3, 27654
2026/10/03 09:29:45.244, 4, 118701
2026/10/03 09:29:45.244, 5, 118235
2026/10/03 09:29:45.244, 6, 118599
2026/10/03 09:29:45.245, 7, 118471
2026/10/03 09:29:46.245, 0, 29662
2026/10/03 09:29:46.245, 1, 28350
2026/10/03 09:29:46.245, 2, 28392
2026/10/03 09:29:46.245, 3, 27654
2026/10/03 09:29:46.245, 4, 118701
2026/10/03 09:29:46.245, 5, 118235
2026/10/03 09:29:46.245, 6, 118599
2026/10/03 09:29:46.245, 7, 118471
2026/10/03 09:29:47.245, 0, 29662
2026/10/03 09:29:47.246, 1, 28350
2026/10/03 09:29:47.247, 2, 28392
2026/10/03 09:29:47.247, 3, 27654
2026/10/03 09:29:47.249, 4, 118701
2026/10/03 09:29:47.249, 5, 118235
2026/10/03 09:29:47.249, 6, 118599
2026/10/03 09:29:47.249, 7, 118471
2026/10/03 09:29:48.249, 0, 29662
2026/10/03 09:29:48.281, 1, 28350
2026/10/03 09:29:48.283, 2, 28392
2026/10/03 09:29:48.284, 3, 27654
2026/10/03 09:29:48.285, 4, 118701
2026/10/03 09:29:48.286, 5, 118235
2026/10/03 09:29:48.286, 6, 118599
2026/10/03 09:29:48.295, 7, 118471
2026/10/03 09:29:49.296, 0, 29662
2026/10/03 09:29:49.296, 1, 28350
2026/10/03 09:29:49.296, 2, 28392
2026/10/03 09:29:49.296, 3, 27654
2026/10/03 09:29:49.296, 4, 118701
2026/10/03 09:29:49.296, 5, 118235
2026/10/03 09:29:49.296, 6, 118599
2026/10/03 09:29:49.296, 7, 118471
2026/10/03 09:29:50.296, 0, 29662
2026/10/03 09:29:50.297, 1, 28350
2026/10/03 09:29:50.297, 2, 28392
2026/10/03 09:29:50.297, 3, 27654
2026/10/03 09:29:50.297, 4, 118701
2026/10/03 09:29:50.297, 5, 118235
2026/10/03 09:29:50.297, 6, 118599
2026/10/03 09:29:50.297, 7, 118471
2026/10/03 09:29:51.298, 0, 29662
2026/10/03 09:29:51.298, 1, 28350
2026/10/03 09:29:51.298, 2, 28392
2026/10/03 09:29:51.298, 3, 27654
2026/10/03 09:29:51.298, 4, 118701
2026/10/03 09:29:51.298, 5, 118235
2026/10/03 09:29:51.298, 6, 118599
2026/10/03 09:29:51.298, 7, 118471
2026/10/03 09:29:52.298, 0, 29662
2026/10/03 09:29:52.300, 1, 28350
2026/10/03 09:29:52.300, 2, 28392
2026/10/03 09:29:52.301, 3, 27654
2026/10/03 09:29:52.302, 4, 118701
2026/10/03 09:29:52.304, 5, 118235
2026/10/03 09:29:52.305, 6, 118599
2026/10/03 09:29:52.306, 7, 118471
2026/10/03 09:29:53.308, 0, 29662
2026/10/03 09:29:53.308, 1, 28350
2026/10/03 09:29:53.308, 2, 28392
2026/10/03 09:29:53.308, 3, 27654
2026/10/03 09:29:53.308, 4, 118701
2026/10/03 09:29:53.308, 5, 118235
2026/10/03 09:29:53.308, 6, 118599
2026/10/03 09:29:53.308, 7, 118471
2026/10/03 09:29:54.308, 0, 29662
2026/10/03 09:29:54.308, 1, 28350
2026/10/03 09:29:54.308, 2, 28392
2026/10/03 09:29:54.308, 3, 27654
2026/10/03 09:29:54.308, 4, 118701
2026/10/03 09:29:54.308, 5, 118235
2026/10/03 09:29:54.308, 6, 118599
2026/10/03 09:29:54.308, 7, 118471
2026/10/03 09:29:55.308, 0, 29662
2026/10/03 09:29:55.308, 1, 28350
2026/10/03 09:29:55.308, 2, 28392
2026/10/03 09:29:55.308, 3, 27654
2026/10/03 09:29:55.308, 4, 118701
2026/10/03 09:29:55.308, 5, 118235
2026/10/03 09:29:55.308, 6, 118599
2026/10/03 09:29:55.308, 7, 118471
2026/10/03 09:29:56.309, 0, 29662
2026/10/03 09:29:56.309, 1, 28350
2026/10/03 09:29:56.309, 2, 28392
2026/10/03 09:29:56.309, 3, 27654
2026/10/03 09:29:56.309, 4, 118701
2026/10/03 09:29:56.309, 5, 118235
2026/10/03 09:29:56.309, 6, 118599
2026/10/03 09:29:56.309, 7, 118471
2026/10/03 09:29:57.309, 0, 29662
2026/10/03 09:29:57.309, 1, 28350
2026/10/03 09:29:57.310, 2, 28392
2026/10/03 09:29:57.311, 3, 27654
2026/10/03 09:29:57.312, 4, 118701
2026/10/03 09:29:57.313, 5, 118235
2026/10/03 09:29:57.314, 6, 118599
2026/10/03 09:29:57.316, 7, 118471
2026/10/03 09:29:58.317, 0, 29662
2026/10/03 09:29:58.317, 1, 28350
2026/10/03 09:29:58.317, 2, 28392
2026/10/03 09:29:58.317, 3, 27654
2026/10/03 09:29:58.317, 4, 118701
2026/10/03 09:29:58.317, 5, 118235
2026/10/03 09:29:58.317, 6, 118599
2026/10/03 09:29:58.317, 7, 118471
2026/10/03 09:29:59.318, 0, 29662
2026/10/03 09:29:59.318, 1, 28350
2026/10/03 09:29:59.318, 2, 28392
2026/10/03 09:29:59.318, 3, 27654
2026/10/03 09:29:59.318, 4, 118701
2026/10/03 09:29:59.318, 5, 118235
2026/10/03 09:29:59.318, 6, 118599
2026/10/03 09:29:59.318, 7, 118471
2026/10/03 09:30:00.318, 0, 29662
2026/10/03 09:30:00.318, 1, 28350
2026/10/03 09:30:00.318, 2, 28392
2026/10/03 09:30:00.318, 3, 27654
2026/10/03 09:30:00.318, 4, 118701
2026/10/03 09:30:00.318, 5, 118235
2026/10/03 09:30:00.318, 6, 118599
2026/10/03 09:30:00.318, 7, 118471
2026/10/03 09:30:01.318, 0, 29662
2026/10/03 09:30:01.318, 1, 28350
2026/10/03 09:30:01.318, 2, 28392
2026/10/03 09:30:01.318, 3, 27654
2026/10/03 09:30:01.318, 4, 118701
2026/10/03 09:30:01.318, 5, 118235
2026/10/03 09:30:01.318, 6, 118599
2026/10/03 09:30:01.318, 7, 118471
2026/10/03 09:30:02.318, 0, 29662
2026/10/03 09:30:02.318, 1, 28350
2026/10/03 09:30:02.318, 2, 28392
2026/10/03 09:30:02.318, 3, 27654
2026/10/03 09:30:02.318, 4, 118701
2026/10/03 09:30:02.318, 5, 118235
2026/10/03 09:30:02.318, 6, 118599
2026/10/03 09:30:02.318, 7, 118471
2026/10/03 09:30:03.318, 0, 29662
2026/10/03 09:30:03.319, 1, 28350
2026/10/03 09:30:03.319, 2, 28392
2026/10/03 09:30:03.319, 3, 27654
2026/10/03 09:30:03.319, 4, 118701
2026/10/03 09:30:03.319, 5, 118235
2026/10/03 09:30:03.319, 6, 118599
2026/10/03 09:30:03.319, 7, 118471
2026/10/03 09:30:04.319, 0, 29662
2026/10/03 09:30:04.319, 1, 28350
2026/10/03 09:30:04.319, 2, 28392
2026/10/03 09:30:04.319, 3, 27654
2026/10/03 09:30:04.319, 4, 118703
2026/10/03 09:30:04.319, 5, 118237
2026/10/03 09:30:04.347, 6, 118601
2026/10/03 09:30:04.347, 7, 118473
2026/10/03 09:30:05.347, 0, 29662
2026/10/03 09:30:05.347, 1, 28350
2026/10/03 09:30:05.347, 2, 28392
2026/10/03 09:30:05.347, 3, 27654
2026/10/03 09:30:05.347, 4, 118703
2026/10/03 09:30:05.347, 5, 118237
2026/10/03 09:30:05.347, 6, 118601
2026/10/03 09:30:05.347, 7, 118473
2026/10/03 09:30:06.347, 0, 29662
2026/10/03 09:30:06.347, 1, 28350
2026/10/03 09:30:06.347, 2, 28392
2026/10/03 09:30:06.347, 3, 27654
2026/10/03 09:30:06.347, 4, 118703
2026/10/03 09:30:06.347, 5, 118237
2026/10/03 09:30:06.347, 6, 118601
2026/10/03 09:30:06.347, 7, 118473
2026/10/03 09:30:07.347, 0, 29662
2026/10/03 09:30:07.348, 1, 28350
2026/10/03 09:30:07.348, 2, 28392
2026/10/03 09:30:07.349, 3, 27654
2026/10/03 09:30:07.351, 4, 118703
2026/10/03 09:30:07.352, 5, 118237
2026/10/03 09:30:07.352, 6, 118601
2026/10/03 09:30:07.352, 7, 118473
2026/10/03 09:30:08.353, 0, 29662
2026/10/03 09:30:08.353, 1, 28350
2026/10/03 09:30:08.353, 2, 28392
2026/10/03 09:30:08.353, 3, 27654
2026/10/03 09:30:08.353, 4, 118703
2026/10/03 09:30:08.353, 5, 118237
2026/10/03 09:30:08.353, 6, 118601
2026/10/03 09:30:08.353, 7, 118473
2026/10/03 09:30:09.353, 0, 29662
2026/10/03 09:30:09.354, 1, 28350
2026/10/03 09:30:09.354, 2, 28392
2026/10/03 09:30:09.354, 3, 27654
2026/10/03 09:30:09.354, 4, 118703
2026/10/03 09:30:09.354, 5, 118237
2026/10/03 09:30:09.354, 6, 118601
2026/10/03 09:30:09.354, 7, 118473
2026/10/03 09:30:10.354, 0, 29662
2026/10/03 09:30:10.355, 1, 28350
2026/10/03 09:30:10.355, 2, 28392
2026/10/03 09:30:10.355, 3, 27654
2026/10/03 09:30:10.355, 4, 118703
2026/10/03 09:30:10.355, 5, 118237
2026/10/03 09:30:10.355, 6, 118601
2026/10/03 09:30:10.355, 7, 118473
2026/10/03 09:30:11.355, 0, 29662
2026/10/03 09:30:11.355, 1, 28350
2026/10/03 09:30:11.355, 2, 28392
2026/10/03 09:30:11.355, 3, 27654
2026/10/03 09:30:11.355, 4, 118703
2026/10/03 09:30:11.355, 5, 118237
2026/10/03 09:30:11.355, 6, 118601
2026/10/03 09:30:11.355, 7, 118473
2026/10/03 09:30:12.355, 0, 29662
2026/10/03 09:30:12.356, 1, 28350
2026/10/03 09:30:12.356, 2, 28392
2026/10/03 09:30:12.356, 3, 27654
2026/10/03 09:30:12.356, 4, 118703
2026/10/03 09:30:12.357, 5, 118237
2026/10/03 09:30:12.358, 6, 118601
2026/10/03 09:30:12.358, 7, 118473
2026/10/03 09:30:13.358, 0, 29662
2026/10/03 09:30:13.358, 1, 28350
2026/10/03 09:30:13.358, 2, 28392
2026/10/03 09:30:13.358, 3, 27654
2026/10/03 09:30:13.358, 4, 118703
2026/10/03 09:30:13.358, 5, 118237
2026/10/03 09:30:13.358, 6, 118601
2026/10/03 09:30:13.358, 7, 118473
2026/10/03 09:30:14.358, 0, 29662
2026/10/03 09:30:14.358, 1, 28350
2026/10/03 09:30:14.358, 2, 28392
2026/10/03 09:30:14.358, 3, 27654
2026/10/03 09:30:14.358, 4, 118703
2026/10/03 09:30:14.358, 5, 118237
2026/10/03 09:30:14.358, 6, 118601
2026/10/03 09:30:14.358, 7, 118473
2026/10/03 09:30:15.358, 0, 29662
2026/10/03 09:30:15.358, 1, 28350
2026/10/03 09:30:15.358, 2, 28392
2026/10/03 09:30:15.358, 3, 27654
2026/10/03 09:30:15.358, 4, 118703
2026/10/03 09:30:15.358, 5, 118237
2026/10/03 09:30:15.358, 6, 118601
2026/10/03 09:30:15.358, 7, 118473
2026/10/03 09:30:16.358, 0, 29662
2026/10/03 09:30:16.359, 1, 28350
2026/10/03 09:30:16.359, 2, 28392
2026/10/03 09:30:16.359, 3, 27654
2026/10/03 09:30:16.359, 4, 118703
2026/10/03 09:30:16.359, 5, 118237
2026/10/03 09:30:16.359, 6, 118601
2026/10/03 09:30:16.359, 7, 118473
2026/10/03 09:30:17.359, 0, 29662
2026/10/03 09:30:17.359, 1, 28350
2026/10/03 09:30:17.360, 2, 28392
2026/10/03 09:30:17.362, 3, 27654
2026/10/03 09:30:17.363, 4, 118703
2026/10/03 09:30:17.366, 5, 118237
2026/10/03 09:30:17.366, 6, 118601
2026/10/03 09:30:17.367, 7, 118473
2026/10/03 09:30:18.370, 0, 29662
2026/10/03 09:30:18.371, 1, 28350
2026/10/03 09:30:18.372, 2, 28392
2026/10/03 09:30:18.373, 3, 27654
2026/10/03 09:30:18.375, 4, 118703
2026/10/03 09:30:18.376, 5, 118237
2026/10/03 09:30:18.376, 6, 118601
2026/10/03 09:30:18.379, 7, 118473
2026/10/03 09:30:19.380, 0, 29662
2026/10/03 09:30:19.380, 1, 28350
2026/10/03 09:30:19.380, 2, 28392
2026/10/03 09:30:19.380, 3, 27654
2026/10/03 09:30:19.380, 4, 118703
2026/10/03 09:30:19.380, 5, 118237
2026/10/03 09:30:19.381, 6, 118601
2026/10/03 09:30:19.381, 7, 118473
2026/10/03 09:30:20.381, 0, 29662
2026/10/03 09:30:20.381, 1, 28350
2026/10/03 09:30:20.381, 2, 28392
2026/10/03 09:30:20.381, 3, 27654
2026/10/03 09:30:20.381, 4, 118703
2026/10/03 09:30:20.381, 5, 118237
2026/10/03 09:30:20.381, 6, 118601
2026/10/03 09:30:20.381, 7, 118473
2026/10/03 09:30:21.381, 0, 29662
2026/10/03 09:30:21.381, 1, 28350
2026/10/03 09:30:21.381, 2, 28392
2026/10/03 09:30:21.381, 3, 27654
2026/10/03 09:30:21.381, 4, 118703
2026/10/03 09:30:21.381, 5, 118237
2026/10/03 09:30:21.381, 6, 118601
2026/10/03 09:30:21.381, 7, 118473
2026/10/03 09:30:22.381, 0, 29662
2026/10/03 09:30:22.382, 1, 28350
2026/10/03 09:30:22.383, 2, 28392
2026/10/03 09:30:22.385, 3, 27654
2026/10/03 09:30:22.386, 4, 118703
2026/10/03 09:30:22.388, 5, 118237
2026/10/03 09:30:22.388, 6, 118601
2026/10/03 09:30:22.388, 7, 118473
2026/10/03 09:30:23.388, 0, 29662
2026/10/03 09:30:23.388, 1, 28350
2026/10/03 09:30:23.388, 2, 28392
2026/10/03 09:30:23.388, 3, 27654
2026/10/03 09:30:23.388, 4, 118703
2026/10/03 09:30:23.388, 5, 118237
2026/10/03 09:30:23.388, 6, 118601
2026/10/03 09:30:23.388, 7, 118473
2026/10/03 09:30:24.388, 0, 29662
2026/10/03 09:30:24.388, 1, 28350
2026/10/03 09:30:24.389, 2, 28392
2026/10/03 09:30:24.389, 3, 27654
2026/10/03 09:30:24.389, 4, 118703
2026/10/03 09:30:24.389, 5, 118237
2026/10/03 09:30:24.389, 6, 118601
2026/10/03 09:30:24.389, 7, 118473
2026/10/03 09:30:25.389, 0, 29662
2026/10/03 09:30:25.389, 1, 28350
2026/10/03 09:30:25.389, 2, 28392
2026/10/03 09:30:25.389, 3, 27654
2026/10/03 09:30:25.389, 4, 118703
2026/10/03 09:30:25.389, 5, 118237
2026/10/03 09:30:25.389, 6, 118601
2026/10/03 09:30:25.389, 7, 118473
2026/10/03 09:30:26.389, 0, 29662
2026/10/03 09:30:26.389, 1, 28350
2026/10/03 09:30:26.389, 2, 28392
2026/10/03 09:30:26.389, 3, 27654
2026/10/03 09:30:26.389, 4, 118703
2026/10/03 09:30:26.389, 5, 118237
2026/10/03 09:30:26.389, 6, 118601
2026/10/03 09:30:26.389, 7, 118473
2026/10/03 09:30:27.389, 0, 29662
2026/10/03 09:30:27.389, 1, 28350
2026/10/03 09:30:27.389, 2, 28392
2026/10/03 09:30:27.389, 3, 27654
2026/10/03 09:30:27.389, 4, 118703
2026/10/03 09:30:27.389, 5, 118237
2026/10/03 09:30:27.389, 6, 118601
2026/10/03 09:30:27.389, 7, 118473
2026/10/03 09:30:28.389, 0, 29662
2026/10/03 09:30:28.389, 1, 28350
2026/10/03 09:30:28.389, 2, 28392
2026/10/03 09:30:28.390, 3, 27654
2026/10/03 09:30:28.390, 4, 118703
2026/10/03 09:30:28.390, 5, 118237
2026/10/03 09:30:28.391, 6, 118601
2026/10/03 09:30:28.391, 7, 118473
2026/10/03 09:30:29.392, 0, 29662
2026/10/03 09:30:29.392, 1, 28350
2026/10/03 09:30:29.392, 2, 28392
2026/10/03 09:30:29.392, 3, 27654
2026/10/03 09:30:29.392, 4, 118703
2026/10/03 09:30:29.392, 5, 118237
2026/10/03 09:30:29.392, 6, 118601
2026/10/03 09:30:29.392, 7, 118473
2026/10/03 09:30:30.392, 0, 29662
2026/10/03 09:30:30.392, 1, 28350
2026/10/03 09:30:30.392, 2, 28392
2026/10/03 09:30:30.392, 3, 27654
2026/10/03 09:30:30.392, 4, 118703
2026/10/03 09:30:30.392, 5, 118237
2026/10/03 09:30:30.392, 6, 118601
2026/10/03 09:30:30.392, 7, 118473
2026/10/03 09:30:31.392, 0, 29662
2026/10/03 09:30:31.394, 1, 28350
2026/10/03 09:30:31.394, 2, 28392
2026/10/03 09:30:31.396, 3, 27654
2026/10/03 09:30:31.397, 4, 118703
2026/10/03 09:30:31.399, 5, 118237
2026/10/03 09:30:31.400, 6, 118601
2026/10/03 09:30:31.402, 7, 118473
2026/10/03 09:30:32.403, 0, 29662
2026/10/03 09:30:32.403, 1, 28350
2026/10/03 09:30:32.403, 2, 28392
2026/10/03 09:30:32.403, 3, 27654
2026/10/03 09:30:32.403, 4, 118703
2026/10/03 09:30:32.403, 5, 118237
2026/10/03 09:30:32.403, 6, 118601
2026/10/03 09:30:32.403, 7, 118473
2026/10/03 09:30:33.403, 0, 29662
2026/10/03 09:30:33.403, 1, 28350
2026/10/03 09:30:33.403, 2, 28392
2026/10/03 09:30:33.403, 3, 27654
2026/10/03 09:30:33.404, 4, 118703
2026/10/03 09:30:33.404, 5, 118237
2026/10/03 09:30:33.404, 6, 118601
2026/10/03 09:30:33.404, 7, 118473
2026/10/03 09:30:34.404, 0, 29662
2026/10/03 09:30:34.404, 1, 28350
2026/10/03 09:30:34.404, 2, 28392
2026/10/03 09:30:34.404, 3, 27654
2026/10/03 09:30:34.404, 4, 118703
2026/10/03 09:30:34.404, 5, 118237
2026/10/03 09:30:34.404, 6, 118601
2026/10/03 09:30:34.404, 7, 118473
2026/10/03 09:30:35.404, 0, 29662
2026/10/03 09:30:35.404, 1, 28350
2026/10/03 09:30:35.404, 2, 28392
2026/10/03 09:30:35.404, 3, 27654
2026/10/03 09:30:35.404, 4, 118703
2026/10/03 09:30:35.404, 5, 118237
2026/10/03 09:30:35.404, 6, 118601
2026/10/03 09:30:35.404, 7, 118473
2026/10/03 09:30:36.404, 0, 29662
2026/10/03 09:30:36.404, 1, 28350
2026/10/03 09:30:36.404, 2, 28392
2026/10/03 09:30:36.404, 3, 27654
2026/10/03 09:30:36.404, 4, 118703
2026/10/03 09:30:36.404, 5, 118237
2026/10/03 09:30:36.404, 6, 118601
2026/10/03 09:30:36.404, 7, 118473
2026/10/03 09:30:37.404, 0, 29662
2026/10/03 09:30:37.404, 1, 28350
2026/10/03 09:30:37.405, 2, 28392
2026/10/03 09:30:37.405, 3, 27654
2026/10/03 09:30:37.405, 4, 118703
2026/10/03 09:30:37.405, 5, 118237
2026/10/03 09:30:37.405, 6, 118601
2026/10/03 09:30:37.405, 7, 118473
2026/10/03 09:30:38.406, 0, 29662
2026/10/03 09:30:38.407, 1, 28350
2026/10/03 09:30:38.411, 2, 28392
2026/10/03 09:30:38.412, 3, 27654
2026/10/03 09:30:38.416, 4, 118721
2026/10/03 09:30:38.432, 5, 118255
2026/10/03 09:30:38.450, 6, 118619
2026/10/03 09:30:38.459, 7, 118491
2026/10/03 09:30:39.459, 0, 45124
2026/10/03 09:30:39.459, 1, 43858
2026/10/03 09:30:39.459, 2, 43934
2026/10/03 09:30:39.459, 3, 43118
2026/10/03 09:30:39.459, 4, 119317
2026/10/03 09:30:39.459, 5, 118851
2026/10/03 09:30:39.459, 6, 119395
2026/10/03 09:30:39.459, 7, 119087
2026/10/03 09:30:40.459, 0, 51060
2026/10/03 09:30:40.460, 1, 49788
2026/10/03 09:30:40.460, 2, 49870
2026/10/03 09:30:40.460, 3, 49054
2026/10/03 09:30:40.460, 4, 119317
2026/10/03 09:30:40.460, 5, 118851
2026/10/03 09:30:40.460, 6, 119395
2026/10/03 09:30:40.460, 7, 119087
2026/10/03 09:30:41.460, 0, 51060
2026/10/03 09:30:41.460, 1, 49788
2026/10/03 09:30:41.460, 2, 49870
2026/10/03 09:30:41.460, 3, 49054
2026/10/03 09:30:41.460, 4, 119317
2026/10/03 09:30:41.460, 5, 118851
2026/10/03 09:30:41.460, 6, 119395
2026/10/03 09:30:41.460, 7, 119087
2026/10/03 09:30:42.460, 0, 51060
2026/10/03 09:30:42.460, 1, 49788
2026/10/03 09:30:42.460, 2, 49870
2026/10/03 09:30:42.460, 3, 49054
2026/10/03 09:30:42.460, 4, 119317
2026/10/03 09:30:42.460, 5, 118851
2026/10/03 09:30:42.460, 6, 119395
2026/10/03 09:30:42.460, 7, 119087
2026/10/03 09:30:43.460, 0, 79760
2026/10/03 09:30:43.460, 1, 78518
2026/10/03 09:30:43.460, 2, 78602
2026/10/03 09:30:43.460, 3, 77718
2026/10/03 09:30:43.460, 4, 119317
2026/10/03 09:30:43.460, 5, 118851
2026/10/03 09:30:43.460, 6, 119395
2026/10/03 09:30:43.460, 7, 119087
2026/10/03 09:30:44.460, 0, 79760
2026/10/03 09:30:44.461, 1, 78518
2026/10/03 09:30:44.461, 2, 78602
2026/10/03 09:30:44.461, 3, 77718
2026/10/03 09:30:44.461, 4, 119317
2026/10/03 09:30:44.461, 5, 118851
2026/10/03 09:30:44.461, 6, 119395
2026/10/03 09:30:44.461, 7, 119087
2026/10/03 09:30:45.461, 0, 79760
2026/10/03 09:30:45.461, 1, 78528
2026/10/03 09:30:45.461, 2, 78604
2026/10/03 09:30:45.461, 3, 77726
2026/10/03 09:30:45.461, 4, 119317
2026/10/03 09:30:45.461, 5, 118851
2026/10/03 09:30:45.461, 6, 119395
2026/10/03 09:30:45.461, 7, 119087
2026/10/03 09:30:46.461, 0, 79760
2026/10/03 09:30:46.461, 1, 78528
2026/10/03 09:30:46.461, 2, 78604
2026/10/03 09:30:46.461, 3, 77732
2026/10/03 09:30:46.461, 4, 119317
2026/10/03 09:30:46.461, 5, 118851
2026/10/03 09:30:46.461, 6, 119395
2026/10/03 09:30:46.461, 7, 119087
2026/10/03 09:30:47.461, 0, 79762
2026/10/03 09:30:47.469, 1, 78528
2026/10/03 09:30:47.478, 2, 78606
2026/10/03 09:30:47.485, 3, 77732
2026/10/03 09:30:47.554, 4, 119317
2026/10/03 09:30:47.563, 5, 118851
2026/10/03 09:30:47.571, 6, 119395
2026/10/03 09:30:47.579, 7, 119087
2026/10/03 09:30:48.587, 0, 79794
2026/10/03 09:30:48.588, 1, 78528
2026/10/03 09:30:48.591, 2, 78610
2026/10/03 09:30:48.591, 3, 77736
2026/10/03 09:30:48.591, 4, 119317
2026/10/03 09:30:48.591, 5, 118851
2026/10/03 09:30:48.592, 6, 119395
2026/10/03 09:30:48.592, 7, 119087
2026/10/03 09:30:49.592, 0, 79794
2026/10/03 09:30:49.592, 1, 78550
2026/10/03 09:30:49.592, 2, 78624
2026/10/03 09:30:49.592, 3, 77740
2026/10/03 09:30:49.592, 4, 119317
2026/10/03 09:30:49.592, 5, 118851
2026/10/03 09:30:49.592, 6, 119395
2026/10/03 09:30:49.592, 7, 119087
2026/10/03 09:30:50.592, 0, 79794
2026/10/03 09:30:50.592, 1, 78550
2026/10/03 09:30:50.592, 2, 78628
2026/10/03 09:30:50.592, 3, 77760
2026/10/03 09:30:50.592, 4, 119317
2026/10/03 09:30:50.592, 5, 118851
2026/10/03 09:30:50.592, 6, 119395
2026/10/03 09:30:50.592, 7, 119087
2026/10/03 09:30:51.592, 0, 79794
2026/10/03 09:30:51.592, 1, 78556
2026/10/03 09:30:51.592, 2, 78640
2026/10/03 09:30:51.592, 3, 77760
2026/10/03 09:30:51.592, 4, 119317
2026/10/03 09:30:51.592, 5, 118851
2026/10/03 09:30:51.592, 6, 119395
2026/10/03 09:30:51.592, 7, 119087
2026/10/03 09:30:52.592, 0, 79794
2026/10/03 09:30:52.593, 1, 78556
2026/10/03 09:30:52.593, 2, 78640
2026/10/03 09:30:52.593, 3, 77760
2026/10/03 09:30:52.593, 4, 119317
2026/10/03 09:30:52.593, 5, 118851
2026/10/03 09:30:52.593, 6, 119395
2026/10/03 09:30:52.593, 7, 119087
2026/10/03 09:30:53.593, 0, 79794
2026/10/03 09:30:53.593, 1, 78556
2026/10/03 09:30:53.593, 2, 78640
2026/10/03 09:30:53.593, 3, 77760
2026/10/03 09:30:53.593, 4, 118613
2026/10/03 09:30:53.593, 5, 118231
2026/10/03 09:30:53.593, 6, 118899
2026/10/03 09:30:53.594, 7, 118373
2026/10/03 09:30:54.595, 0, 79794
2026/10/03 09:30:54.595, 1, 78556
2026/10/03 09:30:54.595, 2, 78640
2026/10/03 09:30:54.595, 3, 77760
2026/10/03 09:30:54.595, 4, 118635
2026/10/03 09:30:54.595, 5, 118257
2026/10/03 09:30:54.595, 6, 118899
2026/10/03 09:30:54.595, 7, 118395
2026/10/03 09:30:55.595, 0, 79794
2026/10/03 09:30:55.595, 1, 78556
2026/10/03 09:30:55.595, 2, 78640
2026/10/03 09:30:55.595, 3, 77760
2026/10/03 09:30:55.595, 4, 118635
2026/10/03 09:30:55.595, 5, 118257
2026/10/03 09:30:55.595, 6, 118899
2026/10/03 09:30:55.595, 7, 118397
2026/10/03 09:30:56.595, 0, 79794
2026/10/03 09:30:56.595, 1, 78556
2026/10/03 09:30:56.595, 2, 78640
2026/10/03 09:30:56.595, 3, 77760
2026/10/03 09:30:56.595, 4, 118637
2026/10/03 09:30:56.595, 5, 118257
2026/10/03 09:30:56.595, 6, 118899
2026/10/03 09:30:56.595, 7, 118397
2026/10/03 09:30:57.595, 0, 79794
2026/10/03 09:30:57.595, 1, 84492
2026/10/03 09:30:57.595, 2, 78640
2026/10/03 09:30:57.595, 3, 77760
2026/10/03 09:30:57.595, 4, 118637
2026/10/03 09:30:57.595, 5, 118289
2026/10/03 09:30:57.595, 6, 118899
2026/10/03 09:30:57.595, 7, 118397
2026/10/03 09:30:58.596, 0, 79794
2026/10/03 09:30:58.596, 1, 84492
2026/10/03 09:30:58.596, 2, 78640
2026/10/03 09:30:58.596, 3, 77760
2026/10/03 09:30:58.596, 4, 118637
2026/10/03 09:30:58.596, 5, 118289
2026/10/03 09:30:58.596, 6, 118899
2026/10/03 09:30:58.596, 7, 118397
2026/10/03 09:30:59.596, 0, 79794
2026/10/03 09:30:59.596, 1, 84492
2026/10/03 09:30:59.596, 2, 78640
2026/10/03 09:30:59.596, 3, 77760
2026/10/03 09:30:59.596, 4, 118637
2026/10/03 09:30:59.596, 5, 118289
2026/10/03 09:30:59.596, 6, 118899
2026/10/03 09:30:59.596, 7, 118397
2026/10/03 09:31:00.596, 0, 79794
2026/10/03 09:31:00.596, 1, 84492
2026/10/03 09:31:00.596, 2, 78640
2026/10/03 09:31:00.596, 3, 77760
2026/10/03 09:31:00.596, 4, 118637
2026/10/03 09:31:00.596, 5, 118289
2026/10/03 09:31:00.596, 6, 118899
2026/10/03 09:31:00.596, 7, 118413
2026/10/03 09:31:01.596, 0, 79794
2026/10/03 09:31:01.596, 1, 84492
2026/10/03 09:31:01.596, 2, 78640
2026/10/03 09:31:01.596, 3, 77760
2026/10/03 09:31:01.596, 4, 118637
2026/10/03 09:31:01.596, 5, 118289
2026/10/03 09:31:01.596, 6, 118899
2026/10/03 09:31:01.596, 7, 118413
2026/10/03 09:31:02.596, 0, 79794
2026/10/03 09:31:02.597, 1, 84492
2026/10/03 09:31:02.597, 2, 78640
2026/10/03 09:31:02.597, 3, 77760
2026/10/03 09:31:02.597, 4, 118637
2026/10/03 09:31:02.597, 5, 118289
2026/10/03 09:31:02.597, 6, 118899
2026/10/03 09:31:02.597, 7, 118413
2026/10/03 09:31:03.597, 0, 79794
2026/10/03 09:31:03.597, 1, 84492
2026/10/03 09:31:03.597, 2, 78640
2026/10/03 09:31:03.597, 3, 77760
2026/10/03 09:31:03.597, 4, 118637
2026/10/03 09:31:03.597, 5, 118289
2026/10/03 09:31:03.597, 6, 118899
2026/10/03 09:31:03.597, 7, 118413
2026/10/03 09:31:04.597, 0, 79794
2026/10/03 09:31:04.597, 1, 84494
2026/10/03 09:31:04.597, 2, 78640
2026/10/03 09:31:04.597, 3, 77760
2026/10/03 09:31:04.597, 4, 118637
2026/10/03 09:31:04.597, 5, 118289
2026/10/03 09:31:04.597, 6, 118899
2026/10/03 09:31:04.597, 7, 118413
2026/10/03 09:31:05.597, 0, 79794
2026/10/03 09:31:05.597, 1, 84494
2026/10/03 09:31:05.597, 2, 78640
2026/10/03 09:31:05.597, 3, 77760
2026/10/03 09:31:05.597, 4, 118637
2026/10/03 09:31:05.597, 5, 118289
2026/10/03 09:31:05.597, 6, 118899
2026/10/03 09:31:05.597, 7, 118413
2026/10/03 09:31:06.597, 0, 79794
2026/10/03 09:31:06.598, 1, 84494
2026/10/03 09:31:06.598, 2, 78640
2026/10/03 09:31:06.598, 3, 77760
2026/10/03 09:31:06.598, 4, 118637
2026/10/03 09:31:06.598, 5, 118289
2026/10/03 09:31:06.598, 6, 118899
2026/10/03 09:31:06.598, 7, 118413
2026/10/03 09:31:07.598, 0, 79794
2026/10/03 09:31:07.598, 1, 84494
2026/10/03 09:31:07.598, 2, 78640
2026/10/03 09:31:07.598, 3, 77760
2026/10/03 09:31:07.598, 4, 118637
2026/10/03 09:31:07.598, 5, 118289
2026/10/03 09:31:07.598, 6, 119525
2026/10/03 09:31:07.598, 7, 118413
2026/10/03 09:31:08.598, 0, 79794
2026/10/03 09:31:08.598, 1, 84494
2026/10/03 09:31:08.598, 2, 78640
2026/10/03 09:31:08.598, 3, 77760
2026/10/03 09:31:08.598, 4, 118613
2026/10/03 09:31:08.598, 5, 118231
2026/10/03 09:31:08.598, 6, 118613
2026/10/03 09:31:08.598, 7, 118373
2026/10/03 09:31:09.598, 0, 79794
2026/10/03 09:31:09.598, 1, 84494
2026/10/03 09:31:09.598, 2, 78640
2026/10/03 09:31:09.598, 3, 77760
2026/10/03 09:31:09.598, 4, 118613
2026/10/03 09:31:09.598, 5, 118231
2026/10/03 09:31:09.598, 6, 118613
2026/10/03 09:31:09.598, 7, 118373
2026/10/03 09:31:10.598, 0, 79794
2026/10/03 09:31:10.598, 1, 84494
2026/10/03 09:31:10.598, 2, 78640
2026/10/03 09:31:10.598, 3, 77760
2026/10/03 09:31:10.599, 4, 118853
2026/10/03 09:31:10.599, 5, 118551
2026/10/03 09:31:10.599, 6, 119165
2026/10/03 09:31:10.599, 7, 118565
2026/10/03 09:31:11.599, 0, 79794
2026/10/03 09:31:11.599, 1, 84494
2026/10/03 09:31:11.599, 2, 78640
2026/10/03 09:31:11.599, 3, 77760
2026/10/03 09:31:11.599, 4, 119923
2026/10/03 09:31:11.599, 5, 118583
2026/10/03 09:31:11.599, 6, 119167
2026/10/03 09:31:11.599, 7, 118565
2026/10/03 09:31:12.599, 0, 79794
2026/10/03 09:31:12.599, 1, 84494
2026/10/03 09:31:12.599, 2, 78640
2026/10/03 09:31:12.599, 3, 77760
2026/10/03 09:31:12.599, 4, 120751
2026/10/03 09:31:12.599, 5, 118583
2026/10/03 09:31:12.599, 6, 119167
2026/10/03 09:31:12.599, 7, 119383
2026/10/03 09:31:13.599, 0, 79794
2026/10/03 09:31:13.599, 1, 84494
2026/10/03 09:31:13.599, 2, 78640
2026/10/03 09:31:13.599, 3, 77760
2026/10/03 09:31:13.599, 4, 120879
2026/10/03 09:31:13.599, 5, 118583
2026/10/03 09:31:13.599, 6, 119167
2026/10/03 09:31:13.599, 7, 119731
2026/10/03 09:31:14.599, 0, 79794
2026/10/03 09:31:14.599, 1, 84494
2026/10/03 09:31:14.599, 2, 78640
2026/10/03 09:31:14.599, 3, 77760
2026/10/03 09:31:14.599, 4, 120879
2026/10/03 09:31:14.599, 5, 118583
2026/10/03 09:31:14.599, 6, 119167
2026/10/03 09:31:14.599, 7, 119731
2026/10/03 09:31:15.600, 0, 79794
2026/10/03 09:31:15.600, 1, 84494
2026/10/03 09:31:15.600, 2, 78640
2026/10/03 09:31:15.600, 3, 77760
2026/10/03 09:31:15.600, 4, 120879
2026/10/03 09:31:15.600, 5, 118583
2026/10/03 09:31:15.600, 6, 119167
2026/10/03 09:31:15.600, 7, 119731
2026/10/03 09:31:16.600, 0, 79794
2026/10/03 09:31:16.600, 1, 84494
2026/10/03 09:31:16.600, 2, 78640
2026/10/03 09:31:16.600, 3, 77760
2026/10/03 09:31:16.600, 4, 120879
2026/10/03 09:31:16.600, 5, 118583
2026/10/03 09:31:16.600, 6, 119167
2026/10/03 09:31:16.600, 7, 119731
2026/10/03 09:31:17.600, 0, 79794
2026/10/03 09:31:17.602, 1, 84494
2026/10/03 09:31:17.605, 2, 78640
2026/10/03 09:31:17.609, 3, 77760
2026/10/03 09:31:17.651, 4, 120879
2026/10/03 09:31:17.663, 5, 118583
2026/10/03 09:31:17.681, 6, 119167
2026/10/03 09:31:17.692, 7, 119731
2026/10/03 09:31:18.700, 0, 79794
2026/10/03 09:31:18.700, 1, 84494
2026/10/03 09:31:18.700, 2, 78640
2026/10/03 09:31:18.700, 3, 77760
2026/10/03 09:31:18.700, 4, 120879
2026/10/03 09:31:18.703, 5, 118583
2026/10/03 09:31:18.703, 6, 119167
2026/10/03 09:31:18.703, 7, 119731
2026/10/03 09:31:19.704, 0, 79794
2026/10/03 09:31:19.704, 1, 84494
2026/10/03 09:31:19.704, 2, 78640
2026/10/03 09:31:19.704, 3, 77760
2026/10/03 09:31:19.704, 4, 120879
2026/10/03 09:31:19.704, 5, 118583
2026/10/03 09:31:19.704, 6, 119167
2026/10/03 09:31:19.704, 7, 119731
2026/10/03 09:31:20.704, 0, 79794
2026/10/03 09:31:20.704, 1, 84494
2026/10/03 09:31:20.704, 2, 78640
2026/10/03 09:31:20.704, 3, 77760
2026/10/03 09:31:20.704, 4, 120879
2026/10/03 09:31:20.704, 5, 118583
2026/10/03 09:31:20.704, 6, 119167
2026/10/03 09:31:20.704, 7, 119731
2026/10/03 09:31:21.704, 0, 79794
2026/10/03 09:31:21.704, 1, 84494
2026/10/03 09:31:21.704, 2, 78646
2026/10/03 09:31:21.704, 3, 77760
2026/10/03 09:31:21.704, 4, 120879
2026/10/03 09:31:21.704, 5, 118583
2026/10/03 09:31:21.704, 6, 119167
2026/10/03 09:31:21.705, 7, 119731
2026/10/03 09:31:22.705, 0, 79794
2026/10/03 09:31:22.705, 1, 84494
2026/10/03 09:31:22.705, 2, 78646
2026/10/03 09:31:22.705, 3, 77762
2026/10/03 09:31:22.705, 4, 120879
2026/10/03 09:31:22.705, 5, 118583
2026/10/03 09:31:22.705, 6, 119167
2026/10/03 09:31:22.705, 7, 119731
2026/10/03 09:31:23.705, 0, 79794
2026/10/03 09:31:23.705, 1, 84494
2026/10/03 09:31:23.705, 2, 78646
2026/10/03 09:31:23.705, 3, 77762
2026/10/03 09:31:23.705, 4, 120879
2026/10/03 09:31:23.705, 5, 118583
2026/10/03 09:31:23.705, 6, 119167
2026/10/03 09:31:23.705, 7, 119731
2026/10/03 09:31:24.705, 0, 79794
2026/10/03 09:31:24.705, 1, 84494
2026/10/03 09:31:24.725, 2, 78646
2026/10/03 09:31:24.725, 3, 77762
2026/10/03 09:31:24.725, 4, 118635
2026/10/03 09:31:24.725, 5, 118331
2026/10/03 09:31:24.725, 6, 118637
2026/10/03 09:31:24.725, 7, 118395
2026/10/03 09:31:25.725, 0, 79794
2026/10/03 09:31:25.725, 1, 84494
2026/10/03 09:31:25.725, 2, 78646
2026/10/03 09:31:25.725, 3, 77762
2026/10/03 09:31:25.725, 4, 118635
2026/10/03 09:31:25.725, 5, 118333
2026/10/03 09:31:25.725, 6, 118637
2026/10/03 09:31:25.725, 7, 118395
2026/10/03 09:31:26.725, 0, 79794
2026/10/03 09:31:26.726, 1, 84494
2026/10/03 09:31:26.726, 2, 78646
2026/10/03 09:31:26.726, 3, 77762
2026/10/03 09:31:26.726, 4, 118635
2026/10/03 09:31:26.726, 5, 118333
2026/10/03 09:31:26.726, 6, 118637
2026/10/03 09:31:26.726, 7, 118395
2026/10/03 09:31:27.726, 0, 79794
2026/10/03 09:31:27.726, 1, 84494
2026/10/03 09:31:27.726, 2, 78646
2026/10/03 09:31:27.726, 3, 77762
2026/10/03 09:31:27.726, 4, 118635
2026/10/03 09:31:27.726, 5, 118333
2026/10/03 09:31:27.726, 6, 118767
2026/10/03 09:31:27.726, 7, 118397
2026/10/03 09:31:28.726, 0, 79794
2026/10/03 09:31:28.726, 1, 84494
2026/10/03 09:31:28.726, 2, 78646
2026/10/03 09:31:28.726, 3, 77762
2026/10/03 09:31:28.727, 4, 118635
2026/10/03 09:31:28.727, 5, 118333
2026/10/03 09:31:28.727, 6, 118873
2026/10/03 09:31:28.727, 7, 118397
2026/10/03 09:31:29.727, 0, 79794
2026/10/03 09:31:29.727, 1, 84494
2026/10/03 09:31:29.727, 2, 78646
2026/10/03 09:31:29.727, 3, 77762
2026/10/03 09:31:29.727, 4, 118635
2026/10/03 09:31:29.727, 5, 118333
2026/10/03 09:31:29.727, 6, 118875
2026/10/03 09:31:29.727, 7, 118397
2026/10/03 09:31:30.727, 0, 79794
2026/10/03 09:31:30.727, 1, 84494
2026/10/03 09:31:30.727, 2, 78646
2026/10/03 09:31:30.727, 3, 77762
2026/10/03 09:31:30.727, 4, 118635
2026/10/03 09:31:30.727, 5, 118333
2026/10/03 09:31:30.727, 6, 119045
2026/10/03 09:31:30.727, 7, 118397
2026/10/03 09:31:31.727, 0, 79794
2026/10/03 09:31:31.727, 1, 84494
2026/10/03 09:31:31.727, 2, 78646
2026/10/03 09:31:31.727, 3, 77762
2026/10/03 09:31:31.727, 4, 118635
2026/10/03 09:31:31.727, 5, 118333
2026/10/03 09:31:31.727, 6, 119045
2026/10/03 09:31:31.727, 7, 118397
2026/10/03 09:31:32.727, 0, 79794
2026/10/03 09:31:32.727, 1, 84494
2026/10/03 09:31:32.727, 2, 78646
2026/10/03 09:31:32.727, 3, 77762
2026/10/03 09:31:32.727, 4, 118635
2026/10/03 09:31:32.727, 5, 118333
2026/10/03 09:31:32.727, 6, 119045
2026/10/03 09:31:32.727, 7, 118397
2026/10/03 09:31:33.728, 0, 79794
2026/10/03 09:31:33.728, 1, 84494
2026/10/03 09:31:33.728, 2, 78646
2026/10/03 09:31:33.728, 3, 77762
2026/10/03 09:31:33.728, 4, 118635
2026/10/03 09:31:33.728, 5, 118333
2026/10/03 09:31:33.728, 6, 119045
2026/10/03 09:31:33.728, 7, 118397
2026/10/03 09:31:34.728, 0, 79794
2026/10/03 09:31:34.728, 1, 84494
2026/10/03 09:31:34.728, 2, 78646
2026/10/03 09:31:34.728, 3, 77762
2026/10/03 09:31:34.728, 4, 118635
2026/10/03 09:31:34.728, 5, 118333
2026/10/03 09:31:34.728, 6, 119045
2026/10/03 09:31:34.728, 7, 118397
2026/10/03 09:31:35.728, 0, 79794
2026/10/03 09:31:35.728, 1, 84494
2026/10/03 09:31:35.728, 2, 78646
2026/10/03 09:31:35.728, 3, 77762
2026/10/03 09:31:35.728, 4, 118637
2026/10/03 09:31:35.728, 5, 118333
2026/10/03 09:31:35.728, 6, 119045
2026/10/03 09:31:35.728, 7, 118397
2026/10/03 09:31:36.728, 0, 79794
2026/10/03 09:31:36.728, 1, 84494
2026/10/03 09:31:36.728, 2, 78646
2026/10/03 09:31:36.728, 3, 77762
2026/10/03 09:31:36.728, 4, 118637
2026/10/03 09:31:36.728, 5, 118333
2026/10/03 09:31:36.728, 6, 119045
2026/10/03 09:31:36.728, 7, 118397
2026/10/03 09:31:37.729, 0, 79794
2026/10/03 09:31:37.741, 1, 84494
2026/10/03 09:31:37.741, 2, 78646
2026/10/03 09:31:37.741, 3, 77762
2026/10/03 09:31:37.741, 4, 118637
2026/10/03 09:31:37.741, 5, 118333
2026/10/03 09:31:37.741, 6, 119045
2026/10/03 09:31:37.741, 7, 118397
2026/10/03 09:31:38.741, 0, 79794
2026/10/03 09:31:38.741, 1, 84494
2026/10/03 09:31:38.741, 2, 78646
2026/10/03 09:31:38.741, 3, 77762
2026/10/03 09:31:38.742, 4, 118637
2026/10/03 09:31:38.742, 5, 119335
2026/10/03 09:31:38.742, 6, 119671
2026/10/03 09:31:38.742, 7, 118397
2026/10/03 09:31:39.742, 0, 79794
2026/10/03 09:31:39.742, 1, 84494
2026/10/03 09:31:39.742, 2, 78646
2026/10/03 09:31:39.742, 3, 77762
2026/10/03 09:31:39.742, 4, 118613
2026/10/03 09:31:39.742, 5, 118231
2026/10/03 09:31:39.742, 6, 118613
2026/10/03 09:31:39.742, 7, 118373
2026/10/03 09:31:40.742, 0, 79794
2026/10/03 09:31:40.742, 1, 84494
2026/10/03 09:31:40.742, 2, 78646
2026/10/03 09:31:40.742, 3, 77762
2026/10/03 09:31:40.742, 4, 118613
2026/10/03 09:31:40.742, 5, 118231
2026/10/03 09:31:40.742, 6, 118613
2026/10/03 09:31:40.742, 7, 118373
2026/10/03 09:31:41.742, 0, 79794
2026/10/03 09:31:41.742, 1, 84494
2026/10/03 09:31:41.742, 2, 78646
2026/10/03 09:31:41.742, 3, 77762
2026/10/03 09:31:41.742, 4, 118613
2026/10/03 09:31:41.742, 5, 118231
2026/10/03 09:31:41.742, 6, 118613
2026/10/03 09:31:41.742, 7, 118373
2026/10/03 09:31:42.743, 0, 79794
2026/10/03 09:31:42.743, 1, 84494
2026/10/03 09:31:42.743, 2, 78646
2026/10/03 09:31:42.743, 3, 77762
2026/10/03 09:31:42.743, 4, 118803
2026/10/03 09:31:42.743, 5, 118549
2026/10/03 09:31:42.743, 6, 118635
2026/10/03 09:31:42.743, 7, 118731
2026/10/03 09:31:43.743, 0, 79794
2026/10/03 09:31:43.743, 1, 84494
2026/10/03 09:31:43.743, 2, 78646
2026/10/03 09:31:43.743, 3, 77762
2026/10/03 09:31:43.743, 4, 118803
2026/10/03 09:31:43.743, 5, 118581
2026/10/03 09:31:43.743, 6, 118635
2026/10/03 09:31:43.743, 7, 118731
2026/10/03 09:31:44.743, 0, 79794
2026/10/03 09:31:44.743, 1, 84494
2026/10/03 09:31:44.743, 2, 78646
2026/10/03 09:31:44.743, 3, 77762
2026/10/03 09:31:44.743, 4, 118803
2026/10/03 09:31:44.743, 5, 118581
2026/10/03 09:31:44.743, 6, 118657
2026/10/03 09:31:44.743, 7, 118731
2026/10/03 09:31:45.743, 0, 79794
2026/10/03 09:31:45.743, 1, 84494
2026/10/03 09:31:45.743, 2, 78646
2026/10/03 09:31:45.743, 3, 77762
2026/10/03 09:31:45.743, 4, 118803
2026/10/03 09:31:45.744, 5, 118581
2026/10/03 09:31:45.744, 6, 118657
2026/10/03 09:31:45.744, 7, 118731
2026/10/03 09:31:46.744, 0, 79794
2026/10/03 09:31:46.744, 1, 84494
2026/10/03 09:31:46.744, 2, 78646
2026/10/03 09:31:46.744, 3, 77762
2026/10/03 09:31:46.744, 4, 118803
2026/10/03 09:31:46.744, 5, 118581
2026/10/03 09:31:46.744, 6, 118657
2026/10/03 09:31:46.744, 7, 118731
2026/10/03 09:31:47.780, 0, 79794
2026/10/03 09:31:47.789, 1, 84494
2026/10/03 09:31:47.807, 2, 78646
2026/10/03 09:31:47.814, 3, 77762
2026/10/03 09:31:47.816, 4, 118803
2026/10/03 09:31:47.819, 5, 118581
2026/10/03 09:31:47.820, 6, 118657
2026/10/03 09:31:47.821, 7, 118731
2026/10/03 09:31:48.824, 0, 79794
2026/10/03 09:31:48.847, 1, 84494
2026/10/03 09:31:48.847, 2, 78646
2026/10/03 09:31:48.847, 3, 77762
2026/10/03 09:31:48.848, 4, 118803
2026/10/03 09:31:48.848, 5, 118581
2026/10/03 09:31:48.848, 6, 118657
2026/10/03 09:31:48.848, 7, 118731
2026/10/03 09:31:49.848, 0, 79794
2026/10/03 09:31:49.848, 1, 84494
2026/10/03 09:31:49.848, 2, 78646
2026/10/03 09:31:49.848, 3, 77762
2026/10/03 09:31:49.848, 4, 118803
2026/10/03 09:31:49.848, 5, 118581
2026/10/03 09:31:49.848, 6, 118657
2026/10/03 09:31:49.848, 7, 118731
2026/10/03 09:31:50.848, 0, 79794
2026/10/03 09:31:50.848, 1, 84494
2026/10/03 09:31:50.848, 2, 78646
2026/10/03 09:31:50.848, 3, 77762
2026/10/03 09:31:50.848, 4, 118803
2026/10/03 09:31:50.848, 5, 118581
2026/10/03 09:31:50.848, 6, 118657
2026/10/03 09:31:50.849, 7, 118731
2026/10/03 09:31:51.849, 0, 79794
2026/10/03 09:31:51.849, 1, 84494
2026/10/03 09:31:51.849, 2, 78646
2026/10/03 09:31:51.849, 3, 77762
2026/10/03 09:31:51.849, 4, 118803
2026/10/03 09:31:51.849, 5, 118581
2026/10/03 09:31:51.849, 6, 118657
2026/10/03 09:31:51.849, 7, 118731
2026/10/03 09:31:52.849, 0, 79796
2026/10/03 09:31:52.849, 1, 84494
2026/10/03 09:31:52.849, 2, 78646
2026/10/03 09:31:52.849, 3, 77762
2026/10/03 09:31:52.849, 4, 118803
2026/10/03 09:31:52.849, 5, 118581
2026/10/03 09:31:52.849, 6, 118657
2026/10/03 09:31:52.849, 7, 118731
2026/10/03 09:31:53.849, 0, 79796
2026/10/03 09:31:53.849, 1, 84494
2026/10/03 09:31:53.849, 2, 78646
2026/10/03 09:31:53.849, 3, 77762
2026/10/03 09:31:53.849, 4, 118803
2026/10/03 09:31:53.850, 5, 118581
2026/10/03 09:31:53.850, 6, 118833
2026/10/03 09:31:53.850, 7, 118731
2026/10/03 09:31:54.850, 0, 79796
2026/10/03 09:31:54.850, 1, 84494
2026/10/03 09:31:54.850, 2, 78646
2026/10/03 09:31:54.850, 3, 77762
2026/10/03 09:31:54.850, 4, 118613
2026/10/03 09:31:54.850, 5, 118231
2026/10/03 09:31:54.850, 6, 118613
2026/10/03 09:31:54.850, 7, 118373
2026/10/03 09:31:55.850, 0, 79796
2026/10/03 09:31:55.850, 1, 84494
2026/10/03 09:31:55.850, 2, 78646
2026/10/03 09:31:55.850, 3, 77762
2026/10/03 09:31:55.850, 4, 118613
2026/10/03 09:31:55.850, 5, 118231
2026/10/03 09:31:55.850, 6, 118613
2026/10/03 09:31:55.850, 7, 118373
2026/10/03 09:31:56.850, 0, 79796
2026/10/03 09:31:56.851, 1, 84494
2026/10/03 09:31:56.851, 2, 78646
2026/10/03 09:31:56.851, 3, 77762
2026/10/03 09:31:56.851, 4, 118637
2026/10/03 09:31:56.851, 5, 118255
2026/10/03 09:31:56.851, 6, 118637
2026/10/03 09:31:56.851, 7, 118397
2026/10/03 09:31:57.851, 0, 79796
2026/10/03 09:31:57.851, 1, 84494
2026/10/03 09:31:57.851, 2, 78646
2026/10/03 09:31:57.851, 3, 77762
2026/10/03 09:31:57.851, 4, 118637
2026/10/03 09:31:57.851, 5, 118255
2026/10/03 09:31:57.851, 6, 118637
2026/10/03 09:31:57.851, 7, 118397
2026/10/03 09:31:58.851, 0, 79796
2026/10/03 09:31:58.851, 1, 84494
2026/10/03 09:31:58.851, 2, 78646
2026/10/03 09:31:58.851, 3, 77762
2026/10/03 09:31:58.851, 4, 118637
2026/10/03 09:31:58.851, 5, 118255
2026/10/03 09:31:58.851, 6, 118637
2026/10/03 09:31:58.851, 7, 118397
2026/10/03 09:31:59.851, 0, 79796
2026/10/03 09:31:59.851, 1, 84494
2026/10/03 09:31:59.851, 2, 78646
2026/10/03 09:31:59.851, 3, 77762
2026/10/03 09:31:59.851, 4, 118655
2026/10/03 09:31:59.851, 5, 118255
2026/10/03 09:31:59.851, 6, 118637
2026/10/03 09:31:59.851, 7, 118397
2026/10/03 09:32:00.852, 0, 79796
2026/10/03 09:32:00.852, 1, 84494
2026/10/03 09:32:00.852, 2, 78646
2026/10/03 09:32:00.852, 3, 77762
2026/10/03 09:32:00.852, 4, 118655
2026/10/03 09:32:00.852, 5, 118287
2026/10/03 09:32:00.852, 6, 118637
2026/10/03 09:32:00.852, 7, 118397
2026/10/03 09:32:01.852, 0, 79796
2026/10/03 09:32:01.852, 1, 84494
2026/10/03 09:32:01.852, 2, 78646
2026/10/03 09:32:01.852, 3, 77762
2026/10/03 09:32:01.852, 4, 118655
2026/10/03 09:32:01.852, 5, 118287
2026/10/03 09:32:01.852, 6, 118765
2026/10/03 09:32:01.852, 7, 118397
2026/10/03 09:32:02.852, 0, 79796
2026/10/03 09:32:02.852, 1, 84494
2026/10/03 09:32:02.852, 2, 78646
2026/10/03 09:32:02.852, 3, 77762
2026/10/03 09:32:02.852, 4, 118655
2026/10/03 09:32:02.852, 5, 118287
2026/10/03 09:32:02.852, 6, 118989
2026/10/03 09:32:02.852, 7, 118397
2026/10/03 09:32:03.852, 0, 79796
2026/10/03 09:32:03.852, 1, 84494
2026/10/03 09:32:03.852, 2, 78646
2026/10/03 09:32:03.852, 3, 77762
2026/10/03 09:32:03.852, 4, 118655
2026/10/03 09:32:03.852, 5, 118287
2026/10/03 09:32:03.852, 6, 118989
2026/10/03 09:32:03.852, 7, 118397
2026/10/03 09:32:04.852, 0, 79796
2026/10/03 09:32:04.853, 1, 84494
2026/10/03 09:32:04.853, 2, 78646
2026/10/03 09:32:04.853, 3, 77762
2026/10/03 09:32:04.853, 4, 118655
2026/10/03 09:32:04.853, 5, 118287
2026/10/03 09:32:04.853, 6, 118989
2026/10/03 09:32:04.853, 7, 118397
2026/10/03 09:32:05.853, 0, 79796
2026/10/03 09:32:05.853, 1, 84494
2026/10/03 09:32:05.853, 2, 78646
2026/10/03 09:32:05.853, 3, 77762
2026/10/03 09:32:05.853, 4, 118677
2026/10/03 09:32:05.853, 5, 118287
2026/10/03 09:32:05.853, 6, 118989
2026/10/03 09:32:05.853, 7, 118397
2026/10/03 09:32:06.853, 0, 79796
2026/10/03 09:32:06.853, 1, 84494
2026/10/03 09:32:06.853, 2, 78646
2026/10/03 09:32:06.853, 3, 77762
2026/10/03 09:32:06.853, 4, 118891
2026/10/03 09:32:06.853, 5, 118287
2026/10/03 09:32:06.853, 6, 118989
2026/10/03 09:32:06.853, 7, 118397
2026/10/03 09:32:07.853, 0, 79796
2026/10/03 09:32:07.853, 1, 84494
2026/10/03 09:32:07.853, 2, 78646
2026/10/03 09:32:07.853, 3, 77762
2026/10/03 09:32:07.853, 4, 118891
2026/10/03 09:32:07.853, 5, 118387
2026/10/03 09:32:07.853, 6, 118989
2026/10/03 09:32:07.853, 7, 118419
2026/10/03 09:32:08.853, 0, 79796
2026/10/03 09:32:08.854, 1, 84494
2026/10/03 09:32:08.854, 2, 78646
2026/10/03 09:32:08.854, 3, 77762
2026/10/03 09:32:08.854, 4, 118891
2026/10/03 09:32:08.854, 5, 118521
2026/10/03 09:32:08.854, 6, 118989
2026/10/03 09:32:08.854, 7, 118597
2026/10/03 09:32:09.854, 0, 79796
2026/10/03 09:32:09.854, 1, 84494
2026/10/03 09:32:09.854, 2, 78646
2026/10/03 09:32:09.854, 3, 77762
2026/10/03 09:32:09.854, 4, 119457
2026/10/03 09:32:09.855, 5, 119523
2026/10/03 09:32:09.855, 6, 119537
2026/10/03 09:32:09.855, 7, 119157
2026/10/03 09:32:10.855, 0, 79796
2026/10/03 09:32:10.855, 1, 84494
2026/10/03 09:32:10.855, 2, 78646
2026/10/03 09:32:10.855, 3, 77762
2026/10/03 09:32:10.855, 4, 118637
2026/10/03 09:32:10.855, 5, 118935
2026/10/03 09:32:10.855, 6, 118637
2026/10/03 09:32:10.855, 7, 119329
2026/10/03 09:32:11.855, 0, 79796
2026/10/03 09:32:11.856, 1, 84494
2026/10/03 09:32:11.857, 2, 78646
2026/10/03 09:32:11.859, 3, 77762
2026/10/03 09:32:11.859, 4, 118637
2026/10/03 09:32:11.859, 5, 118935
2026/10/03 09:32:11.860, 6, 118679
2026/10/03 09:32:11.861, 7, 119329
2026/10/03 09:32:12.863, 0, 79796
2026/10/03 09:32:12.863, 1, 84494
2026/10/03 09:32:12.863, 2, 78646
2026/10/03 09:32:12.863, 3, 77762
2026/10/03 09:32:12.863, 4, 118637
2026/10/03 09:32:12.863, 5, 118937
2026/10/03 09:32:12.863, 6, 118679
2026/10/03 09:32:12.863, 7, 119329
2026/10/03 09:32:13.863, 0, 79796
2026/10/03 09:32:13.863, 1, 84494
2026/10/03 09:32:13.863, 2, 78646
2026/10/03 09:32:13.863, 3, 77762
2026/10/03 09:32:13.863, 4, 118637
2026/10/03 09:32:13.863, 5, 118937
2026/10/03 09:32:13.863, 6, 118679
2026/10/03 09:32:13.863, 7, 119329
2026/10/03 09:32:14.863, 0, 79796
2026/10/03 09:32:14.863, 1, 84494
2026/10/03 09:32:14.863, 2, 78646
2026/10/03 09:32:14.863, 3, 77762
2026/10/03 09:32:14.863, 4, 118637
2026/10/03 09:32:14.863, 5, 118937
2026/10/03 09:32:14.863, 6, 118679
2026/10/03 09:32:14.863, 7, 119329
2026/10/03 09:32:15.863, 0, 79796
2026/10/03 09:32:15.864, 1, 84494
2026/10/03 09:32:15.864, 2, 78646
2026/10/03 09:32:15.864, 3, 77762
2026/10/03 09:32:15.864, 4, 118637
2026/10/03 09:32:15.864, 5, 118937
2026/10/03 09:32:15.864, 6, 118679
2026/10/03 09:32:15.864, 7, 119329
2026/10/03 09:32:16.864, 0, 79796
2026/10/03 09:32:16.864, 1, 84494
2026/10/03 09:32:16.864, 2, 78646
2026/10/03 09:32:16.864, 3, 77762
2026/10/03 09:32:16.864, 4, 118637
2026/10/03 09:32:16.864, 5, 118937
2026/10/03 09:32:16.864, 6, 118679
2026/10/03 09:32:16.864, 7, 119329
2026/10/03 09:32:17.864, 0, 79796
2026/10/03 09:32:17.873, 1, 84494
2026/10/03 09:32:17.884, 2, 78646
2026/10/03 09:32:17.893, 3, 77762
2026/10/03 09:32:17.904, 4, 118637
2026/10/03 09:32:17.915, 5, 118937
2026/10/03 09:32:17.925, 6, 118679
2026/10/03 09:32:17.938, 7, 119329
2026/10/03 09:32:18.947, 0, 79796
2026/10/03 09:32:18.950, 1, 84494
2026/10/03 09:32:18.953, 2, 78646
2026/10/03 09:32:18.955, 3, 77762
2026/10/03 09:32:18.955, 4, 118659
2026/10/03 09:32:18.957, 5, 118937
2026/10/03 09:32:18.957, 6, 118679
2026/10/03 09:32:18.958, 7, 119329
2026/10/03 09:32:19.958, 0, 79796
2026/10/03 09:32:19.958, 1, 84494
2026/10/03 09:32:19.958, 2, 78646
2026/10/03 09:32:19.958, 3, 77762
2026/10/03 09:32:19.958, 4, 118767
2026/10/03 09:32:19.958, 5, 118937
2026/10/03 09:32:19.958, 6, 118679
2026/10/03 09:32:19.958, 7, 119329
2026/10/03 09:32:20.958, 0, 79796
2026/10/03 09:32:20.958, 1, 84494
2026/10/03 09:32:20.958, 2, 78646
2026/10/03 09:32:20.958, 3, 77762
2026/10/03 09:32:20.958, 4, 118945
2026/10/03 09:32:20.958, 5, 118937
2026/10/03 09:32:20.958, 6, 118679
2026/10/03 09:32:20.958, 7, 119329
2026/10/03 09:32:21.958, 0, 79796
2026/10/03 09:32:21.958, 1, 84494
2026/10/03 09:32:21.958, 2, 78646
2026/10/03 09:32:21.958, 3, 77762
2026/10/03 09:32:21.958, 4, 118945
2026/10/03 09:32:21.958, 5, 118937
2026/10/03 09:32:21.958, 6, 118679
2026/10/03 09:32:21.958, 7, 119329
2026/10/03 09:32:22.959, 0, 79796
2026/10/03 09:32:22.959, 1, 84494
2026/10/03 09:32:22.959, 2, 78646
2026/10/03 09:32:22.959, 3, 77762
2026/10/03 09:32:22.959, 4, 118945
2026/10/03 09:32:22.959, 5, 118937
2026/10/03 09:32:22.959, 6, 118679
2026/10/03 09:32:22.959, 7, 119329
2026/10/03 09:32:23.959, 0, 79796
2026/10/03 09:32:23.959, 1, 84494
2026/10/03 09:32:23.959, 2, 78646
2026/10/03 09:32:23.959, 3, 77762
2026/10/03 09:32:23.959, 4, 118945
2026/10/03 09:32:23.959, 5, 118937
2026/10/03 09:32:23.959, 6, 118679
2026/10/03 09:32:23.959, 7, 119329
2026/10/03 09:32:24.959, 0, 79796
2026/10/03 09:32:24.959, 1, 84494
2026/10/03 09:32:24.959, 2, 78646
2026/10/03 09:32:24.959, 3, 77762
2026/10/03 09:32:24.959, 4, 118613
2026/10/03 09:32:24.959, 5, 118231
2026/10/03 09:32:24.959, 6, 118615
2026/10/03 09:32:24.959, 7, 118373
2026/10/03 09:32:25.959, 0, 79796
2026/10/03 09:32:25.960, 1, 84494
2026/10/03 09:32:25.960, 2, 78646
2026/10/03 09:32:25.960, 3, 77762
2026/10/03 09:32:25.960, 4, 118637
2026/10/03 09:32:25.960, 5, 118253
2026/10/03 09:32:25.960, 6, 119085
2026/10/03 09:32:25.960, 7, 118397
2026/10/03 09:32:26.960, 0, 79796
2026/10/03 09:32:26.960, 1, 84494
2026/10/03 09:32:26.960, 2, 78646
2026/10/03 09:32:26.960, 3, 77762
2026/10/03 09:32:26.960, 4, 118683
2026/10/03 09:32:26.960, 5, 118299
2026/10/03 09:32:26.960, 6, 119085
2026/10/03 09:32:26.960, 7, 118397
2026/10/03 09:32:27.960, 0, 79796
2026/10/03 09:32:27.960, 1, 84494
2026/10/03 09:32:27.960, 2, 78646
2026/10/03 09:32:27.960, 3, 77762
2026/10/03 09:32:27.960, 4, 118907
2026/10/03 09:32:27.960, 5, 118331
2026/10/03 09:32:27.960, 6, 119085
2026/10/03 09:32:27.960, 7, 118419
2026/10/03 09:32:28.960, 0, 79796
2026/10/03 09:32:28.960, 1, 84494
2026/10/03 09:32:28.960, 2, 78646
2026/10/03 09:32:28.960, 3, 77762
2026/10/03 09:32:28.960, 4, 119809
2026/10/03 09:32:28.960, 5, 118331
2026/10/03 09:32:28.960, 6, 119085
2026/10/03 09:32:28.960, 7, 118419
2026/10/03 09:32:29.960, 0, 79796
2026/10/03 09:32:29.960, 1, 84494
2026/10/03 09:32:29.960, 2, 78646
2026/10/03 09:32:29.961, 3, 77762
2026/10/03 09:32:29.961, 4, 119809
2026/10/03 09:32:29.961, 5, 118331
2026/10/03 09:32:29.961, 6, 119085
2026/10/03 09:32:29.961, 7, 118419
2026/10/03 09:32:30.961, 0, 79796
2026/10/03 09:32:30.961, 1, 84494
2026/10/03 09:32:30.961, 2, 78646
2026/10/03 09:32:30.961, 3, 77762
2026/10/03 09:32:30.961, 4, 119809
2026/10/03 09:32:30.961, 5, 118331
2026/10/03 09:32:30.962, 6, 119085
2026/10/03 09:32:30.962, 7, 118419
2026/10/03 09:32:31.962, 0, 79796
2026/10/03 09:32:31.962, 1, 84494
2026/10/03 09:32:31.962, 2, 78646
2026/10/03 09:32:31.962, 3, 77762
2026/10/03 09:32:31.962, 4, 119809
2026/10/03 09:32:31.962, 5, 118331
2026/10/03 09:32:31.962, 6, 119085
2026/10/03 09:32:31.962, 7, 118443
2026/10/03 09:32:32.962, 0, 79796
2026/10/03 09:32:32.962, 1, 84494
2026/10/03 09:32:32.962, 2, 78646
2026/10/03 09:32:32.962, 3, 77762
2026/10/03 09:32:32.962, 4, 119809
2026/10/03 09:32:32.962, 5, 118331
2026/10/03 09:32:32.962, 6, 119085
2026/10/03 09:32:32.962, 7, 118629
2026/10/03 09:32:33.962, 0, 79796
2026/10/03 09:32:33.962, 1, 84494
2026/10/03 09:32:33.962, 2, 78646
2026/10/03 09:32:33.962, 3, 77762
2026/10/03 09:32:33.962, 4, 119809
2026/10/03 09:32:33.962, 5, 118331
2026/10/03 09:32:33.962, 6, 119085
2026/10/03 09:32:33.962, 7, 118859
2026/10/03 09:32:34.962, 0, 79796
2026/10/03 09:32:34.962, 1, 84494
2026/10/03 09:32:34.962, 2, 78646
2026/10/03 09:32:34.962, 3, 77762
2026/10/03 09:32:34.962, 4, 119809
2026/10/03 09:32:34.962, 5, 118333
2026/10/03 09:32:34.962, 6, 119085
2026/10/03 09:32:34.962, 7, 118859
2026/10/03 09:32:35.963, 0, 79796
2026/10/03 09:32:35.963, 1, 84494
2026/10/03 09:32:35.963, 2, 78646
2026/10/03 09:32:35.963, 3, 77762
2026/10/03 09:32:35.963, 4, 119809
2026/10/03 09:32:35.963, 5, 118333
2026/10/03 09:32:35.963, 6, 119085
2026/10/03 09:32:35.963, 7, 118859
2026/10/03 09:32:36.963, 0, 79796
2026/10/03 09:32:36.963, 1, 84494
2026/10/03 09:32:36.963, 2, 78646
2026/10/03 09:32:36.963, 3, 77762
2026/10/03 09:32:36.963, 4, 119809
2026/10/03 09:32:36.963, 5, 118333
2026/10/03 09:32:36.963, 6, 119085
2026/10/03 09:32:36.963, 7, 118859
2026/10/03 09:32:37.963, 0, 79796
2026/10/03 09:32:37.963, 1, 84494
2026/10/03 09:32:37.963, 2, 78646
2026/10/03 09:32:37.963, 3, 77762
2026/10/03 09:32:37.963, 4, 119809
2026/10/03 09:32:37.963, 5, 118333
2026/10/03 09:32:37.963, 6, 119085
2026/10/03 09:32:37.963, 7, 118859
2026/10/03 09:32:38.963, 0, 79796
2026/10/03 09:32:38.963, 1, 84494
2026/10/03 09:32:38.963, 2, 78646
2026/10/03 09:32:38.963, 3, 77762
2026/10/03 09:32:38.963, 4, 119809
2026/10/03 09:32:38.963, 5, 118333
2026/10/03 09:32:38.963, 6, 119085
2026/10/03 09:32:38.963, 7, 118859
2026/10/03 09:32:39.963, 0, 79796
2026/10/03 09:32:39.964, 1, 84494
2026/10/03 09:32:39.964, 2, 78646
2026/10/03 09:32:39.964, 3, 77762
2026/10/03 09:32:39.964, 4, 119809
2026/10/03 09:32:39.964, 5, 118333
2026/10/03 09:32:39.964, 6, 119085
2026/10/03 09:32:39.964, 7, 118859
2026/10/03 09:32:40.964, 0, 79796
2026/10/03 09:32:40.964, 1, 84494
2026/10/03 09:32:40.964, 2, 78646
2026/10/03 09:32:40.964, 3, 77762
2026/10/03 09:32:40.964, 4, 118613
2026/10/03 09:32:40.964, 5, 118231
2026/10/03 09:32:40.964, 6, 118615
2026/10/03 09:32:40.964, 7, 118373
2026/10/03 09:32:41.964, 0, 79796
2026/10/03 09:32:41.964, 1, 84494
2026/10/03 09:32:41.964, 2, 78646
2026/10/03 09:32:41.964, 3, 77762
2026/10/03 09:32:41.964, 4, 118887
2026/10/03 09:32:41.964, 5, 118231
2026/10/03 09:32:41.964, 6, 118869
2026/10/03 09:32:41.964, 7, 118705
2026/10/03 09:32:42.965, 0, 79796
2026/10/03 09:32:42.965, 1, 84494
2026/10/03 09:32:42.965, 2, 78646
2026/10/03 09:32:42.965, 3, 77762
2026/10/03 09:32:42.965, 4, 118613
2026/10/03 09:32:42.965, 5, 118363
2026/10/03 09:32:42.965, 6, 118615
2026/10/03 09:32:42.965, 7, 118373
2026/10/03 09:32:43.965, 0, 79796
2026/10/03 09:32:43.965, 1, 84494
2026/10/03 09:32:43.965, 2, 78646
2026/10/03 09:32:43.965, 3, 77762
2026/10/03 09:32:43.965, 4, 118635
2026/10/03 09:32:43.965, 5, 118611
2026/10/03 09:32:43.965, 6, 118639
2026/10/03 09:32:43.965, 7, 118399
2026/10/03 09:32:44.965, 0, 79796
2026/10/03 09:32:44.965, 1, 84494
2026/10/03 09:32:44.965, 2, 78646
2026/10/03 09:32:44.965, 3, 77762
2026/10/03 09:32:44.965, 4, 118635
2026/10/03 09:32:44.965, 5, 118611
2026/10/03 09:32:44.965, 6, 118639
2026/10/03 09:32:44.965, 7, 118399
2026/10/03 09:32:45.967, 0, 79796
2026/10/03 09:32:45.967, 1, 84494
2026/10/03 09:32:45.967, 2, 78646
2026/10/03 09:32:45.967, 3, 77762
2026/10/03 09:32:45.967, 4, 118635
2026/10/03 09:32:45.967, 5, 118611
2026/10/03 09:32:45.967, 6, 118639
2026/10/03 09:32:45.967, 7, 118445
2026/10/03 09:32:46.967, 0, 79796
2026/10/03 09:32:46.967, 1, 84494
2026/10/03 09:32:46.967, 2, 78646
2026/10/03 09:32:46.967, 3, 77762
2026/10/03 09:32:46.967, 4, 118637
2026/10/03 09:32:46.967, 5, 118611
2026/10/03 09:32:46.967, 6, 118639
2026/10/03 09:32:46.967, 7, 118471
2026/10/03 09:32:47.970, 0, 79796
2026/10/03 09:32:47.972, 1, 84494
2026/10/03 09:32:47.974, 2, 78646
2026/10/03 09:32:47.977, 3, 77762
2026/10/03 09:32:47.978, 4, 118637
2026/10/03 09:32:47.982, 5, 118611
2026/10/03 09:32:47.985, 6, 118639
2026/10/03 09:32:47.985, 7, 118499
2026/10/03 09:32:48.986, 0, 79796
2026/10/03 09:32:48.986, 1, 84494
2026/10/03 09:32:48.986, 2, 78646
2026/10/03 09:32:48.986, 3, 77762
2026/10/03 09:32:48.986, 4, 118637
2026/10/03 09:32:48.986, 5, 118611
2026/10/03 09:32:48.986, 6, 118639
2026/10/03 09:32:48.986, 7, 118529
2026/10/03 09:32:49.986, 0, 79796
2026/10/03 09:32:49.987, 1, 84494
2026/10/03 09:32:49.987, 2, 78646
2026/10/03 09:32:49.987, 3, 77762
2026/10/03 09:32:49.987, 4, 118637
2026/10/03 09:32:49.987, 5, 118831
2026/10/03 09:32:49.988, 6, 118639
2026/10/03 09:32:49.988, 7, 118597
2026/10/03 09:32:50.988, 0, 79796
2026/10/03 09:32:50.988, 1, 84494
2026/10/03 09:32:50.988, 2, 78646
2026/10/03 09:32:50.988, 3, 77762
2026/10/03 09:32:50.988, 4, 118637
2026/10/03 09:32:50.988, 5, 118831
2026/10/03 09:32:50.988, 6, 118639
2026/10/03 09:32:50.988, 7, 118741
2026/10/03 09:32:51.988, 0, 79796
2026/10/03 09:32:51.989, 1, 84494
2026/10/03 09:32:51.989, 2, 78646
2026/10/03 09:32:51.989, 3, 77762
2026/10/03 09:32:51.989, 4, 118637
2026/10/03 09:32:51.989, 5, 118831
2026/10/03 09:32:51.989, 6, 118685
2026/10/03 09:32:51.989, 7, 118741
2026/10/03 09:32:52.989, 0, 79796
2026/10/03 09:32:52.989, 1, 84494
2026/10/03 09:32:52.989, 2, 78646
2026/10/03 09:32:52.989, 3, 77762
2026/10/03 09:32:52.989, 4, 118637
2026/10/03 09:32:53.051, 5, 118831
2026/10/03 09:32:53.051, 6, 118685
2026/10/03 09:32:53.051, 7, 118741
2026/10/03 09:32:54.052, 0, 79796
2026/10/03 09:32:54.052, 1, 84494
2026/10/03 09:32:54.052, 2, 78646
2026/10/03 09:32:54.052, 3, 77762
2026/10/03 09:32:54.052, 4, 118637
2026/10/03 09:32:54.052, 5, 118831
2026/10/03 09:32:54.052, 6, 118685
2026/10/03 09:32:54.052, 7, 118741
2026/10/03 09:32:55.052, 0, 79796
2026/10/03 09:32:55.052, 1, 84494
2026/10/03 09:32:55.052, 2, 78646
2026/10/03 09:32:55.052, 3, 77762
2026/10/03 09:32:55.052, 4, 118637
2026/10/03 09:32:55.052, 5, 118831
2026/10/03 09:32:55.052, 6, 118685
2026/10/03 09:32:55.052, 7, 118741
2026/10/03 09:32:56.052, 0, 79796
2026/10/03 09:32:56.052, 1, 84494
2026/10/03 09:32:56.052, 2, 78646
2026/10/03 09:32:56.052, 3, 77762
2026/10/03 09:32:56.052, 4, 118637
2026/10/03 09:32:56.052, 5, 118831
2026/10/03 09:32:56.052, 6, 118751
2026/10/03 09:32:56.052, 7, 118741
2026/10/03 09:32:57.052, 0, 79796
2026/10/03 09:32:57.052, 1, 84494
2026/10/03 09:32:57.052, 2, 78646
2026/10/03 09:32:57.052, 3, 77762
2026/10/03 09:32:57.052, 4, 118637
2026/10/03 09:32:57.052, 5, 118831
2026/10/03 09:32:57.052, 6, 118751
2026/10/03 09:32:57.053, 7, 118741
2026/10/03 09:32:58.053, 0, 79796
2026/10/03 09:32:58.053, 1, 84494
2026/10/03 09:32:58.053, 2, 78646
2026/10/03 09:32:58.053, 3, 77762
2026/10/03 09:32:58.053, 4, 118637
2026/10/03 09:32:58.053, 5, 118831
2026/10/03 09:32:58.053, 6, 118751
2026/10/03 09:32:58.053, 7, 118741
2026/10/03 09:32:59.053, 0, 79796
2026/10/03 09:32:59.053, 1, 84494
2026/10/03 09:32:59.053, 2, 78646
2026/10/03 09:32:59.053, 3, 77762
2026/10/03 09:32:59.053, 4, 118637
2026/10/03 09:32:59.053, 5, 118831
2026/10/03 09:32:59.053, 6, 118751
2026/10/03 09:32:59.053, 7, 118741
2026/10/03 09:33:00.053, 0, 79796
2026/10/03 09:33:00.053, 1, 84494
2026/10/03 09:33:00.053, 2, 78646
2026/10/03 09:33:00.053, 3, 77762
2026/10/03 09:33:00.053, 4, 118637
2026/10/03 09:33:00.053, 5, 118231
2026/10/03 09:33:00.053, 6, 118615
2026/10/03 09:33:00.053, 7, 118373
2026/10/03 09:33:01.053, 0, 79796
2026/10/03 09:33:01.053, 1, 84494
2026/10/03 09:33:01.053, 2, 78646
2026/10/03 09:33:01.053, 3, 77762
2026/10/03 09:33:01.053, 4, 118901
2026/10/03 09:33:01.053, 5, 118255
2026/10/03 09:33:01.054, 6, 118637
2026/10/03 09:33:01.054, 7, 118397
2026/10/03 09:33:02.054, 0, 79796
2026/10/03 09:33:02.054, 1, 84494
2026/10/03 09:33:02.054, 2, 78646
2026/10/03 09:33:02.054, 3, 77762
2026/10/03 09:33:02.054, 4, 120343
2026/10/03 09:33:02.054, 5, 118275
2026/10/03 09:33:02.054, 6, 118637
2026/10/03 09:33:02.054, 7, 118419
2026/10/03 09:33:03.054, 0, 79796
2026/10/03 09:33:03.057, 1, 84494
2026/10/03 09:33:03.057, 2, 78646
2026/10/03 09:33:03.057, 3, 77762
2026/10/03 09:33:03.057, 4, 120343
2026/10/03 09:33:03.057, 5, 118275
2026/10/03 09:33:03.057, 6, 118637
2026/10/03 09:33:03.057, 7, 118443
2026/10/03 09:33:04.057, 0, 79796
2026/10/03 09:33:04.057, 1, 84494
2026/10/03 09:33:04.057, 2, 78646
2026/10/03 09:33:04.057, 3, 77762
2026/10/03 09:33:04.057, 4, 120343
2026/10/03 09:33:04.057, 5, 118307
2026/10/03 09:33:04.058, 6, 118637
2026/10/03 09:33:04.058, 7, 118559
2026/10/03 09:33:05.058, 0, 79796
2026/10/03 09:33:05.058, 1, 84494
2026/10/03 09:33:05.058, 2, 78646
2026/10/03 09:33:05.058, 3, 77762
2026/10/03 09:33:05.058, 4, 120343
2026/10/03 09:33:05.058, 5, 118307
2026/10/03 09:33:05.058, 6, 118637
2026/10/03 09:33:05.058, 7, 119051
2026/10/03 09:33:06.058, 0, 79796
2026/10/03 09:33:06.059, 1, 84494
2026/10/03 09:33:06.059, 2, 78646
2026/10/03 09:33:06.060, 3, 77762
2026/10/03 09:33:06.060, 4, 120343
2026/10/03 09:33:06.060, 5, 118307
2026/10/03 09:33:06.060, 6, 118637
2026/10/03 09:33:06.060, 7, 119053
2026/10/03 09:33:07.060, 0, 79796
2026/10/03 09:33:07.060, 1, 84494
2026/10/03 09:33:07.062, 2, 78646
2026/10/03 09:33:07.063, 3, 77762
2026/10/03 09:33:07.066, 4, 120343
2026/10/03 09:33:07.069, 5, 118307
2026/10/03 09:33:07.071, 6, 118925
2026/10/03 09:33:07.074, 7, 119053
2026/10/03 09:33:08.080, 0, 79796
2026/10/03 09:33:08.080, 1, 84494
2026/10/03 09:33:08.080, 2, 78646
2026/10/03 09:33:08.080, 3, 77762
2026/10/03 09:33:08.080, 4, 120343
2026/10/03 09:33:08.080, 5, 118307
2026/10/03 09:33:08.080, 6, 118925
2026/10/03 09:33:08.080, 7, 119053
2026/10/03 09:33:09.080, 0, 79796
2026/10/03 09:33:09.080, 1, 84494
2026/10/03 09:33:09.080, 2, 78646
2026/10/03 09:33:09.080, 3, 77762
2026/10/03 09:33:09.080, 4, 120343
2026/10/03 09:33:09.080, 5, 118307
2026/10/03 09:33:09.080, 6, 118925
2026/10/03 09:33:09.080, 7, 119053
2026/10/03 09:33:10.080, 0, 79796
2026/10/03 09:33:10.081, 1, 84494
2026/10/03 09:33:10.081, 2, 78646
2026/10/03 09:33:10.081, 3, 77762
2026/10/03 09:33:10.081, 4, 120343
2026/10/03 09:33:10.081, 5, 118307
2026/10/03 09:33:10.081, 6, 118925
2026/10/03 09:33:10.081, 7, 119053
2026/10/03 09:33:11.081, 0, 79796
2026/10/03 09:33:11.081, 1, 84494
2026/10/03 09:33:11.081, 2, 78646
2026/10/03 09:33:11.081, 3, 77762
2026/10/03 09:33:11.081, 4, 120343
2026/10/03 09:33:11.081, 5, 118307
2026/10/03 09:33:11.081, 6, 118925
2026/10/03 09:33:11.081, 7, 119053
2026/10/03 09:33:12.082, 0, 79796
2026/10/03 09:33:12.082, 1, 84494
2026/10/03 09:33:12.084, 2, 78646
2026/10/03 09:33:12.087, 3, 77762
2026/10/03 09:33:12.087, 4, 120343
2026/10/03 09:33:12.087, 5, 118307
2026/10/03 09:33:12.089, 6, 118925
2026/10/03 09:33:12.089, 7, 119053
2026/10/03 09:33:13.089, 0, 79796
2026/10/03 09:33:13.089, 1, 84494
2026/10/03 09:33:13.089, 2, 78646
2026/10/03 09:33:13.089, 3, 77762
2026/10/03 09:33:13.089, 4, 120343
2026/10/03 09:33:13.089, 5, 118307
2026/10/03 09:33:13.089, 6, 118925
2026/10/03 09:33:13.089, 7, 119053
2026/10/03 09:33:14.090, 0, 79796
2026/10/03 09:33:14.090, 1, 84494
2026/10/03 09:33:14.090, 2, 78646
2026/10/03 09:33:14.090, 3, 77762
2026/10/03 09:33:14.090, 4, 120343
2026/10/03 09:33:14.090, 5, 118307
2026/10/03 09:33:14.090, 6, 118925
2026/10/03 09:33:14.090, 7, 119053
2026/10/03 09:33:15.090, 0, 79796
2026/10/03 09:33:15.090, 1, 84494
2026/10/03 09:33:15.090, 2, 78646
2026/10/03 09:33:15.090, 3, 77762
2026/10/03 09:33:15.090, 4, 120343
2026/10/03 09:33:15.090, 5, 118307
2026/10/03 09:33:15.090, 6, 118925
2026/10/03 09:33:15.090, 7, 119053
2026/10/03 09:33:16.090, 0, 79796
2026/10/03 09:33:16.090, 1, 84494
2026/10/03 09:33:16.090, 2, 78646
2026/10/03 09:33:16.090, 3, 77762
2026/10/03 09:33:16.090, 4, 120343
2026/10/03 09:33:16.090, 5, 118307
2026/10/03 09:33:16.090, 6, 118925
2026/10/03 09:33:16.090, 7, 119053
2026/10/03 09:33:17.090, 0, 79796
2026/10/03 09:33:17.090, 1, 84494
2026/10/03 09:33:17.091, 2, 78646
2026/10/03 09:33:17.091, 3, 77762
2026/10/03 09:33:17.091, 4, 118613
2026/10/03 09:33:17.091, 5, 118311
2026/10/03 09:33:17.091, 6, 118615
2026/10/03 09:33:17.091, 7, 118393
2026/10/03 09:33:18.091, 0, 79796
2026/10/03 09:33:18.104, 1, 84494
2026/10/03 09:33:18.105, 2, 78646
2026/10/03 09:33:18.107, 3, 77762
2026/10/03 09:33:18.107, 4, 118637
2026/10/03 09:33:18.109, 5, 118671
2026/10/03 09:33:18.109, 6, 118659
2026/10/03 09:33:18.109, 7, 118397
2026/10/03 09:33:19.109, 0, 79796
2026/10/03 09:33:19.109, 1, 84494
2026/10/03 09:33:19.109, 2, 78646
2026/10/03 09:33:19.109, 3, 77762
2026/10/03 09:33:19.109, 4, 118637
2026/10/03 09:33:19.109, 5, 118671
2026/10/03 09:33:19.109, 6, 118659
2026/10/03 09:33:19.109, 7, 118397
2026/10/03 09:33:20.109, 0, 79796
2026/10/03 09:33:20.109, 1, 84494
2026/10/03 09:33:20.109, 2, 78646
2026/10/03 09:33:20.109, 3, 77762
2026/10/03 09:33:20.109, 4, 118637
2026/10/03 09:33:20.109, 5, 118671
2026/10/03 09:33:20.109, 6, 118659
2026/10/03 09:33:20.109, 7, 118397
2026/10/03 09:33:21.109, 0, 79796
2026/10/03 09:33:21.109, 1, 84494
2026/10/03 09:33:21.109, 2, 78646
2026/10/03 09:33:21.109, 3, 77762
2026/10/03 09:33:21.109, 4, 118637
2026/10/03 09:33:21.110, 5, 118671
2026/10/03 09:33:21.110, 6, 118659
2026/10/03 09:33:21.110, 7, 118397
2026/10/03 09:33:22.110, 0, 79796
2026/10/03 09:33:22.111, 1, 84494
2026/10/03 09:33:22.113, 2, 78646
2026/10/03 09:33:22.115, 3, 77762
2026/10/03 09:33:22.115, 4, 118637
2026/10/03 09:33:22.115, 5, 118671
2026/10/03 09:33:22.115, 6, 118659
2026/10/03 09:33:22.115, 7, 118397
2026/10/03 09:33:23.115, 0, 79796
2026/10/03 09:33:23.115, 1, 84494
2026/10/03 09:33:23.115, 2, 78646
2026/10/03 09:33:23.115, 3, 77762
2026/10/03 09:33:23.115, 4, 118637
2026/10/03 09:33:23.115, 5, 118673
2026/10/03 09:33:23.115, 6, 118659
2026/10/03 09:33:23.115, 7, 118397
2026/10/03 09:33:24.115, 0, 79796
2026/10/03 09:33:24.115, 1, 84494
2026/10/03 09:33:24.118, 2, 78646
2026/10/03 09:33:24.118, 3, 77762
2026/10/03 09:33:24.118, 4, 118637
2026/10/03 09:33:24.118, 5, 118673
2026/10/03 09:33:24.118, 6, 118659
2026/10/03 09:33:24.118, 7, 118397
2026/10/03 09:33:25.118, 0, 79796
2026/10/03 09:33:25.118, 1, 84494
2026/10/03 09:33:25.118, 2, 78646
2026/10/03 09:33:25.118, 3, 77762
2026/10/03 09:33:25.118, 4, 118637
2026/10/03 09:33:25.118, 5, 118673
2026/10/03 09:33:25.118, 6, 118659
2026/10/03 09:33:25.118, 7, 118397
2026/10/03 09:33:26.118, 0, 79796
2026/10/03 09:33:26.118, 1, 84494
2026/10/03 09:33:26.118, 2, 78646
2026/10/03 09:33:26.118, 3, 77762
2026/10/03 09:33:26.119, 4, 118637
2026/10/03 09:33:26.119, 5, 118673
2026/10/03 09:33:26.119, 6, 118659
2026/10/03 09:33:26.119, 7, 118397
2026/10/03 09:33:27.119, 0, 79796
2026/10/03 09:33:27.121, 1, 84494
2026/10/03 09:33:27.122, 2, 78646
2026/10/03 09:33:27.123, 3, 77762
2026/10/03 09:33:27.124, 4, 118637
2026/10/03 09:33:27.126, 5, 118673
2026/10/03 09:33:27.127, 6, 118659
2026/10/03 09:33:27.128, 7, 118397
2026/10/03 09:33:28.130, 0, 79796
2026/10/03 09:33:28.130, 1, 84494
2026/10/03 09:33:28.130, 2, 78646
2026/10/03 09:33:28.130, 3, 77762
2026/10/03 09:33:28.130, 4, 118637
2026/10/03 09:33:28.130, 5, 118673
2026/10/03 09:33:28.130, 6, 118659
2026/10/03 09:33:28.130, 7, 118397
2026/10/03 09:33:29.130, 0, 79796
2026/10/03 09:33:29.130, 1, 84494
2026/10/03 09:33:29.130, 2, 78646
2026/10/03 09:33:29.130, 3, 77762
2026/10/03 09:33:29.130, 4, 118637
2026/10/03 09:33:29.131, 5, 118673
2026/10/03 09:33:29.131, 6, 118659
2026/10/03 09:33:29.131, 7, 118397
2026/10/03 09:33:30.131, 0, 79796
2026/10/03 09:33:30.131, 1, 84494
2026/10/03 09:33:30.131, 2, 78646
2026/10/03 09:33:30.131, 3, 77762
2026/10/03 09:33:30.131, 4, 118637
2026/10/03 09:33:30.131, 5, 118673
2026/10/03 09:33:30.131, 6, 118789
2026/10/03 09:33:30.131, 7, 118397
2026/10/03 09:33:31.131, 0, 79796
2026/10/03 09:33:31.132, 1, 84494
2026/10/03 09:33:31.132, 2, 78646
2026/10/03 09:33:31.133, 3, 77762
2026/10/03 09:33:31.133, 4, 118637
2026/10/03 09:33:31.133, 5, 118673
2026/10/03 09:33:31.133, 6, 118789
2026/10/03 09:33:31.133, 7, 118397
2026/10/03 09:33:32.133, 0, 79796
2026/10/03 09:33:32.133, 1, 84494
2026/10/03 09:33:32.135, 2, 78646
2026/10/03 09:33:32.136, 3, 77762
2026/10/03 09:33:32.142, 4, 119263
2026/10/03 09:33:32.144, 5, 118867
2026/10/03 09:33:32.145, 6, 118615
2026/10/03 09:33:32.146, 7, 118373
2026/10/03 09:33:33.146, 0, 79796
2026/10/03 09:33:33.146, 1, 84494
2026/10/03 09:33:33.146, 2, 78646
2026/10/03 09:33:33.147, 3, 77762
2026/10/03 09:33:33.147, 4, 118613
2026/10/03 09:33:33.147, 5, 118233
2026/10/03 09:33:33.147, 6, 118615
2026/10/03 09:33:33.147, 7, 118373
2026/10/03 09:33:34.147, 0, 79796
2026/10/03 09:33:34.147, 1, 84494
2026/10/03 09:33:34.147, 2, 78646
2026/10/03 09:33:34.147, 3, 77762
2026/10/03 09:33:34.148, 4, 118751
2026/10/03 09:33:34.148, 5, 118233
2026/10/03 09:33:34.148, 6, 118615
2026/10/03 09:33:34.148, 7, 118739
2026/10/03 09:33:35.148, 0, 79796
2026/10/03 09:33:35.148, 1, 84494
2026/10/03 09:33:35.148, 2, 78646
2026/10/03 09:33:35.148, 3, 77762
2026/10/03 09:33:35.148, 4, 119069
2026/10/03 09:33:35.148, 5, 118289
2026/10/03 09:33:35.148, 6, 118819
2026/10/03 09:33:35.148, 7, 118739
2026/10/03 09:33:36.148, 0, 79796
2026/10/03 09:33:36.148, 1, 84494
2026/10/03 09:33:36.148, 2, 78646
2026/10/03 09:33:36.148, 3, 77762
2026/10/03 09:33:36.148, 4, 120225
2026/10/03 09:33:36.148, 5, 118289
2026/10/03 09:33:36.148, 6, 118819
2026/10/03 09:33:36.148, 7, 118739
2026/10/03 09:33:37.149, 0, 79796
2026/10/03 09:33:37.149, 1, 84494
2026/10/03 09:33:37.149, 2, 78646
2026/10/03 09:33:37.149, 3, 77762
2026/10/03 09:33:37.149, 4, 121051
2026/10/03 09:33:37.149, 5, 118289
2026/10/03 09:33:37.149, 6, 118821
2026/10/03 09:33:37.149, 7, 118739
2026/10/03 09:33:38.149, 0, 79796
2026/10/03 09:33:38.149, 1, 84494
2026/10/03 09:33:38.149, 2, 78646
2026/10/03 09:33:38.149, 3, 77762
2026/10/03 09:33:38.149, 4, 121051
2026/10/03 09:33:38.149, 5, 118289
2026/10/03 09:33:38.149, 6, 118823
2026/10/03 09:33:38.149, 7, 118741
2026/10/03 09:33:39.149, 0, 79796
2026/10/03 09:33:39.149, 1, 84494
2026/10/03 09:33:39.149, 2, 78646
2026/10/03 09:33:39.149, 3, 77762
2026/10/03 09:33:39.149, 4, 121051
2026/10/03 09:33:39.149, 5, 118289
2026/10/03 09:33:39.149, 6, 119319
2026/10/03 09:33:39.149, 7, 118741
2026/10/03 09:33:40.149, 0, 79796
2026/10/03 09:33:40.149, 1, 84494
2026/10/03 09:33:40.149, 2, 78646
2026/10/03 09:33:40.149, 3, 77762
2026/10/03 09:33:40.149, 4, 121051
2026/10/03 09:33:40.149, 5, 118289
2026/10/03 09:33:40.149, 6, 119319
2026/10/03 09:33:40.150, 7, 118741
2026/10/03 09:33:41.150, 0, 79796
2026/10/03 09:33:41.150, 1, 84494
2026/10/03 09:33:41.150, 2, 78646
2026/10/03 09:33:41.150, 3, 77762
2026/10/03 09:33:41.150, 4, 121051
2026/10/03 09:33:41.150, 5, 118289
2026/10/03 09:33:41.150, 6, 119319
2026/10/03 09:33:41.150, 7, 118741
2026/10/03 09:33:42.150, 0, 79796
2026/10/03 09:33:42.155, 1, 84494
2026/10/03 09:33:42.160, 2, 78646
2026/10/03 09:33:42.163, 3, 77762
2026/10/03 09:33:42.165, 4, 121051
2026/10/03 09:33:42.167, 5, 118289
2026/10/03 09:33:42.171, 6, 119319
2026/10/03 09:33:42.173, 7, 118741
2026/10/03 09:33:43.175, 0, 79796
2026/10/03 09:33:43.175, 1, 84494
2026/10/03 09:33:43.175, 2, 78646
2026/10/03 09:33:43.175, 3, 77762
2026/10/03 09:33:43.175, 4, 121051
2026/10/03 09:33:43.175, 5, 118289
2026/10/03 09:33:43.176, 6, 119319
2026/10/03 09:33:43.176, 7, 118741
2026/10/03 09:33:44.176, 0, 79796
2026/10/03 09:33:44.176, 1, 84494
2026/10/03 09:33:44.177, 2, 78646
2026/10/03 09:33:44.177, 3, 77762
2026/10/03 09:33:44.177, 4, 121051
2026/10/03 09:33:44.177, 5, 118289
2026/10/03 09:33:44.177, 6, 119319
2026/10/03 09:33:44.177, 7, 118741
2026/10/03 09:33:45.177, 0, 79796
2026/10/03 09:33:45.177, 1, 84494
2026/10/03 09:33:45.177, 2, 78646
2026/10/03 09:33:45.177, 3, 77762
2026/10/03 09:33:45.177, 4, 121051
2026/10/03 09:33:45.177, 5, 118289
2026/10/03 09:33:45.177, 6, 119319
2026/10/03 09:33:45.177, 7, 118741
2026/10/03 09:33:46.177, 0, 79796
2026/10/03 09:33:46.177, 1, 84494
2026/10/03 09:33:46.177, 2, 78646
2026/10/03 09:33:46.177, 3, 77762
2026/10/03 09:33:46.177, 4, 121051
2026/10/03 09:33:46.177, 5, 118289
2026/10/03 09:33:46.177, 6, 119319
2026/10/03 09:33:46.177, 7, 118741
2026/10/03 09:33:47.177, 0, 79796
2026/10/03 09:33:47.178, 1, 84494
2026/10/03 09:33:47.178, 2, 78646
2026/10/03 09:33:47.178, 3, 77762
2026/10/03 09:33:47.179, 4, 121051
2026/10/03 09:33:47.179, 5, 118289
2026/10/03 09:33:47.181, 6, 119319
2026/10/03 09:33:47.181, 7, 118741
2026/10/03 09:33:48.181, 0, 79796
2026/10/03 09:33:48.183, 1, 84494
2026/10/03 09:33:48.183, 2, 78646
2026/10/03 09:33:48.185, 3, 77762
2026/10/03 09:33:48.185, 4, 121051
2026/10/03 09:33:48.187, 5, 118289
2026/10/03 09:33:48.189, 6, 119319
2026/10/03 09:33:48.191, 7, 118741
2026/10/03 09:33:49.191, 0, 79796
2026/10/03 09:33:49.192, 1, 84494
2026/10/03 09:33:49.194, 2, 78646
2026/10/03 09:33:49.194, 3, 77762
2026/10/03 09:33:49.194, 4, 119273
2026/10/03 09:33:49.194, 5, 118233
2026/10/03 09:33:49.194, 6, 119275
2026/10/03 09:33:49.194, 7, 119033
2026/10/03 09:33:50.194, 0, 79796
2026/10/03 09:33:50.194, 1, 84494
2026/10/03 09:33:50.194, 2, 78646
2026/10/03 09:33:50.194, 3, 77762
2026/10/03 09:33:50.194, 4, 118613
2026/10/03 09:33:50.194, 5, 118233
2026/10/03 09:33:50.194, 6, 118615
2026/10/03 09:33:50.194, 7, 118373
2026/10/03 09:33:51.194, 0, 79796
2026/10/03 09:33:51.195, 1, 84494
2026/10/03 09:33:51.195, 2, 78646
2026/10/03 09:33:51.196, 3, 77762
2026/10/03 09:33:51.196, 4, 118613
2026/10/03 09:33:51.196, 5, 118233
2026/10/03 09:33:51.196, 6, 118615
2026/10/03 09:33:51.196, 7, 118373
2026/10/03 09:33:52.196, 0, 79796
2026/10/03 09:33:52.196, 1, 84494
2026/10/03 09:33:52.196, 2, 78646
2026/10/03 09:33:52.196, 3, 77762
2026/10/03 09:33:52.196, 4, 118613
2026/10/03 09:33:52.196, 5, 118233
2026/10/03 09:33:52.196, 6, 118615
2026/10/03 09:33:52.196, 7, 118373
2026/10/03 09:33:53.196, 0, 79796
2026/10/03 09:33:53.198, 1, 84494
2026/10/03 09:33:53.199, 2, 78646
2026/10/03 09:33:53.199, 3, 77762
2026/10/03 09:33:53.199, 4, 118613
2026/10/03 09:33:53.199, 5, 118233
2026/10/03 09:33:53.199, 6, 118615
2026/10/03 09:33:53.199, 7, 118373
2026/10/03 09:33:54.199, 0, 79796
2026/10/03 09:33:54.199, 1, 84494
2026/10/03 09:33:54.199, 2, 78646
2026/10/03 09:33:54.199, 3, 77762
2026/10/03 09:33:54.199, 4, 118613
2026/10/03 09:33:54.199, 5, 118445
2026/10/03 09:33:54.199, 6, 118615
2026/10/03 09:33:54.199, 7, 118373
2026/10/03 09:33:55.200, 0, 79796
2026/10/03 09:33:55.201, 1, 84494
2026/10/03 09:33:55.201, 2, 78646
2026/10/03 09:33:55.204, 3, 77762
2026/10/03 09:33:55.206, 4, 118637
2026/10/03 09:33:55.206, 5, 118477
2026/10/03 09:33:55.206, 6, 118637
2026/10/03 09:33:55.206, 7, 118397
2026/10/03 09:33:56.206, 0, 79796
2026/10/03 09:33:56.206, 1, 84494
2026/10/03 09:33:56.206, 2, 78646
2026/10/03 09:33:56.206, 3, 77762
2026/10/03 09:33:56.206, 4, 118655
2026/10/03 09:33:56.206, 5, 119693
2026/10/03 09:33:56.206, 6, 118637
2026/10/03 09:33:56.206, 7, 118397
2026/10/03 09:33:57.206, 0, 79796
2026/10/03 09:33:57.209, 1, 84494
2026/10/03 09:33:57.210, 2, 78646
2026/10/03 09:33:57.211, 3, 77762
2026/10/03 09:33:57.213, 4, 118655
2026/10/03 09:33:57.213, 5, 119693
2026/10/03 09:33:57.215, 6, 118637
2026/10/03 09:33:57.215, 7, 118397
2026/10/03 09:33:58.216, 0, 79796
2026/10/03 09:33:58.216, 1, 84494
2026/10/03 09:33:58.216, 2, 78646
2026/10/03 09:33:58.216, 3, 77762
2026/10/03 09:33:58.216, 4, 118655
2026/10/03 09:33:58.216, 5, 119693
2026/10/03 09:33:58.216, 6, 118637
2026/10/03 09:33:58.216, 7, 118397
2026/10/03 09:33:59.217, 0, 79796
2026/10/03 09:33:59.217, 1, 84494
2026/10/03 09:33:59.217, 2, 78646
2026/10/03 09:33:59.217, 3, 77762
2026/10/03 09:33:59.217, 4, 118655
2026/10/03 09:33:59.217, 5, 119693
2026/10/03 09:33:59.217, 6, 118637
2026/10/03 09:33:59.217, 7, 118397
2026/10/03 09:34:00.217, 0, 79796
2026/10/03 09:34:00.217, 1, 84494
2026/10/03 09:34:00.217, 2, 78646
2026/10/03 09:34:00.217, 3, 77762
2026/10/03 09:34:00.217, 4, 118655
2026/10/03 09:34:00.217, 5, 119693
2026/10/03 09:34:00.217, 6, 118637
2026/10/03 09:34:00.217, 7, 118397
2026/10/03 09:34:01.217, 0, 79796
2026/10/03 09:34:01.217, 1, 84494
2026/10/03 09:34:01.217, 2, 78646
2026/10/03 09:34:01.217, 3, 77762
2026/10/03 09:34:01.217, 4, 118655
2026/10/03 09:34:01.217, 5, 119693
2026/10/03 09:34:01.217, 6, 118639
2026/10/03 09:34:01.217, 7, 118397
2026/10/03 09:34:02.218, 0, 79796
2026/10/03 09:34:02.219, 1, 84494
2026/10/03 09:34:02.220, 2, 78646
2026/10/03 09:34:02.222, 3, 77762
2026/10/03 09:34:02.222, 4, 118655
2026/10/03 09:34:02.222, 5, 119693
2026/10/03 09:34:02.222, 6, 118639
2026/10/03 09:34:02.222, 7, 118397
2026/10/03 09:34:03.222, 0, 79796
2026/10/03 09:34:03.222, 1, 84494
2026/10/03 09:34:03.222, 2, 78646
2026/10/03 09:34:03.222, 3, 77762
2026/10/03 09:34:03.222, 4, 118655
2026/10/03 09:34:03.222, 5, 119693
2026/10/03 09:34:03.222, 6, 118639
2026/10/03 09:34:03.222, 7, 118397
2026/10/03 09:34:04.222, 0, 79796
2026/10/03 09:34:04.223, 1, 84494
2026/10/03 09:34:04.223, 2, 78646
2026/10/03 09:34:04.223, 3, 77762
2026/10/03 09:34:04.223, 4, 118655
2026/10/03 09:34:04.223, 5, 119693
2026/10/03 09:34:04.223, 6, 118639
2026/10/03 09:34:04.223, 7, 118397
2026/10/03 09:34:05.223, 0, 79796
2026/10/03 09:34:05.224, 1, 84494
2026/10/03 09:34:05.224, 2, 78646
2026/10/03 09:34:05.224, 3, 77762
2026/10/03 09:34:05.224, 4, 118655
2026/10/03 09:34:05.224, 5, 119693
2026/10/03 09:34:05.224, 6, 118639
2026/10/03 09:34:05.224, 7, 118397
2026/10/03 09:34:06.224, 0, 79796
2026/10/03 09:34:06.225, 1, 84494
2026/10/03 09:34:06.225, 2, 78646
2026/10/03 09:34:06.225, 3, 77762
2026/10/03 09:34:06.225, 4, 118655
2026/10/03 09:34:06.225, 5, 119693
2026/10/03 09:34:06.225, 6, 118639
2026/10/03 09:34:06.225, 7, 118397
2026/10/03 09:34:07.225, 0, 79796
2026/10/03 09:34:07.225, 1, 84494
2026/10/03 09:34:07.225, 2, 78646
2026/10/03 09:34:07.225, 3, 77762
2026/10/03 09:34:07.226, 4, 118655
2026/10/03 09:34:07.226, 5, 119693
2026/10/03 09:34:07.226, 6, 118639
2026/10/03 09:34:07.226, 7, 118397
2026/10/03 09:34:08.226, 0, 79796
2026/10/03 09:34:08.226, 1, 84494
2026/10/03 09:34:08.226, 2, 78646
2026/10/03 09:34:08.226, 3, 77762
2026/10/03 09:34:08.226, 4, 118655
2026/10/03 09:34:08.226, 5, 119693
2026/10/03 09:34:08.226, 6, 118639
2026/10/03 09:34:08.226, 7, 118397
2026/10/03 09:34:09.226, 0, 79796
2026/10/03 09:34:09.226, 1, 84494
2026/10/03 09:34:09.226, 2, 78646
2026/10/03 09:34:09.226, 3, 77762
2026/10/03 09:34:09.226, 4, 118613
2026/10/03 09:34:09.226, 5, 118249
2026/10/03 09:34:09.226, 6, 118621
2026/10/03 09:34:09.226, 7, 118373
2026/10/03 09:34:10.226, 0, 79796
2026/10/03 09:34:10.226, 1, 84494
2026/10/03 09:34:10.227, 2, 78646
2026/10/03 09:34:10.227, 3, 77762
2026/10/03 09:34:10.227, 4, 118613
2026/10/03 09:34:10.227, 5, 118233
2026/10/03 09:34:10.227, 6, 118615
2026/10/03 09:34:10.227, 7, 118373
2026/10/03 09:34:11.227, 0, 79796
2026/10/03 09:34:11.227, 1, 84494
2026/10/03 09:34:11.227, 2, 78646
2026/10/03 09:34:11.227, 3, 77762
2026/10/03 09:34:11.227, 4, 119093
2026/10/03 09:34:11.227, 5, 118255
2026/10/03 09:34:11.227, 6, 118905
2026/10/03 09:34:11.227, 7, 118675
2026/10/03 09:34:12.227, 0, 79796
2026/10/03 09:34:12.227, 1, 84494
2026/10/03 09:34:12.227, 2, 78646
2026/10/03 09:34:12.227, 3, 77762
2026/10/03 09:34:12.227, 4, 119317
2026/10/03 09:34:12.227, 5, 118257
2026/10/03 09:34:12.227, 6, 119231
2026/10/03 09:34:12.227, 7, 118675
2026/10/03 09:34:13.227, 0, 79796
2026/10/03 09:34:13.227, 1, 84494
2026/10/03 09:34:13.227, 2, 78646
2026/10/03 09:34:13.227, 3, 77762
2026/10/03 09:34:13.227, 4, 119317
2026/10/03 09:34:13.227, 5, 118257
2026/10/03 09:34:13.227, 6, 119231
2026/10/03 09:34:13.264, 7, 118675
2026/10/03 09:34:14.264, 0, 79796
2026/10/03 09:34:14.264, 1, 84494
2026/10/03 09:34:14.264, 2, 78646
2026/10/03 09:34:14.264, 3, 77762
2026/10/03 09:34:14.264, 4, 119317
2026/10/03 09:34:14.264, 5, 118257
2026/10/03 09:34:14.264, 6, 119231
2026/10/03 09:34:14.264, 7, 118675
2026/10/03 09:34:15.264, 0, 79796
2026/10/03 09:34:15.264, 1, 84494
2026/10/03 09:34:15.264, 2, 78646
2026/10/03 09:34:15.264, 3, 77762
2026/10/03 09:34:15.264, 4, 119317
2026/10/03 09:34:15.264, 5, 118257
2026/10/03 09:34:15.264, 6, 119231
2026/10/03 09:34:15.265, 7, 118675
2026/10/03 09:34:16.265, 0, 79796
2026/10/03 09:34:16.265, 1, 84494
2026/10/03 09:34:16.265, 2, 78646
2026/10/03 09:34:16.265, 3, 77762
2026/10/03 09:34:16.265, 4, 119317
2026/10/03 09:34:16.265, 5, 118257
2026/10/03 09:34:16.265, 6, 119231
2026/10/03 09:34:16.265, 7, 118675
2026/10/03 09:34:17.265, 0, 79796
2026/10/03 09:34:17.265, 1, 84494
2026/10/03 09:34:17.265, 2, 78646
2026/10/03 09:34:17.265, 3, 77762
2026/10/03 09:34:17.265, 4, 119317
2026/10/03 09:34:17.265, 5, 118257
2026/10/03 09:34:17.265, 6, 119231
2026/10/03 09:34:17.265, 7, 118675
2026/10/03 09:34:18.266, 0, 79796
2026/10/03 09:34:18.266, 1, 84494
2026/10/03 09:34:18.275, 2, 78646
2026/10/03 09:34:18.276, 3, 77762
2026/10/03 09:34:18.277, 4, 119317
2026/10/03 09:34:18.280, 5, 118257
2026/10/03 09:34:18.287, 6, 119231
2026/10/03 09:34:18.289, 7, 118675
2026/10/03 09:34:19.292, 0, 79796
2026/10/03 09:34:19.300, 1, 84494
2026/10/03 09:34:19.302, 2, 78646
2026/10/03 09:34:19.302, 3, 77762
2026/10/03 09:34:19.304, 4, 119317
2026/10/03 09:34:19.304, 5, 118257
2026/10/03 09:34:19.305, 6, 119231
2026/10/03 09:34:19.305, 7, 118675
2026/10/03 09:34:20.307, 0, 79796
2026/10/03 09:34:20.307, 1, 84494
2026/10/03 09:34:20.307, 2, 78646
2026/10/03 09:34:20.307, 3, 77762
2026/10/03 09:34:20.307, 4, 119317
2026/10/03 09:34:20.307, 5, 118289
2026/10/03 09:34:20.307, 6, 119231
2026/10/03 09:34:20.307, 7, 118675
2026/10/03 09:34:21.307, 0, 79796
2026/10/03 09:34:21.307, 1, 84494
2026/10/03 09:34:21.307, 2, 78646
2026/10/03 09:34:21.307, 3, 77762
2026/10/03 09:34:21.307, 4, 119317
2026/10/03 09:34:21.307, 5, 118289
2026/10/03 09:34:21.307, 6, 119231
2026/10/03 09:34:21.307, 7, 118675
2026/10/03 09:34:22.307, 0, 79796
2026/10/03 09:34:22.307, 1, 84494
2026/10/03 09:34:22.308, 2, 78646
2026/10/03 09:34:22.308, 3, 77764
2026/10/03 09:34:22.313, 4, 119317
2026/10/03 09:34:22.314, 5, 118289
2026/10/03 09:34:22.314, 6, 119231
2026/10/03 09:34:22.314, 7, 118675
2026/10/03 09:34:23.314, 0, 79796
2026/10/03 09:34:23.314, 1, 84494
2026/10/03 09:34:23.314, 2, 78646
2026/10/03 09:34:23.314, 3, 77764
2026/10/03 09:34:23.314, 4, 119317
2026/10/03 09:34:23.315, 5, 118289
2026/10/03 09:34:23.315, 6, 119231
2026/10/03 09:34:23.315, 7, 118675
2026/10/03 09:34:24.315, 0, 79796
2026/10/03 09:34:24.315, 1, 84494
2026/10/03 09:34:24.315, 2, 78646
2026/10/03 09:34:24.315, 3, 77764
2026/10/03 09:34:24.315, 4, 119317
2026/10/03 09:34:24.315, 5, 119291
2026/10/03 09:34:24.315, 6, 119857
2026/10/03 09:34:24.315, 7, 119301
2026/10/03 09:34:25.315, 0, 79796
2026/10/03 09:34:25.315, 1, 84494
2026/10/03 09:34:25.315, 2, 78646
2026/10/03 09:34:25.315, 3, 77764
2026/10/03 09:34:25.315, 4, 118613
2026/10/03 09:34:25.315, 5, 118233
2026/10/03 09:34:25.315, 6, 118615
2026/10/03 09:34:25.315, 7, 118373
2026/10/03 09:34:26.315, 0, 79796
2026/10/03 09:34:26.315, 1, 84494
2026/10/03 09:34:26.315, 2, 78646
2026/10/03 09:34:26.315, 3, 77764
2026/10/03 09:34:26.315, 4, 118831
2026/10/03 09:34:26.315, 5, 118457
2026/10/03 09:34:26.315, 6, 118637
2026/10/03 09:34:26.315, 7, 118397
2026/10/03 09:34:27.315, 0, 79796
2026/10/03 09:34:27.316, 1, 84494
2026/10/03 09:34:27.316, 2, 78646
2026/10/03 09:34:27.317, 3, 77764
2026/10/03 09:34:27.317, 4, 118831
2026/10/03 09:34:27.318, 5, 118489
2026/10/03 09:34:27.319, 6, 118637
2026/10/03 09:34:27.321, 7, 118397
2026/10/03 09:34:28.322, 0, 79796
2026/10/03 09:34:28.322, 1, 84494
2026/10/03 09:34:28.322, 2, 78646
2026/10/03 09:34:28.322, 3, 77764
2026/10/03 09:34:28.322, 4, 118831
2026/10/03 09:34:28.322, 5, 118489
2026/10/03 09:34:28.322, 6, 118637
2026/10/03 09:34:28.322, 7, 118397
2026/10/03 09:34:29.322, 0, 79796
2026/10/03 09:34:29.322, 1, 84494
2026/10/03 09:34:29.322, 2, 78646
2026/10/03 09:34:29.322, 3, 77764
2026/10/03 09:34:29.322, 4, 118831
2026/10/03 09:34:29.322, 5, 119069
2026/10/03 09:34:29.322, 6, 118637
2026/10/03 09:34:29.322, 7, 118397
2026/10/03 09:34:30.322, 0, 79796
2026/10/03 09:34:30.322, 1, 84494
2026/10/03 09:34:30.322, 2, 78646
2026/10/03 09:34:30.322, 3, 77764
2026/10/03 09:34:30.322, 4, 118831
2026/10/03 09:34:30.322, 5, 119555
2026/10/03 09:34:30.322, 6, 118637
2026/10/03 09:34:30.322, 7, 118397
2026/10/03 09:34:31.322, 0, 79796
2026/10/03 09:34:31.322, 1, 84494
2026/10/03 09:34:31.322, 2, 78646
2026/10/03 09:34:31.322, 3, 77764
2026/10/03 09:34:31.323, 4, 118831
2026/10/03 09:34:31.323, 5, 119555
2026/10/03 09:34:31.323, 6, 118637
2026/10/03 09:34:31.323, 7, 118397
2026/10/03 09:34:32.323, 0, 79796
2026/10/03 09:34:32.324, 1, 84494
2026/10/03 09:34:32.327, 2, 78646
2026/10/03 09:34:32.330, 3, 77764
2026/10/03 09:34:32.334, 4, 118831
2026/10/03 09:34:32.336, 5, 120049
2026/10/03 09:34:32.338, 6, 118637
2026/10/03 09:34:32.340, 7, 118397
2026/10/03 09:34:33.342, 0, 79796
2026/10/03 09:34:33.342, 1, 84494
2026/10/03 09:34:33.342, 2, 78646
2026/10/03 09:34:33.342, 3, 77764
2026/10/03 09:34:33.342, 4, 118831
2026/10/03 09:34:33.342, 5, 120049
2026/10/03 09:34:33.342, 6, 118637
2026/10/03 09:34:33.342, 7, 118397
2026/10/03 09:34:34.342, 0, 79796
2026/10/03 09:34:34.342, 1, 84494
2026/10/03 09:34:34.342, 2, 78646
2026/10/03 09:34:34.342, 3, 77764
2026/10/03 09:34:34.342, 4, 118831
2026/10/03 09:34:34.342, 5, 120049
2026/10/03 09:34:34.355, 6, 118637
2026/10/03 09:34:34.355, 7, 118397
2026/10/03 09:34:35.355, 0, 79796
2026/10/03 09:34:35.356, 1, 84494
2026/10/03 09:34:35.357, 2, 78646
2026/10/03 09:34:35.362, 3, 77764
2026/10/03 09:34:35.367, 4, 118831
2026/10/03 09:34:35.367, 5, 120049
2026/10/03 09:34:35.367, 6, 118637
2026/10/03 09:34:35.367, 7, 118397
2026/10/03 09:34:36.367, 0, 79796
2026/10/03 09:34:36.367, 1, 84494
2026/10/03 09:34:36.367, 2, 78646
2026/10/03 09:34:36.367, 3, 77764
2026/10/03 09:34:36.367, 4, 118831
2026/10/03 09:34:36.367, 5, 120049
2026/10/03 09:34:36.367, 6, 118637
2026/10/03 09:34:36.367, 7, 118397
2026/10/03 09:34:37.367, 0, 79796
2026/10/03 09:34:37.367, 1, 84494
2026/10/03 09:34:37.368, 2, 78646
2026/10/03 09:34:37.368, 3, 77764
2026/10/03 09:34:37.368, 4, 118831
2026/10/03 09:34:37.368, 5, 120049
2026/10/03 09:34:37.368, 6, 118637
2026/10/03 09:34:37.368, 7, 118397
2026/10/03 09:34:38.368, 0, 79796
2026/10/03 09:34:38.368, 1, 84494
2026/10/03 09:34:38.368, 2, 78646
2026/10/03 09:34:38.368, 3, 77764
2026/10/03 09:34:38.368, 4, 118831
2026/10/03 09:34:38.368, 5, 120049
2026/10/03 09:34:38.368, 6, 118637
2026/10/03 09:34:38.368, 7, 118397
2026/10/03 09:34:39.368, 0, 79796
2026/10/03 09:34:39.368, 1, 84494
2026/10/03 09:34:39.368, 2, 78646
2026/10/03 09:34:39.368, 3, 77770
2026/10/03 09:34:39.368, 4, 118831
2026/10/03 09:34:39.368, 5, 120049
2026/10/03 09:34:39.368, 6, 118639
2026/10/03 09:34:39.368, 7, 118397
2026/10/03 09:34:40.368, 0, 79796
2026/10/03 09:34:40.369, 1, 84494
2026/10/03 09:34:40.370, 2, 78646
2026/10/03 09:34:40.371, 3, 77770
2026/10/03 09:34:40.372, 4, 118831
2026/10/03 09:34:40.373, 5, 120049
2026/10/03 09:34:40.374, 6, 118639
2026/10/03 09:34:40.374, 7, 118419
2026/10/03 09:34:41.374, 0, 79796
2026/10/03 09:34:41.374, 1, 84494
2026/10/03 09:34:41.375, 2, 78646
2026/10/03 09:34:41.376, 3, 77770
2026/10/03 09:34:41.377, 4, 118831
2026/10/03 09:34:41.379, 5, 120049
2026/10/03 09:34:41.379, 6, 118639
2026/10/03 09:34:41.379, 7, 118419
2026/10/03 09:34:42.379, 0, 79796
2026/10/03 09:34:42.379, 1, 84494
2026/10/03 09:34:42.379, 2, 78646
2026/10/03 09:34:42.379, 3, 77770
2026/10/03 09:34:42.379, 4, 118613
2026/10/03 09:34:42.379, 5, 118233
2026/10/03 09:34:42.379, 6, 118615
2026/10/03 09:34:42.379, 7, 118373
2026/10/03 09:34:43.379, 0, 79796
2026/10/03 09:34:43.379, 1, 84494
2026/10/03 09:34:43.381, 2, 78646
2026/10/03 09:34:43.382, 3, 77770
2026/10/03 09:34:43.382, 4, 118613
2026/10/03 09:34:43.382, 5, 118233
2026/10/03 09:34:43.382, 6, 118615
2026/10/03 09:34:43.382, 7, 118373
2026/10/03 09:34:44.383, 0, 79796
2026/10/03 09:34:44.383, 1, 84494
2026/10/03 09:34:44.383, 2, 78646
2026/10/03 09:34:44.383, 3, 77770
2026/10/03 09:34:44.383, 4, 119623
2026/10/03 09:34:44.383, 5, 118255
2026/10/03 09:34:44.383, 6, 119177
2026/10/03 09:34:44.383, 7, 118809
2026/10/03 09:34:45.383, 0, 79796
2026/10/03 09:34:45.383, 1, 84494
2026/10/03 09:34:45.385, 2, 78646
2026/10/03 09:34:45.385, 3, 77770
2026/10/03 09:34:45.388, 4, 119773
2026/10/03 09:34:45.390, 5, 118255
2026/10/03 09:34:45.390, 6, 119433
2026/10/03 09:34:45.391, 7, 118809
2026/10/03 09:34:46.391, 0, 79796
2026/10/03 09:34:46.391, 1, 84494
2026/10/03 09:34:46.391, 2, 78646
2026/10/03 09:34:46.391, 3, 77770
2026/10/03 09:34:46.391, 4, 119773
2026/10/03 09:34:46.391, 5, 118255
2026/10/03 09:34:46.391, 6, 119433
2026/10/03 09:34:46.391, 7, 118809
2026/10/03 09:34:47.391, 0, 79796
2026/10/03 09:34:47.449, 1, 84494
2026/10/03 09:34:47.452, 2, 78646
2026/10/03 09:34:47.455, 3, 77770
2026/10/03 09:34:47.458, 4, 119773
2026/10/03 09:34:47.459, 5, 118287
2026/10/03 09:34:47.464, 6, 119433
2026/10/03 09:34:47.465, 7, 118809
2026/10/03 09:34:48.468, 0, 79796
2026/10/03 09:34:48.470, 1, 84494
2026/10/03 09:34:48.470, 2, 78646
2026/10/03 09:34:48.473, 3, 77770
2026/10/03 09:34:48.474, 4, 119773
2026/10/03 09:34:48.478, 5, 118287
2026/10/03 09:34:48.478, 6, 119433
2026/10/03 09:34:48.478, 7, 118809
2026/10/03 09:34:49.479, 0, 79796
2026/10/03 09:34:49.479, 1, 84494
2026/10/03 09:34:49.479, 2, 78646
2026/10/03 09:34:49.479, 3, 77770
2026/10/03 09:34:49.479, 4, 119773
2026/10/03 09:34:49.479, 5, 118287
2026/10/03 09:34:49.479, 6, 119433
2026/10/03 09:34:49.479, 7, 118809
2026/10/03 09:34:50.479, 0, 79796
2026/10/03 09:34:50.480, 1, 84494
2026/10/03 09:34:50.480, 2, 78646
2026/10/03 09:34:50.480, 3, 77770
2026/10/03 09:34:50.480, 4, 119773
2026/10/03 09:34:50.480, 5, 118289
2026/10/03 09:34:50.480, 6, 119433
2026/10/03 09:34:50.480, 7, 118809
2026/10/03 09:34:51.480, 0, 79796
2026/10/03 09:34:51.481, 1, 84494
2026/10/03 09:34:51.483, 2, 78646
2026/10/03 09:34:51.485, 3, 77770
2026/10/03 09:34:51.487, 4, 119773
2026/10/03 09:34:51.489, 5, 118289
2026/10/03 09:34:51.491, 6, 119433
2026/10/03 09:34:51.492, 7, 118809
2026/10/03 09:34:52.494, 0, 79796
2026/10/03 09:34:52.496, 1, 84494
2026/10/03 09:34:52.497, 2, 78646
2026/10/03 09:34:52.498, 3, 77770
2026/10/03 09:34:52.498, 4, 119773
2026/10/03 09:34:52.498, 5, 118289
2026/10/03 09:34:52.498, 6, 119433
2026/10/03 09:34:52.498, 7, 118809
2026/10/03 09:34:53.499, 0, 79796
2026/10/03 09:34:53.499, 1, 84494
2026/10/03 09:34:53.499, 2, 78646
2026/10/03 09:34:53.499, 3, 77770
2026/10/03 09:34:53.499, 4, 119773
2026/10/03 09:34:53.499, 5, 118289
2026/10/03 09:34:53.499, 6, 119433
2026/10/03 09:34:53.499, 7, 118809
2026/10/03 09:34:54.499, 0, 79796
2026/10/03 09:34:54.499, 1, 84494
2026/10/03 09:34:54.499, 2, 78646
2026/10/03 09:34:54.499, 3, 77770
2026/10/03 09:34:54.499, 4, 119773
2026/10/03 09:34:54.499, 5, 118289
2026/10/03 09:34:54.499, 6, 119433
2026/10/03 09:34:54.499, 7, 118809
2026/10/03 09:34:55.499, 0, 79800
2026/10/03 09:34:55.500, 1, 84494
2026/10/03 09:34:55.500, 2, 78646
2026/10/03 09:34:55.500, 3, 77770
2026/10/03 09:34:55.500, 4, 119773
2026/10/03 09:34:55.500, 5, 118289
2026/10/03 09:34:55.500, 6, 119433
2026/10/03 09:34:55.500, 7, 118809
2026/10/03 09:34:56.500, 0, 79800
2026/10/03 09:34:56.500, 1, 84494
2026/10/03 09:34:56.500, 2, 78646
2026/10/03 09:34:56.500, 3, 77770
2026/10/03 09:34:56.500, 4, 119773
2026/10/03 09:34:56.500, 5, 118309
2026/10/03 09:34:56.500, 6, 119433
2026/10/03 09:34:56.500, 7, 118809
2026/10/03 09:34:57.500, 0, 79800
2026/10/03 09:34:57.500, 1, 84494
2026/10/03 09:34:57.500, 2, 78646
2026/10/03 09:34:57.500, 3, 77770
2026/10/03 09:34:57.500, 4, 118613
2026/10/03 09:34:57.500, 5, 118233
2026/10/03 09:34:57.500, 6, 118615
2026/10/03 09:34:57.500, 7, 118373
2026/10/03 09:34:58.500, 0, 79800
2026/10/03 09:34:58.500, 1, 84494
2026/10/03 09:34:58.500, 2, 78646
2026/10/03 09:34:58.500, 3, 77770
2026/10/03 09:34:58.500, 4, 118675
2026/10/03 09:34:58.500, 5, 118233
2026/10/03 09:34:58.500, 6, 118621
2026/10/03 09:34:58.500, 7, 118407
2026/10/03 09:34:59.501, 0, 79800
2026/10/03 09:34:59.501, 1, 84494
2026/10/03 09:34:59.501, 2, 78646
2026/10/03 09:34:59.501, 3, 77770
2026/10/03 09:34:59.501, 4, 118613
2026/10/03 09:34:59.501, 5, 118233
2026/10/03 09:34:59.501, 6, 118615
2026/10/03 09:34:59.501, 7, 118373
2026/10/03 09:35:00.501, 0, 79800
2026/10/03 09:35:00.501, 1, 84494
2026/10/03 09:35:00.501, 2, 78646
2026/10/03 09:35:00.501, 3, 77770
2026/10/03 09:35:00.501, 4, 118613
2026/10/03 09:35:00.501, 5, 118233
2026/10/03 09:35:00.501, 6, 118615
2026/10/03 09:35:00.501, 7, 118373
2026/10/03 09:35:01.501, 0, 79800
2026/10/03 09:35:01.501, 1, 84494
2026/10/03 09:35:01.501, 2, 78646
2026/10/03 09:35:01.501, 3, 77770
2026/10/03 09:35:01.501, 4, 118613
2026/10/03 09:35:01.501, 5, 118233
2026/10/03 09:35:01.501, 6, 118615
2026/10/03 09:35:01.501, 7, 118373
2026/10/03 09:35:02.501, 0, 79800
2026/10/03 09:35:02.501, 1, 84494
2026/10/03 09:35:02.501, 2, 78646
2026/10/03 09:35:02.501, 3, 77770
2026/10/03 09:35:02.501, 4, 118613
2026/10/03 09:35:02.501, 5, 118233
2026/10/03 09:35:02.501, 6, 118615
2026/10/03 09:35:02.501, 7, 118373
2026/10/03 09:35:03.501, 0, 79800
2026/10/03 09:35:03.502, 1, 84494
2026/10/03 09:35:03.502, 2, 78646
2026/10/03 09:35:03.502, 3, 77770
2026/10/03 09:35:03.502, 4, 118613
2026/10/03 09:35:03.502, 5, 118233
2026/10/03 09:35:03.502, 6, 118615
2026/10/03 09:35:03.502, 7, 118373
2026/10/03 09:35:04.502, 0, 79800
2026/10/03 09:35:04.502, 1, 84494
2026/10/03 09:35:04.502, 2, 78646
2026/10/03 09:35:04.502, 3, 77770
2026/10/03 09:35:04.502, 4, 118635
2026/10/03 09:35:04.502, 5, 118575
2026/10/03 09:35:04.502, 6, 118637
2026/10/03 09:35:04.502, 7, 118397
2026/10/03 09:35:05.502, 0, 79800
2026/10/03 09:35:05.503, 1, 84494
2026/10/03 09:35:05.503, 2, 78646
2026/10/03 09:35:05.503, 3, 77770
2026/10/03 09:35:05.503, 4, 118635
2026/10/03 09:35:05.503, 5, 119221
2026/10/03 09:35:05.503, 6, 118637
2026/10/03 09:35:05.503, 7, 118397
2026/10/03 09:35:06.503, 0, 79800
2026/10/03 09:35:06.503, 1, 84494
2026/10/03 09:35:06.503, 2, 78646
2026/10/03 09:35:06.503, 3, 77770
2026/10/03 09:35:06.503, 4, 118635
2026/10/03 09:35:06.503, 5, 119221
2026/10/03 09:35:06.503, 6, 118637
2026/10/03 09:35:06.503, 7, 118397
2026/10/03 09:35:07.503, 0, 79800
2026/10/03 09:35:07.524, 1, 84494
2026/10/03 09:35:07.524, 2, 78646
2026/10/03 09:35:07.524, 3, 77770
2026/10/03 09:35:07.524, 4, 118635
2026/10/03 09:35:07.524, 5, 119221
2026/10/03 09:35:07.524, 6, 118637
2026/10/03 09:35:07.524, 7, 118397
2026/10/03 09:35:08.524, 0, 79800
2026/10/03 09:35:08.524, 1, 84494
2026/10/03 09:35:08.524, 2, 78646
2026/10/03 09:35:08.524, 3, 77770
2026/10/03 09:35:08.524, 4, 118635
2026/10/03 09:35:08.525, 5, 119221
2026/10/03 09:35:08.525, 6, 118637
2026/10/03 09:35:08.525, 7, 118397
2026/10/03 09:35:09.525, 0, 79800
2026/10/03 09:35:09.525, 1, 84494
2026/10/03 09:35:09.525, 2, 78646
2026/10/03 09:35:09.525, 3, 77770
2026/10/03 09:35:09.525, 4, 118635
2026/10/03 09:35:09.525, 5, 119221
2026/10/03 09:35:09.525, 6, 118639
2026/10/03 09:35:09.525, 7, 118397
2026/10/03 09:35:10.525, 0, 79800
2026/10/03 09:35:10.525, 1, 84494
2026/10/03 09:35:10.525, 2, 78646
2026/10/03 09:35:10.525, 3, 77770
2026/10/03 09:35:10.525, 4, 118635
2026/10/03 09:35:10.525, 5, 119221
2026/10/03 09:35:10.525, 6, 118639
2026/10/03 09:35:10.525, 7, 118397
2026/10/03 09:35:11.525, 0, 79800
2026/10/03 09:35:11.525, 1, 84494
2026/10/03 09:35:11.525, 2, 78646
2026/10/03 09:35:11.525, 3, 77770
2026/10/03 09:35:11.525, 4, 118635
2026/10/03 09:35:11.525, 5, 119221
2026/10/03 09:35:11.525, 6, 118639
2026/10/03 09:35:11.525, 7, 118397
2026/10/03 09:35:12.526, 0, 79800
2026/10/03 09:35:12.526, 1, 84494
2026/10/03 09:35:12.526, 2, 78646
2026/10/03 09:35:12.526, 3, 77770
2026/10/03 09:35:12.526, 4, 118635
2026/10/03 09:35:12.526, 5, 119221
2026/10/03 09:35:12.526, 6, 118639
2026/10/03 09:35:12.526, 7, 118397
2026/10/03 09:35:13.526, 0, 79800
2026/10/03 09:35:13.526, 1, 84494
2026/10/03 09:35:13.526, 2, 78646
2026/10/03 09:35:13.526, 3, 77770
2026/10/03 09:35:13.526, 4, 118635
2026/10/03 09:35:13.526, 5, 119221
2026/10/03 09:35:13.526, 6, 118639
2026/10/03 09:35:13.526, 7, 118397
2026/10/03 09:35:14.526, 0, 79800
2026/10/03 09:35:14.526, 1, 84494
2026/10/03 09:35:14.526, 2, 78646
2026/10/03 09:35:14.526, 3, 77770
2026/10/03 09:35:14.529, 4, 118635
2026/10/03 09:35:14.529, 5, 119221
2026/10/03 09:35:14.529, 6, 118639
2026/10/03 09:35:14.529, 7, 118397
2026/10/03 09:35:15.529, 0, 79800
2026/10/03 09:35:15.529, 1, 84494
2026/10/03 09:35:15.529, 2, 78646
2026/10/03 09:35:15.529, 3, 77770
2026/10/03 09:35:15.529, 4, 118635
2026/10/03 09:35:15.529, 5, 119221
2026/10/03 09:35:15.529, 6, 118639
2026/10/03 09:35:15.529, 7, 118451
2026/10/03 09:35:16.529, 0, 79800
2026/10/03 09:35:16.529, 1, 84494
2026/10/03 09:35:16.529, 2, 78646
2026/10/03 09:35:16.529, 3, 77770
2026/10/03 09:35:16.529, 4, 118635
2026/10/03 09:35:16.529, 5, 119221
2026/10/03 09:35:16.529, 6, 118639
2026/10/03 09:35:16.529, 7, 118451
2026/10/03 09:35:17.529, 0, 79800
2026/10/03 09:35:17.548, 1, 84494
2026/10/03 09:35:17.556, 2, 78646
2026/10/03 09:35:17.564, 3, 77770
2026/10/03 09:35:17.570, 4, 118635
2026/10/03 09:35:17.577, 5, 119221
2026/10/03 09:35:17.584, 6, 118639
2026/10/03 09:35:17.591, 7, 118451
2026/10/03 09:35:18.650, 0, 79800
2026/10/03 09:35:18.650, 1, 84494
2026/10/03 09:35:18.650, 2, 78646
2026/10/03 09:35:18.650, 3, 77770
2026/10/03 09:35:18.650, 4, 118613
2026/10/03 09:35:18.650, 5, 118233
2026/10/03 09:35:18.650, 6, 118615
2026/10/03 09:35:18.650, 7, 118373
2026/10/03 09:35:19.650, 0, 79800
2026/10/03 09:35:19.651, 1, 84494
2026/10/03 09:35:19.651, 2, 78646
2026/10/03 09:35:19.651, 3, 77770
2026/10/03 09:35:19.651, 4, 118975
2026/10/03 09:35:19.651, 5, 118257
2026/10/03 09:35:19.651, 6, 119049
2026/10/03 09:35:19.651, 7, 118883
2026/10/03 09:35:20.651, 0, 79800
2026/10/03 09:35:20.651, 1, 84494
2026/10/03 09:35:20.651, 2, 78646
2026/10/03 09:35:20.651, 3, 77770
2026/10/03 09:35:20.651, 4, 121565
2026/10/03 09:35:20.651, 5, 118257
2026/10/03 09:35:20.651, 6, 119049
2026/10/03 09:35:20.651, 7, 118885
2026/10/03 09:35:21.651, 0, 79800
2026/10/03 09:35:21.651, 1, 84494
2026/10/03 09:35:21.651, 2, 78646
2026/10/03 09:35:21.651, 3, 77770
2026/10/03 09:35:21.651, 4, 123665
2026/10/03 09:35:21.651, 5, 118257
2026/10/03 09:35:21.651, 6, 119049
2026/10/03 09:35:21.651, 7, 118885
2026/10/03 09:35:22.651, 0, 79800
2026/10/03 09:35:22.651, 1, 84494
2026/10/03 09:35:22.651, 2, 78646
2026/10/03 09:35:22.651, 3, 77770
2026/10/03 09:35:22.651, 4, 123665
2026/10/03 09:35:22.651, 5, 118257
2026/10/03 09:35:22.651, 6, 119049
2026/10/03 09:35:22.651, 7, 118885
2026/10/03 09:35:23.651, 0, 79800
2026/10/03 09:35:23.652, 1, 84494
2026/10/03 09:35:23.652, 2, 78646
2026/10/03 09:35:23.652, 3, 77770
2026/10/03 09:35:23.652, 4, 123665
2026/10/03 09:35:23.652, 5, 118257
2026/10/03 09:35:23.652, 6, 119049
2026/10/03 09:35:23.652, 7, 118885
2026/10/03 09:35:24.652, 0, 79800
2026/10/03 09:35:24.652, 1, 84494
2026/10/03 09:35:24.652, 2, 78646
2026/10/03 09:35:24.652, 3, 77770
2026/10/03 09:35:24.652, 4, 123665
2026/10/03 09:35:24.652, 5, 118257
2026/10/03 09:35:24.652, 6, 119049
2026/10/03 09:35:24.652, 7, 118885
2026/10/03 09:35:25.652, 0, 79800
2026/10/03 09:35:25.652, 1, 84494
2026/10/03 09:35:25.652, 2, 78646
2026/10/03 09:35:25.652, 3, 77770
2026/10/03 09:35:25.652, 4, 123665
2026/10/03 09:35:25.652, 5, 118257
2026/10/03 09:35:25.652, 6, 119049
2026/10/03 09:35:25.652, 7, 118885
2026/10/03 09:35:26.652, 0, 79800
2026/10/03 09:35:26.653, 1, 84494
2026/10/03 09:35:26.653, 2, 78646
2026/10/03 09:35:26.653, 3, 77770
2026/10/03 09:35:26.653, 4, 123665
2026/10/03 09:35:26.653, 5, 118257
2026/10/03 09:35:26.653, 6, 119049
2026/10/03 09:35:26.653, 7, 118885
2026/10/03 09:35:27.653, 0, 79800
2026/10/03 09:35:27.653, 1, 84494
2026/10/03 09:35:27.653, 2, 78646
2026/10/03 09:35:27.653, 3, 77770
2026/10/03 09:35:27.653, 4, 123665
2026/10/03 09:35:27.653, 5, 118257
2026/10/03 09:35:27.653, 6, 119049
2026/10/03 09:35:27.653, 7, 118885
2026/10/03 09:35:28.653, 0, 79800
2026/10/03 09:35:28.653, 1, 84494
2026/10/03 09:35:28.653, 2, 78646
2026/10/03 09:35:28.653, 3, 77770
2026/10/03 09:35:28.653, 4, 123665
2026/10/03 09:35:28.653, 5, 118257
2026/10/03 09:35:28.653, 6, 119049
2026/10/03 09:35:28.653, 7, 118885
2026/10/03 09:35:29.653, 0, 79800
2026/10/03 09:35:29.653, 1, 84494
2026/10/03 09:35:29.654, 2, 78646
2026/10/03 09:35:29.654, 3, 77770
2026/10/03 09:35:29.654, 4, 123665
2026/10/03 09:35:29.654, 5, 118257
2026/10/03 09:35:29.654, 6, 119049
2026/10/03 09:35:29.655, 7, 118885
2026/10/03 09:35:30.655, 0, 79800
2026/10/03 09:35:30.655, 1, 84494
2026/10/03 09:35:30.655, 2, 78646
2026/10/03 09:35:30.655, 3, 77770
2026/10/03 09:35:30.655, 4, 123665
2026/10/03 09:35:30.655, 5, 118289
2026/10/03 09:35:30.655, 6, 119049
2026/10/03 09:35:30.655, 7, 118885
2026/10/03 09:35:31.655, 0, 79800
2026/10/03 09:35:31.655, 1, 84494
2026/10/03 09:35:31.655, 2, 78646
2026/10/03 09:35:31.655, 3, 77770
2026/10/03 09:35:31.655, 4, 123665
2026/10/03 09:35:31.655, 5, 118289
2026/10/03 09:35:31.655, 6, 119049
2026/10/03 09:35:31.655, 7, 118885
2026/10/03 09:35:32.655, 0, 79800
2026/10/03 09:35:32.655, 1, 84494
2026/10/03 09:35:32.656, 2, 78646
2026/10/03 09:35:32.656, 3, 77770
2026/10/03 09:35:32.656, 4, 123665
2026/10/03 09:35:32.656, 5, 118289
2026/10/03 09:35:32.656, 6, 119049
2026/10/03 09:35:32.656, 7, 118885
2026/10/03 09:35:33.656, 0, 79800
2026/10/03 09:35:33.656, 1, 84494
2026/10/03 09:35:33.656, 2, 78646
2026/10/03 09:35:33.656, 3, 77770
2026/10/03 09:35:33.656, 4, 123665
2026/10/03 09:35:33.656, 5, 118289
2026/10/03 09:35:33.656, 6, 119049
2026/10/03 09:35:33.656, 7, 118885
2026/10/03 09:35:34.656, 0, 79800
2026/10/03 09:35:34.656, 1, 84494
2026/10/03 09:35:34.656, 2, 78646
2026/10/03 09:35:34.656, 3, 77770
2026/10/03 09:35:34.656, 4, 118613
2026/10/03 09:35:34.656, 5, 118233
2026/10/03 09:35:34.656, 6, 118615
2026/10/03 09:35:34.656, 7, 118373
2026/10/03 09:35:35.656, 0, 79800
2026/10/03 09:35:35.656, 1, 84494
2026/10/03 09:35:35.656, 2, 78646
2026/10/03 09:35:35.656, 3, 77770
2026/10/03 09:35:35.656, 4, 118613
2026/10/03 09:35:35.656, 5, 118233
2026/10/03 09:35:35.656, 6, 118615
2026/10/03 09:35:35.656, 7, 118373
2026/10/03 09:35:36.656, 0, 79800
2026/10/03 09:35:36.657, 1, 84494
2026/10/03 09:35:36.658, 2, 78646
2026/10/03 09:35:36.659, 3, 77770
2026/10/03 09:35:36.659, 4, 118635
2026/10/03 09:35:36.659, 5, 118367
2026/10/03 09:35:36.660, 6, 118637
2026/10/03 09:35:36.661, 7, 118397
2026/10/03 09:35:37.662, 0, 79800
2026/10/03 09:35:37.662, 1, 84494
2026/10/03 09:35:37.662, 2, 78646
2026/10/03 09:35:37.662, 3, 77770
2026/10/03 09:35:37.662, 4, 118635
2026/10/03 09:35:37.662, 5, 118399
2026/10/03 09:35:37.662, 6, 118637
2026/10/03 09:35:37.662, 7, 118397
2026/10/03 09:35:38.662, 0, 79800
2026/10/03 09:35:38.662, 1, 84494
2026/10/03 09:35:38.662, 2, 78646
2026/10/03 09:35:38.662, 3, 77770
2026/10/03 09:35:38.662, 4, 118635
2026/10/03 09:35:38.662, 5, 118399
2026/10/03 09:35:38.662, 6, 118637
2026/10/03 09:35:38.662, 7, 118397
2026/10/03 09:35:39.662, 0, 79800
2026/10/03 09:35:39.662, 1, 84494
2026/10/03 09:35:39.662, 2, 78646
2026/10/03 09:35:39.662, 3, 77770
2026/10/03 09:35:39.663, 4, 118635
2026/10/03 09:35:39.663, 5, 118399
2026/10/03 09:35:39.663, 6, 118637
2026/10/03 09:35:39.663, 7, 118397
2026/10/03 09:35:40.663, 0, 79800
2026/10/03 09:35:40.663, 1, 84494
2026/10/03 09:35:40.663, 2, 78646
2026/10/03 09:35:40.663, 3, 77770
2026/10/03 09:35:40.663, 4, 118635
2026/10/03 09:35:40.663, 5, 119691
2026/10/03 09:35:40.663, 6, 118637
2026/10/03 09:35:40.663, 7, 118397
2026/10/03 09:35:41.663, 0, 79800
2026/10/03 09:35:41.663, 1, 84494
2026/10/03 09:35:41.663, 2, 78646
2026/10/03 09:35:41.663, 3, 77770
2026/10/03 09:35:41.663, 4, 118635
2026/10/03 09:35:41.663, 5, 119691
2026/10/03 09:35:41.663, 6, 118637
2026/10/03 09:35:41.663, 7, 118397
2026/10/03 09:35:42.663, 0, 79800
2026/10/03 09:35:42.663, 1, 84494
2026/10/03 09:35:42.663, 2, 78646
2026/10/03 09:35:42.663, 3, 77770
2026/10/03 09:35:42.663, 4, 118635
2026/10/03 09:35:42.663, 5, 119691
2026/10/03 09:35:42.663, 6, 118637
2026/10/03 09:35:42.663, 7, 118397
2026/10/03 09:35:43.663, 0, 79800
2026/10/03 09:35:43.663, 1, 84494
2026/10/03 09:35:43.663, 2, 78646
2026/10/03 09:35:43.663, 3, 77770
2026/10/03 09:35:43.663, 4, 118635
2026/10/03 09:35:43.663, 5, 119691
2026/10/03 09:35:43.664, 6, 118637
2026/10/03 09:35:43.664, 7, 118397
2026/10/03 09:35:44.664, 0, 79800
2026/10/03 09:35:44.664, 1, 84494
2026/10/03 09:35:44.664, 2, 78646
2026/10/03 09:35:44.664, 3, 77770
2026/10/03 09:35:44.664, 4, 118635
2026/10/03 09:35:44.664, 5, 119691
2026/10/03 09:35:44.664, 6, 118637
2026/10/03 09:35:44.664, 7, 118397
2026/10/03 09:35:45.664, 0, 79800
2026/10/03 09:35:45.664, 1, 84494
2026/10/03 09:35:45.664, 2, 78646
2026/10/03 09:35:45.664, 3, 77770
2026/10/03 09:35:45.664, 4, 118635
2026/10/03 09:35:45.664, 5, 119691
2026/10/03 09:35:45.664, 6, 118637
2026/10/03 09:35:45.664, 7, 118397
2026/10/03 09:35:46.664, 0, 79800
2026/10/03 09:35:46.664, 1, 84494
2026/10/03 09:35:46.664, 2, 78646
2026/10/03 09:35:46.664, 3, 77770
2026/10/03 09:35:46.664, 4, 118635
2026/10/03 09:35:46.664, 5, 119691
2026/10/03 09:35:46.664, 6, 118637
2026/10/03 09:35:46.664, 7, 118397
2026/10/03 09:35:47.664, 0, 79800
2026/10/03 09:35:47.669, 1, 84494
2026/10/03 09:35:47.687, 2, 78646
2026/10/03 09:35:47.708, 3, 77770
2026/10/03 09:35:47.713, 4, 118635
2026/10/03 09:35:47.714, 5, 119691
2026/10/03 09:35:47.714, 6, 118637
2026/10/03 09:35:47.715, 7, 118397
2026/10/03 09:35:48.716, 0, 79800
2026/10/03 09:35:48.719, 1, 84494
2026/10/03 09:35:48.721, 2, 78646
2026/10/03 09:35:48.721, 3, 77770
2026/10/03 09:35:48.721, 4, 118635
2026/10/03 09:35:48.722, 5, 119691
2026/10/03 09:35:48.723, 6, 118637
2026/10/03 09:35:48.723, 7, 118397
2026/10/03 09:35:49.723, 0, 79800
2026/10/03 09:35:49.723, 1, 84494
2026/10/03 09:35:49.723, 2, 78646
2026/10/03 09:35:49.723, 3, 77770
2026/10/03 09:35:49.723, 4, 118635
2026/10/03 09:35:49.723, 5, 119691
2026/10/03 09:35:49.723, 6, 118637
2026/10/03 09:35:49.724, 7, 118443
2026/10/03 09:35:50.724, 0, 79800
2026/10/03 09:35:50.725, 1, 84494
2026/10/03 09:35:50.725, 2, 78646
2026/10/03 09:35:50.725, 3, 77770
2026/10/03 09:35:50.725, 4, 118635
2026/10/03 09:35:50.725, 5, 119691
2026/10/03 09:35:50.725, 6, 118637
2026/10/03 09:35:50.725, 7, 118443
2026/10/03 09:35:51.725, 0, 79800
2026/10/03 09:35:51.725, 1, 84494
2026/10/03 09:35:51.725, 2, 78646
2026/10/03 09:35:51.725, 3, 77770
2026/10/03 09:35:51.725, 4, 118637
2026/10/03 09:35:51.725, 5, 119691
2026/10/03 09:35:51.725, 6, 118637
2026/10/03 09:35:51.725, 7, 118443
2026/10/03 09:35:52.725, 0, 79800
2026/10/03 09:35:52.725, 1, 84494
2026/10/03 09:35:52.725, 2, 78646
2026/10/03 09:35:52.725, 3, 77770
2026/10/03 09:35:52.725, 4, 118637
2026/10/03 09:35:52.725, 5, 119691
2026/10/03 09:35:52.725, 6, 118637
2026/10/03 09:35:52.725, 7, 118443
2026/10/03 09:35:53.725, 0, 79800
2026/10/03 09:35:53.726, 1, 84494
2026/10/03 09:35:53.726, 2, 78646
2026/10/03 09:35:53.726, 3, 77770
2026/10/03 09:35:53.726, 4, 118613
2026/10/03 09:35:53.726, 5, 118233
2026/10/03 09:35:53.726, 6, 118615
2026/10/03 09:35:53.726, 7, 118373
2026/10/03 09:35:54.726, 0, 79800
2026/10/03 09:35:54.727, 1, 84494
2026/10/03 09:35:54.728, 2, 78646
2026/10/03 09:35:54.728, 3, 77770
2026/10/03 09:35:54.728, 4, 118651
2026/10/03 09:35:54.728, 5, 118233
2026/10/03 09:35:54.728, 6, 118639
2026/10/03 09:35:54.728, 7, 118373
2026/10/03 09:35:55.728, 0, 79800
2026/10/03 09:35:55.728, 1, 84494
2026/10/03 09:35:55.728, 2, 78646
2026/10/03 09:35:55.728, 3, 77770
2026/10/03 09:35:55.728, 4, 118985
2026/10/03 09:35:55.728, 5, 118287
2026/10/03 09:35:55.728, 6, 119017
2026/10/03 09:35:55.728, 7, 118441
2026/10/03 09:35:56.729, 0, 79800
2026/10/03 09:35:56.729, 1, 84494
2026/10/03 09:35:56.729, 2, 78646
2026/10/03 09:35:56.729, 3, 77770
2026/10/03 09:35:56.729, 4, 120103
2026/10/03 09:35:56.729, 5, 118287
2026/10/03 09:35:56.729, 6, 119017
2026/10/03 09:35:56.729, 7, 118723
2026/10/03 09:35:57.729, 0, 79800
2026/10/03 09:35:57.729, 1, 84494
2026/10/03 09:35:57.729, 2, 78646
2026/10/03 09:35:57.729, 3, 77770
2026/10/03 09:35:57.729, 4, 120103
2026/10/03 09:35:57.729, 5, 118287
2026/10/03 09:35:57.729, 6, 119017
2026/10/03 09:35:57.729, 7, 118723
2026/10/03 09:35:58.729, 0, 79800
2026/10/03 09:35:58.729, 1, 84494
2026/10/03 09:35:58.729, 2, 78646
2026/10/03 09:35:58.729, 3, 77770
2026/10/03 09:35:58.729, 4, 120103
2026/10/03 09:35:58.729, 5, 118287
2026/10/03 09:35:58.729, 6, 119017
2026/10/03 09:35:58.730, 7, 118723
2026/10/03 09:35:59.730, 0, 79800
2026/10/03 09:35:59.730, 1, 84494
2026/10/03 09:35:59.730, 2, 78646
2026/10/03 09:35:59.730, 3, 77770
2026/10/03 09:35:59.730, 4, 120103
2026/10/03 09:35:59.730, 5, 118287
2026/10/03 09:35:59.730, 6, 119017
2026/10/03 09:35:59.730, 7, 118723
2026/10/03 09:36:00.730, 0, 79800
2026/10/03 09:36:00.730, 1, 84494
2026/10/03 09:36:00.730, 2, 78646
2026/10/03 09:36:00.730, 3, 77770
2026/10/03 09:36:00.730, 4, 120103
2026/10/03 09:36:00.731, 5, 118287
2026/10/03 09:36:00.731, 6, 119017
2026/10/03 09:36:00.731, 7, 118723
2026/10/03 09:36:01.731, 0, 79800
2026/10/03 09:36:01.731, 1, 84494
2026/10/03 09:36:01.731, 2, 78646
2026/10/03 09:36:01.731, 3, 77770
2026/10/03 09:36:01.731, 4, 120103
2026/10/03 09:36:01.731, 5, 118287
2026/10/03 09:36:01.731, 6, 119017
2026/10/03 09:36:01.731, 7, 118723
2026/10/03 09:36:02.732, 0, 79800
2026/10/03 09:36:02.732, 1, 84494
2026/10/03 09:36:02.732, 2, 78646
2026/10/03 09:36:02.732, 3, 77770
2026/10/03 09:36:02.732, 4, 120103
2026/10/03 09:36:02.732, 5, 118289
2026/10/03 09:36:02.732, 6, 119017
2026/10/03 09:36:02.732, 7, 118723
2026/10/03 09:36:03.732, 0, 79800
2026/10/03 09:36:03.732, 1, 84494
2026/10/03 09:36:03.732, 2, 78646
2026/10/03 09:36:03.732, 3, 77770
2026/10/03 09:36:03.732, 4, 120103
2026/10/03 09:36:03.732, 5, 118289
2026/10/03 09:36:03.732, 6, 119017
2026/10/03 09:36:03.732, 7, 118723
2026/10/03 09:36:04.732, 0, 79800
2026/10/03 09:36:04.733, 1, 84494
2026/10/03 09:36:04.733, 2, 78646
2026/10/03 09:36:04.733, 3, 77770
2026/10/03 09:36:04.733, 4, 120103
2026/10/03 09:36:04.733, 5, 118289
2026/10/03 09:36:04.733, 6, 119017
2026/10/03 09:36:04.733, 7, 118723
2026/10/03 09:36:05.733, 0, 79800
2026/10/03 09:36:05.733, 1, 84494
2026/10/03 09:36:05.733, 2, 78646
2026/10/03 09:36:05.733, 3, 77770
2026/10/03 09:36:05.733, 4, 120103
2026/10/03 09:36:05.733, 5, 118289
2026/10/03 09:36:05.733, 6, 119017
2026/10/03 09:36:05.733, 7, 118723
2026/10/03 09:36:06.733, 0, 79800
2026/10/03 09:36:06.735, 1, 84494
2026/10/03 09:36:06.735, 2, 78646
2026/10/03 09:36:06.735, 3, 77770
2026/10/03 09:36:06.735, 4, 120103
2026/10/03 09:36:06.735, 5, 118289
2026/10/03 09:36:06.735, 6, 119017
2026/10/03 09:36:06.735, 7, 118723
2026/10/03 09:36:07.735, 0, 79800
2026/10/03 09:36:07.742, 1, 84494
2026/10/03 09:36:07.742, 2, 78646
2026/10/03 09:36:07.742, 3, 77770
2026/10/03 09:36:07.742, 4, 120103
2026/10/03 09:36:07.742, 5, 118289
2026/10/03 09:36:07.742, 6, 119017
2026/10/03 09:36:07.742, 7, 118723
2026/10/03 09:36:08.742, 0, 79800
2026/10/03 09:36:08.742, 1, 84494
2026/10/03 09:36:08.742, 2, 78646
2026/10/03 09:36:08.742, 3, 77770
2026/10/03 09:36:08.742, 4, 120103
2026/10/03 09:36:08.742, 5, 118289
2026/10/03 09:36:08.742, 6, 119017
2026/10/03 09:36:08.742, 7, 118723
2026/10/03 09:36:09.742, 0, 79800
2026/10/03 09:36:09.742, 1, 84494
2026/10/03 09:36:09.742, 2, 78646
2026/10/03 09:36:09.742, 3, 77770
2026/10/03 09:36:09.742, 4, 119275
2026/10/03 09:36:09.742, 5, 118233
2026/10/03 09:36:09.742, 6, 119275
2026/10/03 09:36:09.742, 7, 119033
2026/10/03 09:36:10.742, 0, 79800
2026/10/03 09:36:10.743, 1, 84494
2026/10/03 09:36:10.743, 2, 78646
2026/10/03 09:36:10.743, 3, 77770
2026/10/03 09:36:10.743, 4, 118615
2026/10/03 09:36:10.743, 5, 118233
2026/10/03 09:36:10.743, 6, 118615
2026/10/03 09:36:10.743, 7, 118373
2026/10/03 09:36:11.743, 0, 79800
2026/10/03 09:36:11.743, 1, 84494
2026/10/03 09:36:11.743, 2, 78646
2026/10/03 09:36:11.743, 3, 77770
2026/10/03 09:36:11.743, 4, 118615
2026/10/03 09:36:11.743, 5, 118233
2026/10/03 09:36:11.743, 6, 118615
2026/10/03 09:36:11.743, 7, 118373
2026/10/03 09:36:12.743, 0, 79800
2026/10/03 09:36:12.743, 1, 84494
2026/10/03 09:36:12.743, 2, 78646
2026/10/03 09:36:12.744, 3, 77770
2026/10/03 09:36:12.744, 4, 118615
2026/10/03 09:36:12.744, 5, 118311
2026/10/03 09:36:12.744, 6, 118615
2026/10/03 09:36:12.744, 7, 118373
2026/10/03 09:36:13.744, 0, 79800
2026/10/03 09:36:13.744, 1, 84494
2026/10/03 09:36:13.744, 2, 78646
2026/10/03 09:36:13.744, 3, 77770
2026/10/03 09:36:13.744, 4, 118637
2026/10/03 09:36:13.744, 5, 118343
2026/10/03 09:36:13.744, 6, 118637
2026/10/03 09:36:13.744, 7, 118395
2026/10/03 09:36:14.744, 0, 79800
2026/10/03 09:36:14.744, 1, 84494
2026/10/03 09:36:14.744, 2, 78646
2026/10/03 09:36:14.744, 3, 77770
2026/10/03 09:36:14.744, 4, 118637
2026/10/03 09:36:14.744, 5, 118343
2026/10/03 09:36:14.744, 6, 118637
2026/10/03 09:36:14.744, 7, 118395
2026/10/03 09:36:15.744, 0, 79800
2026/10/03 09:36:15.744, 1, 84494
2026/10/03 09:36:15.744, 2, 78646
2026/10/03 09:36:15.744, 3, 77770
2026/10/03 09:36:15.744, 4, 118637
2026/10/03 09:36:15.744, 5, 118689
2026/10/03 09:36:15.744, 6, 118637
2026/10/03 09:36:15.744, 7, 118399
2026/10/03 09:36:16.744, 0, 79800
2026/10/03 09:36:16.744, 1, 84494
2026/10/03 09:36:16.745, 2, 78646
2026/10/03 09:36:16.745, 3, 77770
2026/10/03 09:36:16.745, 4, 118637
2026/10/03 09:36:16.745, 5, 119219
2026/10/03 09:36:16.745, 6, 118637
2026/10/03 09:36:16.745, 7, 118399
2026/10/03 09:36:17.781, 0, 79800
2026/10/03 09:36:17.785, 1, 84494
2026/10/03 09:36:17.796, 2, 78646
2026/10/03 09:36:17.797, 3, 77770
2026/10/03 09:36:17.806, 4, 118637
2026/10/03 09:36:17.855, 5, 119219
2026/10/03 09:36:17.862, 6, 118637
2026/10/03 09:36:17.872, 7, 118399
2026/10/03 09:36:18.881, 0, 79800
2026/10/03 09:36:18.881, 1, 84494
2026/10/03 09:36:18.881, 2, 78646
2026/10/03 09:36:18.881, 3, 77770
2026/10/03 09:36:18.881, 4, 118637
2026/10/03 09:36:18.881, 5, 119219
2026/10/03 09:36:18.881, 6, 118637
2026/10/03 09:36:18.881, 7, 118399
2026/10/03 09:36:19.882, 0, 79800
2026/10/03 09:36:19.882, 1, 84494
2026/10/03 09:36:19.882, 2, 78646
2026/10/03 09:36:19.882, 3, 77770
2026/10/03 09:36:19.882, 4, 118637
2026/10/03 09:36:19.882, 5, 119219
2026/10/03 09:36:19.882, 6, 118637
2026/10/03 09:36:19.882, 7, 118399
2026/10/03 09:36:20.882, 0, 79800
2026/10/03 09:36:20.882, 1, 84494
2026/10/03 09:36:20.882, 2, 78646
2026/10/03 09:36:20.882, 3, 77770
2026/10/03 09:36:20.882, 4, 118637
2026/10/03 09:36:20.882, 5, 119219
2026/10/03 09:36:20.882, 6, 118637
2026/10/03 09:36:20.882, 7, 118399
2026/10/03 09:36:21.882, 0, 79800
2026/10/03 09:36:21.882, 1, 84494
2026/10/03 09:36:21.882, 2, 78646
2026/10/03 09:36:21.882, 3, 77770
2026/10/03 09:36:21.882, 4, 118639
2026/10/03 09:36:21.882, 5, 119219
2026/10/03 09:36:21.882, 6, 118637
2026/10/03 09:36:21.882, 7, 118399
2026/10/03 09:36:22.882, 0, 79800
2026/10/03 09:36:22.882, 1, 84494
2026/10/03 09:36:22.882, 2, 78646
2026/10/03 09:36:22.882, 3, 77770
2026/10/03 09:36:22.886, 4, 118639
2026/10/03 09:36:22.886, 5, 119219
2026/10/03 09:36:22.886, 6, 118637
2026/10/03 09:36:22.886, 7, 118399
2026/10/03 09:36:23.886, 0, 79800
2026/10/03 09:36:23.886, 1, 84494
2026/10/03 09:36:23.886, 2, 78646
2026/10/03 09:36:23.886, 3, 77770
2026/10/03 09:36:23.886, 4, 118639
2026/10/03 09:36:23.886, 5, 119219
2026/10/03 09:36:23.886, 6, 118637
2026/10/03 09:36:23.886, 7, 118399
2026/10/03 09:36:24.886, 0, 79800
2026/10/03 09:36:24.886, 1, 84494
2026/10/03 09:36:24.886, 2, 78646
2026/10/03 09:36:24.886, 3, 77770
2026/10/03 09:36:24.886, 4, 118639
2026/10/03 09:36:24.886, 5, 119219
2026/10/03 09:36:24.886, 6, 118639
2026/10/03 09:36:24.886, 7, 118399
2026/10/03 09:36:25.886, 0, 79800
2026/10/03 09:36:25.886, 1, 84494
2026/10/03 09:36:25.886, 2, 78646
2026/10/03 09:36:25.887, 3, 77770
2026/10/03 09:36:25.887, 4, 118639
2026/10/03 09:36:25.887, 5, 119219
2026/10/03 09:36:25.887, 6, 118639
2026/10/03 09:36:25.887, 7, 118399
2026/10/03 09:36:26.887, 0, 79800
2026/10/03 09:36:26.887, 1, 84494
2026/10/03 09:36:26.887, 2, 78646
2026/10/03 09:36:26.887, 3, 77770
2026/10/03 09:36:26.887, 4, 118639
2026/10/03 09:36:26.887, 5, 119219
2026/10/03 09:36:26.887, 6, 118639
2026/10/03 09:36:26.887, 7, 118399
2026/10/03 09:36:27.887, 0, 79800
2026/10/03 09:36:27.887, 1, 84494
2026/10/03 09:36:27.887, 2, 78646
2026/10/03 09:36:27.887, 3, 77770
2026/10/03 09:36:27.887, 4, 118639
2026/10/03 09:36:27.887, 5, 119219
2026/10/03 09:36:27.887, 6, 118639
2026/10/03 09:36:27.887, 7, 118399
2026/10/03 09:36:28.887, 0, 79800
2026/10/03 09:36:28.887, 1, 84494
2026/10/03 09:36:28.887, 2, 78646
2026/10/03 09:36:28.887, 3, 77770
2026/10/03 09:36:28.887, 4, 118615
2026/10/03 09:36:28.887, 5, 118233
2026/10/03 09:36:28.887, 6, 118615
2026/10/03 09:36:28.887, 7, 118373
2026/10/03 09:36:29.887, 0, 79800
2026/10/03 09:36:29.887, 1, 84494
2026/10/03 09:36:29.887, 2, 78646
2026/10/03 09:36:29.887, 3, 77770
2026/10/03 09:36:29.887, 4, 118641
2026/10/03 09:36:29.888, 5, 118255
2026/10/03 09:36:29.888, 6, 118983
2026/10/03 09:36:29.888, 7, 118687
2026/10/03 09:36:30.888, 0, 79800
2026/10/03 09:36:30.888, 1, 84494
2026/10/03 09:36:30.888, 2, 78646
2026/10/03 09:36:30.888, 3, 77770
2026/10/03 09:36:30.888, 4, 119155
2026/10/03 09:36:30.888, 5, 118255
2026/10/03 09:36:30.888, 6, 119199
2026/10/03 09:36:30.888, 7, 118817
2026/10/03 09:36:31.888, 0, 79800
2026/10/03 09:36:31.888, 1, 84494
2026/10/03 09:36:31.888, 2, 78646
2026/10/03 09:36:31.888, 3, 77770
2026/10/03 09:36:31.888, 4, 119155
2026/10/03 09:36:31.888, 5, 118255
2026/10/03 09:36:31.888, 6, 119201
2026/10/03 09:36:31.888, 7, 118817
2026/10/03 09:36:32.888, 0, 79800
2026/10/03 09:36:32.888, 1, 84494
2026/10/03 09:36:32.888, 2, 78646
2026/10/03 09:36:32.888, 3, 77770
2026/10/03 09:36:32.888, 4, 119155
2026/10/03 09:36:32.888, 5, 118255
2026/10/03 09:36:32.888, 6, 119447
2026/10/03 09:36:32.888, 7, 118817
2026/10/03 09:36:33.888, 0, 79800
2026/10/03 09:36:33.888, 1, 84494
2026/10/03 09:36:33.888, 2, 78646
2026/10/03 09:36:33.888, 3, 77770
2026/10/03 09:36:33.888, 4, 119155
2026/10/03 09:36:33.888, 5, 118255
2026/10/03 09:36:33.889, 6, 119447
2026/10/03 09:36:33.889, 7, 118817
2026/10/03 09:36:34.889, 0, 79800
2026/10/03 09:36:34.889, 1, 84494
2026/10/03 09:36:34.889, 2, 78646
2026/10/03 09:36:34.889, 3, 77770
2026/10/03 09:36:34.889, 4, 119155
2026/10/03 09:36:34.889, 5, 118255
2026/10/03 09:36:34.889, 6, 119447
2026/10/03 09:36:34.889, 7, 118817
2026/10/03 09:36:35.889, 0, 79800
2026/10/03 09:36:35.889, 1, 84494
2026/10/03 09:36:35.889, 2, 78646
2026/10/03 09:36:35.889, 3, 77770
2026/10/03 09:36:35.889, 4, 119155
2026/10/03 09:36:35.889, 5, 118287
2026/10/03 09:36:35.889, 6, 119447
2026/10/03 09:36:35.889, 7, 118817
2026/10/03 09:36:36.889, 0, 79800
2026/10/03 09:36:36.890, 1, 84494
2026/10/03 09:36:36.890, 2, 78646
2026/10/03 09:36:36.890, 3, 77770
2026/10/03 09:36:36.890, 4, 119155
2026/10/03 09:36:36.890, 5, 118287
2026/10/03 09:36:36.890, 6, 119447
2026/10/03 09:36:36.890, 7, 118817
2026/10/03 09:36:37.890, 0, 79800
2026/10/03 09:36:37.890, 1, 84494
2026/10/03 09:36:37.890, 2, 78646
2026/10/03 09:36:37.890, 3, 77770
2026/10/03 09:36:37.890, 4, 119155
2026/10/03 09:36:37.890, 5, 118287
2026/10/03 09:36:37.890, 6, 119447
2026/10/03 09:36:37.890, 7, 118817
2026/10/03 09:36:38.890, 0, 79800
2026/10/03 09:36:38.890, 1, 84494
2026/10/03 09:36:38.890, 2, 78646
2026/10/03 09:36:38.890, 3, 77770
2026/10/03 09:36:38.890, 4, 119155
2026/10/03 09:36:38.890, 5, 118287
2026/10/03 09:36:38.890, 6, 119447
2026/10/03 09:36:38.890, 7, 118817
2026/10/03 09:36:39.890, 0, 79800
2026/10/03 09:36:39.890, 1, 84494
2026/10/03 09:36:39.890, 2, 78646
2026/10/03 09:36:39.890, 3, 77770
2026/10/03 09:36:39.890, 4, 119155
2026/10/03 09:36:39.890, 5, 118287
2026/10/03 09:36:39.890, 6, 119447
2026/10/03 09:36:39.890, 7, 118817
2026/10/03 09:36:40.890, 0, 79800
2026/10/03 09:36:40.890, 1, 84494
2026/10/03 09:36:40.890, 2, 78646
2026/10/03 09:36:40.890, 3, 77770
2026/10/03 09:36:40.891, 4, 119155
2026/10/03 09:36:40.891, 5, 118289
2026/10/03 09:36:40.891, 6, 119447
2026/10/03 09:36:40.891, 7, 118817
2026/10/03 09:36:41.891, 0, 79800
2026/10/03 09:36:41.891, 1, 84494
2026/10/03 09:36:41.891, 2, 78646
2026/10/03 09:36:41.891, 3, 77770
2026/10/03 09:36:41.891, 4, 119155
2026/10/03 09:36:41.891, 5, 118289
2026/10/03 09:36:41.891, 6, 119447
2026/10/03 09:36:41.891, 7, 118817
2026/10/03 09:36:42.891, 0, 79800
2026/10/03 09:36:42.891, 1, 84494
2026/10/03 09:36:42.891, 2, 78646
2026/10/03 09:36:42.891, 3, 77770
2026/10/03 09:36:42.891, 4, 119155
2026/10/03 09:36:42.891, 5, 118289
2026/10/03 09:36:42.891, 6, 119447
2026/10/03 09:36:42.891, 7, 118817
2026/10/03 09:36:43.891, 0, 79800
2026/10/03 09:36:43.891, 1, 84494
2026/10/03 09:36:43.891, 2, 78646
2026/10/03 09:36:43.891, 3, 77770
2026/10/03 09:36:43.891, 4, 119155
2026/10/03 09:36:43.891, 5, 118289
2026/10/03 09:36:43.891, 6, 119447
2026/10/03 09:36:43.891, 7, 118817
2026/10/03 09:36:44.891, 0, 79800
2026/10/03 09:36:44.891, 1, 84494
2026/10/03 09:36:44.891, 2, 78646
2026/10/03 09:36:44.891, 3, 77770
2026/10/03 09:36:44.891, 4, 118615
2026/10/03 09:36:44.891, 5, 118233
2026/10/03 09:36:44.891, 6, 118615
2026/10/03 09:36:44.891, 7, 118373
2026/10/03 09:36:45.892, 0, 79800
2026/10/03 09:36:45.892, 1, 84494
2026/10/03 09:36:45.892, 2, 78646
2026/10/03 09:36:45.892, 3, 77770
2026/10/03 09:36:45.892, 4, 118615
2026/10/03 09:36:45.892, 5, 118233
2026/10/03 09:36:45.892, 6, 118615
2026/10/03 09:36:45.892, 7, 118373
2026/10/03 09:36:46.892, 0, 79800
2026/10/03 09:36:46.892, 1, 84494
2026/10/03 09:36:46.892, 2, 78646
2026/10/03 09:36:46.892, 3, 77770
2026/10/03 09:36:46.892, 4, 118615
2026/10/03 09:36:46.892, 5, 118233
2026/10/03 09:36:46.892, 6, 118615
2026/10/03 09:36:46.892, 7, 118373
2026/10/03 09:36:47.892, 0, 79800
2026/10/03 09:36:47.895, 1, 84494
2026/10/03 09:36:47.895, 2, 78646
2026/10/03 09:36:47.898, 3, 77770
2026/10/03 09:36:47.900, 4, 118657
2026/10/03 09:36:47.903, 5, 118397
2026/10/03 09:36:47.904, 6, 118639
2026/10/03 09:36:47.906, 7, 118397
2026/10/03 09:36:48.909, 0, 79800
2026/10/03 09:36:48.909, 1, 84494
2026/10/03 09:36:48.909, 2, 78646
2026/10/03 09:36:48.909, 3, 77770
2026/10/03 09:36:48.909, 4, 118657
2026/10/03 09:36:48.909, 5, 118567
2026/10/03 09:36:48.909, 6, 118639
2026/10/03 09:36:48.909, 7, 118397
2026/10/03 09:36:49.909, 0, 79800
2026/10/03 09:36:49.909, 1, 84494
2026/10/03 09:36:49.909, 2, 78646
2026/10/03 09:36:49.909, 3, 77770
2026/10/03 09:36:49.909, 4, 118657
2026/10/03 09:36:49.909, 5, 120077
2026/10/03 09:36:49.909, 6, 118639
2026/10/03 09:36:49.909, 7, 118397
2026/10/03 09:36:50.909, 0, 79800
2026/10/03 09:36:50.909, 1, 84494
2026/10/03 09:36:50.909, 2, 78646
2026/10/03 09:36:50.909, 3, 77770
2026/10/03 09:36:50.909, 4, 118657
2026/10/03 09:36:50.909, 5, 120077
2026/10/03 09:36:50.909, 6, 118639
2026/10/03 09:36:50.909, 7, 118397
2026/10/03 09:36:51.909, 0, 79800
2026/10/03 09:36:51.909, 1, 84494
2026/10/03 09:36:51.909, 2, 78646
2026/10/03 09:36:51.909, 3, 77770
2026/10/03 09:36:51.910, 4, 118659
2026/10/03 09:36:51.910, 5, 120077
2026/10/03 09:36:51.910, 6, 118639
2026/10/03 09:36:51.910, 7, 118397
2026/10/03 09:36:52.910, 0, 79800
2026/10/03 09:36:52.910, 1, 84494
2026/10/03 09:36:52.910, 2, 78646
2026/10/03 09:36:52.910, 3, 77770
2026/10/03 09:36:52.910, 4, 118659
2026/10/03 09:36:52.910, 5, 120077
2026/10/03 09:36:52.910, 6, 118639
2026/10/03 09:36:52.910, 7, 118397
2026/10/03 09:36:53.910, 0, 79800
2026/10/03 09:36:53.910, 1, 84494
2026/10/03 09:36:53.910, 2, 78646
2026/10/03 09:36:53.910, 3, 77770
2026/10/03 09:36:53.910, 4, 118659
2026/10/03 09:36:53.910, 5, 120077
2026/10/03 09:36:53.910, 6, 118639
2026/10/03 09:36:53.910, 7, 118397
2026/10/03 09:36:54.910, 0, 79800
2026/10/03 09:36:54.911, 1, 84494
2026/10/03 09:36:54.911, 2, 78646
2026/10/03 09:36:54.911, 3, 77770
2026/10/03 09:36:54.911, 4, 118659
2026/10/03 09:36:54.911, 5, 120077
2026/10/03 09:36:54.911, 6, 118639
2026/10/03 09:36:54.911, 7, 118397
2026/10/03 09:36:55.911, 0, 79800
2026/10/03 09:36:55.911, 1, 84494
2026/10/03 09:36:55.911, 2, 78646
2026/10/03 09:36:55.911, 3, 77770
2026/10/03 09:36:55.911, 4, 118659
2026/10/03 09:36:55.911, 5, 120077
2026/10/03 09:36:55.911, 6, 118639
2026/10/03 09:36:55.911, 7, 118397
2026/10/03 09:36:56.911, 0, 79800
2026/10/03 09:36:56.911, 1, 84494
2026/10/03 09:36:56.911, 2, 78646
2026/10/03 09:36:56.911, 3, 77770
2026/10/03 09:36:56.911, 4, 118659
2026/10/03 09:36:56.911, 5, 120077
2026/10/03 09:36:56.911, 6, 118639
2026/10/03 09:36:56.911, 7, 118397
2026/10/03 09:36:57.911, 0, 79800
2026/10/03 09:36:57.911, 1, 84494
2026/10/03 09:36:57.911, 2, 78646
2026/10/03 09:36:57.911, 3, 77770
2026/10/03 09:36:57.911, 4, 118659
2026/10/03 09:36:57.911, 5, 120077
2026/10/03 09:36:57.911, 6, 118639
2026/10/03 09:36:57.911, 7, 118397
2026/10/03 09:36:58.911, 0, 79800
2026/10/03 09:36:58.911, 1, 84494
2026/10/03 09:36:58.911, 2, 78646
2026/10/03 09:36:58.911, 3, 77770
2026/10/03 09:36:58.912, 4, 118659
2026/10/03 09:36:58.912, 5, 120077
2026/10/03 09:36:58.912, 6, 118639
2026/10/03 09:36:58.912, 7, 118397
2026/10/03 09:36:59.912, 0, 79800
2026/10/03 09:36:59.912, 1, 84494
2026/10/03 09:36:59.912, 2, 78646
2026/10/03 09:36:59.912, 3, 77770
2026/10/03 09:36:59.912, 4, 118659
2026/10/03 09:36:59.912, 5, 120077
2026/10/03 09:36:59.912, 6, 118639
2026/10/03 09:36:59.912, 7, 118397
2026/10/03 09:37:00.912, 0, 79800
2026/10/03 09:37:00.912, 1, 84496
2026/10/03 09:37:00.912, 2, 78646
2026/10/03 09:37:00.912, 3, 77770
2026/10/03 09:37:00.912, 4, 118659
2026/10/03 09:37:00.912, 5, 120077
2026/10/03 09:37:00.912, 6, 118639
2026/10/03 09:37:00.912, 7, 118397
2026/10/03 09:37:01.912, 0, 79800
2026/10/03 09:37:01.912, 1, 84496
2026/10/03 09:37:01.912, 2, 78646
2026/10/03 09:37:01.912, 3, 77770
2026/10/03 09:37:01.912, 4, 118659
2026/10/03 09:37:01.912, 5, 120077
2026/10/03 09:37:01.912, 6, 118639
2026/10/03 09:37:01.912, 7, 118397
2026/10/03 09:37:02.913, 0, 79800
2026/10/03 09:37:02.913, 1, 84496
2026/10/03 09:37:02.913, 2, 78646
2026/10/03 09:37:02.913, 3, 77770
2026/10/03 09:37:02.913, 4, 118615
2026/10/03 09:37:02.913, 5, 118233
2026/10/03 09:37:02.913, 6, 118615
2026/10/03 09:37:02.913, 7, 118373
2026/10/03 09:37:03.913, 0, 79800
2026/10/03 09:37:03.913, 1, 84496
2026/10/03 09:37:03.913, 2, 78646
2026/10/03 09:37:03.913, 3, 77770
2026/10/03 09:37:03.913, 4, 119013
2026/10/03 09:37:03.913, 5, 118255
2026/10/03 09:37:03.913, 6, 118839
2026/10/03 09:37:03.913, 7, 118579
2026/10/03 09:37:04.913, 0, 79800
2026/10/03 09:37:04.913, 1, 84496
2026/10/03 09:37:04.913, 2, 78646
2026/10/03 09:37:04.913, 3, 77770
2026/10/03 09:37:04.913, 4, 119117
2026/10/03 09:37:04.913, 5, 118255
2026/10/03 09:37:04.913, 6, 118839
2026/10/03 09:37:04.913, 7, 118691
2026/10/03 09:37:05.913, 0, 79800
2026/10/03 09:37:05.913, 1, 84496
2026/10/03 09:37:05.913, 2, 78646
2026/10/03 09:37:05.913, 3, 77770
2026/10/03 09:37:05.913, 4, 119231
2026/10/03 09:37:05.913, 5, 118255
2026/10/03 09:37:05.913, 6, 119303
2026/10/03 09:37:05.913, 7, 118691
2026/10/03 09:37:06.913, 0, 79800
2026/10/03 09:37:06.914, 1, 84496
2026/10/03 09:37:06.914, 2, 78646
2026/10/03 09:37:06.914, 3, 77770
2026/10/03 09:37:06.914, 4, 119231
2026/10/03 09:37:06.914, 5, 118255
2026/10/03 09:37:06.914, 6, 119303
2026/10/03 09:37:06.914, 7, 118691
2026/10/03 09:37:07.914, 0, 79800
2026/10/03 09:37:07.914, 1, 84496
2026/10/03 09:37:07.914, 2, 78646
2026/10/03 09:37:07.914, 3, 77770
2026/10/03 09:37:07.914, 4, 119231
2026/10/03 09:37:07.914, 5, 118255
2026/10/03 09:37:07.914, 6, 119303
2026/10/03 09:37:07.914, 7, 118691
2026/10/03 09:37:08.914, 0, 79800
2026/10/03 09:37:08.914, 1, 84496
2026/10/03 09:37:08.914, 2, 78646
2026/10/03 09:37:08.914, 3, 77770
2026/10/03 09:37:08.914, 4, 119231
2026/10/03 09:37:08.914, 5, 118255
2026/10/03 09:37:08.914, 6, 119303
2026/10/03 09:37:08.914, 7, 118691
2026/10/03 09:37:09.914, 0, 79800
2026/10/03 09:37:09.914, 1, 84496
2026/10/03 09:37:09.914, 2, 78646
2026/10/03 09:37:09.914, 3, 77770
2026/10/03 09:37:09.914, 4, 119231
2026/10/03 09:37:09.914, 5, 118255
2026/10/03 09:37:09.914, 6, 119303
2026/10/03 09:37:09.914, 7, 118691
2026/10/03 09:37:10.914, 0, 79800
2026/10/03 09:37:10.914, 1, 84496
2026/10/03 09:37:10.914, 2, 78646
2026/10/03 09:37:10.914, 3, 77770
2026/10/03 09:37:10.914, 4, 119231
2026/10/03 09:37:10.914, 5, 118255
2026/10/03 09:37:10.915, 6, 119303
2026/10/03 09:37:10.915, 7, 118691
2026/10/03 09:37:11.915, 0, 79800
2026/10/03 09:37:11.915, 1, 84496
2026/10/03 09:37:11.915, 2, 78646
2026/10/03 09:37:11.915, 3, 77770
2026/10/03 09:37:11.915, 4, 119231
2026/10/03 09:37:11.915, 5, 118255
2026/10/03 09:37:11.915, 6, 119303
2026/10/03 09:37:11.915, 7, 118691
2026/10/03 09:37:12.915, 0, 79800
2026/10/03 09:37:12.915, 1, 84496
2026/10/03 09:37:12.915, 2, 78646
2026/10/03 09:37:12.915, 3, 77770
2026/10/03 09:37:12.915, 4, 119231
2026/10/03 09:37:12.915, 5, 118255
2026/10/03 09:37:12.915, 6, 119303
2026/10/03 09:37:12.915, 7, 118691
2026/10/03 09:37:13.915, 0, 79800
2026/10/03 09:37:13.915, 1, 84496
2026/10/03 09:37:13.915, 2, 78646
2026/10/03 09:37:13.915, 3, 77770
2026/10/03 09:37:13.915, 4, 119231
2026/10/03 09:37:13.915, 5, 118255
2026/10/03 09:37:13.915, 6, 119303
2026/10/03 09:37:13.915, 7, 118691
2026/10/03 09:37:14.915, 0, 79800
2026/10/03 09:37:14.915, 1, 84496
2026/10/03 09:37:14.915, 2, 78646
2026/10/03 09:37:14.915, 3, 77770
2026/10/03 09:37:14.915, 4, 119231
2026/10/03 09:37:14.915, 5, 118255
2026/10/03 09:37:14.915, 6, 119303
2026/10/03 09:37:14.915, 7, 118691
2026/10/03 09:37:15.915, 0, 79800
2026/10/03 09:37:15.916, 1, 84496
2026/10/03 09:37:15.916, 2, 78646
2026/10/03 09:37:15.916, 3, 77770
2026/10/03 09:37:15.916, 4, 119231
2026/10/03 09:37:15.916, 5, 118255
2026/10/03 09:37:15.916, 6, 119303
2026/10/03 09:37:15.916, 7, 118691
2026/10/03 09:37:16.916, 0, 79800
2026/10/03 09:37:16.916, 1, 84496
2026/10/03 09:37:16.916, 2, 78646
2026/10/03 09:37:16.916, 3, 77770
2026/10/03 09:37:16.916, 4, 119231
2026/10/03 09:37:16.916, 5, 118255
2026/10/03 09:37:16.916, 6, 119303
2026/10/03 09:37:16.916, 7, 118691
2026/10/03 09:37:17.916, 0, 79800
2026/10/03 09:37:17.917, 1, 84496
2026/10/03 09:37:17.918, 2, 78646
2026/10/03 09:37:17.920, 3, 77770
2026/10/03 09:37:17.921, 4, 119231
2026/10/03 09:37:17.922, 5, 118255
2026/10/03 09:37:17.922, 6, 119303
2026/10/03 09:37:17.948, 7, 118691
2026/10/03 09:37:18.949, 0, 79800
2026/10/03 09:37:18.950, 1, 84496
2026/10/03 09:37:18.952, 2, 78646
2026/10/03 09:37:18.952, 3, 77770
2026/10/03 09:37:18.953, 4, 118615
2026/10/03 09:37:18.953, 5, 118647
2026/10/03 09:37:18.954, 6, 118615
2026/10/03 09:37:18.955, 7, 118373
2026/10/03 09:37:19.955, 0, 79800
2026/10/03 09:37:19.955, 1, 84496
2026/10/03 09:37:19.955, 2, 78646
2026/10/03 09:37:19.956, 3, 77770
2026/10/03 09:37:19.956, 4, 118615
2026/10/03 09:37:19.956, 5, 118647
2026/10/03 09:37:19.956, 6, 118615
2026/10/03 09:37:19.956, 7, 118373
2026/10/03 09:37:20.956, 0, 79800
2026/10/03 09:37:20.956, 1, 84496
2026/10/03 09:37:20.956, 2, 78646
2026/10/03 09:37:20.956, 3, 77770
2026/10/03 09:37:20.956, 4, 118615
2026/10/03 09:37:20.956, 5, 118647
2026/10/03 09:37:20.956, 6, 118615
2026/10/03 09:37:20.956, 7, 118373
2026/10/03 09:37:21.956, 0, 79800
2026/10/03 09:37:21.957, 1, 84496
2026/10/03 09:37:21.957, 2, 78646
2026/10/03 09:37:21.957, 3, 77770
2026/10/03 09:37:21.957, 4, 118637
2026/10/03 09:37:21.957, 5, 118769
2026/10/03 09:37:21.957, 6, 118637
2026/10/03 09:37:21.957, 7, 118395
2026/10/03 09:37:22.957, 0, 79800
2026/10/03 09:37:22.957, 1, 84496
2026/10/03 09:37:22.957, 2, 78646
2026/10/03 09:37:22.957, 3, 77770
2026/10/03 09:37:22.957, 4, 118637
2026/10/03 09:37:22.957, 5, 118769
2026/10/03 09:37:22.957, 6, 118637
2026/10/03 09:37:22.957, 7, 118455
2026/10/03 09:37:23.957, 0, 79800
2026/10/03 09:37:23.957, 1, 84496
2026/10/03 09:37:23.957, 2, 78646
2026/10/03 09:37:23.957, 3, 77770
2026/10/03 09:37:23.957, 4, 118637
2026/10/03 09:37:23.957, 5, 118769
2026/10/03 09:37:23.957, 6, 118637
2026/10/03 09:37:23.957, 7, 118455
2026/10/03 09:37:24.958, 0, 79800
2026/10/03 09:37:24.958, 1, 84496
2026/10/03 09:37:24.958, 2, 78646
2026/10/03 09:37:24.958, 3, 77770
2026/10/03 09:37:24.958, 4, 118637
2026/10/03 09:37:24.958, 5, 120103
2026/10/03 09:37:24.959, 6, 118637
2026/10/03 09:37:24.959, 7, 118455
2026/10/03 09:37:25.959, 0, 79800
2026/10/03 09:37:25.959, 1, 84496
2026/10/03 09:37:25.959, 2, 78646
2026/10/03 09:37:25.959, 3, 77770
2026/10/03 09:37:25.959, 4, 118639
2026/10/03 09:37:25.959, 5, 120679
2026/10/03 09:37:25.959, 6, 118637
2026/10/03 09:37:25.959, 7, 118455
2026/10/03 09:37:26.959, 0, 79800
2026/10/03 09:37:26.959, 1, 84496
2026/10/03 09:37:26.959, 2, 78646
2026/10/03 09:37:26.959, 3, 77770
2026/10/03 09:37:26.959, 4, 118639
2026/10/03 09:37:26.960, 5, 120679
2026/10/03 09:37:26.960, 6, 118639
2026/10/03 09:37:26.960, 7, 118455
2026/10/03 09:37:27.960, 0, 79800
2026/10/03 09:37:27.960, 1, 84496
2026/10/03 09:37:27.960, 2, 78646
2026/10/03 09:37:27.960, 3, 77770
2026/10/03 09:37:27.960, 4, 118639
2026/10/03 09:37:27.960, 5, 120679
2026/10/03 09:37:27.960, 6, 118641
2026/10/03 09:37:27.960, 7, 118455
2026/10/03 09:37:28.960, 0, 79800
2026/10/03 09:37:28.960, 1, 84496
2026/10/03 09:37:28.960, 2, 78646
2026/10/03 09:37:28.960, 3, 77770
2026/10/03 09:37:28.960, 4, 118639
2026/10/03 09:37:28.960, 5, 120679
2026/10/03 09:37:28.963, 6, 118641
2026/10/03 09:37:28.963, 7, 118455
2026/10/03 09:37:29.963, 0, 79800
2026/10/03 09:37:30.047, 1, 84496
2026/10/03 09:37:30.047, 2, 78646
2026/10/03 09:37:30.047, 3, 77770
2026/10/03 09:37:30.048, 4, 118639
2026/10/03 09:37:30.048, 5, 120679
2026/10/03 09:37:30.051, 6, 118641
2026/10/03 09:37:30.051, 7, 118455
2026/10/03 09:37:31.053, 0, 79800
2026/10/03 09:37:31.053, 1, 84496
2026/10/03 09:37:31.053, 2, 78646
2026/10/03 09:37:31.053, 3, 77770
2026/10/03 09:37:31.053, 4, 118639
2026/10/03 09:37:31.053, 5, 120679
2026/10/03 09:37:31.053, 6, 118641
2026/10/03 09:37:31.053, 7, 118455
2026/10/03 09:37:32.053, 0, 79800
2026/10/03 09:37:32.053, 1, 84496
2026/10/03 09:37:32.053, 2, 78646
2026/10/03 09:37:32.053, 3, 77770
2026/10/03 09:37:32.053, 4, 118639
2026/10/03 09:37:32.053, 5, 120679
2026/10/03 09:37:32.053, 6, 118641
2026/10/03 09:37:32.053, 7, 118455
2026/10/03 09:37:33.053, 0, 79800
2026/10/03 09:37:33.053, 1, 84496
2026/10/03 09:37:33.053, 2, 78646
2026/10/03 09:37:33.053, 3, 77770
2026/10/03 09:37:33.053, 4, 118639
2026/10/03 09:37:33.053, 5, 120679
2026/10/03 09:37:33.053, 6, 118641
2026/10/03 09:37:33.053, 7, 118455
2026/10/03 09:37:34.054, 0, 79800
2026/10/03 09:37:34.054, 1, 84496
2026/10/03 09:37:34.054, 2, 78646
2026/10/03 09:37:34.054, 3, 77770
2026/10/03 09:37:34.054, 4, 118639
2026/10/03 09:37:34.054, 5, 120679
2026/10/03 09:37:34.054, 6, 118641
2026/10/03 09:37:34.054, 7, 118455
2026/10/03 09:37:35.054, 0, 79800
2026/10/03 09:37:35.054, 1, 84496
2026/10/03 09:37:35.054, 2, 78646
2026/10/03 09:37:35.054, 3, 77770
2026/10/03 09:37:35.054, 4, 118639
2026/10/03 09:37:35.054, 5, 120679
2026/10/03 09:37:35.054, 6, 118641
2026/10/03 09:37:35.054, 7, 118455
2026/10/03 09:37:36.054, 0, 79800
2026/10/03 09:37:36.054, 1, 84496
2026/10/03 09:37:36.054, 2, 78646
2026/10/03 09:37:36.054, 3, 77770
2026/10/03 09:37:36.054, 4, 118639
2026/10/03 09:37:36.054, 5, 120679
2026/10/03 09:37:36.054, 6, 118641
2026/10/03 09:37:36.054, 7, 118455
2026/10/03 09:37:37.054, 0, 79800
2026/10/03 09:37:37.054, 1, 84496
2026/10/03 09:37:37.054, 2, 78646
2026/10/03 09:37:37.054, 3, 77770
2026/10/03 09:37:37.054, 4, 118615
2026/10/03 09:37:37.054, 5, 118615
2026/10/03 09:37:37.054, 6, 118615
2026/10/03 09:37:37.054, 7, 118373
2026/10/03 09:37:38.055, 0, 79800
2026/10/03 09:37:38.055, 1, 84496
2026/10/03 09:37:38.055, 2, 78646
2026/10/03 09:37:38.055, 3, 77770
2026/10/03 09:37:38.055, 4, 118929
2026/10/03 09:37:38.055, 5, 118637
2026/10/03 09:37:38.055, 6, 119103
2026/10/03 09:37:38.055, 7, 118909
2026/10/03 09:37:39.055, 0, 79800
2026/10/03 09:37:39.055, 1, 84496
2026/10/03 09:37:39.055, 2, 78646
2026/10/03 09:37:39.055, 3, 77770
2026/10/03 09:37:39.055, 4, 119501
2026/10/03 09:37:39.055, 5, 118637
2026/10/03 09:37:39.055, 6, 119645
2026/10/03 09:37:39.055, 7, 118909
2026/10/03 09:37:40.055, 0, 79800
2026/10/03 09:37:40.055, 1, 84496
2026/10/03 09:37:40.055, 2, 78646
2026/10/03 09:37:40.055, 3, 77770
2026/10/03 09:37:40.055, 4, 119501
2026/10/03 09:37:40.055, 5, 118637
2026/10/03 09:37:40.055, 6, 119645
2026/10/03 09:37:40.055, 7, 118911
2026/10/03 09:37:41.055, 0, 79800
2026/10/03 09:37:41.055, 1, 84496
2026/10/03 09:37:41.055, 2, 78646
2026/10/03 09:37:41.055, 3, 77770
2026/10/03 09:37:41.055, 4, 119501
2026/10/03 09:37:41.055, 5, 118637
2026/10/03 09:37:41.055, 6, 119645
2026/10/03 09:37:41.055, 7, 118911
2026/10/03 09:37:42.055, 0, 79800
2026/10/03 09:37:42.055, 1, 84496
2026/10/03 09:37:42.055, 2, 78646
2026/10/03 09:37:42.056, 3, 77770
2026/10/03 09:37:42.056, 4, 119501
2026/10/03 09:37:42.056, 5, 118637
2026/10/03 09:37:42.056, 6, 119645
2026/10/03 09:37:42.056, 7, 118911
2026/10/03 09:37:43.056, 0, 79800
2026/10/03 09:37:43.056, 1, 84496
2026/10/03 09:37:43.056, 2, 78646
2026/10/03 09:37:43.056, 3, 77770
2026/10/03 09:37:43.056, 4, 119501
2026/10/03 09:37:43.056, 5, 118637
2026/10/03 09:37:43.056, 6, 119645
2026/10/03 09:37:43.056, 7, 118911
2026/10/03 09:37:44.056, 0, 79800
2026/10/03 09:37:44.056, 1, 84496
2026/10/03 09:37:44.056, 2, 78646
2026/10/03 09:37:44.056, 3, 77770
2026/10/03 09:37:44.056, 4, 119501
2026/10/03 09:37:44.056, 5, 118637
2026/10/03 09:37:44.056, 6, 119645
2026/10/03 09:37:44.056, 7, 118911
2026/10/03 09:37:45.056, 0, 79800
2026/10/03 09:37:45.056, 1, 84496
2026/10/03 09:37:45.056, 2, 78646
2026/10/03 09:37:45.056, 3, 77770
2026/10/03 09:37:45.056, 4, 119501
2026/10/03 09:37:45.056, 5, 118637
2026/10/03 09:37:45.056, 6, 119645
2026/10/03 09:37:45.056, 7, 118911
2026/10/03 09:37:46.056, 0, 79800
2026/10/03 09:37:46.056, 1, 84496
2026/10/03 09:37:46.056, 2, 78646
2026/10/03 09:37:46.056, 3, 77770
2026/10/03 09:37:46.056, 4, 119501
2026/10/03 09:37:46.056, 5, 118637
2026/10/03 09:37:46.056, 6, 119645
2026/10/03 09:37:46.056, 7, 118911
2026/10/03 09:37:47.057, 0, 79800
2026/10/03 09:37:47.058, 1, 84496
2026/10/03 09:37:47.060, 2, 78646
2026/10/03 09:37:47.062, 3, 77770
2026/10/03 09:37:47.065, 4, 119501
2026/10/03 09:37:47.067, 5, 118637
2026/10/03 09:37:47.069, 6, 119645
2026/10/03 09:37:47.070, 7, 118911
2026/10/03 09:37:48.071, 0, 79800
2026/10/03 09:37:48.072, 1, 84496
2026/10/03 09:37:48.072, 2, 78646
2026/10/03 09:37:48.072, 3, 77770
2026/10/03 09:37:48.074, 4, 119501
2026/10/03 09:37:48.076, 5, 118637
2026/10/03 09:37:48.077, 6, 119645
2026/10/03 09:37:48.077, 7, 118911
2026/10/03 09:37:49.078, 0, 79800
2026/10/03 09:37:49.078, 1, 84496
2026/10/03 09:37:49.078, 2, 78646
2026/10/03 09:37:49.078, 3, 77770
2026/10/03 09:37:49.078, 4, 119501
2026/10/03 09:37:49.078, 5, 118637
2026/10/03 09:37:49.078, 6, 119645
2026/10/03 09:37:49.078, 7, 118911
2026/10/03 09:37:50.078, 0, 79800
2026/10/03 09:37:50.080, 1, 84496
2026/10/03 09:37:50.080, 2, 78646
2026/10/03 09:37:50.080, 3, 77770
2026/10/03 09:37:50.080, 4, 119501
2026/10/03 09:37:50.080, 5, 118637
2026/10/03 09:37:50.080, 6, 119645
2026/10/03 09:37:50.080, 7, 118911
2026/10/03 09:37:51.080, 0, 79800
2026/10/03 09:37:51.080, 1, 84496
2026/10/03 09:37:51.080, 2, 78646
2026/10/03 09:37:51.080, 3, 77770
2026/10/03 09:37:51.080, 4, 119501
2026/10/03 09:37:51.080, 5, 118637
2026/10/03 09:37:51.080, 6, 119645
2026/10/03 09:37:51.080, 7, 118911
2026/10/03 09:37:52.081, 0, 79800
2026/10/03 09:37:52.082, 1, 84496
2026/10/03 09:37:52.084, 2, 78646
2026/10/03 09:37:52.086, 3, 77770
2026/10/03 09:37:52.086, 4, 119501
2026/10/03 09:37:52.086, 5, 118637
2026/10/03 09:37:52.088, 6, 119645
2026/10/03 09:37:52.090, 7, 118911
2026/10/03 09:37:53.090, 0, 79800
2026/10/03 09:37:53.090, 1, 84496
2026/10/03 09:37:53.090, 2, 78646
2026/10/03 09:37:53.090, 3, 77770
2026/10/03 09:37:53.090, 4, 119501
2026/10/03 09:37:53.099, 5, 118637
2026/10/03 09:37:53.099, 6, 119645
2026/10/03 09:37:53.099, 7, 118911
2026/10/03 09:37:54.100, 0, 79800
2026/10/03 09:37:54.100, 1, 84496
2026/10/03 09:37:54.100, 2, 78646
2026/10/03 09:37:54.100, 3, 77770
2026/10/03 09:37:54.100, 4, 119501
2026/10/03 09:37:54.100, 5, 118637
2026/10/03 09:37:54.100, 6, 119645
2026/10/03 09:37:54.100, 7, 118911
2026/10/03 09:37:55.100, 0, 79800
2026/10/03 09:37:55.100, 1, 84496
2026/10/03 09:37:55.100, 2, 78646
2026/10/03 09:37:55.100, 3, 77770
2026/10/03 09:37:55.100, 4, 118615
2026/10/03 09:37:55.102, 5, 118615
2026/10/03 09:37:55.102, 6, 118615
2026/10/03 09:37:55.102, 7, 118373
2026/10/03 09:37:56.102, 0, 79800
2026/10/03 09:37:56.102, 1, 84496
2026/10/03 09:37:56.102, 2, 78646
2026/10/03 09:37:56.102, 3, 77770
2026/10/03 09:37:56.102, 4, 118615
2026/10/03 09:37:56.102, 5, 118615
2026/10/03 09:37:56.102, 6, 118615
2026/10/03 09:37:56.102, 7, 118373
2026/10/03 09:37:57.103, 0, 79800
2026/10/03 09:37:57.103, 1, 84496
2026/10/03 09:37:57.103, 2, 78646
2026/10/03 09:37:57.103, 3, 77770
2026/10/03 09:37:57.103, 4, 118615
2026/10/03 09:37:57.105, 5, 118615
2026/10/03 09:37:57.105, 6, 118615
2026/10/03 09:37:57.105, 7, 118373
2026/10/03 09:37:58.105, 0, 79800
2026/10/03 09:37:58.105, 1, 84496
2026/10/03 09:37:58.105, 2, 78646
2026/10/03 09:37:58.105, 3, 77770
2026/10/03 09:37:58.105, 4, 118637
2026/10/03 09:37:58.105, 5, 118657
2026/10/03 09:37:58.105, 6, 118659
2026/10/03 09:37:58.105, 7, 118397
2026/10/03 09:37:59.105, 0, 79800
2026/10/03 09:37:59.105, 1, 84496
2026/10/03 09:37:59.105, 2, 78646
2026/10/03 09:37:59.105, 3, 77770
2026/10/03 09:37:59.105, 4, 118637
2026/10/03 09:37:59.110, 5, 118657
2026/10/03 09:37:59.110, 6, 118659
2026/10/03 09:37:59.110, 7, 118397
2026/10/03 09:38:00.110, 0, 79800
2026/10/03 09:38:00.110, 1, 84496
2026/10/03 09:38:00.110, 2, 78646
2026/10/03 09:38:00.110, 3, 77770
2026/10/03 09:38:00.110, 4, 118637
2026/10/03 09:38:00.110, 5, 119803
2026/10/03 09:38:00.110, 6, 118659
2026/10/03 09:38:00.110, 7, 118397
2026/10/03 09:38:01.110, 0, 79800
2026/10/03 09:38:01.111, 1, 84496
2026/10/03 09:38:01.111, 2, 78646
2026/10/03 09:38:01.111, 3, 77770
2026/10/03 09:38:01.111, 4, 118637
2026/10/03 09:38:01.113, 5, 119803
2026/10/03 09:38:01.113, 6, 118659
2026/10/03 09:38:01.113, 7, 118397
2026/10/03 09:38:02.113, 0, 79800
2026/10/03 09:38:02.114, 1, 84496
2026/10/03 09:38:02.114, 2, 78646
2026/10/03 09:38:02.114, 3, 77770
2026/10/03 09:38:02.114, 4, 118637
2026/10/03 09:38:02.119, 5, 119803
2026/10/03 09:38:02.119, 6, 118659
2026/10/03 09:38:02.119, 7, 118397
2026/10/03 09:38:03.119, 0, 79800
2026/10/03 09:38:03.119, 1, 84496
2026/10/03 09:38:03.119, 2, 78646
2026/10/03 09:38:03.119, 3, 77770
2026/10/03 09:38:03.119, 4, 118637
2026/10/03 09:38:03.123, 5, 119805
2026/10/03 09:38:03.123, 6, 118659
2026/10/03 09:38:03.123, 7, 118397
2026/10/03 09:38:04.123, 0, 79800
2026/10/03 09:38:04.123, 1, 84496
2026/10/03 09:38:04.125, 2, 78646
2026/10/03 09:38:04.127, 3, 77770
2026/10/03 09:38:04.128, 4, 118637
2026/10/03 09:38:04.130, 5, 119805
2026/10/03 09:38:04.132, 6, 118659
2026/10/03 09:38:04.132, 7, 118397
2026/10/03 09:38:05.132, 0, 79800
2026/10/03 09:38:05.132, 1, 84496
2026/10/03 09:38:05.132, 2, 78646
2026/10/03 09:38:05.132, 3, 77770
2026/10/03 09:38:05.132, 4, 118639
2026/10/03 09:38:05.133, 5, 119805
2026/10/03 09:38:05.133, 6, 118659
2026/10/03 09:38:05.133, 7, 118397
2026/10/03 09:38:06.133, 0, 79800
2026/10/03 09:38:06.133, 1, 84496
2026/10/03 09:38:06.133, 2, 78646
2026/10/03 09:38:06.133, 3, 77770
2026/10/03 09:38:06.133, 4, 118639
2026/10/03 09:38:06.133, 5, 119805
2026/10/03 09:38:06.133, 6, 118659
2026/10/03 09:38:06.133, 7, 118397
2026/10/03 09:38:07.133, 0, 79800
2026/10/03 09:38:07.133, 1, 84496
2026/10/03 09:38:07.133, 2, 78646
2026/10/03 09:38:07.133, 3, 77770
2026/10/03 09:38:07.134, 4, 118639
2026/10/03 09:38:07.135, 5, 119805
2026/10/03 09:38:07.135, 6, 118659
2026/10/03 09:38:07.135, 7, 118397
2026/10/03 09:38:08.135, 0, 79800
2026/10/03 09:38:08.135, 1, 84496
2026/10/03 09:38:08.136, 2, 78646
2026/10/03 09:38:08.136, 3, 77770
2026/10/03 09:38:08.136, 4, 118639
2026/10/03 09:38:08.136, 5, 119805
2026/10/03 09:38:08.136, 6, 118659
2026/10/03 09:38:08.136, 7, 118397
2026/10/03 09:38:09.136, 0, 79800
2026/10/03 09:38:09.136, 1, 84496
2026/10/03 09:38:09.136, 2, 78646
2026/10/03 09:38:09.136, 3, 77770
2026/10/03 09:38:09.137, 4, 118639
2026/10/03 09:38:09.138, 5, 119805
2026/10/03 09:38:09.138, 6, 118659
2026/10/03 09:38:09.139, 7, 118397
2026/10/03 09:38:10.139, 0, 79800
2026/10/03 09:38:10.139, 1, 84496
2026/10/03 09:38:10.139, 2, 78646
2026/10/03 09:38:10.139, 3, 77770
2026/10/03 09:38:10.139, 4, 118639
2026/10/03 09:38:10.139, 5, 119805
2026/10/03 09:38:10.139, 6, 118659
2026/10/03 09:38:10.139, 7, 118481
2026/10/03 09:38:11.139, 0, 79800
2026/10/03 09:38:11.139, 1, 84496
2026/10/03 09:38:11.140, 2, 78646
2026/10/03 09:38:11.140, 3, 77770
2026/10/03 09:38:11.140, 4, 118947
2026/10/03 09:38:11.140, 5, 119805
2026/10/03 09:38:11.140, 6, 118895
2026/10/03 09:38:11.140, 7, 118481
2026/10/03 09:38:12.140, 0, 79800
2026/10/03 09:38:12.141, 1, 84496
2026/10/03 09:38:12.141, 2, 78646
2026/10/03 09:38:12.141, 3, 77770
2026/10/03 09:38:12.141, 4, 118947
2026/10/03 09:38:12.141, 5, 119805
2026/10/03 09:38:12.141, 6, 118895
2026/10/03 09:38:12.141, 7, 118481
2026/10/03 09:38:13.141, 0, 79800
2026/10/03 09:38:13.142, 1, 84496
2026/10/03 09:38:13.142, 2, 78646
2026/10/03 09:38:13.142, 3, 77770
2026/10/03 09:38:13.142, 4, 118615
2026/10/03 09:38:13.142, 5, 118615
2026/10/03 09:38:13.142, 6, 118615
2026/10/03 09:38:13.142, 7, 118373
2026/10/03 09:38:14.142, 0, 79818
2026/10/03 09:38:14.142, 1, 84496
2026/10/03 09:38:14.142, 2, 78646
2026/10/03 09:38:14.142, 3, 77770
2026/10/03 09:38:14.142, 4, 118659
2026/10/03 09:38:14.142, 5, 118637
2026/10/03 09:38:14.142, 6, 118639
2026/10/03 09:38:14.142, 7, 118417
2026/10/03 09:38:15.143, 0, 79800
2026/10/03 09:38:15.143, 1, 84496
2026/10/03 09:38:15.143, 2, 78646
2026/10/03 09:38:15.143, 3, 77770
2026/10/03 09:38:15.143, 4, 118659
2026/10/03 09:38:15.143, 5, 118637
2026/10/03 09:38:15.143, 6, 118685
2026/10/03 09:38:15.143, 7, 118503
2026/10/03 09:38:16.143, 0, 79800
2026/10/03 09:38:16.143, 1, 84496
2026/10/03 09:38:16.143, 2, 78646
2026/10/03 09:38:16.143, 3, 77770
2026/10/03 09:38:16.143, 4, 118659
2026/10/03 09:38:16.143, 5, 118637
2026/10/03 09:38:16.143, 6, 118685
2026/10/03 09:38:16.143, 7, 118793
2026/10/03 09:38:17.143, 0, 79800
2026/10/03 09:38:17.144, 1, 84496
2026/10/03 09:38:17.144, 2, 78666
2026/10/03 09:38:17.144, 3, 77770
2026/10/03 09:38:17.150, 4, 118659
2026/10/03 09:38:17.150, 5, 118637
2026/10/03 09:38:17.150, 6, 118685
2026/10/03 09:38:17.152, 7, 118793
2026/10/03 09:38:18.153, 0, 79800
2026/10/03 09:38:18.154, 1, 84496
2026/10/03 09:38:18.155, 2, 78646
2026/10/03 09:38:18.157, 3, 77770
2026/10/03 09:38:18.157, 4, 118659
2026/10/03 09:38:18.157, 5, 118637
2026/10/03 09:38:18.157, 6, 118685
2026/10/03 09:38:18.159, 7, 118793
2026/10/03 09:38:19.161, 0, 79800
2026/10/03 09:38:19.162, 1, 84496
2026/10/03 09:38:19.163, 2, 78646
2026/10/03 09:38:19.163, 3, 77770
2026/10/03 09:38:19.164, 4, 118659
2026/10/03 09:38:19.165, 5, 118637
2026/10/03 09:38:19.165, 6, 118685
2026/10/03 09:38:19.166, 7, 118793
2026/10/03 09:38:20.166, 0, 79800
2026/10/03 09:38:20.179, 1, 84496
2026/10/03 09:38:20.179, 2, 78646
2026/10/03 09:38:20.179, 3, 77770
2026/10/03 09:38:20.179, 4, 118659
2026/10/03 09:38:20.179, 5, 118639
2026/10/03 09:38:20.192, 6, 118685
2026/10/03 09:38:20.192, 7, 118793
2026/10/03 09:38:21.193, 0, 79800
2026/10/03 09:38:21.197, 1, 84496
2026/10/03 09:38:21.197, 2, 78646
2026/10/03 09:38:21.198, 3, 77770
2026/10/03 09:38:21.199, 4, 118731
2026/10/03 09:38:21.200, 5, 118639
2026/10/03 09:38:21.200, 6, 118911
2026/10/03 09:38:21.200, 7, 118793
2026/10/03 09:38:22.200, 0, 79800
2026/10/03 09:38:22.201, 1, 84496
2026/10/03 09:38:22.202, 2, 78646
2026/10/03 09:38:22.204, 3, 77770
2026/10/03 09:38:22.205, 4, 118983
2026/10/03 09:38:22.205, 5, 118639
2026/10/03 09:38:22.207, 6, 118965
2026/10/03 09:38:22.207, 7, 118793
2026/10/03 09:38:23.207, 0, 79800
2026/10/03 09:38:23.207, 1, 84496
2026/10/03 09:38:23.207, 2, 78646
2026/10/03 09:38:23.207, 3, 77770
2026/10/03 09:38:23.207, 4, 118983
2026/10/03 09:38:23.207, 5, 118639
2026/10/03 09:38:23.207, 6, 118965
2026/10/03 09:38:23.207, 7, 118793
2026/10/03 09:38:24.207, 0, 79800
2026/10/03 09:38:24.207, 1, 84496
2026/10/03 09:38:24.207, 2, 78646
2026/10/03 09:38:24.207, 3, 77770
2026/10/03 09:38:24.207, 4, 118983
2026/10/03 09:38:24.207, 5, 118639
2026/10/03 09:38:24.207, 6, 118965
2026/10/03 09:38:24.207, 7, 118793
2026/10/03 09:38:25.208, 0, 79800
2026/10/03 09:38:25.208, 1, 84496
2026/10/03 09:38:25.208, 2, 78646
2026/10/03 09:38:25.208, 3, 77770
2026/10/03 09:38:25.208, 4, 118983
2026/10/03 09:38:25.208, 5, 118639
2026/10/03 09:38:25.208, 6, 118965
2026/10/03 09:38:25.208, 7, 118793
2026/10/03 09:38:26.208, 0, 79800
2026/10/03 09:38:26.208, 1, 84496
2026/10/03 09:38:26.208, 2, 78646
2026/10/03 09:38:26.208, 3, 77770
2026/10/03 09:38:26.208, 4, 118983
2026/10/03 09:38:26.208, 5, 118639
2026/10/03 09:38:26.208, 6, 118965
2026/10/03 09:38:26.208, 7, 118793
2026/10/03 09:38:27.208, 0, 79800
2026/10/03 09:38:27.209, 1, 84496
2026/10/03 09:38:27.211, 2, 78646
2026/10/03 09:38:27.211, 3, 77770
2026/10/03 09:38:27.211, 4, 118983
2026/10/03 09:38:27.211, 5, 118639
2026/10/03 09:38:27.211, 6, 118965
2026/10/03 09:38:27.211, 7, 118793
2026/10/03 09:38:28.211, 0, 79800
2026/10/03 09:38:28.211, 1, 84496
2026/10/03 09:38:28.211, 2, 78646
2026/10/03 09:38:28.211, 3, 77770
2026/10/03 09:38:28.211, 4, 118983
2026/10/03 09:38:28.211, 5, 118639
2026/10/03 09:38:28.211, 6, 118965
2026/10/03 09:38:28.211, 7, 118793
2026/10/03 09:38:29.211, 0, 79800
2026/10/03 09:38:29.238, 1, 84496
2026/10/03 09:38:29.238, 2, 78646
2026/10/03 09:38:29.239, 3, 77770
2026/10/03 09:38:29.241, 4, 118983
2026/10/03 09:38:29.242, 5, 118639
2026/10/03 09:38:29.242, 6, 118965
2026/10/03 09:38:29.244, 7, 118793
2026/10/03 09:38:30.244, 0, 79800
2026/10/03 09:38:30.244, 1, 84496
2026/10/03 09:38:30.244, 2, 78646
2026/10/03 09:38:30.244, 3, 77770
2026/10/03 09:38:30.244, 4, 118615
2026/10/03 09:38:30.245, 5, 118615
2026/10/03 09:38:30.245, 6, 118615
2026/10/03 09:38:30.245, 7, 118373
2026/10/03 09:38:31.245, 0, 79800
2026/10/03 09:38:31.245, 1, 84496
2026/10/03 09:38:31.245, 2, 78646
2026/10/03 09:38:31.245, 3, 77770
2026/10/03 09:38:31.245, 4, 118615
2026/10/03 09:38:31.245, 5, 118615
2026/10/03 09:38:31.245, 6, 118615
2026/10/03 09:38:31.245, 7, 118373
2026/10/03 09:38:32.245, 0, 79800
2026/10/03 09:38:32.246, 1, 84496
2026/10/03 09:38:32.247, 2, 78646
2026/10/03 09:38:32.247, 3, 77770
2026/10/03 09:38:32.247, 4, 118615
2026/10/03 09:38:32.247, 5, 118615
2026/10/03 09:38:32.247, 6, 118615
2026/10/03 09:38:32.247, 7, 118373
2026/10/03 09:38:33.247, 0, 79800
2026/10/03 09:38:33.247, 1, 84496
2026/10/03 09:38:33.247, 2, 78646
2026/10/03 09:38:33.247, 3, 77770
2026/10/03 09:38:33.247, 4, 118655
2026/10/03 09:38:33.247, 5, 118803
2026/10/03 09:38:33.248, 6, 118639
2026/10/03 09:38:33.248, 7, 118395
2026/10/03 09:38:34.248, 0, 79800
2026/10/03 09:38:34.248, 1, 84496
2026/10/03 09:38:34.249, 2, 78646
2026/10/03 09:38:34.249, 3, 77770
2026/10/03 09:38:34.249, 4, 118655
2026/10/03 09:38:34.249, 5, 118897
2026/10/03 09:38:34.249, 6, 118639
2026/10/03 09:38:34.249, 7, 118395
2026/10/03 09:38:35.249, 0, 79800
2026/10/03 09:38:35.249, 1, 84496
2026/10/03 09:38:35.249, 2, 78646
2026/10/03 09:38:35.249, 3, 77770
2026/10/03 09:38:35.249, 4, 118657
2026/10/03 09:38:35.250, 5, 119995
2026/10/03 09:38:35.250, 6, 118639
2026/10/03 09:38:35.250, 7, 118395
2026/10/03 09:38:36.250, 0, 79800
2026/10/03 09:38:36.250, 1, 84496
2026/10/03 09:38:36.250, 2, 78646
2026/10/03 09:38:36.250, 3, 77770
2026/10/03 09:38:36.250, 4, 118679
2026/10/03 09:38:36.250, 5, 119995
2026/10/03 09:38:36.250, 6, 118639
2026/10/03 09:38:36.250, 7, 118395
2026/10/03 09:38:37.250, 0, 79800
2026/10/03 09:38:37.252, 1, 84496
2026/10/03 09:38:37.253, 2, 78646
2026/10/03 09:38:37.253, 3, 77770
2026/10/03 09:38:37.253, 4, 118703
2026/10/03 09:38:37.253, 5, 119995
2026/10/03 09:38:37.254, 6, 118639
2026/10/03 09:38:37.254, 7, 118395
2026/10/03 09:38:38.254, 0, 79800
2026/10/03 09:38:38.254, 1, 84496
2026/10/03 09:38:38.254, 2, 78646
2026/10/03 09:38:38.254, 3, 77770
2026/10/03 09:38:38.254, 4, 118757
2026/10/03 09:38:38.254, 5, 119995
2026/10/03 09:38:38.254, 6, 118685
2026/10/03 09:38:38.254, 7, 118397
2026/10/03 09:38:39.254, 0, 79800
2026/10/03 09:38:39.255, 1, 84496
2026/10/03 09:38:39.255, 2, 78646
2026/10/03 09:38:39.255, 3, 77770
2026/10/03 09:38:39.255, 4, 119009
2026/10/03 09:38:39.255, 5, 119995
2026/10/03 09:38:39.255, 6, 119035
2026/10/03 09:38:39.256, 7, 118397
2026/10/03 09:38:40.257, 0, 79800
2026/10/03 09:38:40.258, 1, 84496
2026/10/03 09:38:40.258, 2, 78646
2026/10/03 09:38:40.259, 3, 77770
2026/10/03 09:38:40.259, 4, 119147
2026/10/03 09:38:40.259, 5, 119995
2026/10/03 09:38:40.259, 6, 119223
2026/10/03 09:38:40.259, 7, 118397
2026/10/03 09:38:41.259, 0, 79800
2026/10/03 09:38:41.259, 1, 84496
2026/10/03 09:38:41.259, 2, 78646
2026/10/03 09:38:41.259, 3, 77770
2026/10/03 09:38:41.259, 4, 119147
2026/10/03 09:38:41.260, 5, 119995
2026/10/03 09:38:41.260, 6, 119223
2026/10/03 09:38:41.260, 7, 118397
2026/10/03 09:38:42.260, 0, 79800
2026/10/03 09:38:42.261, 1, 84496
2026/10/03 09:38:42.262, 2, 78646
2026/10/03 09:38:42.264, 3, 77770
2026/10/03 09:38:42.266, 4, 119147
2026/10/03 09:38:42.266, 5, 119995
2026/10/03 09:38:42.266, 6, 119223
2026/10/03 09:38:42.266, 7, 118397
2026/10/03 09:38:43.266, 0, 79800
2026/10/03 09:38:43.266, 1, 84496
2026/10/03 09:38:43.266, 2, 78646
2026/10/03 09:38:43.266, 3, 77770
2026/10/03 09:38:43.266, 4, 119147
2026/10/03 09:38:43.266, 5, 119995
2026/10/03 09:38:43.266, 6, 119223
2026/10/03 09:38:43.271, 7, 118397
2026/10/03 09:38:44.274, 0, 79800
2026/10/03 09:38:44.274, 1, 84496
2026/10/03 09:38:44.274, 2, 78646
2026/10/03 09:38:44.274, 3, 77770
2026/10/03 09:38:44.274, 4, 119147
2026/10/03 09:38:44.274, 5, 119995
2026/10/03 09:38:44.274, 6, 119223
2026/10/03 09:38:44.274, 7, 118397
2026/10/03 09:38:45.274, 0, 79800
2026/10/03 09:38:45.274, 1, 84496
2026/10/03 09:38:45.274, 2, 78646
2026/10/03 09:38:45.274, 3, 77770
2026/10/03 09:38:45.274, 4, 119147
2026/10/03 09:38:45.274, 5, 119995
2026/10/03 09:38:45.274, 6, 119223
2026/10/03 09:38:45.274, 7, 118397
2026/10/03 09:38:46.274, 0, 79800
2026/10/03 09:38:46.274, 1, 84496
2026/10/03 09:38:46.274, 2, 78646
2026/10/03 09:38:46.274, 3, 77770
2026/10/03 09:38:46.274, 4, 119147
2026/10/03 09:38:46.274, 5, 119995
2026/10/03 09:38:46.274, 6, 119223
2026/10/03 09:38:46.274, 7, 118397
2026/10/03 09:38:47.274, 0, 79800
2026/10/03 09:38:47.275, 1, 84496
2026/10/03 09:38:47.277, 2, 78646
2026/10/03 09:38:47.277, 3, 77770
2026/10/03 09:38:47.277, 4, 119147
2026/10/03 09:38:47.277, 5, 119995
2026/10/03 09:38:47.277, 6, 119223
2026/10/03 09:38:47.277, 7, 118397
2026/10/03 09:38:48.277, 0, 79800
2026/10/03 09:38:48.278, 1, 84496
2026/10/03 09:38:48.279, 2, 78646
2026/10/03 09:38:48.283, 3, 77770
2026/10/03 09:38:48.283, 4, 118615
2026/10/03 09:38:48.283, 5, 118615
2026/10/03 09:38:48.285, 6, 118615
2026/10/03 09:38:48.285, 7, 118373
2026/10/03 09:38:49.287, 0, 79800
2026/10/03 09:38:49.287, 1, 84496
2026/10/03 09:38:49.287, 2, 78646
2026/10/03 09:38:49.287, 3, 77770
2026/10/03 09:38:49.287, 4, 118615
2026/10/03 09:38:49.287, 5, 118615
2026/10/03 09:38:49.287, 6, 118615
2026/10/03 09:38:49.287, 7, 118373
2026/10/03 09:38:50.287, 0, 79800
2026/10/03 09:38:50.288, 1, 84496
2026/10/03 09:38:50.288, 2, 78646
2026/10/03 09:38:50.288, 3, 77770
2026/10/03 09:38:50.288, 4, 118615
2026/10/03 09:38:50.288, 5, 118615
2026/10/03 09:38:50.288, 6, 118615
2026/10/03 09:38:50.288, 7, 118373
2026/10/03 09:38:51.288, 0, 79800
2026/10/03 09:38:51.288, 1, 84496
2026/10/03 09:38:51.288, 2, 78646
2026/10/03 09:38:51.288, 3, 77770
2026/10/03 09:38:51.288, 4, 118615
2026/10/03 09:38:51.288, 5, 118615
2026/10/03 09:38:51.288, 6, 118615
2026/10/03 09:38:51.288, 7, 118373
2026/10/03 09:38:52.288, 0, 79800
2026/10/03 09:38:52.288, 1, 84496
2026/10/03 09:38:52.288, 2, 78646
2026/10/03 09:38:52.288, 3, 77770
2026/10/03 09:38:52.288, 4, 118615
2026/10/03 09:38:52.289, 5, 118615
2026/10/03 09:38:52.289, 6, 118615
2026/10/03 09:38:52.289, 7, 118373
2026/10/03 09:38:53.289, 0, 79800
2026/10/03 09:38:53.289, 1, 84496
2026/10/03 09:38:53.289, 2, 78646
2026/10/03 09:38:53.289, 3, 77770
2026/10/03 09:38:53.289, 4, 118615
2026/10/03 09:38:53.289, 5, 118615
2026/10/03 09:38:53.289, 6, 118615
2026/10/03 09:38:53.289, 7, 118373
2026/10/03 09:38:54.289, 0, 79800
2026/10/03 09:38:54.289, 1, 84496
2026/10/03 09:38:54.289, 2, 78646
2026/10/03 09:38:54.289, 3, 77770
2026/10/03 09:38:54.290, 4, 118615
2026/10/03 09:38:54.290, 5, 118615
2026/10/03 09:38:54.290, 6, 118615
2026/10/03 09:38:54.290, 7, 118373
2026/10/03 09:38:55.290, 0, 29632
2026/10/03 09:38:55.290, 1, 28354
2026/10/03 09:38:55.290, 2, 28356
2026/10/03 09:38:55.290, 3, 27658
2026/10/03 09:38:55.290, 4, 118615
2026/10/03 09:38:55.290, 5, 118615
2026/10/03 09:38:55.290, 6, 118615
2026/10/03 09:38:55.290, 7, 118373
2026/10/03 09:38:56.290, 0, 29632
2026/10/03 09:38:56.290, 1, 28354
2026/10/03 09:38:56.290, 2, 28356
2026/10/03 09:38:56.290, 3, 27658
2026/10/03 09:38:56.290, 4, 118615
2026/10/03 09:38:56.290, 5, 118615
2026/10/03 09:38:56.290, 6, 118615
2026/10/03 09:38:56.290, 7, 118373
2026/10/03 09:38:57.290, 0, 29632
2026/10/03 09:38:57.291, 1, 28354
2026/10/03 09:38:57.291, 2, 28356
2026/10/03 09:38:57.291, 3, 27658
2026/10/03 09:38:57.291, 4, 118615
2026/10/03 09:38:57.291, 5, 118615
2026/10/03 09:38:57.291, 6, 118615
2026/10/03 09:38:57.292, 7, 118373
2026/10/03 09:38:58.292, 0, 29632
2026/10/03 09:38:58.292, 1, 28354
2026/10/03 09:38:58.292, 2, 28356
2026/10/03 09:38:58.292, 3, 27658
2026/10/03 09:38:58.292, 4, 118895
2026/10/03 09:38:58.292, 5, 118887
2026/10/03 09:38:58.292, 6, 118639
2026/10/03 09:38:58.292, 7, 118505
2026/10/03 09:38:59.292, 0, 29632
2026/10/03 09:38:59.292, 1, 28354
2026/10/03 09:38:59.292, 2, 28356
2026/10/03 09:38:59.292, 3, 27658
2026/10/03 09:38:59.293, 4, 119345
2026/10/03 09:38:59.293, 5, 118887
2026/10/03 09:38:59.293, 6, 118951
2026/10/03 09:38:59.293, 7, 118839
2026/10/03 09:39:00.293, 0, 29632
2026/10/03 09:39:00.293, 1, 28354
2026/10/03 09:39:00.293, 2, 28356
2026/10/03 09:39:00.293, 3, 27658
2026/10/03 09:39:00.293, 4, 119345
2026/10/03 09:39:00.293, 5, 119109
2026/10/03 09:39:00.293, 6, 119557
2026/10/03 09:39:00.293, 7, 118839
2026/10/03 09:39:01.293, 0, 29632
2026/10/03 09:39:01.294, 1, 28354
2026/10/03 09:39:01.294, 2, 28356
2026/10/03 09:39:01.294, 3, 27658
2026/10/03 09:39:01.295, 4, 119345
2026/10/03 09:39:01.295, 5, 119109
2026/10/03 09:39:01.295, 6, 119557
2026/10/03 09:39:01.296, 7, 118839
2026/10/03 09:39:02.296, 0, 29632
2026/10/03 09:39:02.296, 1, 28354
2026/10/03 09:39:02.298, 2, 28356
2026/10/03 09:39:02.298, 3, 27658
2026/10/03 09:39:02.298, 4, 119345
2026/10/03 09:39:02.298, 5, 119109
2026/10/03 09:39:02.298, 6, 119557
2026/10/03 09:39:02.298, 7, 118839
2026/10/03 09:39:03.298, 0, 29632
2026/10/03 09:39:03.299, 1, 28354
2026/10/03 09:39:03.299, 2, 28356
2026/10/03 09:39:03.299, 3, 27658
2026/10/03 09:39:03.299, 4, 119345
2026/10/03 09:39:03.299, 5, 119109
2026/10/03 09:39:03.299, 6, 119557
2026/10/03 09:39:03.299, 7, 118839
2026/10/03 09:39:04.299, 0, 29632
2026/10/03 09:39:04.299, 1, 28354
2026/10/03 09:39:04.299, 2, 28356
2026/10/03 09:39:04.299, 3, 27658
2026/10/03 09:39:04.299, 4, 119345
2026/10/03 09:39:04.299, 5, 119109
2026/10/03 09:39:04.356, 6, 119557
2026/10/03 09:39:04.356, 7, 118839
2026/10/03 09:39:05.356, 0, 29632
2026/10/03 09:39:05.356, 1, 28354
2026/10/03 09:39:05.356, 2, 28356
2026/10/03 09:39:05.356, 3, 27658
2026/10/03 09:39:05.356, 4, 119345
2026/10/03 09:39:05.356, 5, 119109
2026/10/03 09:39:05.356, 6, 119557
2026/10/03 09:39:05.356, 7, 118839
2026/10/03 09:39:06.356, 0, 29632
2026/10/03 09:39:06.356, 1, 28354
2026/10/03 09:39:06.356, 2, 28356
2026/10/03 09:39:06.356, 3, 27658
2026/10/03 09:39:06.356, 4, 119345
2026/10/03 09:39:06.356, 5, 119109
2026/10/03 09:39:06.356, 6, 119557
2026/10/03 09:39:06.356, 7, 118839
2026/10/03 09:39:07.356, 0, 29632
2026/10/03 09:39:07.356, 1, 28354
2026/10/03 09:39:07.356, 2, 28356
2026/10/03 09:39:07.356, 3, 27658
2026/10/03 09:39:07.356, 4, 119345
2026/10/03 09:39:07.357, 5, 119109
2026/10/03 09:39:07.358, 6, 119557
2026/10/03 09:39:07.358, 7, 118839
2026/10/03 09:39:08.358, 0, 29632
2026/10/03 09:39:08.360, 1, 28354
2026/10/03 09:39:08.360, 2, 28356
2026/10/03 09:39:08.360, 3, 27658
2026/10/03 09:39:08.360, 4, 119345
2026/10/03 09:39:08.361, 5, 119109
2026/10/03 09:39:08.361, 6, 119557
2026/10/03 09:39:08.361, 7, 118839
2026/10/03 09:39:09.363, 0, 29632
2026/10/03 09:39:09.364, 1, 28354
2026/10/03 09:39:09.364, 2, 28356
2026/10/03 09:39:09.364, 3, 27658
2026/10/03 09:39:09.364, 4, 119345
2026/10/03 09:39:09.364, 5, 119109
2026/10/03 09:39:09.364, 6, 119557
2026/10/03 09:39:09.364, 7, 118839
2026/10/03 09:39:10.364, 0, 29632
2026/10/03 09:39:10.364, 1, 28354
2026/10/03 09:39:10.364, 2, 28356
2026/10/03 09:39:10.365, 3, 27658
2026/10/03 09:39:10.365, 4, 119345
2026/10/03 09:39:10.365, 5, 119109
2026/10/03 09:39:10.365, 6, 119557
2026/10/03 09:39:10.365, 7, 118839
2026/10/03 09:39:11.365, 0, 29632
2026/10/03 09:39:11.365, 1, 28354
2026/10/03 09:39:11.365, 2, 28356
2026/10/03 09:39:11.365, 3, 27658
2026/10/03 09:39:11.365, 4, 119345
2026/10/03 09:39:11.365, 5, 119109
2026/10/03 09:39:11.365, 6, 119557
2026/10/03 09:39:11.365, 7, 118839
2026/10/03 09:39:12.365, 0, 29632
2026/10/03 09:39:12.368, 1, 28354
2026/10/03 09:39:12.368, 2, 28356
2026/10/03 09:39:12.371, 3, 27658
2026/10/03 09:39:12.372, 4, 119345
2026/10/03 09:39:12.372, 5, 119109
2026/10/03 09:39:12.374, 6, 119557
2026/10/03 09:39:12.378, 7, 118839
2026/10/03 09:39:13.380, 0, 29632
2026/10/03 09:39:13.380, 1, 28354
2026/10/03 09:39:13.381, 2, 28356
2026/10/03 09:39:13.381, 3, 27658
2026/10/03 09:39:13.381, 4, 119345
2026/10/03 09:39:13.381, 5, 119109
2026/10/03 09:39:13.381, 6, 119557
2026/10/03 09:39:13.381, 7, 118839
2026/10/03 09:39:14.381, 0, 29632
2026/10/03 09:39:14.381, 1, 28354
2026/10/03 09:39:14.381, 2, 28356
2026/10/03 09:39:14.381, 3, 27658
2026/10/03 09:39:14.381, 4, 119345
2026/10/03 09:39:14.381, 5, 119109
2026/10/03 09:39:14.381, 6, 119557
2026/10/03 09:39:14.381, 7, 118839
2026/10/03 09:39:15.381, 0, 29632
2026/10/03 09:39:15.381, 1, 28354
2026/10/03 09:39:15.381, 2, 28356
2026/10/03 09:39:15.381, 3, 27658
2026/10/03 09:39:15.381, 4, 119345
2026/10/03 09:39:15.381, 5, 119109
2026/10/03 09:39:15.381, 6, 119557
2026/10/03 09:39:15.381, 7, 118839
2026/10/03 09:39:16.381, 0, 29632
2026/10/03 09:39:16.381, 1, 28354
2026/10/03 09:39:16.381, 2, 28356
2026/10/03 09:39:16.381, 3, 27658
2026/10/03 09:39:16.381, 4, 119345
2026/10/03 09:39:16.381, 5, 119109
2026/10/03 09:39:16.381, 6, 119557
2026/10/03 09:39:16.381, 7, 118839
2026/10/03 09:39:17.381, 0, 29632
2026/10/03 09:39:17.447, 1, 28354
2026/10/03 09:39:17.448, 2, 28356
2026/10/03 09:39:17.448, 3, 27658
2026/10/03 09:39:17.448, 4, 119345
2026/10/03 09:39:17.448, 5, 119109
2026/10/03 09:39:17.448, 6, 119557
2026/10/03 09:39:17.448, 7, 118839
2026/10/03 09:39:18.451, 0, 29632
2026/10/03 09:39:18.453, 1, 28354
2026/10/03 09:39:18.453, 2, 28356
2026/10/03 09:39:18.453, 3, 27658
2026/10/03 09:39:18.454, 4, 119345
2026/10/03 09:39:18.454, 5, 119109
2026/10/03 09:39:18.455, 6, 119557
2026/10/03 09:39:18.455, 7, 118839
2026/10/03 09:39:19.456, 0, 29632
2026/10/03 09:39:19.456, 1, 28354
2026/10/03 09:39:19.456, 2, 28356
2026/10/03 09:39:19.456, 3, 27658
2026/10/03 09:39:19.456, 4, 119345
2026/10/03 09:39:19.456, 5, 119109
2026/10/03 09:39:19.456, 6, 119557
2026/10/03 09:39:19.456, 7, 118839
2026/10/03 09:39:20.456, 0, 29632
2026/10/03 09:39:20.457, 1, 28354
2026/10/03 09:39:20.457, 2, 28356
2026/10/03 09:39:20.457, 3, 27658
2026/10/03 09:39:20.457, 4, 119345
2026/10/03 09:39:20.457, 5, 119109
2026/10/03 09:39:20.457, 6, 119557
2026/10/03 09:39:20.457, 7, 118839
2026/10/03 09:39:21.457, 0, 29632
2026/10/03 09:39:21.457, 1, 28354
2026/10/03 09:39:21.457, 2, 28356
2026/10/03 09:39:21.457, 3, 27658
2026/10/03 09:39:21.457, 4, 119345
2026/10/03 09:39:21.457, 5, 119109
2026/10/03 09:39:21.457, 6, 119557
2026/10/03 09:39:21.457, 7, 118839
2026/10/03 09:39:22.457, 0, 29632
2026/10/03 09:39:22.458, 1, 28354
2026/10/03 09:39:22.459, 2, 28356
2026/10/03 09:39:22.459, 3, 27658
2026/10/03 09:39:22.459, 4, 119345
2026/10/03 09:39:22.459, 5, 119109
2026/10/03 09:39:22.459, 6, 119557
2026/10/03 09:39:22.459, 7, 118839
2026/10/03 09:39:23.461, 0, 29632
2026/10/03 09:39:23.462, 1, 28354
2026/10/03 09:39:23.463, 2, 28356
2026/10/03 09:39:23.464, 3, 27658
2026/10/03 09:39:23.465, 4, 119345
2026/10/03 09:39:23.466, 5, 119109
2026/10/03 09:39:23.467, 6, 119557
2026/10/03 09:39:23.468, 7, 118839
2026/10/03 09:39:24.469, 0, 29632
2026/10/03 09:39:24.469, 1, 28354
2026/10/03 09:39:24.470, 2, 28356
2026/10/03 09:39:24.470, 3, 27658
2026/10/03 09:39:24.470, 4, 119345
2026/10/03 09:39:24.470, 5, 119109
2026/10/03 09:39:24.470, 6, 119557
2026/10/03 09:39:24.470, 7, 118839
2026/10/03 09:39:25.471, 0, 29632
2026/10/03 09:39:25.471, 1, 28354
2026/10/03 09:39:25.471, 2, 28356
2026/10/03 09:39:25.471, 3, 27658
2026/10/03 09:39:25.471, 4, 119345
2026/10/03 09:39:25.471, 5, 119109
2026/10/03 09:39:25.471, 6, 119557
2026/10/03 09:39:25.471, 7, 118839
2026/10/03 09:39:26.471, 0, 29632
2026/10/03 09:39:26.471, 1, 28354
2026/10/03 09:39:26.471, 2, 28356
2026/10/03 09:39:26.471, 3, 27658
2026/10/03 09:39:26.471, 4, 119345
2026/10/03 09:39:26.471, 5, 119109
2026/10/03 09:39:26.471, 6, 119557
2026/10/03 09:39:26.471, 7, 118839
2026/10/03 09:39:27.471, 0, 29632
2026/10/03 09:39:27.471, 1, 28354
2026/10/03 09:39:27.472, 2, 28356
2026/10/03 09:39:27.472, 3, 27658
2026/10/03 09:39:27.472, 4, 119345
2026/10/03 09:39:27.472, 5, 119109
2026/10/03 09:39:27.472, 6, 119557
2026/10/03 09:39:27.472, 7, 118839
2026/10/03 09:39:28.473, 0, 29632
2026/10/03 09:39:28.473, 1, 28354
2026/10/03 09:39:28.473, 2, 28356
2026/10/03 09:39:28.473, 3, 27658
2026/10/03 09:39:28.473, 4, 119345
2026/10/03 09:39:28.473, 5, 119109
2026/10/03 09:39:28.473, 6, 119557
2026/10/03 09:39:28.473, 7, 118839
2026/10/03 09:39:29.473, 0, 29632
2026/10/03 09:39:29.473, 1, 28354
2026/10/03 09:39:29.473, 2, 28356
2026/10/03 09:39:29.473, 3, 27658
2026/10/03 09:39:29.473, 4, 119345
2026/10/03 09:39:29.473, 5, 119109
2026/10/03 09:39:29.473, 6, 119557
2026/10/03 09:39:29.473, 7, 118839
2026/10/03 09:39:30.473, 0, 29632
2026/10/03 09:39:30.473, 1, 28354
2026/10/03 09:39:30.473, 2, 28356
2026/10/03 09:39:30.473, 3, 27658
2026/10/03 09:39:30.473, 4, 119345
2026/10/03 09:39:30.474, 5, 119109
2026/10/03 09:39:30.474, 6, 119557
2026/10/03 09:39:30.474, 7, 118839
2026/10/03 09:39:31.474, 0, 29632
2026/10/03 09:39:31.474, 1, 28354
2026/10/03 09:39:31.474, 2, 28356
2026/10/03 09:39:31.474, 3, 27658
2026/10/03 09:39:31.474, 4, 119347
2026/10/03 09:39:31.474, 5, 119109
2026/10/03 09:39:31.474, 6, 119557
2026/10/03 09:39:31.474, 7, 118839
2026/10/03 09:39:32.474, 0, 29632
2026/10/03 09:39:32.474, 1, 28354
2026/10/03 09:39:32.474, 2, 28356
2026/10/03 09:39:32.474, 3, 27658
2026/10/03 09:39:32.474, 4, 119347
2026/10/03 09:39:32.474, 5, 119111
2026/10/03 09:39:32.474, 6, 119557
2026/10/03 09:39:32.475, 7, 118839
2026/10/03 09:39:33.475, 0, 29632
2026/10/03 09:39:33.475, 1, 28354
2026/10/03 09:39:33.475, 2, 28356
2026/10/03 09:39:33.475, 3, 27658
2026/10/03 09:39:33.475, 4, 119347
2026/10/03 09:39:33.475, 5, 119111
2026/10/03 09:39:33.475, 6, 119557
2026/10/03 09:39:33.475, 7, 118841
2026/10/03 09:39:34.475, 0, 29632
2026/10/03 09:39:34.475, 1, 28354
2026/10/03 09:39:34.475, 2, 28356
2026/10/03 09:39:34.475, 3, 27658
2026/10/03 09:39:34.475, 4, 119347
2026/10/03 09:39:34.475, 5, 119111
2026/10/03 09:39:34.475, 6, 119557
2026/10/03 09:39:34.475, 7, 118841
2026/10/03 09:39:35.475, 0, 29632
2026/10/03 09:39:35.475, 1, 28354
2026/10/03 09:39:35.475, 2, 28356
2026/10/03 09:39:35.475, 3, 27658
2026/10/03 09:39:35.475, 4, 119347
2026/10/03 09:39:35.475, 5, 119111
2026/10/03 09:39:35.475, 6, 119557
2026/10/03 09:39:35.475, 7, 118841
2026/10/03 09:39:36.475, 0, 29632
2026/10/03 09:39:36.475, 1, 28354
2026/10/03 09:39:36.475, 2, 28356
2026/10/03 09:39:36.475, 3, 27658
2026/10/03 09:39:36.475, 4, 119347
2026/10/03 09:39:36.475, 5, 119111
2026/10/03 09:39:36.475, 6, 119557
2026/10/03 09:39:36.475, 7, 118841
2026/10/03 09:39:37.476, 0, 29632
2026/10/03 09:39:37.537, 1, 28354
2026/10/03 09:39:37.537, 2, 28356
2026/10/03 09:39:37.537, 3, 27658
2026/10/03 09:39:37.537, 4, 119347
2026/10/03 09:39:37.537, 5, 119111
2026/10/03 09:39:37.537, 6, 119557
2026/10/03 09:39:37.537, 7, 118841
2026/10/03 09:39:38.538, 0, 29632
2026/10/03 09:39:38.538, 1, 28354
2026/10/03 09:39:38.538, 2, 28356
2026/10/03 09:39:38.538, 3, 27658
2026/10/03 09:39:38.538, 4, 119347
2026/10/03 09:39:38.538, 5, 119111
2026/10/03 09:39:38.538, 6, 119557
2026/10/03 09:39:38.538, 7, 118841
2026/10/03 09:39:39.538, 0, 29632
2026/10/03 09:39:39.538, 1, 28354
2026/10/03 09:39:39.538, 2, 28356
2026/10/03 09:39:39.538, 3, 27658
2026/10/03 09:39:39.538, 4, 119347
2026/10/03 09:39:39.538, 5, 119111
2026/10/03 09:39:39.538, 6, 119557
2026/10/03 09:39:39.538, 7, 118841
2026/10/03 09:39:40.538, 0, 29632
2026/10/03 09:39:40.538, 1, 28354
2026/10/03 09:39:40.538, 2, 28356
2026/10/03 09:39:40.538, 3, 27658
2026/10/03 09:39:40.538, 4, 119347
2026/10/03 09:39:40.538, 5, 119111
2026/10/03 09:39:40.538, 6, 119557
2026/10/03 09:39:40.538, 7, 118841
2026/10/03 09:39:41.538, 0, 29632
2026/10/03 09:39:41.538, 1, 28354
2026/10/03 09:39:41.538, 2, 28356
2026/10/03 09:39:41.538, 3, 27658
2026/10/03 09:39:41.538, 4, 119347
2026/10/03 09:39:41.538, 5, 119111
2026/10/03 09:39:41.538, 6, 119557
2026/10/03 09:39:41.538, 7, 118841
2026/10/03 09:39:42.538, 0, 29632
2026/10/03 09:39:42.538, 1, 28354
2026/10/03 09:39:42.539, 2, 28356
2026/10/03 09:39:42.539, 3, 27658
2026/10/03 09:39:42.539, 4, 119347
2026/10/03 09:39:42.539, 5, 119111
2026/10/03 09:39:42.539, 6, 119557
2026/10/03 09:39:42.539, 7, 118841
2026/10/03 09:39:43.539, 0, 29632
2026/10/03 09:39:43.539, 1, 28354
2026/10/03 09:39:43.539, 2, 28356
2026/10/03 09:39:43.539, 3, 27658
2026/10/03 09:39:43.539, 4, 119347
2026/10/03 09:39:43.539, 5, 119111
2026/10/03 09:39:43.539, 6, 119557
2026/10/03 09:39:43.539, 7, 118841
2026/10/03 09:39:44.539, 0, 29632
2026/10/03 09:39:44.539, 1, 28354
2026/10/03 09:39:44.539, 2, 28356
2026/10/03 09:39:44.539, 3, 27658
2026/10/03 09:39:44.539, 4, 119347
2026/10/03 09:39:44.539, 5, 119111
2026/10/03 09:39:44.539, 6, 119557
2026/10/03 09:39:44.539, 7, 118841
2026/10/03 09:39:45.539, 0, 29632
2026/10/03 09:39:45.539, 1, 28354
2026/10/03 09:39:45.539, 2, 28356
2026/10/03 09:39:45.539, 3, 27658
2026/10/03 09:39:45.539, 4, 119347
2026/10/03 09:39:45.539, 5, 119111
2026/10/03 09:39:45.539, 6, 119557
2026/10/03 09:39:45.539, 7, 118841
2026/10/03 09:39:46.539, 0, 29632
2026/10/03 09:39:46.539, 1, 28354
2026/10/03 09:39:46.539, 2, 28356
2026/10/03 09:39:46.539, 3, 27658
2026/10/03 09:39:46.539, 4, 119347
2026/10/03 09:39:46.539, 5, 119111
2026/10/03 09:39:46.541, 6, 119557
2026/10/03 09:39:46.541, 7, 118841
2026/10/03 09:39:47.541, 0, 29632
2026/10/03 09:39:47.541, 1, 28354
2026/10/03 09:39:47.541, 2, 28356
2026/10/03 09:39:47.541, 3, 27658
2026/10/03 09:39:47.541, 4, 119347
2026/10/03 09:39:47.541, 5, 119111
2026/10/03 09:39:47.541, 6, 119557
2026/10/03 09:39:47.541, 7, 118841
2026/10/03 09:39:48.541, 0, 29632
2026/10/03 09:39:48.542, 1, 28354
2026/10/03 09:39:48.543, 2, 28356
2026/10/03 09:39:48.543, 3, 27658
2026/10/03 09:39:48.544, 4, 119347
2026/10/03 09:39:48.545, 5, 119111
2026/10/03 09:39:48.545, 6, 119557
2026/10/03 09:39:48.546, 7, 118841
2026/10/03 09:39:49.548, 0, 29632
2026/10/03 09:39:49.548, 1, 28354
2026/10/03 09:39:49.548, 2, 28356
2026/10/03 09:39:49.548, 3, 27658
2026/10/03 09:39:49.548, 4, 119347
2026/10/03 09:39:49.548, 5, 119111
2026/10/03 09:39:49.548, 6, 119557
2026/10/03 09:39:49.548, 7, 118841
2026/10/03 09:39:50.548, 0, 29632
2026/10/03 09:39:50.548, 1, 28354
2026/10/03 09:39:50.548, 2, 28356
2026/10/03 09:39:50.548, 3, 27658
2026/10/03 09:39:50.548, 4, 119347
2026/10/03 09:39:50.548, 5, 119111
2026/10/03 09:39:50.548, 6, 119557
2026/10/03 09:39:50.548, 7, 118841
2026/10/03 09:39:51.548, 0, 29632
2026/10/03 09:39:51.549, 1, 28354
2026/10/03 09:39:51.549, 2, 28356
2026/10/03 09:39:51.549, 3, 27658
2026/10/03 09:39:51.549, 4, 119347
2026/10/03 09:39:51.549, 5, 119111
2026/10/03 09:39:51.549, 6, 119557
2026/10/03 09:39:51.549, 7, 118841
2026/10/03 09:39:52.549, 0, 29632
2026/10/03 09:39:52.549, 1, 28354
2026/10/03 09:39:52.549, 2, 28356
2026/10/03 09:39:52.549, 3, 27658
2026/10/03 09:39:52.549, 4, 119347
2026/10/03 09:39:52.549, 5, 119111
2026/10/03 09:39:52.549, 6, 119557
2026/10/03 09:39:52.549, 7, 118841
2026/10/03 09:39:53.549, 0, 29632
2026/10/03 09:39:53.549, 1, 28354
2026/10/03 09:39:53.549, 2, 28356
2026/10/03 09:39:53.549, 3, 27658
2026/10/03 09:39:53.549, 4, 119347
2026/10/03 09:39:53.549, 5, 119111
2026/10/03 09:39:53.549, 6, 119557
2026/10/03 09:39:53.549, 7, 118841
2026/10/03 09:39:54.549, 0, 29632
2026/10/03 09:39:54.550, 1, 28354
2026/10/03 09:39:54.550, 2, 28356
2026/10/03 09:39:54.550, 3, 27658
2026/10/03 09:39:54.550, 4, 119347
2026/10/03 09:39:54.550, 5, 119111
2026/10/03 09:39:54.550, 6, 119557
2026/10/03 09:39:54.550, 7, 118841
2026/10/03 09:39:55.550, 0, 29632
2026/10/03 09:39:55.550, 1, 28354
2026/10/03 09:39:55.550, 2, 28356
2026/10/03 09:39:55.550, 3, 27658
2026/10/03 09:39:55.550, 4, 119347
2026/10/03 09:39:55.550, 5, 119111
2026/10/03 09:39:55.550, 6, 119557
2026/10/03 09:39:55.550, 7, 118841
2026/10/03 09:39:56.550, 0, 29632
2026/10/03 09:39:56.550, 1, 28354
2026/10/03 09:39:56.550, 2, 28356
2026/10/03 09:39:56.550, 3, 27658
2026/10/03 09:39:56.550, 4, 119347
2026/10/03 09:39:56.550, 5, 119111
2026/10/03 09:39:56.551, 6, 119557
2026/10/03 09:39:56.551, 7, 118841
2026/10/03 09:39:57.551, 0, 29632
2026/10/03 09:39:57.551, 1, 28354
2026/10/03 09:39:57.551, 2, 28356
2026/10/03 09:39:57.551, 3, 27658
2026/10/03 09:39:57.551, 4, 119347
2026/10/03 09:39:57.551, 5, 119111
2026/10/03 09:39:57.551, 6, 119557
2026/10/03 09:39:57.551, 7, 118841
2026/10/03 09:39:58.552, 0, 29632
2026/10/03 09:39:58.552, 1, 28354
2026/10/03 09:39:58.552, 2, 28356
2026/10/03 09:39:58.552, 3, 27658
2026/10/03 09:39:58.552, 4, 119347
2026/10/03 09:39:58.552, 5, 119111
2026/10/03 09:39:58.552, 6, 119557
2026/10/03 09:39:58.552, 7, 118841
2026/10/03 09:39:59.552, 0, 29632
2026/10/03 09:39:59.552, 1, 28354
2026/10/03 09:39:59.552, 2, 28356
2026/10/03 09:39:59.552, 3, 27658
2026/10/03 09:39:59.552, 4, 119347
2026/10/03 09:39:59.552, 5, 119111
2026/10/03 09:39:59.552, 6, 119557
2026/10/03 09:39:59.552, 7, 118841
2026/10/03 09:40:00.552, 0, 29632
2026/10/03 09:40:00.552, 1, 28354
2026/10/03 09:40:00.552, 2, 28356
2026/10/03 09:40:00.552, 3, 27658
2026/10/03 09:40:00.552, 4, 119347
2026/10/03 09:40:00.552, 5, 119111
2026/10/03 09:40:00.553, 6, 119557
2026/10/03 09:40:00.553, 7, 118841
2026/10/03 09:40:01.553, 0, 29632
2026/10/03 09:40:01.553, 1, 28354
2026/10/03 09:40:01.553, 2, 28356
2026/10/03 09:40:01.553, 3, 27658
2026/10/03 09:40:01.553, 4, 119347
2026/10/03 09:40:01.553, 5, 119111
2026/10/03 09:40:01.553, 6, 119557
2026/10/03 09:40:01.553, 7, 118841
2026/10/03 09:40:02.553, 0, 29632
2026/10/03 09:40:02.553, 1, 28354
2026/10/03 09:40:02.553, 2, 28356
2026/10/03 09:40:02.553, 3, 27658
2026/10/03 09:40:02.553, 4, 119347
2026/10/03 09:40:02.553, 5, 119111
2026/10/03 09:40:02.553, 6, 119557
2026/10/03 09:40:02.553, 7, 118841
2026/10/03 09:40:03.553, 0, 29632
2026/10/03 09:40:03.553, 1, 28354
2026/10/03 09:40:03.553, 2, 28356
2026/10/03 09:40:03.553, 3, 27658
2026/10/03 09:40:03.553, 4, 119347
2026/10/03 09:40:03.553, 5, 119111
2026/10/03 09:40:03.553, 6, 119557
2026/10/03 09:40:03.553, 7, 118841
2026/10/03 09:40:04.553, 0, 29632
2026/10/03 09:40:04.553, 1, 28354
2026/10/03 09:40:04.553, 2, 28356
2026/10/03 09:40:04.553, 3, 27658
2026/10/03 09:40:04.553, 4, 119347
2026/10/03 09:40:04.553, 5, 119111
2026/10/03 09:40:04.553, 6, 119557
2026/10/03 09:40:04.553, 7, 118841
2026/10/03 09:40:05.554, 0, 29632
2026/10/03 09:40:05.554, 1, 28354
2026/10/03 09:40:05.554, 2, 28356
2026/10/03 09:40:05.554, 3, 27658
2026/10/03 09:40:05.554, 4, 119347
2026/10/03 09:40:05.554, 5, 119111
2026/10/03 09:40:05.554, 6, 119557
2026/10/03 09:40:05.554, 7, 118841
2026/10/03 09:40:06.554, 0, 29632
2026/10/03 09:40:06.554, 1, 28354
2026/10/03 09:40:06.554, 2, 28356
2026/10/03 09:40:06.554, 3, 27658
2026/10/03 09:40:06.554, 4, 119347
2026/10/03 09:40:06.554, 5, 119111
2026/10/03 09:40:06.554, 6, 119557
2026/10/03 09:40:06.554, 7, 118841
2026/10/03 09:40:07.554, 0, 29632
2026/10/03 09:40:07.554, 1, 28354
2026/10/03 09:40:07.554, 2, 28356
2026/10/03 09:40:07.554, 3, 27658
2026/10/03 09:40:07.554, 4, 119347
2026/10/03 09:40:07.554, 5, 119111
2026/10/03 09:40:07.554, 6, 119557
2026/10/03 09:40:07.554, 7, 118841
2026/10/03 09:40:08.554, 0, 30336
2026/10/03 09:40:08.554, 1, 29058
2026/10/03 09:40:08.554, 2, 29060
2026/10/03 09:40:08.554, 3, 28362
2026/10/03 09:40:08.554, 4, 119347
2026/10/03 09:40:08.554, 5, 119111
2026/10/03 09:40:08.554, 6, 119557
2026/10/03 09:40:08.554, 7, 118841
2026/10/03 09:40:09.555, 0, 51028
2026/10/03 09:40:09.555, 1, 49682
2026/10/03 09:40:09.555, 2, 43888
2026/10/03 09:40:09.555, 3, 49052
2026/10/03 09:40:09.555, 4, 119347
2026/10/03 09:40:09.555, 5, 119233
2026/10/03 09:40:09.555, 6, 119557
2026/10/03 09:40:09.555, 7, 118841
2026/10/03 09:40:10.555, 0, 51028
2026/10/03 09:40:10.555, 1, 55612
2026/10/03 09:40:10.555, 2, 43888
2026/10/03 09:40:10.555, 3, 49052
2026/10/03 09:40:10.555, 4, 119347
2026/10/03 09:40:10.555, 5, 119233
2026/10/03 09:40:10.555, 6, 119557
2026/10/03 09:40:10.555, 7, 118841
2026/10/03 09:40:11.555, 0, 51028
2026/10/03 09:40:11.555, 1, 61544
2026/10/03 09:40:11.555, 2, 43888
2026/10/03 09:40:11.555, 3, 49052
2026/10/03 09:40:11.555, 4, 119347
2026/10/03 09:40:11.555, 5, 119233
2026/10/03 09:40:11.555, 6, 119557
2026/10/03 09:40:11.555, 7, 118841
2026/10/03 09:40:12.555, 0, 51028
2026/10/03 09:40:12.555, 1, 61544
2026/10/03 09:40:12.555, 2, 43888
2026/10/03 09:40:12.555, 3, 49052
2026/10/03 09:40:12.555, 4, 119347
2026/10/03 09:40:12.555, 5, 119233
2026/10/03 09:40:12.555, 6, 119557
2026/10/03 09:40:12.556, 7, 118841
2026/10/03 09:40:13.556, 0, 79754
2026/10/03 09:40:13.556, 1, 79216
2026/10/03 09:40:13.556, 2, 78586
2026/10/03 09:40:13.556, 3, 77762
2026/10/03 09:40:13.556, 4, 119347
2026/10/03 09:40:13.556, 5, 119233
2026/10/03 09:40:13.556, 6, 119557
2026/10/03 09:40:13.556, 7, 118841
2026/10/03 09:40:14.556, 0, 79754
2026/10/03 09:40:14.556, 1, 79218
2026/10/03 09:40:14.556, 2, 78588
2026/10/03 09:40:14.556, 3, 77776
2026/10/03 09:40:14.556, 4, 119347
2026/10/03 09:40:14.556, 5, 119233
2026/10/03 09:40:14.556, 6, 119557
2026/10/03 09:40:14.556, 7, 118841
2026/10/03 09:40:15.556, 0, 79756
2026/10/03 09:40:15.556, 1, 79218
2026/10/03 09:40:15.556, 2, 78588
2026/10/03 09:40:15.556, 3, 77776
2026/10/03 09:40:15.556, 4, 119347
2026/10/03 09:40:15.556, 5, 119233
2026/10/03 09:40:15.556, 6, 119557
2026/10/03 09:40:15.556, 7, 118841
2026/10/03 09:40:16.556, 0, 79756
2026/10/03 09:40:16.556, 1, 79218
2026/10/03 09:40:16.557, 2, 78594
2026/10/03 09:40:16.557, 3, 77776
2026/10/03 09:40:16.557, 4, 119347
2026/10/03 09:40:16.557, 5, 119233
2026/10/03 09:40:16.557, 6, 119557
2026/10/03 09:40:16.557, 7, 118841
2026/10/03 09:40:17.557, 0, 79756
2026/10/03 09:40:17.565, 1, 79218
2026/10/03 09:40:17.578, 2, 78594
2026/10/03 09:40:17.590, 3, 77776
2026/10/03 09:40:17.651, 4, 119347
2026/10/03 09:40:17.667, 5, 119233
2026/10/03 09:40:17.683, 6, 119557
2026/10/03 09:40:17.695, 7, 118841
2026/10/03 09:40:18.708, 0, 79766
2026/10/03 09:40:18.709, 1, 79218
2026/10/03 09:40:18.710, 2, 78602
2026/10/03 09:40:18.710, 3, 77776
2026/10/03 09:40:18.710, 4, 119347
2026/10/03 09:40:18.711, 5, 119233
2026/10/03 09:40:18.713, 6, 119557
2026/10/03 09:40:18.713, 7, 118841
2026/10/03 09:40:19.714, 0, 79766
2026/10/03 09:40:19.714, 1, 79218
2026/10/03 09:40:19.716, 2, 78602
2026/10/03 09:40:19.716, 3, 77776
2026/10/03 09:40:19.716, 4, 119347
2026/10/03 09:40:19.716, 5, 119233
2026/10/03 09:40:19.716, 6, 119557
2026/10/03 09:40:19.716, 7, 118841
2026/10/03 09:40:20.716, 0, 79788
2026/10/03 09:40:20.716, 1, 79220
2026/10/03 09:40:20.716, 2, 78618
2026/10/03 09:40:20.716, 3, 77800
2026/10/03 09:40:20.716, 4, 119347
2026/10/03 09:40:20.716, 5, 119233
2026/10/03 09:40:20.716, 6, 119557
2026/10/03 09:40:20.716, 7, 118841
2026/10/03 09:40:21.716, 0, 79788
2026/10/03 09:40:21.716, 1, 79246
2026/10/03 09:40:21.716, 2, 78618
2026/10/03 09:40:21.716, 3, 77800
2026/10/03 09:40:21.716, 4, 119347
2026/10/03 09:40:21.716, 5, 119233
2026/10/03 09:40:21.716, 6, 119557
2026/10/03 09:40:21.716, 7, 118841
2026/10/03 09:40:22.716, 0, 79788
2026/10/03 09:40:22.716, 1, 79246
2026/10/03 09:40:22.716, 2, 78618
2026/10/03 09:40:22.716, 3, 77800
2026/10/03 09:40:22.716, 4, 118637
2026/10/03 09:40:22.716, 5, 118637
2026/10/03 09:40:22.716, 6, 118637
2026/10/03 09:40:22.716, 7, 118397
2026/10/03 09:40:23.716, 0, 79788
2026/10/03 09:40:23.716, 1, 79246
2026/10/03 09:40:23.716, 2, 78618
2026/10/03 09:40:23.716, 3, 77800
2026/10/03 09:40:23.716, 4, 118639
2026/10/03 09:40:23.717, 5, 118637
2026/10/03 09:40:23.717, 6, 118637
2026/10/03 09:40:23.717, 7, 118397
2026/10/03 09:40:24.717, 0, 79788
2026/10/03 09:40:24.717, 1, 79246
2026/10/03 09:40:24.732, 2, 78618
2026/10/03 09:40:24.732, 3, 77800
2026/10/03 09:40:24.732, 4, 118639
2026/10/03 09:40:24.732, 5, 118637
2026/10/03 09:40:24.732, 6, 118637
2026/10/03 09:40:24.732, 7, 118397
2026/10/03 09:40:25.732, 0, 79788
2026/10/03 09:40:25.732, 1, 79246
2026/10/03 09:40:25.732, 2, 78618
2026/10/03 09:40:25.732, 3, 77800
2026/10/03 09:40:25.732, 4, 118639
2026/10/03 09:40:25.732, 5, 118637
2026/10/03 09:40:25.732, 6, 118637
2026/10/03 09:40:25.732, 7, 118397
2026/10/03 09:40:26.732, 0, 79788
2026/10/03 09:40:26.732, 1, 79246
2026/10/03 09:40:26.732, 2, 78618
2026/10/03 09:40:26.732, 3, 77800
2026/10/03 09:40:26.732, 4, 118639
2026/10/03 09:40:26.732, 5, 118639
2026/10/03 09:40:26.732, 6, 118637
2026/10/03 09:40:26.732, 7, 118397
2026/10/03 09:40:27.732, 0, 79788
2026/10/03 09:40:27.732, 1, 79246
2026/10/03 09:40:27.732, 2, 78618
2026/10/03 09:40:27.732, 3, 77800
2026/10/03 09:40:27.732, 4, 118639
2026/10/03 09:40:27.733, 5, 118639
2026/10/03 09:40:27.733, 6, 118637
2026/10/03 09:40:27.733, 7, 118397
2026/10/03 09:40:28.733, 0, 79788
2026/10/03 09:40:28.733, 1, 79246
2026/10/03 09:40:28.733, 2, 78618
2026/10/03 09:40:28.733, 3, 77800
2026/10/03 09:40:28.733, 4, 118639
2026/10/03 09:40:28.733, 5, 118639
2026/10/03 09:40:28.733, 6, 118637
2026/10/03 09:40:28.733, 7, 118443
2026/10/03 09:40:29.733, 0, 79788
2026/10/03 09:40:29.733, 1, 79246
2026/10/03 09:40:29.733, 2, 78618
2026/10/03 09:40:29.733, 3, 77800
2026/10/03 09:40:29.733, 4, 118639
2026/10/03 09:40:29.733, 5, 118639
2026/10/03 09:40:29.733, 6, 118639
2026/10/03 09:40:29.733, 7, 118497
2026/10/03 09:40:30.733, 0, 79788
2026/10/03 09:40:30.737, 1, 79246
2026/10/03 09:40:30.737, 2, 78618
2026/10/03 09:40:30.739, 3, 77800
2026/10/03 09:40:30.739, 4, 118639
2026/10/03 09:40:30.740, 5, 118639
2026/10/03 09:40:30.742, 6, 118639
2026/10/03 09:40:30.745, 7, 118805
2026/10/03 09:40:31.748, 0, 79788
2026/10/03 09:40:31.748, 1, 79246
2026/10/03 09:40:31.748, 2, 78618
2026/10/03 09:40:31.748, 3, 77800
2026/10/03 09:40:31.748, 4, 118639
2026/10/03 09:40:31.748, 5, 118639
2026/10/03 09:40:31.748, 6, 118639
2026/10/03 09:40:31.748, 7, 118805
2026/10/03 09:40:32.748, 0, 79788
2026/10/03 09:40:32.748, 1, 79246
2026/10/03 09:40:32.748, 2, 78618
2026/10/03 09:40:32.748, 3, 77800
2026/10/03 09:40:32.748, 4, 118639
2026/10/03 09:40:32.748, 5, 118639
2026/10/03 09:40:32.748, 6, 118639
2026/10/03 09:40:32.748, 7, 118805
2026/10/03 09:40:33.748, 0, 79788
2026/10/03 09:40:33.749, 1, 79246
2026/10/03 09:40:33.749, 2, 78618
2026/10/03 09:40:33.749, 3, 77800
2026/10/03 09:40:33.749, 4, 118639
2026/10/03 09:40:33.749, 5, 118639
2026/10/03 09:40:33.749, 6, 118639
2026/10/03 09:40:33.749, 7, 118805
2026/10/03 09:40:34.749, 0, 79788
2026/10/03 09:40:34.749, 1, 79246
2026/10/03 09:40:34.749, 2, 78618
2026/10/03 09:40:34.749, 3, 77800
2026/10/03 09:40:34.749, 4, 118639
2026/10/03 09:40:34.749, 5, 118639
2026/10/03 09:40:34.749, 6, 118639
2026/10/03 09:40:34.749, 7, 118805
2026/10/03 09:40:35.749, 0, 79788
2026/10/03 09:40:35.749, 1, 79246
2026/10/03 09:40:35.749, 2, 78618
2026/10/03 09:40:35.749, 3, 77800
2026/10/03 09:40:35.749, 4, 118639
2026/10/03 09:40:35.749, 5, 118639
2026/10/03 09:40:35.749, 6, 118639
2026/10/03 09:40:35.749, 7, 118805
2026/10/03 09:40:36.749, 0, 79788
2026/10/03 09:40:36.749, 1, 79246
2026/10/03 09:40:36.749, 2, 78618
2026/10/03 09:40:36.749, 3, 77800
2026/10/03 09:40:36.749, 4, 118639
2026/10/03 09:40:36.749, 5, 118639
2026/10/03 09:40:36.749, 6, 118639
2026/10/03 09:40:36.749, 7, 118805
2026/10/03 09:40:37.749, 0, 79788
2026/10/03 09:40:37.749, 1, 79246
2026/10/03 09:40:37.750, 2, 78618
2026/10/03 09:40:37.750, 3, 77800
2026/10/03 09:40:37.750, 4, 118615
2026/10/03 09:40:37.750, 5, 119225
2026/10/03 09:40:37.750, 6, 118615
2026/10/03 09:40:37.750, 7, 118955
2026/10/03 09:40:38.750, 0, 79788
2026/10/03 09:40:38.750, 1, 79246
2026/10/03 09:40:38.750, 2, 78618
2026/10/03 09:40:38.750, 3, 77800
2026/10/03 09:40:38.750, 4, 119253
2026/10/03 09:40:38.750, 5, 119253
2026/10/03 09:40:38.750, 6, 118615
2026/10/03 09:40:38.750, 7, 119011
2026/10/03 09:40:39.750, 0, 79788
2026/10/03 09:40:39.750, 1, 79246
2026/10/03 09:40:39.750, 2, 78618
2026/10/03 09:40:39.750, 3, 77800
2026/10/03 09:40:39.750, 4, 118615
2026/10/03 09:40:39.750, 5, 118615
2026/10/03 09:40:39.750, 6, 118615
2026/10/03 09:40:39.750, 7, 118373
2026/10/03 09:40:40.750, 0, 79788
2026/10/03 09:40:40.750, 1, 79246
2026/10/03 09:40:40.750, 2, 78618
2026/10/03 09:40:40.750, 3, 77800
2026/10/03 09:40:40.750, 4, 118615
2026/10/03 09:40:40.750, 5, 118615
2026/10/03 09:40:40.750, 6, 118615
2026/10/03 09:40:40.750, 7, 118373
2026/10/03 09:40:41.751, 0, 79788
2026/10/03 09:40:41.751, 1, 79246
2026/10/03 09:40:41.751, 2, 78618
2026/10/03 09:40:41.751, 3, 77800
2026/10/03 09:40:41.751, 4, 118885
2026/10/03 09:40:41.751, 5, 118943
2026/10/03 09:40:41.751, 6, 118967
2026/10/03 09:40:41.751, 7, 118415
2026/10/03 09:40:42.751, 0, 79788
2026/10/03 09:40:42.751, 1, 79246
2026/10/03 09:40:42.751, 2, 78618
2026/10/03 09:40:42.751, 3, 77800
2026/10/03 09:40:42.751, 4, 119111
2026/10/03 09:40:42.751, 5, 118943
2026/10/03 09:40:42.751, 6, 119455
2026/10/03 09:40:42.751, 7, 118585
2026/10/03 09:40:43.751, 0, 79788
2026/10/03 09:40:43.751, 1, 79246
2026/10/03 09:40:43.751, 2, 78618
2026/10/03 09:40:43.751, 3, 77800
2026/10/03 09:40:43.751, 4, 119227
2026/10/03 09:40:43.751, 5, 118943
2026/10/03 09:40:43.751, 6, 120027
2026/10/03 09:40:43.751, 7, 119443
2026/10/03 09:40:44.751, 0, 79788
2026/10/03 09:40:44.752, 1, 79246
2026/10/03 09:40:44.752, 2, 78618
2026/10/03 09:40:44.752, 3, 77800
2026/10/03 09:40:44.752, 4, 119227
2026/10/03 09:40:44.752, 5, 118943
2026/10/03 09:40:44.752, 6, 120027
2026/10/03 09:40:44.752, 7, 119443
2026/10/03 09:40:45.752, 0, 79788
2026/10/03 09:40:45.752, 1, 85180
2026/10/03 09:40:45.752, 2, 84552
2026/10/03 09:40:45.752, 3, 77800
2026/10/03 09:40:45.752, 4, 119227
2026/10/03 09:40:45.752, 5, 118943
2026/10/03 09:40:45.752, 6, 120027
2026/10/03 09:40:45.752, 7, 119443
2026/10/03 09:40:46.752, 0, 79788
2026/10/03 09:40:46.752, 1, 85180
2026/10/03 09:40:46.752, 2, 90488
2026/10/03 09:40:46.752, 3, 77800
2026/10/03 09:40:46.752, 4, 119227
2026/10/03 09:40:46.752, 5, 118943
2026/10/03 09:40:46.752, 6, 120027
2026/10/03 09:40:46.752, 7, 119443
2026/10/03 09:40:47.781, 0, 79788
2026/10/03 09:40:47.792, 1, 85180
2026/10/03 09:40:47.801, 2, 90488
2026/10/03 09:40:47.849, 3, 77800
2026/10/03 09:40:47.857, 4, 119227
2026/10/03 09:40:47.870, 5, 118943
2026/10/03 09:40:47.878, 6, 120027
2026/10/03 09:40:47.885, 7, 119443
2026/10/03 09:40:48.892, 0, 79788
2026/10/03 09:40:48.909, 1, 85180
2026/10/03 09:40:48.909, 2, 90488
2026/10/03 09:40:48.909, 3, 77800
2026/10/03 09:40:48.910, 4, 119227
2026/10/03 09:40:48.910, 5, 118943
2026/10/03 09:40:48.910, 6, 120027
2026/10/03 09:40:48.910, 7, 119443
2026/10/03 09:40:49.910, 0, 79788
2026/10/03 09:40:49.910, 1, 85180
2026/10/03 09:40:49.910, 2, 90488
2026/10/03 09:40:49.910, 3, 77800
2026/10/03 09:40:49.910, 4, 119227
2026/10/03 09:40:49.910, 5, 118943
2026/10/03 09:40:49.910, 6, 120027
2026/10/03 09:40:49.910, 7, 119443
2026/10/03 09:40:50.910, 0, 79788
2026/10/03 09:40:50.910, 1, 85180
2026/10/03 09:40:50.910, 2, 90488
2026/10/03 09:40:50.910, 3, 77800
2026/10/03 09:40:50.910, 4, 119227
2026/10/03 09:40:50.910, 5, 118943
2026/10/03 09:40:50.910, 6, 120027
2026/10/03 09:40:50.910, 7, 119443
2026/10/03 09:40:51.910, 0, 79788
2026/10/03 09:40:51.910, 1, 85180
2026/10/03 09:40:51.910, 2, 90488
2026/10/03 09:40:51.910, 3, 77812
2026/10/03 09:40:51.910, 4, 119227
2026/10/03 09:40:51.910, 5, 118943
2026/10/03 09:40:51.910, 6, 120027
2026/10/03 09:40:51.910, 7, 119443
2026/10/03 09:40:52.910, 0, 79788
2026/10/03 09:40:52.910, 1, 85180
2026/10/03 09:40:52.910, 2, 90488
2026/10/03 09:40:52.910, 3, 77812
2026/10/03 09:40:52.910, 4, 119227
2026/10/03 09:40:52.910, 5, 118943
2026/10/03 09:40:52.910, 6, 120027
2026/10/03 09:40:52.911, 7, 119443
2026/10/03 09:40:53.911, 0, 79788
2026/10/03 09:40:53.911, 1, 85180
2026/10/03 09:40:53.911, 2, 90488
2026/10/03 09:40:53.911, 3, 77812
2026/10/03 09:40:53.911, 4, 119227
2026/10/03 09:40:53.911, 5, 118943
2026/10/03 09:40:53.911, 6, 120027
2026/10/03 09:40:53.911, 7, 119443
2026/10/03 09:40:54.911, 0, 79788
2026/10/03 09:40:54.911, 1, 85180
2026/10/03 09:40:54.911, 2, 90488
2026/10/03 09:40:54.911, 3, 77812
2026/10/03 09:40:54.911, 4, 118637
2026/10/03 09:40:54.911, 5, 118637
2026/10/03 09:40:54.911, 6, 118637
2026/10/03 09:40:54.911, 7, 118395
2026/10/03 09:40:55.912, 0, 79788
2026/10/03 09:40:55.912, 1, 85180
2026/10/03 09:40:55.912, 2, 90488
2026/10/03 09:40:55.912, 3, 77812
2026/10/03 09:40:55.912, 4, 118637
2026/10/03 09:40:55.912, 5, 118637
2026/10/03 09:40:55.912, 6, 118637
2026/10/03 09:40:55.912, 7, 118395
2026/10/03 09:40:56.912, 0, 79788
2026/10/03 09:40:56.912, 1, 85180
2026/10/03 09:40:56.912, 2, 90488
2026/10/03 09:40:56.912, 3, 77812
2026/10/03 09:40:56.912, 4, 118637
2026/10/03 09:40:56.912, 5, 118637
2026/10/03 09:40:56.912, 6, 118637
2026/10/03 09:40:56.912, 7, 118395
2026/10/03 09:40:57.912, 0, 79788
2026/10/03 09:40:57.912, 1, 85180
2026/10/03 09:40:57.912, 2, 90488
2026/10/03 09:40:57.912, 3, 77812
2026/10/03 09:40:57.912, 4, 118637
2026/10/03 09:40:57.912, 5, 118637
2026/10/03 09:40:57.912, 6, 118637
2026/10/03 09:40:57.912, 7, 118395
2026/10/03 09:40:58.912, 0, 79788
2026/10/03 09:40:58.912, 1, 85180
2026/10/03 09:40:58.912, 2, 90488
2026/10/03 09:40:58.912, 3, 77812
2026/10/03 09:40:58.912, 4, 118637
2026/10/03 09:40:58.912, 5, 118637
2026/10/03 09:40:58.912, 6, 118639
2026/10/03 09:40:58.912, 7, 118395
2026/10/03 09:40:59.912, 0, 79788
2026/10/03 09:40:59.913, 1, 85180
2026/10/03 09:40:59.913, 2, 90488
2026/10/03 09:40:59.913, 3, 77812
2026/10/03 09:40:59.913, 4, 118639
2026/10/03 09:40:59.913, 5, 118637
2026/10/03 09:40:59.913, 6, 118639
2026/10/03 09:40:59.913, 7, 118395
2026/10/03 09:41:00.913, 0, 79788
2026/10/03 09:41:00.913, 1, 85180
2026/10/03 09:41:00.913, 2, 90488
2026/10/03 09:41:00.913, 3, 77812
2026/10/03 09:41:00.913, 4, 118639
2026/10/03 09:41:00.913, 5, 118637
2026/10/03 09:41:00.913, 6, 118639
2026/10/03 09:41:00.913, 7, 118395
2026/10/03 09:41:01.913, 0, 79788
2026/10/03 09:41:01.913, 1, 85180
2026/10/03 09:41:01.913, 2, 90488
2026/10/03 09:41:01.913, 3, 77812
2026/10/03 09:41:01.913, 4, 118639
2026/10/03 09:41:01.913, 5, 118637
2026/10/03 09:41:01.913, 6, 118639
2026/10/03 09:41:01.913, 7, 118395
2026/10/03 09:41:02.913, 0, 79788
2026/10/03 09:41:02.913, 1, 85180
2026/10/03 09:41:02.913, 2, 90488
2026/10/03 09:41:02.913, 3, 77812
2026/10/03 09:41:02.913, 4, 118639
2026/10/03 09:41:02.913, 5, 118637
2026/10/03 09:41:02.913, 6, 118639
2026/10/03 09:41:02.913, 7, 118395
2026/10/03 09:41:03.913, 0, 79788
2026/10/03 09:41:03.914, 1, 85180
2026/10/03 09:41:03.914, 2, 90488
2026/10/03 09:41:03.914, 3, 77812
2026/10/03 09:41:03.914, 4, 118639
2026/10/03 09:41:03.914, 5, 118637
2026/10/03 09:41:03.914, 6, 118639
2026/10/03 09:41:03.914, 7, 118397
2026/10/03 09:41:04.914, 0, 79788
2026/10/03 09:41:04.914, 1, 85180
2026/10/03 09:41:04.914, 2, 90488
2026/10/03 09:41:04.914, 3, 77812
2026/10/03 09:41:04.914, 4, 118639
2026/10/03 09:41:04.914, 5, 118659
2026/10/03 09:41:04.914, 6, 118639
2026/10/03 09:41:04.914, 7, 118397
2026/10/03 09:41:05.914, 0, 79788
2026/10/03 09:41:05.914, 1, 85180
2026/10/03 09:41:05.914, 2, 90488
2026/10/03 09:41:05.914, 3, 77812
2026/10/03 09:41:05.914, 4, 118639
2026/10/03 09:41:05.914, 5, 118659
2026/10/03 09:41:05.914, 6, 118639
2026/10/03 09:41:05.914, 7, 118397
2026/10/03 09:41:06.914, 0, 79788
2026/10/03 09:41:06.914, 1, 85184
2026/10/03 09:41:06.914, 2, 90488
2026/10/03 09:41:06.914, 3, 77812
2026/10/03 09:41:06.914, 4, 118639
2026/10/03 09:41:06.914, 5, 118659
2026/10/03 09:41:06.914, 6, 118639
2026/10/03 09:41:06.914, 7, 118397
2026/10/03 09:41:07.914, 0, 79788
2026/10/03 09:41:07.914, 1, 85188
2026/10/03 09:41:07.915, 2, 90496
2026/10/03 09:41:07.915, 3, 77812
2026/10/03 09:41:07.915, 4, 118639
2026/10/03 09:41:07.915, 5, 118659
2026/10/03 09:41:07.915, 6, 118639
2026/10/03 09:41:07.915, 7, 118397
2026/10/03 09:41:08.915, 0, 79788
2026/10/03 09:41:08.915, 1, 85188
2026/10/03 09:41:08.915, 2, 90496
2026/10/03 09:41:08.915, 3, 77812
2026/10/03 09:41:08.915, 4, 118639
2026/10/03 09:41:08.915, 5, 118659
2026/10/03 09:41:08.915, 6, 118639
2026/10/03 09:41:08.915, 7, 118397
2026/10/03 09:41:09.915, 0, 79788
2026/10/03 09:41:09.915, 1, 85188
2026/10/03 09:41:09.915, 2, 90496
2026/10/03 09:41:09.915, 3, 77812
2026/10/03 09:41:09.915, 4, 118639
2026/10/03 09:41:09.915, 5, 118659
2026/10/03 09:41:09.915, 6, 118639
2026/10/03 09:41:09.915, 7, 118397
2026/10/03 09:41:10.915, 0, 79788
2026/10/03 09:41:10.915, 1, 85188
2026/10/03 09:41:10.915, 2, 90496
2026/10/03 09:41:10.915, 3, 77812
2026/10/03 09:41:10.915, 4, 118615
2026/10/03 09:41:10.915, 5, 118615
2026/10/03 09:41:10.915, 6, 118615
2026/10/03 09:41:10.915, 7, 118373
2026/10/03 09:41:11.915, 0, 79788
2026/10/03 09:41:11.915, 1, 85188
2026/10/03 09:41:11.915, 2, 90496
2026/10/03 09:41:11.915, 3, 77812
2026/10/03 09:41:11.915, 4, 118615
2026/10/03 09:41:11.915, 5, 118615
2026/10/03 09:41:11.915, 6, 118615
2026/10/03 09:41:11.915, 7, 118373
2026/10/03 09:41:12.916, 0, 79788
2026/10/03 09:41:12.916, 1, 85188
2026/10/03 09:41:12.916, 2, 90496
2026/10/03 09:41:12.916, 3, 77812
2026/10/03 09:41:12.916, 4, 119253
2026/10/03 09:41:12.916, 5, 119253
2026/10/03 09:41:12.916, 6, 118615
2026/10/03 09:41:12.916, 7, 118373
2026/10/03 09:41:13.916, 0, 79788
2026/10/03 09:41:13.916, 1, 85188
2026/10/03 09:41:13.916, 2, 90496
2026/10/03 09:41:13.916, 3, 77812
2026/10/03 09:41:13.916, 4, 118615
2026/10/03 09:41:13.916, 5, 118615
2026/10/03 09:41:13.916, 6, 118615
2026/10/03 09:41:13.916, 7, 118373
2026/10/03 09:41:14.916, 0, 79788
2026/10/03 09:41:14.916, 1, 85188
2026/10/03 09:41:14.916, 2, 90496
2026/10/03 09:41:14.916, 3, 77812
2026/10/03 09:41:14.916, 4, 118637
2026/10/03 09:41:14.916, 5, 118639
2026/10/03 09:41:14.916, 6, 118637
2026/10/03 09:41:14.916, 7, 118397
2026/10/03 09:41:15.916, 0, 79788
2026/10/03 09:41:15.916, 1, 85188
2026/10/03 09:41:15.916, 2, 90496
2026/10/03 09:41:15.916, 3, 77812
2026/10/03 09:41:15.916, 4, 118829
2026/10/03 09:41:15.916, 5, 118943
2026/10/03 09:41:15.916, 6, 119285
2026/10/03 09:41:15.916, 7, 118677
2026/10/03 09:41:16.916, 0, 79788
2026/10/03 09:41:16.917, 1, 85188
2026/10/03 09:41:16.917, 2, 90496
2026/10/03 09:41:16.917, 3, 77812
2026/10/03 09:41:16.917, 4, 118829
2026/10/03 09:41:16.917, 5, 118943
2026/10/03 09:41:16.917, 6, 120135
2026/10/03 09:41:16.917, 7, 118679
2026/10/03 09:41:17.917, 0, 79788
2026/10/03 09:41:17.923, 1, 85188
2026/10/03 09:41:17.928, 2, 90496
2026/10/03 09:41:17.933, 3, 77812
2026/10/03 09:41:17.935, 4, 119047
2026/10/03 09:41:17.936, 5, 119495
2026/10/03 09:41:17.937, 6, 120513
2026/10/03 09:41:17.937, 7, 118679
2026/10/03 09:41:18.938, 0, 79788
2026/10/03 09:41:18.938, 1, 85188
2026/10/03 09:41:18.938, 2, 90496
2026/10/03 09:41:18.938, 3, 77812
2026/10/03 09:41:18.938, 4, 119047
2026/10/03 09:41:18.938, 5, 119615
2026/10/03 09:41:18.938, 6, 120645
2026/10/03 09:41:18.938, 7, 118679
2026/10/03 09:41:19.938, 0, 79788
2026/10/03 09:41:19.938, 1, 85188
2026/10/03 09:41:19.938, 2, 90496
2026/10/03 09:41:19.938, 3, 77812
2026/10/03 09:41:19.938, 4, 119047
2026/10/03 09:41:19.938, 5, 119615
2026/10/03 09:41:19.938, 6, 120645
2026/10/03 09:41:19.938, 7, 118679
2026/10/03 09:41:20.938, 0, 79788
2026/10/03 09:41:20.938, 1, 85188
2026/10/03 09:41:20.938, 2, 90496
2026/10/03 09:41:20.938, 3, 77812
2026/10/03 09:41:20.938, 4, 119047
2026/10/03 09:41:20.938, 5, 119615
2026/10/03 09:41:20.938, 6, 120645
2026/10/03 09:41:20.938, 7, 118679
2026/10/03 09:41:21.938, 0, 79788
2026/10/03 09:41:21.938, 1, 85188
2026/10/03 09:41:21.938, 2, 90496
2026/10/03 09:41:21.938, 3, 77812
2026/10/03 09:41:21.939, 4, 119047
2026/10/03 09:41:21.939, 5, 119615
2026/10/03 09:41:21.939, 6, 120645
2026/10/03 09:41:21.939, 7, 118679
2026/10/03 09:41:22.939, 0, 79788
2026/10/03 09:41:22.939, 1, 85188
2026/10/03 09:41:22.939, 2, 90496
2026/10/03 09:41:22.939, 3, 77812
2026/10/03 09:41:22.939, 4, 119047
2026/10/03 09:41:22.939, 5, 119615
2026/10/03 09:41:22.939, 6, 120645
2026/10/03 09:41:22.939, 7, 118679
2026/10/03 09:41:23.939, 0, 79788
2026/10/03 09:41:23.939, 1, 85188
2026/10/03 09:41:23.939, 2, 90496
2026/10/03 09:41:23.939, 3, 77812
2026/10/03 09:41:23.939, 4, 119047
2026/10/03 09:41:23.939, 5, 119615
2026/10/03 09:41:23.939, 6, 120645
2026/10/03 09:41:23.939, 7, 118679
2026/10/03 09:41:24.939, 0, 79788
2026/10/03 09:41:24.940, 1, 85188
2026/10/03 09:41:24.940, 2, 90496
2026/10/03 09:41:24.940, 3, 77812
2026/10/03 09:41:24.940, 4, 119047
2026/10/03 09:41:24.940, 5, 119615
2026/10/03 09:41:24.940, 6, 120645
2026/10/03 09:41:24.940, 7, 118679
2026/10/03 09:41:25.940, 0, 79788
2026/10/03 09:41:25.940, 1, 85188
2026/10/03 09:41:25.940, 2, 90496
2026/10/03 09:41:25.940, 3, 77812
2026/10/03 09:41:25.940, 4, 119047
2026/10/03 09:41:25.940, 5, 119615
2026/10/03 09:41:25.940, 6, 120645
2026/10/03 09:41:25.940, 7, 118679
2026/10/03 09:41:26.940, 0, 79788
2026/10/03 09:41:26.940, 1, 85188
2026/10/03 09:41:26.940, 2, 90496
2026/10/03 09:41:26.940, 3, 77812
2026/10/03 09:41:26.940, 4, 119047
2026/10/03 09:41:26.940, 5, 119615
2026/10/03 09:41:26.940, 6, 120645
2026/10/03 09:41:26.940, 7, 118679
2026/10/03 09:41:27.940, 0, 79788
2026/10/03 09:41:27.940, 1, 85188
2026/10/03 09:41:27.940, 2, 90496
2026/10/03 09:41:27.940, 3, 77812
2026/10/03 09:41:27.940, 4, 119047
2026/10/03 09:41:27.940, 5, 119615
2026/10/03 09:41:27.940, 6, 120645
2026/10/03 09:41:27.940, 7, 118679
2026/10/03 09:41:28.940, 0, 79788
2026/10/03 09:41:28.941, 1, 85188
2026/10/03 09:41:28.941, 2, 90496
2026/10/03 09:41:28.941, 3, 77812
2026/10/03 09:41:28.941, 4, 118637
2026/10/03 09:41:28.941, 5, 118639
2026/10/03 09:41:28.941, 6, 118637
2026/10/03 09:41:28.941, 7, 118395
2026/10/03 09:41:29.941, 0, 79788
2026/10/03 09:41:29.941, 1, 85188
2026/10/03 09:41:29.941, 2, 90496
2026/10/03 09:41:29.941, 3, 77812
2026/10/03 09:41:29.941, 4, 118637
2026/10/03 09:41:29.941, 5, 118639
2026/10/03 09:41:29.941, 6, 118637
2026/10/03 09:41:29.941, 7, 118395
2026/10/03 09:41:30.941, 0, 79788
2026/10/03 09:41:30.941, 1, 85188
2026/10/03 09:41:30.941, 2, 90496
2026/10/03 09:41:30.941, 3, 77812
2026/10/03 09:41:30.941, 4, 118637
2026/10/03 09:41:30.941, 5, 118639
2026/10/03 09:41:30.941, 6, 118637
2026/10/03 09:41:30.941, 7, 118395
2026/10/03 09:41:31.941, 0, 79788
2026/10/03 09:41:31.941, 1, 85188
2026/10/03 09:41:31.941, 2, 90496
2026/10/03 09:41:31.941, 3, 77812
2026/10/03 09:41:31.941, 4, 118637
2026/10/03 09:41:31.941, 5, 118639
2026/10/03 09:41:31.941, 6, 118659
2026/10/03 09:41:31.941, 7, 118395
2026/10/03 09:41:32.941, 0, 79788
2026/10/03 09:41:32.942, 1, 85188
2026/10/03 09:41:32.942, 2, 90496
2026/10/03 09:41:32.942, 3, 77812
2026/10/03 09:41:32.942, 4, 118637
2026/10/03 09:41:32.942, 5, 118639
2026/10/03 09:41:32.942, 6, 118659
2026/10/03 09:41:32.942, 7, 118397
2026/10/03 09:41:33.942, 0, 79788
2026/10/03 09:41:33.942, 1, 85188
2026/10/03 09:41:33.942, 2, 90496
2026/10/03 09:41:33.942, 3, 77812
2026/10/03 09:41:33.942, 4, 118637
2026/10/03 09:41:33.942, 5, 118639
2026/10/03 09:41:33.942, 6, 118659
2026/10/03 09:41:33.942, 7, 118397
2026/10/03 09:41:34.942, 0, 79788
2026/10/03 09:41:34.942, 1, 85188
2026/10/03 09:41:34.942, 2, 90496
2026/10/03 09:41:34.942, 3, 77812
2026/10/03 09:41:34.942, 4, 118637
2026/10/03 09:41:34.943, 5, 118639
2026/10/03 09:41:34.943, 6, 118659
2026/10/03 09:41:34.944, 7, 118397
2026/10/03 09:41:35.944, 0, 79788
2026/10/03 09:41:35.944, 1, 85188
2026/10/03 09:41:35.944, 2, 90496
2026/10/03 09:41:35.944, 3, 77812
2026/10/03 09:41:35.944, 4, 118637
2026/10/03 09:41:35.944, 5, 118639
2026/10/03 09:41:35.944, 6, 118659
2026/10/03 09:41:35.944, 7, 118397
2026/10/03 09:41:36.944, 0, 79788
2026/10/03 09:41:36.944, 1, 85188
2026/10/03 09:41:36.944, 2, 90496
2026/10/03 09:41:36.944, 3, 77812
2026/10/03 09:41:36.944, 4, 118637
2026/10/03 09:41:36.944, 5, 118639
2026/10/03 09:41:36.945, 6, 118659
2026/10/03 09:41:36.945, 7, 118397
2026/10/03 09:41:37.945, 0, 79788
2026/10/03 09:41:37.945, 1, 85188
2026/10/03 09:41:37.945, 2, 90496
2026/10/03 09:41:37.945, 3, 77812
2026/10/03 09:41:37.945, 4, 118637
2026/10/03 09:41:37.945, 5, 118639
2026/10/03 09:41:37.945, 6, 118659
2026/10/03 09:41:37.945, 7, 118397
2026/10/03 09:41:38.945, 0, 79788
2026/10/03 09:41:38.945, 1, 85188
2026/10/03 09:41:38.945, 2, 90496
2026/10/03 09:41:38.946, 3, 77812
2026/10/03 09:41:38.946, 4, 118637
2026/10/03 09:41:38.946, 5, 118639
2026/10/03 09:41:38.946, 6, 118659
2026/10/03 09:41:38.946, 7, 118397
2026/10/03 09:41:39.946, 0, 79788
2026/10/03 09:41:39.946, 1, 85188
2026/10/03 09:41:39.946, 2, 90496
2026/10/03 09:41:39.946, 3, 77812
2026/10/03 09:41:39.946, 4, 118637
2026/10/03 09:41:39.946, 5, 118639
2026/10/03 09:41:39.946, 6, 118659
2026/10/03 09:41:39.946, 7, 118397
2026/10/03 09:41:40.946, 0, 79788
2026/10/03 09:41:40.946, 1, 85188
2026/10/03 09:41:40.946, 2, 90496
2026/10/03 09:41:40.946, 3, 77812
2026/10/03 09:41:40.946, 4, 118637
2026/10/03 09:41:40.946, 5, 118639
2026/10/03 09:41:40.946, 6, 118659
2026/10/03 09:41:40.946, 7, 118397
2026/10/03 09:41:41.947, 0, 79788
2026/10/03 09:41:41.947, 1, 85188
2026/10/03 09:41:41.947, 2, 90496
2026/10/03 09:41:41.947, 3, 77812
2026/10/03 09:41:41.947, 4, 118637
2026/10/03 09:41:41.947, 5, 118639
2026/10/03 09:41:41.947, 6, 118659
2026/10/03 09:41:41.947, 7, 118397
2026/10/03 09:41:42.947, 0, 79788
2026/10/03 09:41:42.947, 1, 85188
2026/10/03 09:41:42.947, 2, 90496
2026/10/03 09:41:42.947, 3, 77812
2026/10/03 09:41:42.947, 4, 118637
2026/10/03 09:41:42.947, 5, 118639
2026/10/03 09:41:42.947, 6, 118659
2026/10/03 09:41:42.947, 7, 118397
2026/10/03 09:41:43.947, 0, 79788
2026/10/03 09:41:43.947, 1, 85188
2026/10/03 09:41:43.947, 2, 90496
2026/10/03 09:41:43.947, 3, 77812
2026/10/03 09:41:43.947, 4, 119263
2026/10/03 09:41:43.947, 5, 118639
2026/10/03 09:41:43.947, 6, 118659
2026/10/03 09:41:43.947, 7, 118397
2026/10/03 09:41:44.947, 0, 79788
2026/10/03 09:41:44.947, 1, 85188
2026/10/03 09:41:44.947, 2, 90496
2026/10/03 09:41:44.947, 3, 77812
2026/10/03 09:41:44.947, 4, 119275
2026/10/03 09:41:44.947, 5, 118615
2026/10/03 09:41:44.947, 6, 118615
2026/10/03 09:41:44.947, 7, 118373
2026/10/03 09:41:45.947, 0, 79788
2026/10/03 09:41:45.948, 1, 85188
2026/10/03 09:41:45.948, 2, 90496
2026/10/03 09:41:45.948, 3, 77812
2026/10/03 09:41:45.948, 4, 118615
2026/10/03 09:41:45.948, 5, 118615
2026/10/03 09:41:45.948, 6, 118615
2026/10/03 09:41:45.948, 7, 118373
2026/10/03 09:41:46.948, 0, 79788
2026/10/03 09:41:46.948, 1, 85188
2026/10/03 09:41:46.948, 2, 90496
2026/10/03 09:41:46.948, 3, 77812
2026/10/03 09:41:46.948, 4, 118615
2026/10/03 09:41:46.948, 5, 118615
2026/10/03 09:41:46.948, 6, 118615
2026/10/03 09:41:46.948, 7, 118373
2026/10/03 09:41:47.948, 0, 79788
2026/10/03 09:41:47.954, 1, 85188
2026/10/03 09:41:47.955, 2, 90496
2026/10/03 09:41:47.960, 3, 77812
2026/10/03 09:41:47.963, 4, 118909
2026/10/03 09:41:47.963, 5, 118827
2026/10/03 09:41:47.963, 6, 118989
2026/10/03 09:41:47.964, 7, 118967
2026/10/03 09:41:48.964, 0, 79788
2026/10/03 09:41:48.964, 1, 85188
2026/10/03 09:41:48.964, 2, 90496
2026/10/03 09:41:48.964, 3, 77812
2026/10/03 09:41:48.964, 4, 118911
2026/10/03 09:41:48.964, 5, 118827
2026/10/03 09:41:48.964, 6, 118989
2026/10/03 09:41:48.964, 7, 118967
2026/10/03 09:41:49.964, 0, 79788
2026/10/03 09:41:49.964, 1, 85188
2026/10/03 09:41:49.964, 2, 90496
2026/10/03 09:41:49.964, 3, 77812
2026/10/03 09:41:49.964, 4, 118911
2026/10/03 09:41:49.964, 5, 118931
2026/10/03 09:41:49.964, 6, 118991
2026/10/03 09:41:49.964, 7, 118969
2026/10/03 09:41:50.964, 0, 79788
2026/10/03 09:41:50.966, 1, 85188
2026/10/03 09:41:50.967, 2, 90496
2026/10/03 09:41:50.967, 3, 77812
2026/10/03 09:41:50.967, 4, 118911
2026/10/03 09:41:50.967, 5, 119255
2026/10/03 09:41:50.967, 6, 118991
2026/10/03 09:41:50.967, 7, 118969
2026/10/03 09:41:51.967, 0, 79788
2026/10/03 09:41:51.967, 1, 85188
2026/10/03 09:41:51.967, 2, 90496
2026/10/03 09:41:51.967, 3, 77812
2026/10/03 09:41:51.967, 4, 118911
2026/10/03 09:41:51.967, 5, 119255
2026/10/03 09:41:51.967, 6, 118991
2026/10/03 09:41:51.967, 7, 118969
2026/10/03 09:41:52.967, 0, 79788
2026/10/03 09:41:52.968, 1, 85188
2026/10/03 09:41:52.968, 2, 90496
2026/10/03 09:41:52.968, 3, 77812
2026/10/03 09:41:52.968, 4, 118911
2026/10/03 09:41:52.968, 5, 119255
2026/10/03 09:41:52.968, 6, 118991
2026/10/03 09:41:52.968, 7, 118969
2026/10/03 09:41:53.968, 0, 79788
2026/10/03 09:41:53.968, 1, 85188
2026/10/03 09:41:53.968, 2, 90496
2026/10/03 09:41:53.968, 3, 77812
2026/10/03 09:41:53.968, 4, 118911
2026/10/03 09:41:53.968, 5, 119255
2026/10/03 09:41:53.968, 6, 118991
2026/10/03 09:41:53.968, 7, 118969
2026/10/03 09:41:54.968, 0, 79788
2026/10/03 09:41:54.968, 1, 85188
2026/10/03 09:41:54.968, 2, 90496
2026/10/03 09:41:54.968, 3, 77812
2026/10/03 09:41:54.968, 4, 118911
2026/10/03 09:41:54.969, 5, 119255
2026/10/03 09:41:54.969, 6, 118991
2026/10/03 09:41:54.969, 7, 118969
2026/10/03 09:41:55.969, 0, 79788
2026/10/03 09:41:55.969, 1, 85188
2026/10/03 09:41:55.969, 2, 90496
2026/10/03 09:41:55.969, 3, 77812
2026/10/03 09:41:55.969, 4, 118911
2026/10/03 09:41:55.969, 5, 119255
2026/10/03 09:41:55.969, 6, 118991
2026/10/03 09:41:55.969, 7, 118969
2026/10/03 09:41:56.969, 0, 79788
2026/10/03 09:41:56.969, 1, 85188
2026/10/03 09:41:56.969, 2, 90496
2026/10/03 09:41:56.969, 3, 77812
2026/10/03 09:41:56.969, 4, 118911
2026/10/03 09:41:56.969, 5, 119255
2026/10/03 09:41:56.969, 6, 118991
2026/10/03 09:41:56.969, 7, 118969
2026/10/03 09:41:57.969, 0, 79788
2026/10/03 09:41:57.970, 1, 85188
2026/10/03 09:41:57.970, 2, 90496
2026/10/03 09:41:57.970, 3, 77812
2026/10/03 09:41:57.970, 4, 118911
2026/10/03 09:41:57.970, 5, 119255
2026/10/03 09:41:57.970, 6, 118991
2026/10/03 09:41:57.970, 7, 118969
2026/10/03 09:41:58.970, 0, 79788
2026/10/03 09:41:58.970, 1, 85188
2026/10/03 09:41:58.970, 2, 90496
2026/10/03 09:41:58.970, 3, 77812
2026/10/03 09:41:58.970, 4, 118911
2026/10/03 09:41:58.970, 5, 119255
2026/10/03 09:41:58.970, 6, 118991
2026/10/03 09:41:58.970, 7, 118969
2026/10/03 09:41:59.970, 0, 79788
2026/10/03 09:41:59.970, 1, 85188
2026/10/03 09:41:59.970, 2, 90496
2026/10/03 09:41:59.970, 3, 77812
2026/10/03 09:41:59.970, 4, 118911
2026/10/03 09:41:59.970, 5, 119255
2026/10/03 09:41:59.970, 6, 118991
2026/10/03 09:41:59.970, 7, 118969
2026/10/03 09:42:00.970, 0, 79788
2026/10/03 09:42:00.970, 1, 85188
2026/10/03 09:42:00.970, 2, 90496
2026/10/03 09:42:00.970, 3, 77812
2026/10/03 09:42:00.970, 4, 118615
2026/10/03 09:42:00.970, 5, 118615
2026/10/03 09:42:00.970, 6, 118615
2026/10/03 09:42:00.970, 7, 118373
2026/10/03 09:42:01.970, 0, 79788
2026/10/03 09:42:01.970, 1, 85188
2026/10/03 09:42:01.970, 2, 90496
2026/10/03 09:42:01.970, 3, 77812
2026/10/03 09:42:01.970, 4, 118639
2026/10/03 09:42:01.970, 5, 118637
2026/10/03 09:42:01.970, 6, 118637
2026/10/03 09:42:01.970, 7, 118395
2026/10/03 09:42:02.971, 0, 79788
2026/10/03 09:42:02.971, 1, 85188
2026/10/03 09:42:02.971, 2, 90496
2026/10/03 09:42:02.971, 3, 77812
2026/10/03 09:42:02.971, 4, 118639
2026/10/03 09:42:02.971, 5, 118637
2026/10/03 09:42:02.971, 6, 118637
2026/10/03 09:42:02.971, 7, 118395
2026/10/03 09:42:03.971, 0, 79788
2026/10/03 09:42:03.971, 1, 85188
2026/10/03 09:42:03.971, 2, 90496
2026/10/03 09:42:03.971, 3, 77812
2026/10/03 09:42:03.971, 4, 118639
2026/10/03 09:42:03.971, 5, 118637
2026/10/03 09:42:03.971, 6, 118637
2026/10/03 09:42:03.971, 7, 118395
2026/10/03 09:42:04.971, 0, 79788
2026/10/03 09:42:04.971, 1, 85188
2026/10/03 09:42:04.971, 2, 90496
2026/10/03 09:42:04.971, 3, 77812
2026/10/03 09:42:04.971, 4, 118639
2026/10/03 09:42:04.971, 5, 118639
2026/10/03 09:42:04.971, 6, 118637
2026/10/03 09:42:04.971, 7, 118397
2026/10/03 09:42:05.971, 0, 79788
2026/10/03 09:42:05.971, 1, 85188
2026/10/03 09:42:05.971, 2, 90496
2026/10/03 09:42:05.971, 3, 77812
2026/10/03 09:42:05.971, 4, 118639
2026/10/03 09:42:05.971, 5, 118639
2026/10/03 09:42:05.971, 6, 118637
2026/10/03 09:42:05.971, 7, 118397
2026/10/03 09:42:06.971, 0, 79788
2026/10/03 09:42:06.972, 1, 85188
2026/10/03 09:42:06.972, 2, 90496
2026/10/03 09:42:06.972, 3, 77812
2026/10/03 09:42:06.972, 4, 118639
2026/10/03 09:42:06.972, 5, 118639
2026/10/03 09:42:06.972, 6, 118637
2026/10/03 09:42:06.972, 7, 118397
2026/10/03 09:42:07.972, 0, 79788
2026/10/03 09:42:07.972, 1, 85188
2026/10/03 09:42:07.972, 2, 90496
2026/10/03 09:42:07.972, 3, 77812
2026/10/03 09:42:07.972, 4, 118639
2026/10/03 09:42:07.972, 5, 118639
2026/10/03 09:42:07.972, 6, 118637
2026/10/03 09:42:07.972, 7, 118397
2026/10/03 09:42:08.972, 0, 79788
2026/10/03 09:42:08.972, 1, 85188
2026/10/03 09:42:08.972, 2, 90496
2026/10/03 09:42:08.972, 3, 77812
2026/10/03 09:42:08.972, 4, 118639
2026/10/03 09:42:08.972, 5, 118639
2026/10/03 09:42:08.972, 6, 118637
2026/10/03 09:42:08.972, 7, 118397
2026/10/03 09:42:09.972, 0, 79788
2026/10/03 09:42:09.972, 1, 85188
2026/10/03 09:42:09.972, 2, 90496
2026/10/03 09:42:09.972, 3, 77812
2026/10/03 09:42:09.972, 4, 118639
2026/10/03 09:42:09.972, 5, 118639
2026/10/03 09:42:09.972, 6, 118637
2026/10/03 09:42:09.972, 7, 118397
2026/10/03 09:42:10.973, 0, 79788
2026/10/03 09:42:10.973, 1, 85188
2026/10/03 09:42:10.973, 2, 90496
2026/10/03 09:42:10.973, 3, 77812
2026/10/03 09:42:10.973, 4, 118639
2026/10/03 09:42:10.973, 5, 118639
2026/10/03 09:42:10.973, 6, 118637
2026/10/03 09:42:10.973, 7, 118397
2026/10/03 09:42:11.973, 0, 79788
2026/10/03 09:42:11.973, 1, 85188
2026/10/03 09:42:11.973, 2, 90496
2026/10/03 09:42:11.973, 3, 77812
2026/10/03 09:42:11.973, 4, 118639
2026/10/03 09:42:11.973, 5, 118639
2026/10/03 09:42:11.973, 6, 118637
2026/10/03 09:42:11.973, 7, 118397
2026/10/03 09:42:12.973, 0, 79788
2026/10/03 09:42:12.974, 1, 85188
2026/10/03 09:42:12.974, 2, 90496
2026/10/03 09:42:12.974, 3, 77812
2026/10/03 09:42:12.974, 4, 118639
2026/10/03 09:42:12.974, 5, 118639
2026/10/03 09:42:12.974, 6, 118637
2026/10/03 09:42:12.974, 7, 118397
2026/10/03 09:42:13.974, 0, 79788
2026/10/03 09:42:13.974, 1, 85188
2026/10/03 09:42:13.974, 2, 90496
2026/10/03 09:42:13.975, 3, 77812
2026/10/03 09:42:13.975, 4, 118639
2026/10/03 09:42:13.975, 5, 118639
2026/10/03 09:42:13.975, 6, 118637
2026/10/03 09:42:13.975, 7, 118397
2026/10/03 09:42:14.975, 0, 79788
2026/10/03 09:42:14.975, 1, 85188
2026/10/03 09:42:14.975, 2, 90496
2026/10/03 09:42:14.975, 3, 77812
2026/10/03 09:42:14.975, 4, 118639
2026/10/03 09:42:14.975, 5, 118639
2026/10/03 09:42:14.975, 6, 118709
2026/10/03 09:42:14.975, 7, 118397
2026/10/03 09:42:15.975, 0, 79788
2026/10/03 09:42:15.975, 1, 85188
2026/10/03 09:42:15.975, 2, 90496
2026/10/03 09:42:15.975, 3, 77812
2026/10/03 09:42:15.975, 4, 118639
2026/10/03 09:42:15.975, 5, 118639
2026/10/03 09:42:15.975, 6, 118709
2026/10/03 09:42:15.975, 7, 118397
2026/10/03 09:42:16.975, 0, 79788
2026/10/03 09:42:16.975, 1, 85188
2026/10/03 09:42:16.975, 2, 90496
2026/10/03 09:42:16.975, 3, 77812
2026/10/03 09:42:16.975, 4, 118615
2026/10/03 09:42:16.975, 5, 119275
2026/10/03 09:42:16.975, 6, 119275
2026/10/03 09:42:16.975, 7, 119033
2026/10/03 09:42:17.976, 0, 79788
2026/10/03 09:42:17.976, 1, 85188
2026/10/03 09:42:17.977, 2, 90496
2026/10/03 09:42:17.980, 3, 77812
2026/10/03 09:42:17.980, 4, 118997
2026/10/03 09:42:17.981, 5, 119081
2026/10/03 09:42:17.986, 6, 119081
2026/10/03 09:42:17.986, 7, 118643
2026/10/03 09:42:18.988, 0, 79788
2026/10/03 09:42:18.988, 1, 85188
2026/10/03 09:42:18.988, 2, 90496
2026/10/03 09:42:18.988, 3, 77812
2026/10/03 09:42:18.988, 4, 118873
2026/10/03 09:42:18.988, 5, 118801
2026/10/03 09:42:18.988, 6, 119319
2026/10/03 09:42:18.988, 7, 118719
2026/10/03 09:42:19.989, 0, 79788
2026/10/03 09:42:19.989, 1, 85188
2026/10/03 09:42:19.989, 2, 90496
2026/10/03 09:42:19.989, 3, 77812
2026/10/03 09:42:19.989, 4, 118873
2026/10/03 09:42:19.989, 5, 118801
2026/10/03 09:42:19.989, 6, 119319
2026/10/03 09:42:19.989, 7, 118719
2026/10/03 09:42:20.989, 0, 79788
2026/10/03 09:42:20.989, 1, 85188
2026/10/03 09:42:20.989, 2, 90496
2026/10/03 09:42:20.989, 3, 77812
2026/10/03 09:42:20.989, 4, 118873
2026/10/03 09:42:20.989, 5, 118801
2026/10/03 09:42:20.989, 6, 119321
2026/10/03 09:42:20.989, 7, 118719
2026/10/03 09:42:21.989, 0, 79788
2026/10/03 09:42:21.989, 1, 85188
2026/10/03 09:42:21.989, 2, 90496
2026/10/03 09:42:21.989, 3, 77812
2026/10/03 09:42:21.989, 4, 118873
2026/10/03 09:42:21.989, 5, 118801
2026/10/03 09:42:21.989, 6, 119321
2026/10/03 09:42:21.989, 7, 118719
2026/10/03 09:42:22.989, 0, 79788
2026/10/03 09:42:22.990, 1, 85188
2026/10/03 09:42:22.990, 2, 90496
2026/10/03 09:42:22.990, 3, 77812
2026/10/03 09:42:22.990, 4, 118873
2026/10/03 09:42:23.054, 5, 119093
2026/10/03 09:42:23.054, 6, 119321
2026/10/03 09:42:23.054, 7, 118719
2026/10/03 09:42:24.054, 0, 79788
2026/10/03 09:42:24.054, 1, 85188
2026/10/03 09:42:24.054, 2, 90496
2026/10/03 09:42:24.054, 3, 77812
2026/10/03 09:42:24.054, 4, 118997
2026/10/03 09:42:24.054, 5, 119209
2026/10/03 09:42:24.054, 6, 119321
2026/10/03 09:42:24.054, 7, 118721
2026/10/03 09:42:25.054, 0, 79788
2026/10/03 09:42:25.054, 1, 85188
2026/10/03 09:42:25.054, 2, 90496
2026/10/03 09:42:25.055, 3, 77812
2026/10/03 09:42:25.055, 4, 118997
2026/10/03 09:42:25.055, 5, 119209
2026/10/03 09:42:25.055, 6, 119321
2026/10/03 09:42:25.055, 7, 118721
2026/10/03 09:42:26.055, 0, 79788
2026/10/03 09:42:26.055, 1, 85188
2026/10/03 09:42:26.055, 2, 90496
2026/10/03 09:42:26.055, 3, 77812
2026/10/03 09:42:26.055, 4, 118997
2026/10/03 09:42:26.055, 5, 119209
2026/10/03 09:42:26.055, 6, 119321
2026/10/03 09:42:26.055, 7, 118721
2026/10/03 09:42:27.055, 0, 79788
2026/10/03 09:42:27.055, 1, 85188
2026/10/03 09:42:27.055, 2, 90496
2026/10/03 09:42:27.055, 3, 77812
2026/10/03 09:42:27.055, 4, 118997
2026/10/03 09:42:27.055, 5, 119209
2026/10/03 09:42:27.055, 6, 119321
2026/10/03 09:42:27.055, 7, 118721
2026/10/03 09:42:28.056, 0, 79788
2026/10/03 09:42:28.056, 1, 85188
2026/10/03 09:42:28.056, 2, 90496
2026/10/03 09:42:28.056, 3, 77812
2026/10/03 09:42:28.056, 4, 118997
2026/10/03 09:42:28.056, 5, 119209
2026/10/03 09:42:28.056, 6, 119321
2026/10/03 09:42:28.056, 7, 118721
2026/10/03 09:42:29.056, 0, 79788
2026/10/03 09:42:29.056, 1, 85188
2026/10/03 09:42:29.056, 2, 90496
2026/10/03 09:42:29.056, 3, 77812
2026/10/03 09:42:29.056, 4, 118997
2026/10/03 09:42:29.056, 5, 119209
2026/10/03 09:42:29.056, 6, 119321
2026/10/03 09:42:29.056, 7, 118721
2026/10/03 09:42:30.056, 0, 79788
2026/10/03 09:42:30.056, 1, 85188
2026/10/03 09:42:30.056, 2, 90496
2026/10/03 09:42:30.056, 3, 77812
2026/10/03 09:42:30.056, 4, 118997
2026/10/03 09:42:30.056, 5, 119209
2026/10/03 09:42:30.056, 6, 119321
2026/10/03 09:42:30.056, 7, 118721
2026/10/03 09:42:31.056, 0, 79788
2026/10/03 09:42:31.056, 1, 85188
2026/10/03 09:42:31.056, 2, 90496
2026/10/03 09:42:31.056, 3, 77812
2026/10/03 09:42:31.056, 4, 118997
2026/10/03 09:42:31.057, 5, 119209
2026/10/03 09:42:31.057, 6, 119321
2026/10/03 09:42:31.057, 7, 118721
2026/10/03 09:42:32.057, 0, 79788
2026/10/03 09:42:32.057, 1, 85188
2026/10/03 09:42:32.057, 2, 90496
2026/10/03 09:42:32.057, 3, 77812
2026/10/03 09:42:32.057, 4, 118615
2026/10/03 09:42:32.057, 5, 118615
2026/10/03 09:42:32.057, 6, 118615
2026/10/03 09:42:32.057, 7, 118375
2026/10/03 09:42:33.057, 0, 79788
2026/10/03 09:42:33.057, 1, 85188
2026/10/03 09:42:33.058, 2, 90496
2026/10/03 09:42:33.058, 3, 77812
2026/10/03 09:42:33.058, 4, 118637
2026/10/03 09:42:33.058, 5, 118637
2026/10/03 09:42:33.059, 6, 118639
2026/10/03 09:42:33.059, 7, 118397
2026/10/03 09:42:34.059, 0, 79788
2026/10/03 09:42:34.061, 1, 85188
2026/10/03 09:42:34.061, 2, 90496
2026/10/03 09:42:34.061, 3, 77812
2026/10/03 09:42:34.061, 4, 118637
2026/10/03 09:42:34.061, 5, 118637
2026/10/03 09:42:34.061, 6, 118639
2026/10/03 09:42:34.061, 7, 118397
2026/10/03 09:42:35.061, 0, 79788
2026/10/03 09:42:35.063, 1, 85188
2026/10/03 09:42:35.063, 2, 90496
2026/10/03 09:42:35.063, 3, 77812
2026/10/03 09:42:35.063, 4, 118637
2026/10/03 09:42:35.063, 5, 118637
2026/10/03 09:42:35.063, 6, 118639
2026/10/03 09:42:35.063, 7, 118397
2026/10/03 09:42:36.063, 0, 79788
2026/10/03 09:42:36.064, 1, 85188
2026/10/03 09:42:36.064, 2, 90496
2026/10/03 09:42:36.064, 3, 77812
2026/10/03 09:42:36.064, 4, 118637
2026/10/03 09:42:36.064, 5, 118639
2026/10/03 09:42:36.064, 6, 118639
2026/10/03 09:42:36.064, 7, 118397
2026/10/03 09:42:37.064, 0, 79788
2026/10/03 09:42:37.065, 1, 85188
2026/10/03 09:42:37.067, 2, 90496
2026/10/03 09:42:37.070, 3, 77812
2026/10/03 09:42:37.070, 4, 118639
2026/10/03 09:42:37.070, 5, 118639
2026/10/03 09:42:37.072, 6, 118639
2026/10/03 09:42:37.073, 7, 118397
2026/10/03 09:42:38.073, 0, 79788
2026/10/03 09:42:38.074, 1, 85188
2026/10/03 09:42:38.074, 2, 90496
2026/10/03 09:42:38.074, 3, 77812
2026/10/03 09:42:38.074, 4, 118639
2026/10/03 09:42:38.074, 5, 118639
2026/10/03 09:42:38.074, 6, 118639
2026/10/03 09:42:38.074, 7, 118397
2026/10/03 09:42:39.074, 0, 79788
2026/10/03 09:42:39.074, 1, 91124
2026/10/03 09:42:39.074, 2, 90496
2026/10/03 09:42:39.074, 3, 77812
2026/10/03 09:42:39.074, 4, 118639
2026/10/03 09:42:39.074, 5, 118639
2026/10/03 09:42:39.074, 6, 118639
2026/10/03 09:42:39.074, 7, 118397
2026/10/03 09:42:40.074, 0, 79788
2026/10/03 09:42:40.074, 1, 91124
2026/10/03 09:42:40.074, 2, 90496
2026/10/03 09:42:40.074, 3, 77812
2026/10/03 09:42:40.074, 4, 118639
2026/10/03 09:42:40.074, 5, 118639
2026/10/03 09:42:40.074, 6, 118639
2026/10/03 09:42:40.074, 7, 118397
2026/10/03 09:42:41.074, 0, 79788
2026/10/03 09:42:41.074, 1, 91124
2026/10/03 09:42:41.074, 2, 90496
2026/10/03 09:42:41.074, 3, 77812
2026/10/03 09:42:41.074, 4, 118639
2026/10/03 09:42:41.074, 5, 118639
2026/10/03 09:42:41.074, 6, 118639
2026/10/03 09:42:41.074, 7, 118399
2026/10/03 09:42:42.074, 0, 79788
2026/10/03 09:42:42.074, 1, 91124
2026/10/03 09:42:42.074, 2, 90496
2026/10/03 09:42:42.074, 3, 77812
2026/10/03 09:42:42.075, 4, 118639
2026/10/03 09:42:42.075, 5, 118639
2026/10/03 09:42:42.075, 6, 118639
2026/10/03 09:42:42.075, 7, 118399
2026/10/03 09:42:43.075, 0, 79788
2026/10/03 09:42:43.075, 1, 91124
2026/10/03 09:42:43.075, 2, 90496
2026/10/03 09:42:43.075, 3, 77812
2026/10/03 09:42:43.075, 4, 118639
2026/10/03 09:42:43.075, 5, 118639
2026/10/03 09:42:43.075, 6, 118639
2026/10/03 09:42:43.075, 7, 118399
2026/10/03 09:42:44.075, 0, 79788
2026/10/03 09:42:44.075, 1, 91124
2026/10/03 09:42:44.075, 2, 90496
2026/10/03 09:42:44.075, 3, 77812
2026/10/03 09:42:44.075, 4, 118639
2026/10/03 09:42:44.075, 5, 118639
2026/10/03 09:42:44.075, 6, 118639
2026/10/03 09:42:44.075, 7, 118399
2026/10/03 09:42:45.075, 0, 79788
2026/10/03 09:42:45.075, 1, 91124
2026/10/03 09:42:45.075, 2, 90496
2026/10/03 09:42:45.075, 3, 77812
2026/10/03 09:42:45.075, 4, 118639
2026/10/03 09:42:45.075, 5, 118639
2026/10/03 09:42:45.075, 6, 118639
2026/10/03 09:42:45.075, 7, 118399
2026/10/03 09:42:46.075, 0, 79788
2026/10/03 09:42:46.075, 1, 91124
2026/10/03 09:42:46.075, 2, 90496
2026/10/03 09:42:46.075, 3, 77812
2026/10/03 09:42:46.075, 4, 118639
2026/10/03 09:42:46.075, 5, 118639
2026/10/03 09:42:46.075, 6, 118639
2026/10/03 09:42:46.075, 7, 118399
2026/10/03 09:42:47.076, 0, 79788
2026/10/03 09:42:47.076, 1, 91124
2026/10/03 09:42:47.076, 2, 90496
2026/10/03 09:42:47.076, 3, 77812
2026/10/03 09:42:47.076, 4, 118639
2026/10/03 09:42:47.076, 5, 118639
2026/10/03 09:42:47.076, 6, 118639
2026/10/03 09:42:47.076, 7, 118399
2026/10/03 09:42:48.076, 0, 79788
2026/10/03 09:42:48.076, 1, 91124
2026/10/03 09:42:48.076, 2, 90496
2026/10/03 09:42:48.077, 3, 77812
2026/10/03 09:42:48.078, 4, 118639
2026/10/03 09:42:48.080, 5, 118639
2026/10/03 09:42:48.080, 6, 118639
2026/10/03 09:42:48.080, 7, 118399
2026/10/03 09:42:49.080, 0, 79788
2026/10/03 09:42:49.080, 1, 91124
2026/10/03 09:42:49.080, 2, 90496
2026/10/03 09:42:49.080, 3, 77812
2026/10/03 09:42:49.080, 4, 118615
2026/10/03 09:42:49.080, 5, 119275
2026/10/03 09:42:49.080, 6, 119275
2026/10/03 09:42:49.080, 7, 119035
2026/10/03 09:42:50.080, 0, 79788
2026/10/03 09:42:50.080, 1, 91124
2026/10/03 09:42:50.080, 2, 90496
2026/10/03 09:42:50.081, 3, 77812
2026/10/03 09:42:50.081, 4, 118917
2026/10/03 09:42:50.081, 5, 119039
2026/10/03 09:42:50.081, 6, 118811
2026/10/03 09:42:50.081, 7, 118745
2026/10/03 09:42:51.081, 0, 79788
2026/10/03 09:42:51.081, 1, 91124
2026/10/03 09:42:51.081, 2, 90496
2026/10/03 09:42:51.081, 3, 77812
2026/10/03 09:42:51.081, 4, 118917
2026/10/03 09:42:51.081, 5, 119039
2026/10/03 09:42:51.081, 6, 118811
2026/10/03 09:42:51.081, 7, 118747
2026/10/03 09:42:52.081, 0, 79788
2026/10/03 09:42:52.081, 1, 91124
2026/10/03 09:42:52.081, 2, 90496
2026/10/03 09:42:52.081, 3, 77812
2026/10/03 09:42:52.081, 4, 118917
2026/10/03 09:42:52.081, 5, 119039
2026/10/03 09:42:52.081, 6, 118811
2026/10/03 09:42:52.081, 7, 118747
2026/10/03 09:42:53.081, 0, 79788
2026/10/03 09:42:53.081, 1, 91124
2026/10/03 09:42:53.083, 2, 90496
2026/10/03 09:42:53.083, 3, 77812
2026/10/03 09:42:53.083, 4, 118917
2026/10/03 09:42:53.083, 5, 119039
2026/10/03 09:42:53.083, 6, 118811
2026/10/03 09:42:53.085, 7, 118747
2026/10/03 09:42:54.085, 0, 79788
2026/10/03 09:42:54.085, 1, 91124
2026/10/03 09:42:54.085, 2, 90496
2026/10/03 09:42:54.085, 3, 77812
2026/10/03 09:42:54.085, 4, 118917
2026/10/03 09:42:54.085, 5, 119039
2026/10/03 09:42:54.085, 6, 118811
2026/10/03 09:42:54.085, 7, 118747
2026/10/03 09:42:55.085, 0, 79788
2026/10/03 09:42:55.085, 1, 91124
2026/10/03 09:42:55.085, 2, 90496
2026/10/03 09:42:55.085, 3, 77812
2026/10/03 09:42:55.085, 4, 118917
2026/10/03 09:42:55.085, 5, 119039
2026/10/03 09:42:55.090, 6, 119095
2026/10/03 09:42:55.090, 7, 118747
2026/10/03 09:42:56.090, 0, 79788
2026/10/03 09:42:56.090, 1, 91124
2026/10/03 09:42:56.090, 2, 90496
2026/10/03 09:42:56.090, 3, 77812
2026/10/03 09:42:56.090, 4, 118917
2026/10/03 09:42:56.090, 5, 119039
2026/10/03 09:42:56.090, 6, 119095
2026/10/03 09:42:56.090, 7, 118747
2026/10/03 09:42:57.090, 0, 79788
2026/10/03 09:42:57.091, 1, 91124
2026/10/03 09:42:57.093, 2, 90496
2026/10/03 09:42:57.095, 3, 77812
2026/10/03 09:42:57.097, 4, 118919
2026/10/03 09:42:57.097, 5, 119039
2026/10/03 09:42:57.099, 6, 119095
2026/10/03 09:42:57.099, 7, 118747
2026/10/03 09:42:58.099, 0, 79788
2026/10/03 09:42:58.099, 1, 91124
2026/10/03 09:42:58.099, 2, 90496
2026/10/03 09:42:58.099, 3, 77812
2026/10/03 09:42:58.099, 4, 118919
2026/10/03 09:42:58.100, 5, 119039
2026/10/03 09:42:58.100, 6, 119095
2026/10/03 09:42:58.100, 7, 118747
2026/10/03 09:42:59.100, 0, 79788
2026/10/03 09:42:59.100, 1, 91124
2026/10/03 09:42:59.100, 2, 90496
2026/10/03 09:42:59.100, 3, 77812
2026/10/03 09:42:59.100, 4, 118919
2026/10/03 09:42:59.100, 5, 119039
2026/10/03 09:42:59.100, 6, 119095
2026/10/03 09:42:59.100, 7, 118747
2026/10/03 09:43:00.100, 0, 79788
2026/10/03 09:43:00.101, 1, 91124
2026/10/03 09:43:00.101, 2, 90496
2026/10/03 09:43:00.101, 3, 77812
2026/10/03 09:43:00.101, 4, 118919
2026/10/03 09:43:00.101, 5, 119039
2026/10/03 09:43:00.101, 6, 119095
2026/10/03 09:43:00.101, 7, 118747
2026/10/03 09:43:01.101, 0, 79788
2026/10/03 09:43:01.101, 1, 91124
2026/10/03 09:43:01.101, 2, 90496
2026/10/03 09:43:01.101, 3, 77812
2026/10/03 09:43:01.101, 4, 118919
2026/10/03 09:43:01.101, 5, 119039
2026/10/03 09:43:01.101, 6, 119095
2026/10/03 09:43:01.101, 7, 118747
2026/10/03 09:43:02.101, 0, 79788
2026/10/03 09:43:02.101, 1, 91124
2026/10/03 09:43:02.101, 2, 90496
2026/10/03 09:43:02.101, 3, 77812
2026/10/03 09:43:02.101, 4, 118919
2026/10/03 09:43:02.101, 5, 119039
2026/10/03 09:43:02.101, 6, 119095
2026/10/03 09:43:02.101, 7, 118747
2026/10/03 09:43:03.101, 0, 79788
2026/10/03 09:43:03.101, 1, 91124
2026/10/03 09:43:03.101, 2, 90496
2026/10/03 09:43:03.101, 3, 77812
2026/10/03 09:43:03.102, 4, 119193
2026/10/03 09:43:03.102, 5, 118801
2026/10/03 09:43:03.102, 6, 118829
2026/10/03 09:43:03.102, 7, 118701
2026/10/03 09:43:04.103, 0, 79788
2026/10/03 09:43:04.103, 1, 91124
2026/10/03 09:43:04.103, 2, 90496
2026/10/03 09:43:04.103, 3, 77812
2026/10/03 09:43:04.103, 4, 118615
2026/10/03 09:43:04.103, 5, 118615
2026/10/03 09:43:04.103, 6, 118615
2026/10/03 09:43:04.103, 7, 118375
2026/10/03 09:43:05.103, 0, 79788
2026/10/03 09:43:05.103, 1, 91124
2026/10/03 09:43:05.103, 2, 90496
2026/10/03 09:43:05.103, 3, 77812
2026/10/03 09:43:05.103, 4, 118637
2026/10/03 09:43:05.103, 5, 118637
2026/10/03 09:43:05.103, 6, 118637
2026/10/03 09:43:05.103, 7, 118397
2026/10/03 09:43:06.103, 0, 79788
2026/10/03 09:43:06.103, 1, 91124
2026/10/03 09:43:06.103, 2, 90496
2026/10/03 09:43:06.103, 3, 77812
2026/10/03 09:43:06.103, 4, 118637
2026/10/03 09:43:06.103, 5, 118637
2026/10/03 09:43:06.103, 6, 118637
2026/10/03 09:43:06.103, 7, 118397
2026/10/03 09:43:07.103, 0, 79788
2026/10/03 09:43:07.105, 1, 91124
2026/10/03 09:43:07.107, 2, 90496
2026/10/03 09:43:07.108, 3, 77812
2026/10/03 09:43:07.110, 4, 118639
2026/10/03 09:43:07.111, 5, 118637
2026/10/03 09:43:07.113, 6, 118639
2026/10/03 09:43:07.114, 7, 118397
2026/10/03 09:43:08.116, 0, 79788
2026/10/03 09:43:08.116, 1, 91124
2026/10/03 09:43:08.116, 2, 90496
2026/10/03 09:43:08.116, 3, 77812
2026/10/03 09:43:08.116, 4, 118639
2026/10/03 09:43:08.116, 5, 118657
2026/10/03 09:43:08.116, 6, 118639
2026/10/03 09:43:08.116, 7, 118397
2026/10/03 09:43:09.116, 0, 79788
2026/10/03 09:43:09.116, 1, 91124
2026/10/03 09:43:09.116, 2, 90496
2026/10/03 09:43:09.116, 3, 77812
2026/10/03 09:43:09.116, 4, 118639
2026/10/03 09:43:09.116, 5, 118657
2026/10/03 09:43:09.116, 6, 118639
2026/10/03 09:43:09.116, 7, 118397
2026/10/03 09:43:10.116, 0, 79788
2026/10/03 09:43:10.116, 1, 91124
2026/10/03 09:43:10.116, 2, 90496
2026/10/03 09:43:10.116, 3, 77812
2026/10/03 09:43:10.116, 4, 118639
2026/10/03 09:43:10.116, 5, 118657
2026/10/03 09:43:10.116, 6, 118639
2026/10/03 09:43:10.116, 7, 118397
2026/10/03 09:43:11.117, 0, 79788
2026/10/03 09:43:11.117, 1, 91124
2026/10/03 09:43:11.117, 2, 90496
2026/10/03 09:43:11.117, 3, 77812
2026/10/03 09:43:11.117, 4, 118639
2026/10/03 09:43:11.117, 5, 118657
2026/10/03 09:43:11.117, 6, 118639
2026/10/03 09:43:11.117, 7, 118397
2026/10/03 09:43:12.117, 0, 79788
2026/10/03 09:43:12.118, 1, 91124
2026/10/03 09:43:12.118, 2, 90496
2026/10/03 09:43:12.118, 3, 77812
2026/10/03 09:43:12.121, 4, 118639
2026/10/03 09:43:12.123, 5, 118657
2026/10/03 09:43:12.123, 6, 118639
2026/10/03 09:43:12.123, 7, 118399
2026/10/03 09:43:13.123, 0, 79788
2026/10/03 09:43:13.123, 1, 91124
2026/10/03 09:43:13.123, 2, 90496
2026/10/03 09:43:13.123, 3, 77812
2026/10/03 09:43:13.123, 4, 118639
2026/10/03 09:43:13.123, 5, 118657
2026/10/03 09:43:13.123, 6, 118639
2026/10/03 09:43:13.123, 7, 118399
2026/10/03 09:43:14.123, 0, 79788
2026/10/03 09:43:14.123, 1, 91124
2026/10/03 09:43:14.123, 2, 90496
2026/10/03 09:43:14.123, 3, 77812
2026/10/03 09:43:14.123, 4, 118639
2026/10/03 09:43:14.124, 5, 118657
2026/10/03 09:43:14.124, 6, 118639
2026/10/03 09:43:14.124, 7, 118399
2026/10/03 09:43:15.127, 0, 79788
2026/10/03 09:43:15.127, 1, 91124
2026/10/03 09:43:15.127, 2, 90496
2026/10/03 09:43:15.127, 3, 77812
2026/10/03 09:43:15.127, 4, 118639
2026/10/03 09:43:15.127, 5, 118657
2026/10/03 09:43:15.127, 6, 118639
2026/10/03 09:43:15.127, 7, 118399
2026/10/03 09:43:16.127, 0, 79788
2026/10/03 09:43:16.127, 1, 91124
2026/10/03 09:43:16.127, 2, 90496
2026/10/03 09:43:16.127, 3, 77812
2026/10/03 09:43:16.127, 4, 118639
2026/10/03 09:43:16.127, 5, 118657
2026/10/03 09:43:16.127, 6, 118639
2026/10/03 09:43:16.127, 7, 118399
2026/10/03 09:43:17.130, 0, 79788
2026/10/03 09:43:17.132, 1, 91124
2026/10/03 09:43:17.132, 2, 90496
2026/10/03 09:43:17.132, 3, 77812
2026/10/03 09:43:17.132, 4, 118639
2026/10/03 09:43:17.132, 5, 118657
2026/10/03 09:43:17.132, 6, 118661
2026/10/03 09:43:17.132, 7, 118399
2026/10/03 09:43:18.132, 0, 79788
2026/10/03 09:43:18.133, 1, 91124
2026/10/03 09:43:18.136, 2, 90496
2026/10/03 09:43:18.140, 3, 77812
2026/10/03 09:43:18.144, 4, 118639
2026/10/03 09:43:18.145, 5, 118657
2026/10/03 09:43:18.146, 6, 118685
2026/10/03 09:43:18.147, 7, 118399
2026/10/03 09:43:19.151, 0, 79788
2026/10/03 09:43:19.151, 1, 91124
2026/10/03 09:43:19.151, 2, 90496
2026/10/03 09:43:19.151, 3, 77812
2026/10/03 09:43:19.151, 4, 118615
2026/10/03 09:43:19.151, 5, 118615
2026/10/03 09:43:19.151, 6, 118615
2026/10/03 09:43:19.151, 7, 118375
2026/10/03 09:43:20.152, 0, 79788
2026/10/03 09:43:20.152, 1, 91124
2026/10/03 09:43:20.152, 2, 90496
2026/10/03 09:43:20.152, 3, 77812
2026/10/03 09:43:20.152, 4, 118661
2026/10/03 09:43:20.152, 5, 118639
2026/10/03 09:43:20.152, 6, 118639
2026/10/03 09:43:20.152, 7, 118399
2026/10/03 09:43:21.152, 0, 79788
2026/10/03 09:43:21.152, 1, 91124
2026/10/03 09:43:21.152, 2, 90496
2026/10/03 09:43:21.152, 3, 77812
2026/10/03 09:43:21.152, 4, 119009
2026/10/03 09:43:21.152, 5, 118873
2026/10/03 09:43:21.152, 6, 119043
2026/10/03 09:43:21.152, 7, 118567
2026/10/03 09:43:22.152, 0, 79788
2026/10/03 09:43:22.152, 1, 91124
2026/10/03 09:43:22.152, 2, 90496
2026/10/03 09:43:22.152, 3, 77812
2026/10/03 09:43:22.152, 4, 119009
2026/10/03 09:43:22.152, 5, 118873
2026/10/03 09:43:22.152, 6, 119043
2026/10/03 09:43:22.152, 7, 118567
2026/10/03 09:43:23.152, 0, 79788
2026/10/03 09:43:23.152, 1, 91124
2026/10/03 09:43:23.153, 2, 90496
2026/10/03 09:43:23.153, 3, 77812
2026/10/03 09:43:23.154, 4, 119009
2026/10/03 09:43:23.154, 5, 118873
2026/10/03 09:43:23.156, 6, 119043
2026/10/03 09:43:23.156, 7, 118567
2026/10/03 09:43:24.156, 0, 79788
2026/10/03 09:43:24.156, 1, 91124
2026/10/03 09:43:24.156, 2, 90496
2026/10/03 09:43:24.156, 3, 77812
2026/10/03 09:43:24.156, 4, 119009
2026/10/03 09:43:24.156, 5, 118873
2026/10/03 09:43:24.156, 6, 119043
2026/10/03 09:43:24.156, 7, 118567
2026/10/03 09:43:25.156, 0, 79788
2026/10/03 09:43:25.157, 1, 91124
2026/10/03 09:43:25.157, 2, 90496
2026/10/03 09:43:25.157, 3, 77812
2026/10/03 09:43:25.157, 4, 119009
2026/10/03 09:43:25.157, 5, 118873
2026/10/03 09:43:25.157, 6, 119043
2026/10/03 09:43:25.157, 7, 118567
2026/10/03 09:43:26.157, 0, 79788
2026/10/03 09:43:26.157, 1, 91124
2026/10/03 09:43:26.157, 2, 90496
2026/10/03 09:43:26.157, 3, 77812
2026/10/03 09:43:26.157, 4, 119009
2026/10/03 09:43:26.157, 5, 118873
2026/10/03 09:43:26.157, 6, 119043
2026/10/03 09:43:26.157, 7, 118567
2026/10/03 09:43:27.157, 0, 79788
2026/10/03 09:43:27.160, 1, 91124
2026/10/03 09:43:27.160, 2, 90496
2026/10/03 09:43:27.163, 3, 77812
2026/10/03 09:43:27.163, 4, 119009
2026/10/03 09:43:27.163, 5, 118873
2026/10/03 09:43:27.163, 6, 119045
2026/10/03 09:43:27.163, 7, 118567
2026/10/03 09:43:28.163, 0, 79788
2026/10/03 09:43:28.163, 1, 91124
2026/10/03 09:43:28.164, 2, 90496
2026/10/03 09:43:28.164, 3, 77812
2026/10/03 09:43:28.164, 4, 119009
2026/10/03 09:43:28.164, 5, 118873
2026/10/03 09:43:28.164, 6, 119045
2026/10/03 09:43:28.164, 7, 118567
2026/10/03 09:43:29.164, 0, 79788
2026/10/03 09:43:29.164, 1, 91124
2026/10/03 09:43:29.164, 2, 90496
2026/10/03 09:43:29.164, 3, 77812
2026/10/03 09:43:29.164, 4, 119009
2026/10/03 09:43:29.164, 5, 118873
2026/10/03 09:43:29.164, 6, 119045
2026/10/03 09:43:29.164, 7, 118567
2026/10/03 09:43:30.164, 0, 79788
2026/10/03 09:43:30.164, 1, 91124
2026/10/03 09:43:30.164, 2, 90496
2026/10/03 09:43:30.164, 3, 77812
2026/10/03 09:43:30.164, 4, 119009
2026/10/03 09:43:30.164, 5, 118873
2026/10/03 09:43:30.164, 6, 119045
2026/10/03 09:43:30.164, 7, 118567
2026/10/03 09:43:31.164, 0, 79788
2026/10/03 09:43:31.165, 1, 91124
2026/10/03 09:43:31.165, 2, 90496
2026/10/03 09:43:31.166, 3, 77812
2026/10/03 09:43:31.167, 4, 119009
2026/10/03 09:43:31.167, 5, 118873
2026/10/03 09:43:31.167, 6, 119045
2026/10/03 09:43:31.168, 7, 118567
2026/10/03 09:43:32.168, 0, 79788
2026/10/03 09:43:32.168, 1, 91124
2026/10/03 09:43:32.168, 2, 90496
2026/10/03 09:43:32.168, 3, 77812
2026/10/03 09:43:32.168, 4, 119009
2026/10/03 09:43:32.168, 5, 118873
2026/10/03 09:43:32.168, 6, 119045
2026/10/03 09:43:32.168, 7, 118567
2026/10/03 09:43:33.168, 0, 79788
2026/10/03 09:43:33.168, 1, 91124
2026/10/03 09:43:33.168, 2, 90496
2026/10/03 09:43:33.168, 3, 77812
2026/10/03 09:43:33.168, 4, 118615
2026/10/03 09:43:33.168, 5, 118615
2026/10/03 09:43:33.168, 6, 118615
2026/10/03 09:43:33.168, 7, 118375
2026/10/03 09:43:34.168, 0, 79788
2026/10/03 09:43:34.168, 1, 91124
2026/10/03 09:43:34.168, 2, 90496
2026/10/03 09:43:34.168, 3, 77812
2026/10/03 09:43:34.168, 4, 118711
2026/10/03 09:43:34.168, 5, 118637
2026/10/03 09:43:34.168, 6, 118637
2026/10/03 09:43:34.168, 7, 118397
2026/10/03 09:43:35.169, 0, 79788
2026/10/03 09:43:35.169, 1, 91124
2026/10/03 09:43:35.169, 2, 90496
2026/10/03 09:43:35.169, 3, 77812
2026/10/03 09:43:35.169, 4, 118991
2026/10/03 09:43:35.169, 5, 118639
2026/10/03 09:43:35.169, 6, 118637
2026/10/03 09:43:35.169, 7, 118397
2026/10/03 09:43:36.169, 0, 79788
2026/10/03 09:43:36.169, 1, 91124
2026/10/03 09:43:36.169, 2, 90496
2026/10/03 09:43:36.169, 3, 77812
2026/10/03 09:43:36.169, 4, 118991
2026/10/03 09:43:36.169, 5, 118639
2026/10/03 09:43:36.169, 6, 118637
2026/10/03 09:43:36.169, 7, 118397
2026/10/03 09:43:37.169, 0, 79788
2026/10/03 09:43:37.171, 1, 91124
2026/10/03 09:43:37.172, 2, 90496
2026/10/03 09:43:37.174, 3, 77812
2026/10/03 09:43:37.174, 4, 118991
2026/10/03 09:43:37.177, 5, 118639
2026/10/03 09:43:37.178, 6, 118657
2026/10/03 09:43:37.179, 7, 118397
2026/10/03 09:43:38.180, 0, 79788
2026/10/03 09:43:38.181, 1, 91124
2026/10/03 09:43:38.182, 2, 90496
2026/10/03 09:43:38.182, 3, 77812
2026/10/03 09:43:38.182, 4, 118991
2026/10/03 09:43:38.182, 5, 118639
2026/10/03 09:43:38.182, 6, 118657
2026/10/03 09:43:38.182, 7, 118397
2026/10/03 09:43:39.183, 0, 79788
2026/10/03 09:43:39.183, 1, 91124
2026/10/03 09:43:39.183, 2, 90496
2026/10/03 09:43:39.183, 3, 77812
2026/10/03 09:43:39.183, 4, 118991
2026/10/03 09:43:39.183, 5, 118639
2026/10/03 09:43:39.183, 6, 118657
2026/10/03 09:43:39.183, 7, 118397
2026/10/03 09:43:40.183, 0, 79788
2026/10/03 09:43:40.184, 1, 91124
2026/10/03 09:43:40.184, 2, 90496
2026/10/03 09:43:40.184, 3, 77812
2026/10/03 09:43:40.184, 4, 118991
2026/10/03 09:43:40.184, 5, 118639
2026/10/03 09:43:40.184, 6, 118657
2026/10/03 09:43:40.184, 7, 118399
2026/10/03 09:43:41.184, 0, 79788
2026/10/03 09:43:41.184, 1, 91124
2026/10/03 09:43:41.184, 2, 90496
2026/10/03 09:43:41.184, 3, 77812
2026/10/03 09:43:41.184, 4, 118991
2026/10/03 09:43:41.184, 5, 118639
2026/10/03 09:43:41.184, 6, 118657
2026/10/03 09:43:41.184, 7, 118399
2026/10/03 09:43:42.184, 0, 79788
2026/10/03 09:43:42.184, 1, 91124
2026/10/03 09:43:42.185, 2, 90496
2026/10/03 09:43:42.185, 3, 77812
2026/10/03 09:43:42.186, 4, 118991
2026/10/03 09:43:42.186, 5, 118639
2026/10/03 09:43:42.187, 6, 118657
2026/10/03 09:43:42.187, 7, 118399
2026/10/03 09:43:43.188, 0, 79788
2026/10/03 09:43:43.189, 1, 91124
2026/10/03 09:43:43.190, 2, 90496
2026/10/03 09:43:43.191, 3, 77812
2026/10/03 09:43:43.193, 4, 118991
2026/10/03 09:43:43.194, 5, 118639
2026/10/03 09:43:43.194, 6, 118657
2026/10/03 09:43:43.194, 7, 118399
2026/10/03 09:43:44.194, 0, 79788
2026/10/03 09:43:44.195, 1, 91124
2026/10/03 09:43:44.195, 2, 90496
2026/10/03 09:43:44.195, 3, 77812
2026/10/03 09:43:44.196, 4, 118991
2026/10/03 09:43:44.198, 5, 118639
2026/10/03 09:43:44.198, 6, 118657
2026/10/03 09:43:44.198, 7, 118399
2026/10/03 09:43:45.198, 0, 79788
2026/10/03 09:43:45.198, 1, 91124
2026/10/03 09:43:45.198, 2, 90496
2026/10/03 09:43:45.198, 3, 77812
2026/10/03 09:43:45.198, 4, 118991
2026/10/03 09:43:45.198, 5, 118639
2026/10/03 09:43:45.198, 6, 118657
2026/10/03 09:43:45.198, 7, 118399
2026/10/03 09:43:46.198, 0, 79788
2026/10/03 09:43:46.198, 1, 91124
2026/10/03 09:43:46.198, 2, 90496
2026/10/03 09:43:46.198, 3, 77812
2026/10/03 09:43:46.198, 4, 118991
2026/10/03 09:43:46.198, 5, 118639
2026/10/03 09:43:46.198, 6, 118657
2026/10/03 09:43:46.198, 7, 118399
2026/10/03 09:43:47.198, 0, 79788
2026/10/03 09:43:47.198, 1, 91124
2026/10/03 09:43:47.198, 2, 90496
2026/10/03 09:43:47.198, 3, 77812
2026/10/03 09:43:47.198, 4, 118991
2026/10/03 09:43:47.198, 5, 118639
2026/10/03 09:43:47.198, 6, 118657
2026/10/03 09:43:47.198, 7, 118399
2026/10/03 09:43:48.198, 0, 79788
2026/10/03 09:43:48.199, 1, 91124
2026/10/03 09:43:48.202, 2, 90496
2026/10/03 09:43:48.205, 3, 77812
2026/10/03 09:43:48.206, 4, 119083
2026/10/03 09:43:48.211, 5, 118635
2026/10/03 09:43:48.213, 6, 118623
2026/10/03 09:43:48.216, 7, 118815
2026/10/03 09:43:49.217, 0, 79788
2026/10/03 09:43:49.217, 1, 91124
2026/10/03 09:43:49.217, 2, 90496
2026/10/03 09:43:49.217, 3, 77812
2026/10/03 09:43:49.217, 4, 118637
2026/10/03 09:43:49.217, 5, 118977
2026/10/03 09:43:49.217, 6, 118853
2026/10/03 09:43:49.217, 7, 118921
2026/10/03 09:43:50.217, 0, 79788
2026/10/03 09:43:50.218, 1, 91124
2026/10/03 09:43:50.218, 2, 90496
2026/10/03 09:43:50.218, 3, 77812
2026/10/03 09:43:50.218, 4, 118637
2026/10/03 09:43:50.218, 5, 118977
2026/10/03 09:43:50.218, 6, 118853
2026/10/03 09:43:50.218, 7, 118921
2026/10/03 09:43:51.218, 0, 79788
2026/10/03 09:43:51.218, 1, 91124
2026/10/03 09:43:51.218, 2, 90496
2026/10/03 09:43:51.218, 3, 77812
2026/10/03 09:43:51.218, 4, 118639
2026/10/03 09:43:51.218, 5, 118977
2026/10/03 09:43:51.218, 6, 118853
2026/10/03 09:43:51.218, 7, 118921
2026/10/03 09:43:52.218, 0, 79788
2026/10/03 09:43:52.219, 1, 91124
2026/10/03 09:43:52.220, 2, 90496
2026/10/03 09:43:52.220, 3, 77812
2026/10/03 09:43:52.220, 4, 118639
2026/10/03 09:43:52.220, 5, 118977
2026/10/03 09:43:52.220, 6, 118853
2026/10/03 09:43:52.220, 7, 118921
2026/10/03 09:43:53.220, 0, 79788
2026/10/03 09:43:53.220, 1, 91124
2026/10/03 09:43:53.220, 2, 90496
2026/10/03 09:43:53.220, 3, 77812
2026/10/03 09:43:53.220, 4, 118639
2026/10/03 09:43:53.220, 5, 118977
2026/10/03 09:43:53.220, 6, 118853
2026/10/03 09:43:53.220, 7, 118921
2026/10/03 09:43:54.221, 0, 79788
2026/10/03 09:43:54.221, 1, 91124
2026/10/03 09:43:54.221, 2, 90496
2026/10/03 09:43:54.221, 3, 77812
2026/10/03 09:43:54.247, 4, 118639
2026/10/03 09:43:54.248, 5, 118977
2026/10/03 09:43:54.248, 6, 118853
2026/10/03 09:43:54.248, 7, 118921
2026/10/03 09:43:55.248, 0, 79788
2026/10/03 09:43:55.249, 1, 91124
2026/10/03 09:43:55.249, 2, 90496
2026/10/03 09:43:55.249, 3, 77812
2026/10/03 09:43:55.249, 4, 118639
2026/10/03 09:43:55.249, 5, 118977
2026/10/03 09:43:55.249, 6, 118853
2026/10/03 09:43:55.249, 7, 118921
2026/10/03 09:43:56.249, 0, 79788
2026/10/03 09:43:56.249, 1, 91124
2026/10/03 09:43:56.250, 2, 90496
2026/10/03 09:43:56.250, 3, 77812
2026/10/03 09:43:56.250, 4, 118639
2026/10/03 09:43:56.250, 5, 118977
2026/10/03 09:43:56.251, 6, 118853
2026/10/03 09:43:56.251, 7, 118921
2026/10/03 09:43:57.251, 0, 79788
2026/10/03 09:43:57.251, 1, 91124
2026/10/03 09:43:57.251, 2, 90496
2026/10/03 09:43:57.251, 3, 77812
2026/10/03 09:43:57.251, 4, 118639
2026/10/03 09:43:57.251, 5, 118977
2026/10/03 09:43:57.251, 6, 118853
2026/10/03 09:43:57.251, 7, 118921
2026/10/03 09:43:58.251, 0, 79788
2026/10/03 09:43:58.251, 1, 91124
2026/10/03 09:43:58.251, 2, 90496
2026/10/03 09:43:58.251, 3, 77812
2026/10/03 09:43:58.251, 4, 118639
2026/10/03 09:43:58.251, 5, 118977
2026/10/03 09:43:58.251, 6, 118853
2026/10/03 09:43:58.251, 7, 118921
2026/10/03 09:43:59.252, 0, 79788
2026/10/03 09:43:59.252, 1, 91124
2026/10/03 09:43:59.252, 2, 90496
2026/10/03 09:43:59.252, 3, 77812
2026/10/03 09:43:59.252, 4, 118639
2026/10/03 09:43:59.252, 5, 118977
2026/10/03 09:43:59.252, 6, 118853
2026/10/03 09:43:59.252, 7, 118921
2026/10/03 09:44:00.252, 0, 79788
2026/10/03 09:44:00.252, 1, 91124
2026/10/03 09:44:00.252, 2, 90496
2026/10/03 09:44:00.252, 3, 77812
2026/10/03 09:44:00.262, 4, 118639
2026/10/03 09:44:00.262, 5, 118977
2026/10/03 09:44:00.262, 6, 118853
2026/10/03 09:44:00.262, 7, 118921
2026/10/03 09:44:01.262, 0, 79788
2026/10/03 09:44:01.262, 1, 91124
2026/10/03 09:44:01.262, 2, 90496
2026/10/03 09:44:01.262, 3, 77812
2026/10/03 09:44:01.262, 4, 118771
2026/10/03 09:44:01.262, 5, 118977
2026/10/03 09:44:01.263, 6, 118853
2026/10/03 09:44:01.263, 7, 118921
2026/10/03 09:44:02.263, 0, 79788
2026/10/03 09:44:02.263, 1, 91124
2026/10/03 09:44:02.283, 2, 90496
2026/10/03 09:44:02.284, 3, 77812
2026/10/03 09:44:02.285, 4, 118771
2026/10/03 09:44:02.287, 5, 118977
2026/10/03 09:44:02.288, 6, 118853
2026/10/03 09:44:02.289, 7, 118921
2026/10/03 09:44:03.289, 0, 79788
2026/10/03 09:44:03.290, 1, 91124
2026/10/03 09:44:03.290, 2, 90496
2026/10/03 09:44:03.290, 3, 77812
2026/10/03 09:44:03.290, 4, 118639
2026/10/03 09:44:03.290, 5, 118639
2026/10/03 09:44:03.290, 6, 118639
2026/10/03 09:44:03.290, 7, 118399
2026/10/03 09:44:04.290, 0, 79788
2026/10/03 09:44:04.291, 1, 91124
2026/10/03 09:44:04.291, 2, 90496
2026/10/03 09:44:04.291, 3, 77812
2026/10/03 09:44:04.291, 4, 118753
2026/10/03 09:44:04.291, 5, 118639
2026/10/03 09:44:04.359, 6, 118639
2026/10/03 09:44:04.359, 7, 118399
2026/10/03 09:44:05.359, 0, 79788
2026/10/03 09:44:05.359, 1, 91124
2026/10/03 09:44:05.359, 2, 90496
2026/10/03 09:44:05.359, 3, 77812
2026/10/03 09:44:05.359, 4, 119097
2026/10/03 09:44:05.359, 5, 118685
2026/10/03 09:44:05.359, 6, 118639
2026/10/03 09:44:05.359, 7, 118471
2026/10/03 09:44:06.359, 0, 79788
2026/10/03 09:44:06.359, 1, 91124
2026/10/03 09:44:06.359, 2, 90496
2026/10/03 09:44:06.359, 3, 77812
2026/10/03 09:44:06.359, 4, 119097
2026/10/03 09:44:06.359, 5, 118739
2026/10/03 09:44:06.359, 6, 118639
2026/10/03 09:44:06.359, 7, 118965
2026/10/03 09:44:07.359, 0, 79788
2026/10/03 09:44:07.361, 1, 91124
2026/10/03 09:44:07.362, 2, 90496
2026/10/03 09:44:07.362, 3, 77812
2026/10/03 09:44:07.362, 4, 119097
2026/10/03 09:44:07.362, 5, 118871
2026/10/03 09:44:07.362, 6, 118639
2026/10/03 09:44:07.362, 7, 119255
2026/10/03 09:44:08.362, 0, 79788
2026/10/03 09:44:08.362, 1, 91124
2026/10/03 09:44:08.362, 2, 90496
2026/10/03 09:44:08.362, 3, 77812
2026/10/03 09:44:08.362, 4, 119097
2026/10/03 09:44:08.362, 5, 119317
2026/10/03 09:44:08.362, 6, 118639
2026/10/03 09:44:08.362, 7, 119255
2026/10/03 09:44:09.362, 0, 79788
2026/10/03 09:44:09.362, 1, 91124
2026/10/03 09:44:09.362, 2, 90496
2026/10/03 09:44:09.362, 3, 77812
2026/10/03 09:44:09.362, 4, 119097
2026/10/03 09:44:09.362, 5, 119317
2026/10/03 09:44:09.362, 6, 118639
2026/10/03 09:44:09.362, 7, 119255
2026/10/03 09:44:10.362, 0, 79788
2026/10/03 09:44:10.362, 1, 91124
2026/10/03 09:44:10.362, 2, 90496
2026/10/03 09:44:10.362, 3, 77812
2026/10/03 09:44:10.362, 4, 119097
2026/10/03 09:44:10.362, 5, 119317
2026/10/03 09:44:10.362, 6, 118639
2026/10/03 09:44:10.362, 7, 119255
2026/10/03 09:44:11.363, 0, 79788
2026/10/03 09:44:11.363, 1, 91124
2026/10/03 09:44:11.363, 2, 90496
2026/10/03 09:44:11.363, 3, 77812
2026/10/03 09:44:11.363, 4, 119097
2026/10/03 09:44:11.363, 5, 119317
2026/10/03 09:44:11.363, 6, 118639
2026/10/03 09:44:11.363, 7, 119255
2026/10/03 09:44:12.363, 0, 79788
2026/10/03 09:44:12.363, 1, 91124
2026/10/03 09:44:12.365, 2, 90496
2026/10/03 09:44:12.365, 3, 77812
2026/10/03 09:44:12.365, 4, 119097
2026/10/03 09:44:12.365, 5, 119317
2026/10/03 09:44:12.365, 6, 118661
2026/10/03 09:44:12.366, 7, 119255
2026/10/03 09:44:13.368, 0, 79788
2026/10/03 09:44:13.368, 1, 91124
2026/10/03 09:44:13.368, 2, 90496
2026/10/03 09:44:13.368, 3, 77812
2026/10/03 09:44:13.368, 4, 119097
2026/10/03 09:44:13.368, 5, 119317
2026/10/03 09:44:13.368, 6, 118711
2026/10/03 09:44:13.368, 7, 119255
2026/10/03 09:44:14.368, 0, 79792
2026/10/03 09:44:14.368, 1, 91124
2026/10/03 09:44:14.368, 2, 90496
2026/10/03 09:44:14.368, 3, 77812
2026/10/03 09:44:14.368, 4, 119097
2026/10/03 09:44:14.368, 5, 119317
2026/10/03 09:44:14.368, 6, 118841
2026/10/03 09:44:14.368, 7, 119255
2026/10/03 09:44:15.368, 0, 79792
2026/10/03 09:44:15.368, 1, 91124
2026/10/03 09:44:15.368, 2, 90496
2026/10/03 09:44:15.368, 3, 77812
2026/10/03 09:44:15.368, 4, 119097
2026/10/03 09:44:15.368, 5, 119317
2026/10/03 09:44:15.368, 6, 118841
2026/10/03 09:44:15.368, 7, 119255
2026/10/03 09:44:16.368, 0, 79792
2026/10/03 09:44:16.369, 1, 91124
2026/10/03 09:44:16.369, 2, 90496
2026/10/03 09:44:16.369, 3, 77812
2026/10/03 09:44:16.369, 4, 118637
2026/10/03 09:44:16.369, 5, 118637
2026/10/03 09:44:16.369, 6, 118639
2026/10/03 09:44:16.369, 7, 118397
2026/10/03 09:44:17.370, 0, 79792
2026/10/03 09:44:17.372, 1, 91124
2026/10/03 09:44:17.379, 2, 90496
2026/10/03 09:44:17.380, 3, 77812
2026/10/03 09:44:17.452, 4, 118637
2026/10/03 09:44:17.452, 5, 118637
2026/10/03 09:44:17.454, 6, 118799
2026/10/03 09:44:17.457, 7, 118399
2026/10/03 09:44:18.462, 0, 79792
2026/10/03 09:44:18.464, 1, 91124
2026/10/03 09:44:18.470, 2, 90496
2026/10/03 09:44:18.476, 3, 77812
2026/10/03 09:44:18.479, 4, 118637
2026/10/03 09:44:18.483, 5, 118637
2026/10/03 09:44:18.486, 6, 118799
2026/10/03 09:44:18.491, 7, 118399
2026/10/03 09:44:19.492, 0, 79792
2026/10/03 09:44:19.492, 1, 91124
2026/10/03 09:44:19.492, 2, 90496
2026/10/03 09:44:19.492, 3, 77812
2026/10/03 09:44:19.492, 4, 118637
2026/10/03 09:44:19.492, 5, 118637
2026/10/03 09:44:19.492, 6, 118799
2026/10/03 09:44:19.492, 7, 118399
2026/10/03 09:44:20.492, 0, 79792
2026/10/03 09:44:20.492, 1, 91124
2026/10/03 09:44:20.492, 2, 90496
2026/10/03 09:44:20.492, 3, 77812
2026/10/03 09:44:20.492, 4, 118637
2026/10/03 09:44:20.492, 5, 118637
2026/10/03 09:44:20.492, 6, 118799
2026/10/03 09:44:20.492, 7, 118399
2026/10/03 09:44:21.492, 0, 79792
2026/10/03 09:44:21.492, 1, 91124
2026/10/03 09:44:21.492, 2, 90496
2026/10/03 09:44:21.492, 3, 77812
2026/10/03 09:44:21.492, 4, 118637
2026/10/03 09:44:21.492, 5, 118637
2026/10/03 09:44:21.492, 6, 118799
2026/10/03 09:44:21.492, 7, 118399
2026/10/03 09:44:22.493, 0, 79792
2026/10/03 09:44:22.493, 1, 91124
2026/10/03 09:44:22.493, 2, 90496
2026/10/03 09:44:22.493, 3, 77812
2026/10/03 09:44:22.493, 4, 118639
2026/10/03 09:44:22.493, 5, 118637
2026/10/03 09:44:22.493, 6, 118799
2026/10/03 09:44:22.493, 7, 118399
2026/10/03 09:44:23.493, 0, 79792
2026/10/03 09:44:23.493, 1, 91124
2026/10/03 09:44:23.493, 2, 90496
2026/10/03 09:44:23.493, 3, 77812
2026/10/03 09:44:23.493, 4, 118639
2026/10/03 09:44:23.493, 5, 118639
2026/10/03 09:44:23.493, 6, 118799
2026/10/03 09:44:23.493, 7, 118399
2026/10/03 09:44:24.493, 0, 79792
2026/10/03 09:44:24.493, 1, 91124
2026/10/03 09:44:24.493, 2, 90496
2026/10/03 09:44:24.493, 3, 77812
2026/10/03 09:44:24.493, 4, 118639
2026/10/03 09:44:24.493, 5, 118639
2026/10/03 09:44:24.493, 6, 118801
2026/10/03 09:44:24.493, 7, 118399
2026/10/03 09:44:25.493, 0, 79792
2026/10/03 09:44:25.494, 1, 91124
2026/10/03 09:44:25.494, 2, 90496
2026/10/03 09:44:25.494, 3, 77812
2026/10/03 09:44:25.494, 4, 118639
2026/10/03 09:44:25.494, 5, 118639
2026/10/03 09:44:25.494, 6, 118801
2026/10/03 09:44:25.494, 7, 118399
2026/10/03 09:44:26.494, 0, 79792
2026/10/03 09:44:26.494, 1, 91124
2026/10/03 09:44:26.494, 2, 90496
2026/10/03 09:44:26.494, 3, 77812
2026/10/03 09:44:26.494, 4, 118639
2026/10/03 09:44:26.494, 5, 118639
2026/10/03 09:44:26.494, 6, 118801
2026/10/03 09:44:26.494, 7, 118399
2026/10/03 09:44:27.494, 0, 79792
2026/10/03 09:44:27.496, 1, 91124
2026/10/03 09:44:27.499, 2, 90496
2026/10/03 09:44:27.501, 3, 77812
2026/10/03 09:44:27.504, 4, 118639
2026/10/03 09:44:27.505, 5, 118639
2026/10/03 09:44:27.507, 6, 118801
2026/10/03 09:44:27.507, 7, 118399
2026/10/03 09:44:28.508, 0, 79792
2026/10/03 09:44:28.508, 1, 91124
2026/10/03 09:44:28.508, 2, 90496
2026/10/03 09:44:28.508, 3, 77812
2026/10/03 09:44:28.508, 4, 118639
2026/10/03 09:44:28.508, 5, 118639
2026/10/03 09:44:28.508, 6, 118801
2026/10/03 09:44:28.508, 7, 118399
2026/10/03 09:44:29.508, 0, 79792
2026/10/03 09:44:29.508, 1, 91124
2026/10/03 09:44:29.508, 2, 90496
2026/10/03 09:44:29.508, 3, 77812
2026/10/03 09:44:29.508, 4, 118639
2026/10/03 09:44:29.508, 5, 118639
2026/10/03 09:44:29.508, 6, 118801
2026/10/03 09:44:29.508, 7, 118399
2026/10/03 09:44:30.508, 0, 79792
2026/10/03 09:44:30.508, 1, 91124
2026/10/03 09:44:30.508, 2, 90496
2026/10/03 09:44:30.508, 3, 77812
2026/10/03 09:44:30.508, 4, 118639
2026/10/03 09:44:30.508, 5, 118639
2026/10/03 09:44:30.508, 6, 118801
2026/10/03 09:44:30.508, 7, 118399
2026/10/03 09:44:31.508, 0, 79792
2026/10/03 09:44:31.508, 1, 91124
2026/10/03 09:44:31.508, 2, 90496
2026/10/03 09:44:31.508, 3, 77812
2026/10/03 09:44:31.509, 4, 119253
2026/10/03 09:44:31.509, 5, 119281
2026/10/03 09:44:31.509, 6, 119253
2026/10/03 09:44:31.509, 7, 118375
2026/10/03 09:44:32.509, 0, 79792
2026/10/03 09:44:32.509, 1, 91124
2026/10/03 09:44:32.509, 2, 90496
2026/10/03 09:44:32.509, 3, 77812
2026/10/03 09:44:32.509, 4, 118615
2026/10/03 09:44:32.509, 5, 118615
2026/10/03 09:44:32.509, 6, 118615
2026/10/03 09:44:32.509, 7, 118375
2026/10/03 09:44:33.509, 0, 79792
2026/10/03 09:44:33.509, 1, 91124
2026/10/03 09:44:33.509, 2, 90496
2026/10/03 09:44:33.509, 3, 77812
2026/10/03 09:44:33.509, 4, 118615
2026/10/03 09:44:33.509, 5, 118615
2026/10/03 09:44:33.509, 6, 118615
2026/10/03 09:44:33.509, 7, 118375
2026/10/03 09:44:34.509, 0, 79792
2026/10/03 09:44:34.509, 1, 91124
2026/10/03 09:44:34.509, 2, 90496
2026/10/03 09:44:34.509, 3, 77812
2026/10/03 09:44:34.509, 4, 118615
2026/10/03 09:44:34.509, 5, 118615
2026/10/03 09:44:34.509, 6, 118615
2026/10/03 09:44:34.509, 7, 118375
2026/10/03 09:44:35.509, 0, 79792
2026/10/03 09:44:35.509, 1, 91124
2026/10/03 09:44:35.509, 2, 90496
2026/10/03 09:44:35.509, 3, 77812
2026/10/03 09:44:35.509, 4, 118615
2026/10/03 09:44:35.509, 5, 118615
2026/10/03 09:44:35.509, 6, 118615
2026/10/03 09:44:35.509, 7, 118375
2026/10/03 09:44:36.509, 0, 79792
2026/10/03 09:44:36.510, 1, 91124
2026/10/03 09:44:36.510, 2, 90496
2026/10/03 09:44:36.510, 3, 77812
2026/10/03 09:44:36.510, 4, 118639
2026/10/03 09:44:36.510, 5, 118615
2026/10/03 09:44:36.510, 6, 118615
2026/10/03 09:44:36.510, 7, 118417
2026/10/03 09:44:37.510, 0, 79792
2026/10/03 09:44:37.538, 1, 91124
2026/10/03 09:44:37.538, 2, 90496
2026/10/03 09:44:37.539, 3, 77812
2026/10/03 09:44:37.539, 4, 118875
2026/10/03 09:44:37.539, 5, 119123
2026/10/03 09:44:37.539, 6, 118821
2026/10/03 09:44:37.539, 7, 118657
2026/10/03 09:44:38.539, 0, 79792
2026/10/03 09:44:38.539, 1, 91124
2026/10/03 09:44:38.539, 2, 90496
2026/10/03 09:44:38.539, 3, 77812
2026/10/03 09:44:38.540, 4, 119111
2026/10/03 09:44:38.540, 5, 119123
2026/10/03 09:44:38.540, 6, 118823
2026/10/03 09:44:38.540, 7, 119139
2026/10/03 09:44:39.540, 0, 79792
2026/10/03 09:44:39.540, 1, 91124
2026/10/03 09:44:39.540, 2, 90496
2026/10/03 09:44:39.540, 3, 77812
2026/10/03 09:44:39.540, 4, 119111
2026/10/03 09:44:39.540, 5, 119123
2026/10/03 09:44:39.540, 6, 118823
2026/10/03 09:44:39.540, 7, 119529
2026/10/03 09:44:40.540, 0, 79792
2026/10/03 09:44:40.542, 1, 91124
2026/10/03 09:44:40.542, 2, 90496
2026/10/03 09:44:40.542, 3, 77812
2026/10/03 09:44:40.542, 4, 119111
2026/10/03 09:44:40.542, 5, 119123
2026/10/03 09:44:40.542, 6, 118823
2026/10/03 09:44:40.542, 7, 119803
2026/10/03 09:44:41.543, 0, 79792
2026/10/03 09:44:41.543, 1, 91124
2026/10/03 09:44:41.543, 2, 90496
2026/10/03 09:44:41.543, 3, 77812
2026/10/03 09:44:41.543, 4, 119111
2026/10/03 09:44:41.543, 5, 119123
2026/10/03 09:44:41.543, 6, 118823
2026/10/03 09:44:41.543, 7, 119803
2026/10/03 09:44:42.543, 0, 79792
2026/10/03 09:44:42.543, 1, 91124
2026/10/03 09:44:42.544, 2, 90496
2026/10/03 09:44:42.545, 3, 77812
2026/10/03 09:44:42.545, 4, 119111
2026/10/03 09:44:42.545, 5, 119123
2026/10/03 09:44:42.545, 6, 118823
2026/10/03 09:44:42.545, 7, 119803
2026/10/03 09:44:43.545, 0, 79792
2026/10/03 09:44:43.545, 1, 91124
2026/10/03 09:44:43.545, 2, 90496
2026/10/03 09:44:43.545, 3, 77812
2026/10/03 09:44:43.545, 4, 119111
2026/10/03 09:44:43.545, 5, 119123
2026/10/03 09:44:43.545, 6, 118823
2026/10/03 09:44:43.545, 7, 119803
2026/10/03 09:44:44.545, 0, 79792
2026/10/03 09:44:44.545, 1, 91124
2026/10/03 09:44:44.545, 2, 90496
2026/10/03 09:44:44.547, 3, 77812
2026/10/03 09:44:44.547, 4, 119111
2026/10/03 09:44:44.547, 5, 119123
2026/10/03 09:44:44.547, 6, 118823
2026/10/03 09:44:44.547, 7, 119803
2026/10/03 09:44:45.547, 0, 79792
2026/10/03 09:44:45.547, 1, 91124
2026/10/03 09:44:45.547, 2, 90496
2026/10/03 09:44:45.547, 3, 77812
2026/10/03 09:44:45.547, 4, 119111
2026/10/03 09:44:45.547, 5, 119123
2026/10/03 09:44:45.547, 6, 118823
2026/10/03 09:44:45.547, 7, 119803
2026/10/03 09:44:46.547, 0, 79792
2026/10/03 09:44:46.547, 1, 91124
2026/10/03 09:44:46.547, 2, 90496
2026/10/03 09:44:46.547, 3, 77812
2026/10/03 09:44:46.547, 4, 119111
2026/10/03 09:44:46.547, 5, 119123
2026/10/03 09:44:46.547, 6, 118823
2026/10/03 09:44:46.547, 7, 119803
2026/10/03 09:44:47.547, 0, 79792
2026/10/03 09:44:47.549, 1, 91124
2026/10/03 09:44:47.556, 2, 90496
2026/10/03 09:44:47.566, 3, 77812
2026/10/03 09:44:47.577, 4, 119111
2026/10/03 09:44:47.587, 5, 119123
2026/10/03 09:44:47.600, 6, 118823
2026/10/03 09:44:47.652, 7, 119803
2026/10/03 09:44:48.660, 0, 79792
2026/10/03 09:44:48.662, 1, 91124
2026/10/03 09:44:48.663, 2, 90496
2026/10/03 09:44:48.664, 3, 77812
2026/10/03 09:44:48.664, 4, 119111
2026/10/03 09:44:48.665, 5, 119123
2026/10/03 09:44:48.667, 6, 118823
2026/10/03 09:44:48.673, 7, 119803
2026/10/03 09:44:49.676, 0, 79792
2026/10/03 09:44:49.676, 1, 91124
2026/10/03 09:44:49.676, 2, 90496
2026/10/03 09:44:49.676, 3, 77812
2026/10/03 09:44:49.676, 4, 119111
2026/10/03 09:44:49.676, 5, 119123
2026/10/03 09:44:49.676, 6, 118823
2026/10/03 09:44:49.676, 7, 119803
2026/10/03 09:44:50.676, 0, 79792
2026/10/03 09:44:50.676, 1, 91124
2026/10/03 09:44:50.676, 2, 90496
2026/10/03 09:44:50.676, 3, 77812
2026/10/03 09:44:50.676, 4, 119111
2026/10/03 09:44:50.676, 5, 119123
2026/10/03 09:44:50.676, 6, 118823
2026/10/03 09:44:50.676, 7, 119803
2026/10/03 09:44:51.676, 0, 79792
2026/10/03 09:44:51.676, 1, 91124
2026/10/03 09:44:51.676, 2, 90496
2026/10/03 09:44:51.676, 3, 77812
2026/10/03 09:44:51.676, 4, 118615
2026/10/03 09:44:51.676, 5, 118615
2026/10/03 09:44:51.676, 6, 118615
2026/10/03 09:44:51.676, 7, 118375
2026/10/03 09:44:52.677, 0, 79792
2026/10/03 09:44:52.677, 1, 91124
2026/10/03 09:44:52.677, 2, 90496
2026/10/03 09:44:52.677, 3, 77812
2026/10/03 09:44:52.677, 4, 118637
2026/10/03 09:44:52.677, 5, 118639
2026/10/03 09:44:52.677, 6, 118641
2026/10/03 09:44:52.677, 7, 118397
2026/10/03 09:44:53.677, 0, 79792
2026/10/03 09:44:53.677, 1, 91124
2026/10/03 09:44:53.677, 2, 90496
2026/10/03 09:44:53.677, 3, 77812
2026/10/03 09:44:53.677, 4, 118637
2026/10/03 09:44:53.677, 5, 118639
2026/10/03 09:44:53.677, 6, 118641
2026/10/03 09:44:53.677, 7, 118397
2026/10/03 09:44:54.677, 0, 79792
2026/10/03 09:44:54.677, 1, 91124
2026/10/03 09:44:54.734, 2, 90496
2026/10/03 09:44:54.734, 3, 77812
2026/10/03 09:44:54.734, 4, 118639
2026/10/03 09:44:54.734, 5, 118639
2026/10/03 09:44:54.734, 6, 118731
2026/10/03 09:44:54.734, 7, 118397
2026/10/03 09:44:55.734, 0, 79792
2026/10/03 09:44:55.734, 1, 91124
2026/10/03 09:44:55.734, 2, 90496
2026/10/03 09:44:55.734, 3, 77812
2026/10/03 09:44:55.734, 4, 118639
2026/10/03 09:44:55.734, 5, 118639
2026/10/03 09:44:55.734, 6, 118731
2026/10/03 09:44:55.734, 7, 118397
2026/10/03 09:44:56.734, 0, 79792
2026/10/03 09:44:56.734, 1, 91124
2026/10/03 09:44:56.735, 2, 90496
2026/10/03 09:44:56.735, 3, 77812
2026/10/03 09:44:56.735, 4, 118639
2026/10/03 09:44:56.735, 5, 118639
2026/10/03 09:44:56.735, 6, 118977
2026/10/03 09:44:56.735, 7, 118397
2026/10/03 09:44:57.735, 0, 79792
2026/10/03 09:44:57.735, 1, 91124
2026/10/03 09:44:57.735, 2, 90496
2026/10/03 09:44:57.735, 3, 77812
2026/10/03 09:44:57.735, 4, 118639
2026/10/03 09:44:57.735, 5, 118639
2026/10/03 09:44:57.735, 6, 118977
2026/10/03 09:44:57.735, 7, 118397
2026/10/03 09:44:58.735, 0, 79792
2026/10/03 09:44:58.735, 1, 91124
2026/10/03 09:44:58.735, 2, 90496
2026/10/03 09:44:58.735, 3, 77812
2026/10/03 09:44:58.735, 4, 118639
2026/10/03 09:44:58.735, 5, 118639
2026/10/03 09:44:58.735, 6, 118977
2026/10/03 09:44:58.735, 7, 118399
2026/10/03 09:44:59.735, 0, 79792
2026/10/03 09:44:59.735, 1, 91124
2026/10/03 09:44:59.735, 2, 90496
2026/10/03 09:44:59.735, 3, 77812
2026/10/03 09:44:59.735, 4, 118639
2026/10/03 09:44:59.735, 5, 118639
2026/10/03 09:44:59.735, 6, 118977
2026/10/03 09:44:59.735, 7, 118399
2026/10/03 09:45:00.735, 0, 79792
2026/10/03 09:45:00.735, 1, 91124
2026/10/03 09:45:00.735, 2, 90496
2026/10/03 09:45:00.735, 3, 77812
2026/10/03 09:45:00.735, 4, 118639
2026/10/03 09:45:00.735, 5, 118639
2026/10/03 09:45:00.735, 6, 118977
2026/10/03 09:45:00.735, 7, 118399
2026/10/03 09:45:01.735, 0, 79792
2026/10/03 09:45:01.736, 1, 91124
2026/10/03 09:45:01.736, 2, 90496
2026/10/03 09:45:01.736, 3, 77812
2026/10/03 09:45:01.736, 4, 118639
2026/10/03 09:45:01.737, 5, 118639
2026/10/03 09:45:01.737, 6, 118977
2026/10/03 09:45:01.737, 7, 118399
2026/10/03 09:45:02.737, 0, 79792
2026/10/03 09:45:02.737, 1, 91124
2026/10/03 09:45:02.737, 2, 90496
2026/10/03 09:45:02.737, 3, 77812
2026/10/03 09:45:02.737, 4, 118639
2026/10/03 09:45:02.737, 5, 118639
2026/10/03 09:45:02.737, 6, 118977
2026/10/03 09:45:02.737, 7, 118399
2026/10/03 09:45:03.737, 0, 79792
2026/10/03 09:45:03.737, 1, 91124
2026/10/03 09:45:03.737, 2, 90496
2026/10/03 09:45:03.737, 3, 77812
2026/10/03 09:45:03.737, 4, 118639
2026/10/03 09:45:03.737, 5, 118639
2026/10/03 09:45:03.737, 6, 118977
2026/10/03 09:45:03.737, 7, 118399
2026/10/03 09:45:04.737, 0, 79792
2026/10/03 09:45:04.737, 1, 91124
2026/10/03 09:45:04.737, 2, 90496
2026/10/03 09:45:04.737, 3, 77812
2026/10/03 09:45:04.737, 4, 118639
2026/10/03 09:45:04.737, 5, 118639
2026/10/03 09:45:04.737, 6, 118977
2026/10/03 09:45:04.737, 7, 118399
2026/10/03 09:45:05.737, 0, 79792
2026/10/03 09:45:05.737, 1, 91124
2026/10/03 09:45:05.737, 2, 90496
2026/10/03 09:45:05.737, 3, 77812
2026/10/03 09:45:05.737, 4, 118639
2026/10/03 09:45:05.737, 5, 118639
2026/10/03 09:45:05.737, 6, 118977
2026/10/03 09:45:05.737, 7, 118399
2026/10/03 09:45:06.738, 0, 79792
2026/10/03 09:45:06.738, 1, 91124
2026/10/03 09:45:06.738, 2, 90496
2026/10/03 09:45:06.738, 3, 77812
2026/10/03 09:45:06.738, 4, 118639
2026/10/03 09:45:06.738, 5, 118639
2026/10/03 09:45:06.738, 6, 118977
2026/10/03 09:45:06.738, 7, 118399
2026/10/03 09:45:07.738, 0, 79792
2026/10/03 09:45:07.741, 1, 91124
2026/10/03 09:45:07.741, 2, 90496
2026/10/03 09:45:07.741, 3, 77812
2026/10/03 09:45:07.741, 4, 118615
2026/10/03 09:45:07.741, 5, 118615
2026/10/03 09:45:07.741, 6, 118615
2026/10/03 09:45:07.741, 7, 118375
2026/10/03 09:45:08.742, 0, 79792
2026/10/03 09:45:08.742, 1, 91124
2026/10/03 09:45:08.742, 2, 90496
2026/10/03 09:45:08.742, 3, 77812
2026/10/03 09:45:08.742, 4, 118615
2026/10/03 09:45:08.742, 5, 118615
2026/10/03 09:45:08.742, 6, 118615
2026/10/03 09:45:08.742, 7, 118375
2026/10/03 09:45:09.742, 0, 79792
2026/10/03 09:45:09.742, 1, 91124
2026/10/03 09:45:09.742, 2, 90496
2026/10/03 09:45:09.742, 3, 77812
2026/10/03 09:45:09.742, 4, 118615
2026/10/03 09:45:09.742, 5, 118615
2026/10/03 09:45:09.742, 6, 118615
2026/10/03 09:45:09.742, 7, 118375
2026/10/03 09:45:10.742, 0, 79792
2026/10/03 09:45:10.742, 1, 91124
2026/10/03 09:45:10.742, 2, 90496
2026/10/03 09:45:10.742, 3, 77812
2026/10/03 09:45:10.742, 4, 118683
2026/10/03 09:45:10.742, 5, 118641
2026/10/03 09:45:10.742, 6, 118615
2026/10/03 09:45:10.742, 7, 118419
2026/10/03 09:45:11.742, 0, 79792
2026/10/03 09:45:11.742, 1, 91124
2026/10/03 09:45:11.742, 2, 90496
2026/10/03 09:45:11.742, 3, 77812
2026/10/03 09:45:11.742, 4, 119023
2026/10/03 09:45:11.742, 5, 118861
2026/10/03 09:45:11.742, 6, 118637
2026/10/03 09:45:11.742, 7, 118691
2026/10/03 09:45:12.742, 0, 79792
2026/10/03 09:45:12.743, 1, 91124
2026/10/03 09:45:12.743, 2, 90496
2026/10/03 09:45:12.743, 3, 77812
2026/10/03 09:45:12.743, 4, 119025
2026/10/03 09:45:12.743, 5, 118861
2026/10/03 09:45:12.743, 6, 118637
2026/10/03 09:45:12.743, 7, 118691
2026/10/03 09:45:13.743, 0, 79792
2026/10/03 09:45:13.744, 1, 91124
2026/10/03 09:45:13.744, 2, 90496
2026/10/03 09:45:13.744, 3, 77812
2026/10/03 09:45:13.744, 4, 119025
2026/10/03 09:45:13.744, 5, 118861
2026/10/03 09:45:13.744, 6, 118637
2026/10/03 09:45:13.744, 7, 118691
2026/10/03 09:45:14.744, 0, 79792
2026/10/03 09:45:14.744, 1, 91124
2026/10/03 09:45:14.744, 2, 90496
2026/10/03 09:45:14.744, 3, 77812
2026/10/03 09:45:14.744, 4, 119025
2026/10/03 09:45:14.744, 5, 119185
2026/10/03 09:45:14.744, 6, 118637
2026/10/03 09:45:14.744, 7, 118691
2026/10/03 09:45:15.744, 0, 79792
2026/10/03 09:45:15.744, 1, 91124
2026/10/03 09:45:15.744, 2, 90496
2026/10/03 09:45:15.744, 3, 77812
2026/10/03 09:45:15.744, 4, 119025
2026/10/03 09:45:15.744, 5, 119185
2026/10/03 09:45:15.744, 6, 118637
2026/10/03 09:45:15.744, 7, 118691
2026/10/03 09:45:16.744, 0, 79792
2026/10/03 09:45:16.744, 1, 91124
2026/10/03 09:45:16.744, 2, 90496
2026/10/03 09:45:16.744, 3, 77812
2026/10/03 09:45:16.744, 4, 119025
2026/10/03 09:45:16.744, 5, 119185
2026/10/03 09:45:16.744, 6, 118637
2026/10/03 09:45:16.744, 7, 118691
2026/10/03 09:45:17.782, 0, 79792
2026/10/03 09:45:17.785, 1, 91124
2026/10/03 09:45:17.794, 2, 90496
2026/10/03 09:45:17.804, 3, 77812
2026/10/03 09:45:17.856, 4, 119025
2026/10/03 09:45:17.865, 5, 119185
2026/10/03 09:45:17.874, 6, 118637
2026/10/03 09:45:17.883, 7, 118691
2026/10/03 09:45:18.890, 0, 79792
2026/10/03 09:45:18.892, 1, 91124
2026/10/03 09:45:18.892, 2, 90496
2026/10/03 09:45:18.893, 3, 77812
2026/10/03 09:45:18.895, 4, 119025
2026/10/03 09:45:18.897, 5, 119185
2026/10/03 09:45:18.897, 6, 118637
2026/10/03 09:45:18.898, 7, 118691
2026/10/03 09:45:19.903, 0, 79792
2026/10/03 09:45:19.903, 1, 91124
2026/10/03 09:45:19.903, 2, 90496
2026/10/03 09:45:19.903, 3, 77812
2026/10/03 09:45:19.903, 4, 119025
2026/10/03 09:45:19.903, 5, 119185
2026/10/03 09:45:19.903, 6, 118637
2026/10/03 09:45:19.903, 7, 118691
2026/10/03 09:45:20.903, 0, 79792
2026/10/03 09:45:20.903, 1, 91124
2026/10/03 09:45:20.903, 2, 90496
2026/10/03 09:45:20.903, 3, 77812
2026/10/03 09:45:20.903, 4, 119025
2026/10/03 09:45:20.903, 5, 119185
2026/10/03 09:45:20.903, 6, 118637
2026/10/03 09:45:20.903, 7, 118691
2026/10/03 09:45:21.903, 0, 79792
2026/10/03 09:45:21.903, 1, 91124
2026/10/03 09:45:21.903, 2, 90496
2026/10/03 09:45:21.903, 3, 77812
2026/10/03 09:45:21.903, 4, 119025
2026/10/03 09:45:21.903, 5, 119185
2026/10/03 09:45:21.903, 6, 118637
2026/10/03 09:45:21.903, 7, 118691
2026/10/03 09:45:22.903, 0, 79792
2026/10/03 09:45:22.903, 1, 91124
2026/10/03 09:45:22.903, 2, 90496
2026/10/03 09:45:22.903, 3, 77812
2026/10/03 09:45:22.903, 4, 119025
2026/10/03 09:45:22.903, 5, 119185
2026/10/03 09:45:22.903, 6, 118637
2026/10/03 09:45:22.903, 7, 118691
2026/10/03 09:45:23.904, 0, 79792
2026/10/03 09:45:23.904, 1, 91124
2026/10/03 09:45:23.904, 2, 90496
2026/10/03 09:45:23.904, 3, 77812
2026/10/03 09:45:23.904, 4, 119025
2026/10/03 09:45:23.904, 5, 119185
2026/10/03 09:45:23.904, 6, 118685
2026/10/03 09:45:23.904, 7, 118691
2026/10/03 09:45:24.904, 0, 79792
2026/10/03 09:45:24.904, 1, 91124
2026/10/03 09:45:24.904, 2, 90496
2026/10/03 09:45:24.904, 3, 77812
2026/10/03 09:45:24.904, 4, 119025
2026/10/03 09:45:24.904, 5, 119185
2026/10/03 09:45:24.904, 6, 118685
2026/10/03 09:45:24.904, 7, 118691
2026/10/03 09:45:25.904, 0, 79792
2026/10/03 09:45:25.904, 1, 91124
2026/10/03 09:45:25.905, 2, 90496
2026/10/03 09:45:25.905, 3, 77812
2026/10/03 09:45:25.905, 4, 118615
2026/10/03 09:45:25.905, 5, 118615
2026/10/03 09:45:25.905, 6, 118615
2026/10/03 09:45:25.905, 7, 118375
2026/10/03 09:45:26.905, 0, 79792
2026/10/03 09:45:26.905, 1, 91124
2026/10/03 09:45:26.905, 2, 90496
2026/10/03 09:45:26.905, 3, 77812
2026/10/03 09:45:26.905, 4, 118637
2026/10/03 09:45:26.905, 5, 118637
2026/10/03 09:45:26.905, 6, 119153
2026/10/03 09:45:26.905, 7, 118397
2026/10/03 09:45:27.905, 0, 79792
2026/10/03 09:45:27.905, 1, 91124
2026/10/03 09:45:27.905, 2, 90496
2026/10/03 09:45:27.905, 3, 77812
2026/10/03 09:45:27.905, 4, 118697
2026/10/03 09:45:27.905, 5, 118637
2026/10/03 09:45:27.905, 6, 119153
2026/10/03 09:45:27.905, 7, 118397
2026/10/03 09:45:28.905, 0, 79792
2026/10/03 09:45:28.905, 1, 91124
2026/10/03 09:45:28.905, 2, 90496
2026/10/03 09:45:28.905, 3, 77812
2026/10/03 09:45:28.905, 4, 118699
2026/10/03 09:45:28.905, 5, 118639
2026/10/03 09:45:28.905, 6, 119155
2026/10/03 09:45:28.905, 7, 118397
2026/10/03 09:45:29.905, 0, 79792
2026/10/03 09:45:29.905, 1, 91124
2026/10/03 09:45:29.905, 2, 90496
2026/10/03 09:45:29.906, 3, 77812
2026/10/03 09:45:29.906, 4, 118699
2026/10/03 09:45:29.906, 5, 118639
2026/10/03 09:45:29.906, 6, 119155
2026/10/03 09:45:29.906, 7, 118397
2026/10/03 09:45:30.906, 0, 79792
2026/10/03 09:45:30.906, 1, 91124
2026/10/03 09:45:30.906, 2, 90496
2026/10/03 09:45:30.906, 3, 77812
2026/10/03 09:45:30.906, 4, 118699
2026/10/03 09:45:30.906, 5, 118639
2026/10/03 09:45:30.906, 6, 119155
2026/10/03 09:45:30.906, 7, 118397
2026/10/03 09:45:31.906, 0, 79792
2026/10/03 09:45:31.906, 1, 91124
2026/10/03 09:45:31.906, 2, 90496
2026/10/03 09:45:31.906, 3, 77812
2026/10/03 09:45:31.906, 4, 118699
2026/10/03 09:45:31.906, 5, 118639
2026/10/03 09:45:31.906, 6, 119155
2026/10/03 09:45:31.906, 7, 118397
2026/10/03 09:45:32.906, 0, 79792
2026/10/03 09:45:32.906, 1, 91124
2026/10/03 09:45:32.906, 2, 90496
2026/10/03 09:45:32.906, 3, 77812
2026/10/03 09:45:32.906, 4, 118699
2026/10/03 09:45:32.906, 5, 118639
2026/10/03 09:45:32.906, 6, 119155
2026/10/03 09:45:32.906, 7, 118397
2026/10/03 09:45:33.906, 0, 79792
2026/10/03 09:45:33.906, 1, 91124
2026/10/03 09:45:33.907, 2, 90496
2026/10/03 09:45:33.907, 3, 77812
2026/10/03 09:45:33.907, 4, 118699
2026/10/03 09:45:33.907, 5, 118639
2026/10/03 09:45:33.907, 6, 119155
2026/10/03 09:45:33.907, 7, 118397
2026/10/03 09:45:34.907, 0, 79792
2026/10/03 09:45:34.907, 1, 91124
2026/10/03 09:45:34.907, 2, 90496
2026/10/03 09:45:34.907, 3, 77812
2026/10/03 09:45:34.907, 4, 118699
2026/10/03 09:45:34.907, 5, 118639
2026/10/03 09:45:34.907, 6, 119155
2026/10/03 09:45:34.907, 7, 118397
2026/10/03 09:45:35.907, 0, 79792
2026/10/03 09:45:35.907, 1, 91124
2026/10/03 09:45:35.907, 2, 90496
2026/10/03 09:45:35.907, 3, 77812
2026/10/03 09:45:35.907, 4, 118699
2026/10/03 09:45:35.907, 5, 118639
2026/10/03 09:45:35.907, 6, 119155
2026/10/03 09:45:35.907, 7, 118397
2026/10/03 09:45:36.908, 0, 79792
2026/10/03 09:45:36.908, 1, 91124
2026/10/03 09:45:36.908, 2, 90496
2026/10/03 09:45:36.908, 3, 77812
2026/10/03 09:45:36.908, 4, 118699
2026/10/03 09:45:36.908, 5, 118639
2026/10/03 09:45:36.908, 6, 119155
2026/10/03 09:45:36.908, 7, 118397
2026/10/03 09:45:37.908, 0, 79792
2026/10/03 09:45:37.908, 1, 91124
2026/10/03 09:45:37.908, 2, 90496
2026/10/03 09:45:37.908, 3, 77812
2026/10/03 09:45:37.908, 4, 118699
2026/10/03 09:45:37.908, 5, 118639
2026/10/03 09:45:37.908, 6, 119155
2026/10/03 09:45:37.908, 7, 118397
2026/10/03 09:45:38.908, 0, 79792
2026/10/03 09:45:38.908, 1, 91124
2026/10/03 09:45:38.908, 2, 90496
2026/10/03 09:45:38.908, 3, 77812
2026/10/03 09:45:38.908, 4, 118699
2026/10/03 09:45:38.908, 5, 118639
2026/10/03 09:45:38.908, 6, 119155
2026/10/03 09:45:38.908, 7, 118397
2026/10/03 09:45:39.908, 0, 79792
2026/10/03 09:45:39.908, 1, 91124
2026/10/03 09:45:39.908, 2, 90496
2026/10/03 09:45:39.908, 3, 77812
2026/10/03 09:45:39.908, 4, 118699
2026/10/03 09:45:39.908, 5, 118639
2026/10/03 09:45:39.908, 6, 119155
2026/10/03 09:45:39.908, 7, 118397
2026/10/03 09:45:40.909, 0, 79792
2026/10/03 09:45:40.909, 1, 91124
2026/10/03 09:45:40.909, 2, 90496
2026/10/03 09:45:40.909, 3, 77812
2026/10/03 09:45:40.909, 4, 118699
2026/10/03 09:45:40.909, 5, 118639
2026/10/03 09:45:40.909, 6, 119781
2026/10/03 09:45:40.909, 7, 118397
2026/10/03 09:45:41.909, 0, 79792
2026/10/03 09:45:41.909, 1, 91124
2026/10/03 09:45:41.909, 2, 90496
2026/10/03 09:45:41.909, 3, 77812
2026/10/03 09:45:41.909, 4, 118615
2026/10/03 09:45:41.909, 5, 118615
2026/10/03 09:45:41.909, 6, 118615
2026/10/03 09:45:41.909, 7, 118375
2026/10/03 09:45:42.909, 0, 79792
2026/10/03 09:45:42.909, 1, 91124
2026/10/03 09:45:42.909, 2, 90496
2026/10/03 09:45:42.909, 3, 77812
2026/10/03 09:45:42.909, 4, 118615
2026/10/03 09:45:42.909, 5, 118615
2026/10/03 09:45:42.909, 6, 118615
2026/10/03 09:45:42.909, 7, 118375
2026/10/03 09:45:43.909, 0, 79792
2026/10/03 09:45:43.909, 1, 91124
2026/10/03 09:45:43.909, 2, 90496
2026/10/03 09:45:43.909, 3, 77812
2026/10/03 09:45:43.909, 4, 118679
2026/10/03 09:45:43.909, 5, 118707
2026/10/03 09:45:43.909, 6, 118615
2026/10/03 09:45:43.909, 7, 118435
2026/10/03 09:45:44.909, 0, 79792
2026/10/03 09:45:44.910, 1, 91124
2026/10/03 09:45:44.910, 2, 90496
2026/10/03 09:45:44.910, 3, 77812
2026/10/03 09:45:44.910, 4, 119039
2026/10/03 09:45:44.910, 5, 118969
2026/10/03 09:45:44.910, 6, 118637
2026/10/03 09:45:44.910, 7, 118843
2026/10/03 09:45:45.910, 0, 79792
2026/10/03 09:45:45.910, 1, 91124
2026/10/03 09:45:45.910, 2, 90496
2026/10/03 09:45:45.910, 3, 77812
2026/10/03 09:45:45.910, 4, 119147
2026/10/03 09:45:45.910, 5, 118969
2026/10/03 09:45:45.910, 6, 118637
2026/10/03 09:45:45.910, 7, 118845
2026/10/03 09:45:46.910, 0, 79792
2026/10/03 09:45:46.910, 1, 91124
2026/10/03 09:45:46.910, 2, 90496
2026/10/03 09:45:46.910, 3, 77812
2026/10/03 09:45:46.910, 4, 119147
2026/10/03 09:45:46.910, 5, 118969
2026/10/03 09:45:46.910, 6, 118637
2026/10/03 09:45:46.910, 7, 118845
2026/10/03 09:45:47.910, 0, 79792
2026/10/03 09:45:47.914, 1, 91124
2026/10/03 09:45:47.919, 2, 90496
2026/10/03 09:45:47.922, 3, 77812
2026/10/03 09:45:47.922, 4, 119147
2026/10/03 09:45:47.924, 5, 118969
2026/10/03 09:45:47.924, 6, 118637
2026/10/03 09:45:47.925, 7, 118845
2026/10/03 09:45:48.928, 0, 79792
2026/10/03 09:45:48.928, 1, 91124
2026/10/03 09:45:48.928, 2, 90496
2026/10/03 09:45:48.928, 3, 77812
2026/10/03 09:45:48.928, 4, 119147
2026/10/03 09:45:48.928, 5, 118969
2026/10/03 09:45:48.928, 6, 118637
2026/10/03 09:45:48.928, 7, 118845
2026/10/03 09:45:49.928, 0, 79792
2026/10/03 09:45:49.929, 1, 91124
2026/10/03 09:45:49.929, 2, 90496
2026/10/03 09:45:49.929, 3, 77812
2026/10/03 09:45:49.929, 4, 119147
2026/10/03 09:45:49.929, 5, 118969
2026/10/03 09:45:49.929, 6, 118637
2026/10/03 09:45:49.929, 7, 118845
2026/10/03 09:45:50.929, 0, 79792
2026/10/03 09:45:50.929, 1, 91124
2026/10/03 09:45:50.929, 2, 90496
2026/10/03 09:45:50.929, 3, 77812
2026/10/03 09:45:50.929, 4, 119147
2026/10/03 09:45:50.929, 5, 118969
2026/10/03 09:45:50.929, 6, 118637
2026/10/03 09:45:50.929, 7, 118845
2026/10/03 09:45:51.929, 0, 79792
2026/10/03 09:45:51.929, 1, 91124
2026/10/03 09:45:51.929, 2, 90496
2026/10/03 09:45:51.929, 3, 77812
2026/10/03 09:45:51.929, 4, 119147
2026/10/03 09:45:51.929, 5, 118969
2026/10/03 09:45:51.929, 6, 118637
2026/10/03 09:45:51.929, 7, 118845
2026/10/03 09:45:52.929, 0, 79792
2026/10/03 09:45:52.929, 1, 91124
2026/10/03 09:45:52.929, 2, 90496
2026/10/03 09:45:52.929, 3, 77812
2026/10/03 09:45:52.929, 4, 119147
2026/10/03 09:45:52.929, 5, 118969
2026/10/03 09:45:52.929, 6, 118637
2026/10/03 09:45:52.929, 7, 118845
2026/10/03 09:45:53.929, 0, 79792
2026/10/03 09:45:53.929, 1, 91124
2026/10/03 09:45:53.930, 2, 90496
2026/10/03 09:45:53.930, 3, 77812
2026/10/03 09:45:53.930, 4, 119147
2026/10/03 09:45:53.930, 5, 118969
2026/10/03 09:45:53.930, 6, 118637
2026/10/03 09:45:53.930, 7, 118845
2026/10/03 09:45:54.930, 0, 79792
2026/10/03 09:45:54.930, 1, 91124
2026/10/03 09:45:54.930, 2, 90496
2026/10/03 09:45:54.930, 3, 77812
2026/10/03 09:45:54.930, 4, 119147
2026/10/03 09:45:54.930, 5, 118969
2026/10/03 09:45:54.930, 6, 118637
2026/10/03 09:45:54.930, 7, 118845
2026/10/03 09:45:55.930, 0, 79792
2026/10/03 09:45:55.930, 1, 91124
2026/10/03 09:45:55.930, 2, 90496
2026/10/03 09:45:55.930, 3, 77812
2026/10/03 09:45:55.930, 4, 119147
2026/10/03 09:45:55.930, 5, 118969
2026/10/03 09:45:55.930, 6, 118637
2026/10/03 09:45:55.930, 7, 118845
2026/10/03 09:45:56.930, 0, 79792
2026/10/03 09:45:56.931, 1, 91124
2026/10/03 09:45:56.931, 2, 90496
2026/10/03 09:45:56.931, 3, 77812
2026/10/03 09:45:56.931, 4, 119147
2026/10/03 09:45:56.931, 5, 118969
2026/10/03 09:45:56.931, 6, 118637
2026/10/03 09:45:56.931, 7, 118845
2026/10/03 09:45:57.931, 0, 79792
2026/10/03 09:45:57.931, 1, 91124
2026/10/03 09:45:57.931, 2, 90496
2026/10/03 09:45:57.931, 3, 77812
2026/10/03 09:45:57.931, 4, 119147
2026/10/03 09:45:57.931, 5, 118969
2026/10/03 09:45:57.932, 6, 118637
2026/10/03 09:45:57.932, 7, 118845
2026/10/03 09:45:58.932, 0, 79792
2026/10/03 09:45:58.933, 1, 91124
2026/10/03 09:45:58.933, 2, 90496
2026/10/03 09:45:58.933, 3, 77812
2026/10/03 09:45:58.933, 4, 118615
2026/10/03 09:45:58.933, 5, 118615
2026/10/03 09:45:58.933, 6, 118615
2026/10/03 09:45:58.933, 7, 118375
2026/10/03 09:45:59.933, 0, 79792
2026/10/03 09:45:59.933, 1, 91124
2026/10/03 09:45:59.933, 2, 90496
2026/10/03 09:45:59.933, 3, 77812
2026/10/03 09:45:59.933, 4, 118615
2026/10/03 09:45:59.933, 5, 118615
2026/10/03 09:45:59.933, 6, 118615
2026/10/03 09:45:59.933, 7, 118375
2026/10/03 09:46:00.933, 0, 79792
2026/10/03 09:46:00.933, 1, 91124
2026/10/03 09:46:00.933, 2, 90496
2026/10/03 09:46:00.933, 3, 77812
2026/10/03 09:46:00.933, 4, 118639
2026/10/03 09:46:00.933, 5, 118637
2026/10/03 09:46:00.933, 6, 118767
2026/10/03 09:46:00.933, 7, 118399
2026/10/03 09:46:01.933, 0, 79792
2026/10/03 09:46:01.933, 1, 91124
2026/10/03 09:46:01.933, 2, 90496
2026/10/03 09:46:01.933, 3, 77812
2026/10/03 09:46:01.933, 4, 118639
2026/10/03 09:46:01.933, 5, 118637
2026/10/03 09:46:01.933, 6, 119609
2026/10/03 09:46:01.933, 7, 118399
2026/10/03 09:46:02.933, 0, 79792
2026/10/03 09:46:02.933, 1, 91124
2026/10/03 09:46:02.933, 2, 90496
2026/10/03 09:46:02.933, 3, 77812
2026/10/03 09:46:02.933, 4, 118639
2026/10/03 09:46:02.934, 5, 118637
2026/10/03 09:46:02.934, 6, 119609
2026/10/03 09:46:02.934, 7, 118399
2026/10/03 09:46:03.934, 0, 79792
2026/10/03 09:46:03.934, 1, 91124
2026/10/03 09:46:03.934, 2, 90496
2026/10/03 09:46:03.934, 3, 77812
2026/10/03 09:46:03.934, 4, 118639
2026/10/03 09:46:03.934, 5, 118637
2026/10/03 09:46:03.934, 6, 119611
2026/10/03 09:46:03.934, 7, 118399
2026/10/03 09:46:04.934, 0, 79792
2026/10/03 09:46:04.934, 1, 91124
2026/10/03 09:46:04.934, 2, 90496
2026/10/03 09:46:04.934, 3, 77812
2026/10/03 09:46:04.934, 4, 118639
2026/10/03 09:46:04.934, 5, 118637
2026/10/03 09:46:04.934, 6, 119611
2026/10/03 09:46:04.934, 7, 118399
2026/10/03 09:46:05.934, 0, 79792
2026/10/03 09:46:05.934, 1, 91124
2026/10/03 09:46:05.934, 2, 90496
2026/10/03 09:46:05.934, 3, 77812
2026/10/03 09:46:05.934, 4, 118639
2026/10/03 09:46:05.934, 5, 118637
2026/10/03 09:46:05.934, 6, 119611
2026/10/03 09:46:05.934, 7, 118399
2026/10/03 09:46:06.934, 0, 79792
2026/10/03 09:46:06.934, 1, 91124
2026/10/03 09:46:06.934, 2, 90496
2026/10/03 09:46:06.934, 3, 77812
2026/10/03 09:46:06.934, 4, 118639
2026/10/03 09:46:06.934, 5, 118637
2026/10/03 09:46:06.934, 6, 119611
2026/10/03 09:46:06.934, 7, 118399
2026/10/03 09:46:07.935, 0, 79792
2026/10/03 09:46:07.935, 1, 91124
2026/10/03 09:46:07.935, 2, 90496
2026/10/03 09:46:07.935, 3, 77812
2026/10/03 09:46:07.935, 4, 118655
2026/10/03 09:46:07.935, 5, 118637
2026/10/03 09:46:07.935, 6, 119611
2026/10/03 09:46:07.935, 7, 118399
2026/10/03 09:46:08.935, 0, 79792
2026/10/03 09:46:08.935, 1, 91124
2026/10/03 09:46:08.935, 2, 90496
2026/10/03 09:46:08.935, 3, 77812
2026/10/03 09:46:08.935, 4, 118655
2026/10/03 09:46:08.935, 5, 118637
2026/10/03 09:46:08.935, 6, 119611
2026/10/03 09:46:08.935, 7, 118399
2026/10/03 09:46:09.935, 0, 79792
2026/10/03 09:46:09.935, 1, 91124
2026/10/03 09:46:09.935, 2, 90496
2026/10/03 09:46:09.935, 3, 77812
2026/10/03 09:46:09.935, 4, 118655
2026/10/03 09:46:09.936, 5, 118637
2026/10/03 09:46:09.936, 6, 119611
2026/10/03 09:46:09.936, 7, 118399
2026/10/03 09:46:10.936, 0, 79792
2026/10/03 09:46:10.936, 1, 91124
2026/10/03 09:46:10.936, 2, 90496
2026/10/03 09:46:10.936, 3, 77812
2026/10/03 09:46:10.936, 4, 118655
2026/10/03 09:46:10.936, 5, 118637
2026/10/03 09:46:10.936, 6, 119611
2026/10/03 09:46:10.936, 7, 118399
2026/10/03 09:46:11.936, 0, 79792
2026/10/03 09:46:11.936, 1, 91124
2026/10/03 09:46:11.936, 2, 90496
2026/10/03 09:46:11.936, 3, 77812
2026/10/03 09:46:11.936, 4, 118655
2026/10/03 09:46:11.936, 5, 118637
2026/10/03 09:46:11.936, 6, 119611
2026/10/03 09:46:11.936, 7, 118399
2026/10/03 09:46:12.936, 0, 79792
2026/10/03 09:46:12.936, 1, 91124
2026/10/03 09:46:12.936, 2, 90496
2026/10/03 09:46:12.936, 3, 77812
2026/10/03 09:46:12.936, 4, 118655
2026/10/03 09:46:12.936, 5, 118637
2026/10/03 09:46:12.936, 6, 119611
2026/10/03 09:46:12.936, 7, 118399
2026/10/03 09:46:13.936, 0, 79792
2026/10/03 09:46:13.936, 1, 91124
2026/10/03 09:46:13.936, 2, 90496
2026/10/03 09:46:13.936, 3, 77812
2026/10/03 09:46:13.936, 4, 118655
2026/10/03 09:46:13.936, 5, 118637
2026/10/03 09:46:13.936, 6, 119611
2026/10/03 09:46:13.936, 7, 118399
2026/10/03 09:46:14.936, 0, 79792
2026/10/03 09:46:14.937, 1, 91124
2026/10/03 09:46:14.937, 2, 90496
2026/10/03 09:46:14.937, 3, 77812
2026/10/03 09:46:14.937, 4, 118655
2026/10/03 09:46:14.937, 5, 118637
2026/10/03 09:46:14.937, 6, 119611
2026/10/03 09:46:14.937, 7, 118399
2026/10/03 09:46:15.937, 0, 79792
2026/10/03 09:46:15.937, 1, 91124
2026/10/03 09:46:15.937, 2, 90496
2026/10/03 09:46:15.937, 3, 77812
2026/10/03 09:46:15.937, 4, 118615
2026/10/03 09:46:15.937, 5, 118615
2026/10/03 09:46:15.937, 6, 118615
2026/10/03 09:46:15.937, 7, 118375
2026/10/03 09:46:16.937, 0, 79792
2026/10/03 09:46:16.937, 1, 91124
2026/10/03 09:46:16.937, 2, 90496
2026/10/03 09:46:16.937, 3, 77812
2026/10/03 09:46:16.937, 4, 118615
2026/10/03 09:46:16.937, 5, 118615
2026/10/03 09:46:16.937, 6, 118615
2026/10/03 09:46:16.937, 7, 118375
2026/10/03 09:46:17.937, 0, 79792
2026/10/03 09:46:17.947, 1, 91124
2026/10/03 09:46:17.953, 2, 90496
2026/10/03 09:46:17.953, 3, 77812
2026/10/03 09:46:17.954, 4, 118901
2026/10/03 09:46:17.954, 5, 118971
2026/10/03 09:46:17.955, 6, 118657
2026/10/03 09:46:17.957, 7, 118501
2026/10/03 09:46:18.960, 0, 79792
2026/10/03 09:46:18.960, 1, 91124
2026/10/03 09:46:18.960, 2, 90496
2026/10/03 09:46:18.960, 3, 77812
2026/10/03 09:46:18.960, 4, 119119
2026/10/03 09:46:18.960, 5, 118973
2026/10/03 09:46:18.960, 6, 118657
2026/10/03 09:46:18.961, 7, 119233
2026/10/03 09:46:19.961, 0, 79792
2026/10/03 09:46:19.961, 1, 91124
2026/10/03 09:46:19.961, 2, 90496
2026/10/03 09:46:19.961, 3, 77812
2026/10/03 09:46:19.961, 4, 119467
2026/10/03 09:46:19.961, 5, 118973
2026/10/03 09:46:19.961, 6, 118657
2026/10/03 09:46:19.961, 7, 119853
2026/10/03 09:46:20.961, 0, 79794
2026/10/03 09:46:20.961, 1, 91124
2026/10/03 09:46:20.961, 2, 90496
2026/10/03 09:46:20.961, 3, 77812
2026/10/03 09:46:20.961, 4, 119467
2026/10/03 09:46:20.961, 5, 118973
2026/10/03 09:46:20.961, 6, 118657
2026/10/03 09:46:20.961, 7, 119853
2026/10/03 09:46:21.961, 0, 79794
2026/10/03 09:46:21.961, 1, 91124
2026/10/03 09:46:21.961, 2, 90496
2026/10/03 09:46:21.961, 3, 77812
2026/10/03 09:46:21.961, 4, 119467
2026/10/03 09:46:21.961, 5, 118973
2026/10/03 09:46:21.961, 6, 118657
2026/10/03 09:46:21.961, 7, 119853
2026/10/03 09:46:22.961, 0, 79794
2026/10/03 09:46:22.961, 1, 91124
2026/10/03 09:46:22.961, 2, 90496
2026/10/03 09:46:22.961, 3, 77812
2026/10/03 09:46:22.961, 4, 119467
2026/10/03 09:46:22.961, 5, 118973
2026/10/03 09:46:22.961, 6, 118657
2026/10/03 09:46:22.961, 7, 119853
2026/10/03 09:46:23.962, 0, 79794
2026/10/03 09:46:23.962, 1, 91124
2026/10/03 09:46:23.962, 2, 90496
2026/10/03 09:46:23.962, 3, 77812
2026/10/03 09:46:23.962, 4, 119467
2026/10/03 09:46:23.962, 5, 118973
2026/10/03 09:46:23.962, 6, 118657
2026/10/03 09:46:23.962, 7, 119853
2026/10/03 09:46:24.962, 0, 79794
2026/10/03 09:46:24.962, 1, 91124
2026/10/03 09:46:24.962, 2, 90496
2026/10/03 09:46:24.962, 3, 77812
2026/10/03 09:46:24.962, 4, 119467
2026/10/03 09:46:24.962, 5, 118973
2026/10/03 09:46:24.962, 6, 118657
2026/10/03 09:46:24.962, 7, 119853
2026/10/03 09:46:25.962, 0, 79794
2026/10/03 09:46:25.962, 1, 91124
2026/10/03 09:46:25.962, 2, 90496
2026/10/03 09:46:25.962, 3, 77812
2026/10/03 09:46:25.962, 4, 119467
2026/10/03 09:46:25.962, 5, 118973
2026/10/03 09:46:25.963, 6, 118657
2026/10/03 09:46:25.963, 7, 119853
2026/10/03 09:46:26.963, 0, 79794
2026/10/03 09:46:26.963, 1, 91124
2026/10/03 09:46:26.963, 2, 90496
2026/10/03 09:46:26.963, 3, 77812
2026/10/03 09:46:26.963, 4, 119467
2026/10/03 09:46:26.963, 5, 118973
2026/10/03 09:46:26.963, 6, 118657
2026/10/03 09:46:26.963, 7, 119853
2026/10/03 09:46:27.963, 0, 79794
2026/10/03 09:46:27.963, 1, 91124
2026/10/03 09:46:27.963, 2, 90498
2026/10/03 09:46:27.963, 3, 77812
2026/10/03 09:46:27.963, 4, 119467
2026/10/03 09:46:27.963, 5, 118973
2026/10/03 09:46:27.963, 6, 118657
2026/10/03 09:46:27.963, 7, 119853
2026/10/03 09:46:28.963, 0, 79796
2026/10/03 09:46:28.963, 1, 91124
2026/10/03 09:46:28.963, 2, 90498
2026/10/03 09:46:28.963, 3, 77812
2026/10/03 09:46:28.963, 4, 119467
2026/10/03 09:46:28.963, 5, 118973
2026/10/03 09:46:28.963, 6, 118657
2026/10/03 09:46:28.963, 7, 119853
2026/10/03 09:46:29.963, 0, 79796
2026/10/03 09:46:29.963, 1, 91124
2026/10/03 09:46:29.963, 2, 90498
2026/10/03 09:46:29.963, 3, 77812
2026/10/03 09:46:29.963, 4, 119467
2026/10/03 09:46:29.963, 5, 118973
2026/10/03 09:46:29.963, 6, 118657
2026/10/03 09:46:29.963, 7, 119853
2026/10/03 09:46:30.964, 0, 79796
2026/10/03 09:46:30.964, 1, 91124
2026/10/03 09:46:30.964, 2, 90498
2026/10/03 09:46:30.964, 3, 77812
2026/10/03 09:46:30.964, 4, 119467
2026/10/03 09:46:30.964, 5, 118973
2026/10/03 09:46:30.964, 6, 118657
2026/10/03 09:46:30.964, 7, 119853
2026/10/03 09:46:31.964, 0, 79796
2026/10/03 09:46:31.964, 1, 91124
2026/10/03 09:46:31.964, 2, 90498
2026/10/03 09:46:31.964, 3, 77812
2026/10/03 09:46:31.964, 4, 118615
2026/10/03 09:46:31.964, 5, 118615
2026/10/03 09:46:31.964, 6, 118615
2026/10/03 09:46:31.964, 7, 118375
2026/10/03 09:46:32.964, 0, 79796
2026/10/03 09:46:32.964, 1, 91124
2026/10/03 09:46:32.964, 2, 90498
2026/10/03 09:46:32.964, 3, 77812
2026/10/03 09:46:32.964, 4, 118615
2026/10/03 09:46:32.964, 5, 118615
2026/10/03 09:46:32.964, 6, 118615
2026/10/03 09:46:32.964, 7, 118375
2026/10/03 09:46:33.964, 0, 79796
2026/10/03 09:46:33.964, 1, 91124
2026/10/03 09:46:33.964, 2, 90498
2026/10/03 09:46:33.964, 3, 77812
2026/10/03 09:46:33.964, 4, 118615
2026/10/03 09:46:33.964, 5, 118615
2026/10/03 09:46:33.964, 6, 118759
2026/10/03 09:46:33.964, 7, 118375
2026/10/03 09:46:34.964, 0, 79796
2026/10/03 09:46:34.964, 1, 91124
2026/10/03 09:46:34.965, 2, 90498
2026/10/03 09:46:34.965, 3, 77812
2026/10/03 09:46:34.965, 4, 118637
2026/10/03 09:46:34.965, 5, 118639
2026/10/03 09:46:34.965, 6, 118759
2026/10/03 09:46:34.965, 7, 118399
2026/10/03 09:46:35.965, 0, 79796
2026/10/03 09:46:35.965, 1, 91124
2026/10/03 09:46:35.965, 2, 90498
2026/10/03 09:46:35.965, 3, 77812
2026/10/03 09:46:35.965, 4, 118637
2026/10/03 09:46:35.965, 5, 118639
2026/10/03 09:46:35.965, 6, 118761
2026/10/03 09:46:35.965, 7, 118399
2026/10/03 09:46:36.965, 0, 79796
2026/10/03 09:46:36.965, 1, 91124
2026/10/03 09:46:36.965, 2, 90498
2026/10/03 09:46:36.965, 3, 77812
2026/10/03 09:46:36.965, 4, 118637
2026/10/03 09:46:36.965, 5, 118639
2026/10/03 09:46:36.965, 6, 119601
2026/10/03 09:46:36.965, 7, 118399
2026/10/03 09:46:37.966, 0, 79796
2026/10/03 09:46:37.966, 1, 91124
2026/10/03 09:46:37.966, 2, 90498
2026/10/03 09:46:37.966, 3, 77812
2026/10/03 09:46:37.966, 4, 118637
2026/10/03 09:46:37.966, 5, 118639
2026/10/03 09:46:37.966, 6, 119601
2026/10/03 09:46:37.966, 7, 118399
2026/10/03 09:46:38.966, 0, 79796
2026/10/03 09:46:38.966, 1, 91124
2026/10/03 09:46:38.966, 2, 90498
2026/10/03 09:46:38.966, 3, 77812
2026/10/03 09:46:38.966, 4, 118637
2026/10/03 09:46:38.966, 5, 118639
2026/10/03 09:46:38.966, 6, 119601
2026/10/03 09:46:38.967, 7, 118399
2026/10/03 09:46:39.967, 0, 79796
2026/10/03 09:46:39.967, 1, 91124
2026/10/03 09:46:39.967, 2, 90498
2026/10/03 09:46:39.967, 3, 77812
2026/10/03 09:46:39.967, 4, 118637
2026/10/03 09:46:39.967, 5, 118639
2026/10/03 09:46:39.967, 6, 119601
2026/10/03 09:46:39.967, 7, 118399
2026/10/03 09:46:40.967, 0, 79796
2026/10/03 09:46:40.967, 1, 91124
2026/10/03 09:46:40.967, 2, 90498
2026/10/03 09:46:40.967, 3, 77812
2026/10/03 09:46:40.967, 4, 118637
2026/10/03 09:46:40.967, 5, 118639
2026/10/03 09:46:40.967, 6, 119601
2026/10/03 09:46:40.970, 7, 118399
2026/10/03 09:46:41.970, 0, 79796
2026/10/03 09:46:41.970, 1, 91124
2026/10/03 09:46:41.970, 2, 90498
2026/10/03 09:46:41.970, 3, 77812
2026/10/03 09:46:41.970, 4, 118637
2026/10/03 09:46:41.970, 5, 118639
2026/10/03 09:46:41.970, 6, 119601
2026/10/03 09:46:41.970, 7, 118399
2026/10/03 09:46:42.970, 0, 79796
2026/10/03 09:46:42.971, 1, 91124
2026/10/03 09:46:42.973, 2, 90498
2026/10/03 09:46:42.974, 3, 77812
2026/10/03 09:46:42.979, 4, 118637
2026/10/03 09:46:42.979, 5, 118639
2026/10/03 09:46:42.981, 6, 119601
2026/10/03 09:46:42.982, 7, 118399
2026/10/03 09:46:43.982, 0, 79796
2026/10/03 09:46:43.982, 1, 91124
2026/10/03 09:46:43.982, 2, 90498
2026/10/03 09:46:43.982, 3, 77812
2026/10/03 09:46:43.982, 4, 118637
2026/10/03 09:46:43.982, 5, 118639
2026/10/03 09:46:43.982, 6, 119601
2026/10/03 09:46:43.982, 7, 118399
2026/10/03 09:46:44.982, 0, 79796
2026/10/03 09:46:44.982, 1, 91124
2026/10/03 09:46:44.982, 2, 90498
2026/10/03 09:46:44.982, 3, 77812
2026/10/03 09:46:44.982, 4, 118639
2026/10/03 09:46:44.982, 5, 118639
2026/10/03 09:46:44.982, 6, 119601
2026/10/03 09:46:44.982, 7, 118399
2026/10/03 09:46:45.983, 0, 79796
2026/10/03 09:46:45.983, 1, 91124
2026/10/03 09:46:45.983, 2, 90498
2026/10/03 09:46:45.983, 3, 77812
2026/10/03 09:46:45.983, 4, 118639
2026/10/03 09:46:45.983, 5, 118639
2026/10/03 09:46:45.983, 6, 119601
2026/10/03 09:46:45.983, 7, 118399
2026/10/03 09:46:46.983, 0, 79796
2026/10/03 09:46:46.983, 1, 91124
2026/10/03 09:46:46.983, 2, 90498
2026/10/03 09:46:46.983, 3, 77812
2026/10/03 09:46:46.983, 4, 118639
2026/10/03 09:46:46.983, 5, 118639
2026/10/03 09:46:46.983, 6, 119601
2026/10/03 09:46:46.983, 7, 118399
2026/10/03 09:46:47.983, 0, 79796
2026/10/03 09:46:47.983, 1, 91124
2026/10/03 09:46:47.984, 2, 90498
2026/10/03 09:46:47.984, 3, 77812
2026/10/03 09:46:47.986, 4, 118639
2026/10/03 09:46:47.986, 5, 118639
2026/10/03 09:46:47.987, 6, 119601
2026/10/03 09:46:47.987, 7, 118399
2026/10/03 09:46:48.988, 0, 79796
2026/10/03 09:46:48.988, 1, 91124
2026/10/03 09:46:48.988, 2, 90498
2026/10/03 09:46:48.988, 3, 77812
2026/10/03 09:46:48.988, 4, 118639
2026/10/03 09:46:48.988, 5, 119265
2026/10/03 09:46:48.988, 6, 120227
2026/10/03 09:46:48.988, 7, 118399
2026/10/03 09:46:49.988, 0, 79796
2026/10/03 09:46:49.988, 1, 91124
2026/10/03 09:46:49.988, 2, 90498
2026/10/03 09:46:49.988, 3, 77812
2026/10/03 09:46:49.988, 4, 118615
2026/10/03 09:46:49.988, 5, 118615
2026/10/03 09:46:49.988, 6, 118615
2026/10/03 09:46:49.988, 7, 118375
2026/10/03 09:46:50.988, 0, 79796
2026/10/03 09:46:50.988, 1, 91124
2026/10/03 09:46:50.988, 2, 90498
2026/10/03 09:46:50.988, 3, 77812
2026/10/03 09:46:50.988, 4, 118615
2026/10/03 09:46:50.988, 5, 118615
2026/10/03 09:46:50.988, 6, 118615
2026/10/03 09:46:50.988, 7, 118375
2026/10/03 09:46:51.989, 0, 79796
2026/10/03 09:46:51.989, 1, 91124
2026/10/03 09:46:51.989, 2, 90498
2026/10/03 09:46:51.989, 3, 77812
2026/10/03 09:46:51.989, 4, 118815
2026/10/03 09:46:51.989, 5, 118821
2026/10/03 09:46:51.989, 6, 118637
2026/10/03 09:46:51.989, 7, 118581
2026/10/03 09:46:52.989, 0, 79796
2026/10/03 09:46:52.990, 1, 91124
2026/10/03 09:46:52.990, 2, 90498
2026/10/03 09:46:52.990, 3, 77812
2026/10/03 09:46:52.990, 4, 119165
2026/10/03 09:46:52.990, 5, 119231
2026/10/03 09:46:52.990, 6, 118637
2026/10/03 09:46:52.990, 7, 118953
2026/10/03 09:46:53.990, 0, 79796
2026/10/03 09:46:53.990, 1, 91124
2026/10/03 09:46:53.990, 2, 90498
2026/10/03 09:46:53.990, 3, 77812
2026/10/03 09:46:53.990, 4, 119843
2026/10/03 09:46:53.991, 5, 119231
2026/10/03 09:46:53.991, 6, 118637
2026/10/03 09:46:53.991, 7, 119087
2026/10/03 09:46:54.991, 0, 79796
2026/10/03 09:46:54.993, 1, 91124
2026/10/03 09:46:54.993, 2, 90498
2026/10/03 09:46:54.993, 3, 77812
2026/10/03 09:46:54.993, 4, 119843
2026/10/03 09:46:54.993, 5, 119231
2026/10/03 09:46:54.993, 6, 118637
2026/10/03 09:46:54.993, 7, 119087
2026/10/03 09:46:55.993, 0, 79796
2026/10/03 09:46:55.994, 1, 91124
2026/10/03 09:46:55.994, 2, 90498
2026/10/03 09:46:55.994, 3, 77812
2026/10/03 09:46:55.994, 4, 119843
2026/10/03 09:46:55.994, 5, 119231
2026/10/03 09:46:55.994, 6, 118637
2026/10/03 09:46:55.994, 7, 119087
2026/10/03 09:46:56.994, 0, 79796
2026/10/03 09:46:56.995, 1, 91124
2026/10/03 09:46:56.995, 2, 90498
2026/10/03 09:46:56.995, 3, 77812
2026/10/03 09:46:56.995, 4, 119843
2026/10/03 09:46:56.996, 5, 119231
2026/10/03 09:46:56.996, 6, 118637
2026/10/03 09:46:56.996, 7, 119087
2026/10/03 09:46:57.996, 0, 79796
2026/10/03 09:46:57.996, 1, 91124
2026/10/03 09:46:57.996, 2, 90498
2026/10/03 09:46:57.996, 3, 77812
2026/10/03 09:46:57.996, 4, 119843
2026/10/03 09:46:57.996, 5, 119231
2026/10/03 09:46:57.996, 6, 118637
2026/10/03 09:46:57.996, 7, 119087
2026/10/03 09:46:58.996, 0, 79796
2026/10/03 09:46:58.996, 1, 91124
2026/10/03 09:46:58.996, 2, 90498
2026/10/03 09:46:58.998, 3, 77812
2026/10/03 09:46:58.998, 4, 119843
2026/10/03 09:46:58.998, 5, 119231
2026/10/03 09:46:58.998, 6, 118637
2026/10/03 09:46:58.998, 7, 119087
2026/10/03 09:46:59.998, 0, 79796
2026/10/03 09:46:59.998, 1, 91124
2026/10/03 09:46:59.998, 2, 90498
2026/10/03 09:46:59.998, 3, 77812
2026/10/03 09:46:59.998, 4, 119843
2026/10/03 09:46:59.998, 5, 119231
2026/10/03 09:46:59.998, 6, 118637
2026/10/03 09:46:59.998, 7, 119087
2026/10/03 09:47:00.998, 0, 79796
2026/10/03 09:47:00.998, 1, 91124
2026/10/03 09:47:00.998, 2, 90498
2026/10/03 09:47:01.001, 3, 77812
2026/10/03 09:47:01.001, 4, 119843
2026/10/03 09:47:01.001, 5, 119231
2026/10/03 09:47:01.002, 6, 118637
2026/10/03 09:47:01.002, 7, 119087
2026/10/03 09:47:02.002, 0, 79796
2026/10/03 09:47:02.003, 1, 91124
2026/10/03 09:47:02.003, 2, 90498
2026/10/03 09:47:02.003, 3, 77812
2026/10/03 09:47:02.003, 4, 119843
2026/10/03 09:47:02.003, 5, 119231
2026/10/03 09:47:02.003, 6, 118637
2026/10/03 09:47:02.003, 7, 119087
2026/10/03 09:47:03.003, 0, 79796
2026/10/03 09:47:03.003, 1, 91124
2026/10/03 09:47:03.003, 2, 90498
2026/10/03 09:47:03.006, 3, 77812
2026/10/03 09:47:03.008, 4, 119843
2026/10/03 09:47:03.008, 5, 119231
2026/10/03 09:47:03.009, 6, 118637
2026/10/03 09:47:03.012, 7, 119087
2026/10/03 09:47:04.012, 0, 79796
2026/10/03 09:47:04.012, 1, 91124
2026/10/03 09:47:04.012, 2, 90498
2026/10/03 09:47:04.012, 3, 77812
2026/10/03 09:47:04.012, 4, 119843
2026/10/03 09:47:04.012, 5, 119231
2026/10/03 09:47:04.012, 6, 118639
2026/10/03 09:47:04.012, 7, 119087
2026/10/03 09:47:05.012, 0, 79796
2026/10/03 09:47:05.013, 1, 91124
2026/10/03 09:47:05.016, 2, 90498
2026/10/03 09:47:05.016, 3, 77812
2026/10/03 09:47:05.017, 4, 119843
2026/10/03 09:47:05.017, 5, 119231
2026/10/03 09:47:05.017, 6, 118639
2026/10/03 09:47:05.017, 7, 119087
2026/10/03 09:47:06.017, 0, 79796
2026/10/03 09:47:06.017, 1, 91124
2026/10/03 09:47:06.017, 2, 90498
2026/10/03 09:47:06.017, 3, 77812
2026/10/03 09:47:06.017, 4, 119843
2026/10/03 09:47:06.017, 5, 119231
2026/10/03 09:47:06.017, 6, 118639
2026/10/03 09:47:06.017, 7, 119087
2026/10/03 09:47:07.017, 0, 79796
2026/10/03 09:47:07.017, 1, 91124
2026/10/03 09:47:07.018, 2, 90498
2026/10/03 09:47:07.018, 3, 77812
2026/10/03 09:47:07.018, 4, 119843
2026/10/03 09:47:07.019, 5, 119231
2026/10/03 09:47:07.019, 6, 118639
2026/10/03 09:47:07.019, 7, 119087
2026/10/03 09:47:08.020, 0, 79796
2026/10/03 09:47:08.020, 1, 91124
2026/10/03 09:47:08.020, 2, 90498
2026/10/03 09:47:08.020, 3, 77812
2026/10/03 09:47:08.020, 4, 119275
2026/10/03 09:47:08.020, 5, 119275
2026/10/03 09:47:08.020, 6, 118615
2026/10/03 09:47:08.020, 7, 119035
2026/10/03 09:47:09.020, 0, 79796
2026/10/03 09:47:09.020, 1, 91124
2026/10/03 09:47:09.021, 2, 90498
2026/10/03 09:47:09.021, 3, 77812
2026/10/03 09:47:09.022, 4, 118615
2026/10/03 09:47:09.022, 5, 118615
2026/10/03 09:47:09.022, 6, 118615
2026/10/03 09:47:09.022, 7, 118375
2026/10/03 09:47:10.022, 0, 79796
2026/10/03 09:47:10.022, 1, 91124
2026/10/03 09:47:10.022, 2, 90498
2026/10/03 09:47:10.022, 3, 77812
2026/10/03 09:47:10.022, 4, 118615
2026/10/03 09:47:10.022, 5, 118615
2026/10/03 09:47:10.022, 6, 118615
2026/10/03 09:47:10.022, 7, 118375
2026/10/03 09:47:11.022, 0, 79796
2026/10/03 09:47:11.023, 1, 91124
2026/10/03 09:47:11.023, 2, 90498
2026/10/03 09:47:11.023, 3, 77812
2026/10/03 09:47:11.023, 4, 118615
2026/10/03 09:47:11.025, 5, 118615
2026/10/03 09:47:11.025, 6, 118615
2026/10/03 09:47:11.025, 7, 118375
2026/10/03 09:47:12.025, 0, 79796
2026/10/03 09:47:12.025, 1, 91124
2026/10/03 09:47:12.025, 2, 90498
2026/10/03 09:47:12.025, 3, 77812
2026/10/03 09:47:12.025, 4, 118637
2026/10/03 09:47:12.025, 5, 118637
2026/10/03 09:47:12.025, 6, 118891
2026/10/03 09:47:12.025, 7, 118397
2026/10/03 09:47:13.025, 0, 79796
2026/10/03 09:47:13.026, 1, 91124
2026/10/03 09:47:13.026, 2, 90498
2026/10/03 09:47:13.026, 3, 77812
2026/10/03 09:47:13.026, 4, 118637
2026/10/03 09:47:13.029, 5, 118637
2026/10/03 09:47:13.029, 6, 119593
2026/10/03 09:47:13.029, 7, 118397
2026/10/03 09:47:14.029, 0, 79796
2026/10/03 09:47:14.029, 1, 91124
2026/10/03 09:47:14.029, 2, 90498
2026/10/03 09:47:14.029, 3, 77812
2026/10/03 09:47:14.029, 4, 118641
2026/10/03 09:47:14.029, 5, 118637
2026/10/03 09:47:14.029, 6, 119593
2026/10/03 09:47:14.029, 7, 118397
2026/10/03 09:47:15.029, 0, 79796
2026/10/03 09:47:15.029, 1, 91124
2026/10/03 09:47:15.029, 2, 90498
2026/10/03 09:47:15.030, 3, 77812
2026/10/03 09:47:15.030, 4, 118641
2026/10/03 09:47:15.030, 5, 118637
2026/10/03 09:47:15.032, 6, 119593
2026/10/03 09:47:15.032, 7, 118397
2026/10/03 09:47:16.032, 0, 79796
2026/10/03 09:47:16.032, 1, 91124
2026/10/03 09:47:16.032, 2, 90498
2026/10/03 09:47:16.032, 3, 77812
2026/10/03 09:47:16.032, 4, 118641
2026/10/03 09:47:16.032, 5, 118637
2026/10/03 09:47:16.032, 6, 119593
2026/10/03 09:47:16.033, 7, 118397
2026/10/03 09:47:17.034, 0, 79796
2026/10/03 09:47:17.036, 1, 91124
2026/10/03 09:47:17.036, 2, 90498
2026/10/03 09:47:17.036, 3, 77812
2026/10/03 09:47:17.036, 4, 118641
2026/10/03 09:47:17.036, 5, 118637
2026/10/03 09:47:17.036, 6, 119593
2026/10/03 09:47:17.036, 7, 118397
2026/10/03 09:47:18.036, 0, 79796
2026/10/03 09:47:18.050, 1, 91124
2026/10/03 09:47:18.054, 2, 90498
2026/10/03 09:47:18.056, 3, 77812
2026/10/03 09:47:18.058, 4, 118641
2026/10/03 09:47:18.060, 5, 118637
2026/10/03 09:47:18.061, 6, 119593
2026/10/03 09:47:18.063, 7, 118397
2026/10/03 09:47:19.066, 0, 79796
2026/10/03 09:47:19.069, 1, 91124
2026/10/03 09:47:19.069, 2, 90498
2026/10/03 09:47:19.070, 3, 77812
2026/10/03 09:47:19.072, 4, 118641
2026/10/03 09:47:19.073, 5, 118637
2026/10/03 09:47:19.074, 6, 119593
2026/10/03 09:47:19.074, 7, 118397
2026/10/03 09:47:20.076, 0, 79796
2026/10/03 09:47:20.076, 1, 91124
2026/10/03 09:47:20.076, 2, 90498
2026/10/03 09:47:20.076, 3, 77812
2026/10/03 09:47:20.076, 4, 118641
2026/10/03 09:47:20.076, 5, 118637
2026/10/03 09:47:20.076, 6, 119593
2026/10/03 09:47:20.076, 7, 118399
2026/10/03 09:47:21.076, 0, 79796
2026/10/03 09:47:21.076, 1, 91124
2026/10/03 09:47:21.076, 2, 90498
2026/10/03 09:47:21.077, 3, 77812
2026/10/03 09:47:21.077, 4, 118641
2026/10/03 09:47:21.077, 5, 118637
2026/10/03 09:47:21.077, 6, 119593
2026/10/03 09:47:21.077, 7, 118399
2026/10/03 09:47:22.077, 0, 79796
2026/10/03 09:47:22.077, 1, 91124
2026/10/03 09:47:22.077, 2, 90498
2026/10/03 09:47:22.077, 3, 77812
2026/10/03 09:47:22.077, 4, 118641
2026/10/03 09:47:22.077, 5, 118637
2026/10/03 09:47:22.077, 6, 119593
2026/10/03 09:47:22.077, 7, 118399
2026/10/03 09:47:23.077, 0, 79796
2026/10/03 09:47:23.078, 1, 91124
2026/10/03 09:47:23.082, 2, 90498
2026/10/03 09:47:23.082, 3, 77812
2026/10/03 09:47:23.082, 4, 118641
2026/10/03 09:47:23.082, 5, 118637
2026/10/03 09:47:23.082, 6, 119593
2026/10/03 09:47:23.082, 7, 118399
2026/10/03 09:47:24.082, 0, 79796
2026/10/03 09:47:24.082, 1, 91124
2026/10/03 09:47:24.082, 2, 90498
2026/10/03 09:47:24.082, 3, 77812
2026/10/03 09:47:24.082, 4, 118641
2026/10/03 09:47:24.082, 5, 118637
2026/10/03 09:47:24.082, 6, 119593
2026/10/03 09:47:24.082, 7, 118399
2026/10/03 09:47:25.082, 0, 79796
2026/10/03 09:47:25.090, 1, 91124
2026/10/03 09:47:25.090, 2, 90498
2026/10/03 09:47:25.090, 3, 77812
2026/10/03 09:47:25.090, 4, 118641
2026/10/03 09:47:25.090, 5, 118871
2026/10/03 09:47:25.090, 6, 119593
2026/10/03 09:47:25.090, 7, 118399
2026/10/03 09:47:26.090, 0, 79796
2026/10/03 09:47:26.090, 1, 91124
2026/10/03 09:47:26.090, 2, 90498
2026/10/03 09:47:26.090, 3, 77812
2026/10/03 09:47:26.090, 4, 118641
2026/10/03 09:47:26.090, 5, 118871
2026/10/03 09:47:26.090, 6, 119593
2026/10/03 09:47:26.090, 7, 118399
2026/10/03 09:47:27.090, 0, 79796
2026/10/03 09:47:27.092, 1, 91124
2026/10/03 09:47:27.092, 2, 90498
2026/10/03 09:47:27.092, 3, 77812
2026/10/03 09:47:27.092, 4, 118917
2026/10/03 09:47:27.092, 5, 119771
2026/10/03 09:47:27.092, 6, 118637
2026/10/03 09:47:27.092, 7, 118747
2026/10/03 09:47:28.093, 0, 79796
2026/10/03 09:47:28.093, 1, 91124
2026/10/03 09:47:28.093, 2, 90498
2026/10/03 09:47:28.093, 3, 77812
2026/10/03 09:47:28.093, 4, 119425
2026/10/03 09:47:28.093, 5, 119771
2026/10/03 09:47:28.093, 6, 118637
2026/10/03 09:47:28.093, 7, 118749
2026/10/03 09:47:29.093, 0, 79796
2026/10/03 09:47:29.095, 1, 91124
2026/10/03 09:47:29.095, 2, 90498
2026/10/03 09:47:29.095, 3, 77812
2026/10/03 09:47:29.095, 4, 119425
2026/10/03 09:47:29.095, 5, 119773
2026/10/03 09:47:29.095, 6, 118637
2026/10/03 09:47:29.095, 7, 118749
2026/10/03 09:47:30.096, 0, 79796
2026/10/03 09:47:30.096, 1, 91124
2026/10/03 09:47:30.096, 2, 90498
2026/10/03 09:47:30.096, 3, 77812
2026/10/03 09:47:30.096, 4, 119425
2026/10/03 09:47:30.096, 5, 119773
2026/10/03 09:47:30.096, 6, 118637
2026/10/03 09:47:30.096, 7, 118749
2026/10/03 09:47:31.096, 0, 79796
2026/10/03 09:47:31.099, 1, 91124
2026/10/03 09:47:31.099, 2, 90498
2026/10/03 09:47:31.099, 3, 77812
2026/10/03 09:47:31.099, 4, 119425
2026/10/03 09:47:31.099, 5, 119773
2026/10/03 09:47:31.099, 6, 118637
2026/10/03 09:47:31.099, 7, 118749
2026/10/03 09:47:32.099, 0, 79796
2026/10/03 09:47:32.100, 1, 91124
2026/10/03 09:47:32.100, 2, 90498
2026/10/03 09:47:32.100, 3, 77812
2026/10/03 09:47:32.100, 4, 119425
2026/10/03 09:47:32.100, 5, 119773
2026/10/03 09:47:32.100, 6, 118637
2026/10/03 09:47:32.100, 7, 118749
2026/10/03 09:47:33.100, 0, 79796
2026/10/03 09:47:33.102, 1, 91124
2026/10/03 09:47:33.102, 2, 90498
2026/10/03 09:47:33.102, 3, 77812
2026/10/03 09:47:33.102, 4, 119425
2026/10/03 09:47:33.102, 5, 119773
2026/10/03 09:47:33.102, 6, 118637
2026/10/03 09:47:33.102, 7, 118749
2026/10/03 09:47:34.102, 0, 79796
2026/10/03 09:47:34.102, 1, 91124
2026/10/03 09:47:34.102, 2, 90498
2026/10/03 09:47:34.102, 3, 77812
2026/10/03 09:47:34.102, 4, 119425
2026/10/03 09:47:34.102, 5, 119773
2026/10/03 09:47:34.102, 6, 118637
2026/10/03 09:47:34.102, 7, 118749
2026/10/03 09:47:35.102, 0, 79796
2026/10/03 09:47:35.105, 1, 91124
2026/10/03 09:47:35.105, 2, 90498
2026/10/03 09:47:35.105, 3, 77812
2026/10/03 09:47:35.105, 4, 119425
2026/10/03 09:47:35.105, 5, 119773
2026/10/03 09:47:35.105, 6, 118637
2026/10/03 09:47:35.105, 7, 118749
2026/10/03 09:47:36.105, 0, 79796
2026/10/03 09:47:36.105, 1, 91124
2026/10/03 09:47:36.105, 2, 90498
2026/10/03 09:47:36.105, 3, 77812
2026/10/03 09:47:36.105, 4, 119425
2026/10/03 09:47:36.105, 5, 119773
2026/10/03 09:47:36.105, 6, 118637
2026/10/03 09:47:36.105, 7, 118749
2026/10/03 09:47:37.105, 0, 79796
2026/10/03 09:47:37.120, 1, 91124
2026/10/03 09:47:37.122, 2, 90498
2026/10/03 09:47:37.123, 3, 77812
2026/10/03 09:47:37.123, 4, 119425
2026/10/03 09:47:37.125, 5, 119773
2026/10/03 09:47:37.125, 6, 118637
2026/10/03 09:47:37.125, 7, 118749
2026/10/03 09:47:38.125, 0, 79796
2026/10/03 09:47:38.125, 1, 91124
2026/10/03 09:47:38.126, 2, 90498
2026/10/03 09:47:38.126, 3, 77812
2026/10/03 09:47:38.126, 4, 119425
2026/10/03 09:47:38.126, 5, 119773
2026/10/03 09:47:38.126, 6, 118637
2026/10/03 09:47:38.126, 7, 118749
2026/10/03 09:47:39.126, 0, 79796
2026/10/03 09:47:39.127, 1, 91124
2026/10/03 09:47:39.127, 2, 90498
2026/10/03 09:47:39.127, 3, 77812
2026/10/03 09:47:39.156, 4, 119425
2026/10/03 09:47:39.156, 5, 119773
2026/10/03 09:47:39.156, 6, 118637
2026/10/03 09:47:39.156, 7, 118749
2026/10/03 09:47:40.156, 0, 79796
2026/10/03 09:47:40.156, 1, 91124
2026/10/03 09:47:40.156, 2, 90498
2026/10/03 09:47:40.156, 3, 77812
2026/10/03 09:47:40.156, 4, 119425
2026/10/03 09:47:40.156, 5, 119773
2026/10/03 09:47:40.156, 6, 118637
2026/10/03 09:47:40.156, 7, 118749
2026/10/03 09:47:41.156, 0, 79796
2026/10/03 09:47:41.156, 1, 91124
2026/10/03 09:47:41.156, 2, 90498
2026/10/03 09:47:41.156, 3, 77812
2026/10/03 09:47:41.157, 4, 119425
2026/10/03 09:47:41.157, 5, 119773
2026/10/03 09:47:41.157, 6, 118637
2026/10/03 09:47:41.157, 7, 118749
2026/10/03 09:47:42.157, 0, 79796
2026/10/03 09:47:42.157, 1, 91124
2026/10/03 09:47:42.158, 2, 90498
2026/10/03 09:47:42.159, 3, 77812
2026/10/03 09:47:42.159, 4, 119425
2026/10/03 09:47:42.159, 5, 119773
2026/10/03 09:47:42.160, 6, 118637
2026/10/03 09:47:42.160, 7, 118749
2026/10/03 09:47:43.162, 0, 79796
2026/10/03 09:47:43.162, 1, 91124
2026/10/03 09:47:43.162, 2, 90498
2026/10/03 09:47:43.162, 3, 77812
2026/10/03 09:47:43.162, 4, 119425
2026/10/03 09:47:43.162, 5, 119773
2026/10/03 09:47:43.162, 6, 118637
2026/10/03 09:47:43.162, 7, 118749
2026/10/03 09:47:44.162, 0, 79796
2026/10/03 09:47:44.162, 1, 91124
2026/10/03 09:47:44.162, 2, 90498
2026/10/03 09:47:44.162, 3, 77812
2026/10/03 09:47:44.162, 4, 119275
2026/10/03 09:47:44.162, 5, 119275
2026/10/03 09:47:44.162, 6, 118615
2026/10/03 09:47:44.162, 7, 119035
2026/10/03 09:47:45.162, 0, 79796
2026/10/03 09:47:45.162, 1, 91124
2026/10/03 09:47:45.162, 2, 90498
2026/10/03 09:47:45.162, 3, 77812
2026/10/03 09:47:45.162, 4, 118615
2026/10/03 09:47:45.162, 5, 118615
2026/10/03 09:47:45.162, 6, 118615
2026/10/03 09:47:45.162, 7, 118375
2026/10/03 09:47:46.162, 0, 79796
2026/10/03 09:47:46.162, 1, 91124
2026/10/03 09:47:46.162, 2, 90498
2026/10/03 09:47:46.162, 3, 77812
2026/10/03 09:47:46.162, 4, 118637
2026/10/03 09:47:46.162, 5, 118637
2026/10/03 09:47:46.162, 6, 118703
2026/10/03 09:47:46.162, 7, 118397
2026/10/03 09:47:47.163, 0, 79796
2026/10/03 09:47:47.164, 1, 91124
2026/10/03 09:47:47.165, 2, 90498
2026/10/03 09:47:47.167, 3, 77812
2026/10/03 09:47:47.168, 4, 118637
2026/10/03 09:47:47.169, 5, 118637
2026/10/03 09:47:47.171, 6, 118973
2026/10/03 09:47:47.172, 7, 118399
2026/10/03 09:47:48.173, 0, 79796
2026/10/03 09:47:48.175, 1, 91124
2026/10/03 09:47:48.176, 2, 90498
2026/10/03 09:47:48.179, 3, 77812
2026/10/03 09:47:48.180, 4, 118637
2026/10/03 09:47:48.182, 5, 118637
2026/10/03 09:47:48.183, 6, 120409
2026/10/03 09:47:48.185, 7, 118399
2026/10/03 09:47:49.187, 0, 79796
2026/10/03 09:47:49.188, 1, 91124
2026/10/03 09:47:49.188, 2, 90498
2026/10/03 09:47:49.188, 3, 77812
2026/10/03 09:47:49.188, 4, 118637
2026/10/03 09:47:49.188, 5, 118637
2026/10/03 09:47:49.188, 6, 120409
2026/10/03 09:47:49.188, 7, 118399
2026/10/03 09:47:50.188, 0, 79796
2026/10/03 09:47:50.188, 1, 91124
2026/10/03 09:47:50.188, 2, 90498
2026/10/03 09:47:50.188, 3, 77812
2026/10/03 09:47:50.188, 4, 118637
2026/10/03 09:47:50.188, 5, 118637
2026/10/03 09:47:50.188, 6, 120409
2026/10/03 09:47:50.188, 7, 118399
2026/10/03 09:47:51.188, 0, 79796
2026/10/03 09:47:51.188, 1, 91124
2026/10/03 09:47:51.188, 2, 90498
2026/10/03 09:47:51.188, 3, 77812
2026/10/03 09:47:51.188, 4, 118637
2026/10/03 09:47:51.188, 5, 118639
2026/10/03 09:47:51.189, 6, 120409
2026/10/03 09:47:51.189, 7, 118399
2026/10/03 09:47:52.189, 0, 79796
2026/10/03 09:47:52.191, 1, 91124
2026/10/03 09:47:52.194, 2, 90498
2026/10/03 09:47:52.197, 3, 77812
2026/10/03 09:47:52.197, 4, 118637
2026/10/03 09:47:52.197, 5, 118639
2026/10/03 09:47:52.200, 6, 120409
2026/10/03 09:47:52.200, 7, 118399
2026/10/03 09:47:53.201, 0, 79796
2026/10/03 09:47:53.201, 1, 91124
2026/10/03 09:47:53.201, 2, 90498
2026/10/03 09:47:53.201, 3, 77812
2026/10/03 09:47:53.201, 4, 118637
2026/10/03 09:47:53.201, 5, 118639
2026/10/03 09:47:53.201, 6, 120409
2026/10/03 09:47:53.201, 7, 118399
2026/10/03 09:47:54.201, 0, 79796
2026/10/03 09:47:54.201, 1, 91124
2026/10/03 09:47:54.201, 2, 90498
2026/10/03 09:47:54.201, 3, 77812
2026/10/03 09:47:54.201, 4, 118637
2026/10/03 09:47:54.201, 5, 118639
2026/10/03 09:47:54.201, 6, 120409
2026/10/03 09:47:54.201, 7, 118399
2026/10/03 09:47:55.201, 0, 79796
2026/10/03 09:47:55.205, 1, 91124
2026/10/03 09:47:55.205, 2, 90498
2026/10/03 09:47:55.205, 3, 77812
2026/10/03 09:47:55.205, 4, 118637
2026/10/03 09:47:55.205, 5, 118639
2026/10/03 09:47:55.205, 6, 120409
2026/10/03 09:47:55.205, 7, 118399
2026/10/03 09:47:56.205, 0, 79796
2026/10/03 09:47:56.206, 1, 91124
2026/10/03 09:47:56.206, 2, 90498
2026/10/03 09:47:56.206, 3, 77812
2026/10/03 09:47:56.206, 4, 118637
2026/10/03 09:47:56.206, 5, 118639
2026/10/03 09:47:56.206, 6, 120409
2026/10/03 09:47:56.206, 7, 118399
2026/10/03 09:47:57.206, 0, 79796
2026/10/03 09:47:57.211, 1, 91124
2026/10/03 09:47:57.212, 2, 90498
2026/10/03 09:47:57.212, 3, 77812
2026/10/03 09:47:57.212, 4, 118637
2026/10/03 09:47:57.212, 5, 118639
2026/10/03 09:47:57.212, 6, 120409
2026/10/03 09:47:57.212, 7, 118399
2026/10/03 09:47:58.212, 0, 79796
2026/10/03 09:47:58.212, 1, 91124
2026/10/03 09:47:58.212, 2, 90498
2026/10/03 09:47:58.212, 3, 77812
2026/10/03 09:47:58.212, 4, 118637
2026/10/03 09:47:58.212, 5, 118639
2026/10/03 09:47:58.212, 6, 120409
2026/10/03 09:47:58.212, 7, 118399
2026/10/03 09:47:59.212, 0, 79796
2026/10/03 09:47:59.213, 1, 91124
2026/10/03 09:47:59.213, 2, 90498
2026/10/03 09:47:59.213, 3, 77812
2026/10/03 09:47:59.213, 4, 118639
2026/10/03 09:47:59.213, 5, 118639
2026/10/03 09:47:59.213, 6, 120409
2026/10/03 09:47:59.213, 7, 118399
2026/10/03 09:48:00.213, 0, 79796
2026/10/03 09:48:00.213, 1, 91124
2026/10/03 09:48:00.213, 2, 90498
2026/10/03 09:48:00.213, 3, 77812
2026/10/03 09:48:00.213, 4, 118885
2026/10/03 09:48:00.213, 5, 118639
2026/10/03 09:48:00.213, 6, 120409
2026/10/03 09:48:00.213, 7, 118399
2026/10/03 09:48:01.213, 0, 79796
2026/10/03 09:48:01.215, 1, 91124
2026/10/03 09:48:01.215, 2, 90498
2026/10/03 09:48:01.215, 3, 77812
2026/10/03 09:48:01.215, 4, 118615
2026/10/03 09:48:01.215, 5, 118615
2026/10/03 09:48:01.215, 6, 118615
2026/10/03 09:48:01.215, 7, 118375
2026/10/03 09:48:02.215, 0, 79796
2026/10/03 09:48:02.215, 1, 91124
2026/10/03 09:48:02.216, 2, 90498
2026/10/03 09:48:02.216, 3, 77812
2026/10/03 09:48:02.216, 4, 118615
2026/10/03 09:48:02.216, 5, 118615
2026/10/03 09:48:02.216, 6, 118615
2026/10/03 09:48:02.216, 7, 118375
2026/10/03 09:48:03.216, 0, 79796
2026/10/03 09:48:03.218, 1, 91124
2026/10/03 09:48:03.218, 2, 90498
2026/10/03 09:48:03.218, 3, 77812
2026/10/03 09:48:03.218, 4, 118615
2026/10/03 09:48:03.218, 5, 118615
2026/10/03 09:48:03.218, 6, 118615
2026/10/03 09:48:03.218, 7, 118375
2026/10/03 09:48:04.218, 0, 79796
2026/10/03 09:48:04.218, 1, 91124
2026/10/03 09:48:04.218, 2, 90498
2026/10/03 09:48:04.218, 3, 77812
2026/10/03 09:48:04.218, 4, 118615
2026/10/03 09:48:04.218, 5, 118615
2026/10/03 09:48:04.218, 6, 118615
2026/10/03 09:48:04.219, 7, 118375
2026/10/03 09:48:05.219, 0, 79796
2026/10/03 09:48:05.221, 1, 91124
2026/10/03 09:48:05.221, 2, 90498
2026/10/03 09:48:05.221, 3, 77812
2026/10/03 09:48:05.221, 4, 118615
2026/10/03 09:48:05.221, 5, 118615
2026/10/03 09:48:05.221, 6, 118615
2026/10/03 09:48:05.221, 7, 118375
2026/10/03 09:48:06.221, 0, 79796
2026/10/03 09:48:06.221, 1, 91124
2026/10/03 09:48:06.221, 2, 90498
2026/10/03 09:48:06.221, 3, 77812
2026/10/03 09:48:06.221, 4, 118615
2026/10/03 09:48:06.221, 5, 118615
2026/10/03 09:48:06.221, 6, 118615
2026/10/03 09:48:06.221, 7, 118375
2026/10/03 09:48:07.221, 0, 29644
2026/10/03 09:48:07.224, 1, 91124
2026/10/03 09:48:07.224, 2, 90498
2026/10/03 09:48:07.225, 3, 27658
2026/10/03 09:48:07.225, 4, 118615
2026/10/03 09:48:07.225, 5, 118615
2026/10/03 09:48:07.225, 6, 118615
2026/10/03 09:48:07.225, 7, 118375
2026/10/03 09:48:08.225, 0, 29644
2026/10/03 09:48:08.225, 1, 28374
2026/10/03 09:48:08.225, 2, 28360
2026/10/03 09:48:08.225, 3, 27658
2026/10/03 09:48:08.225, 4, 118615
2026/10/03 09:48:08.225, 5, 118615
2026/10/03 09:48:08.226, 6, 118615
2026/10/03 09:48:08.226, 7, 118375
2026/10/03 09:48:09.226, 0, 29644
2026/10/03 09:48:09.228, 1, 28374
2026/10/03 09:48:09.228, 2, 28360
2026/10/03 09:48:09.229, 3, 27658
2026/10/03 09:48:09.229, 4, 118615
2026/10/03 09:48:09.229, 5, 118615
2026/10/03 09:48:09.229, 6, 118615
2026/10/03 09:48:09.229, 7, 118375
2026/10/03 09:48:10.229, 0, 29644
2026/10/03 09:48:10.229, 1, 28374
2026/10/03 09:48:10.229, 2, 28360
2026/10/03 09:48:10.229, 3, 27658
2026/10/03 09:48:10.229, 4, 118615
2026/10/03 09:48:10.229, 5, 118615
2026/10/03 09:48:10.229, 6, 118615
2026/10/03 09:48:10.229, 7, 118375
2026/10/03 09:48:11.229, 0, 29644
2026/10/03 09:48:11.231, 1, 28374
2026/10/03 09:48:11.231, 2, 28360
2026/10/03 09:48:11.231, 3, 27658
2026/10/03 09:48:11.231, 4, 118659
2026/10/03 09:48:11.231, 5, 118735
2026/10/03 09:48:11.231, 6, 118639
2026/10/03 09:48:11.231, 7, 118449
2026/10/03 09:48:12.231, 0, 29644
2026/10/03 09:48:12.231, 1, 28374
2026/10/03 09:48:12.232, 2, 28360
2026/10/03 09:48:12.233, 3, 27658
2026/10/03 09:48:12.233, 4, 119063
2026/10/03 09:48:12.234, 5, 119169
2026/10/03 09:48:12.235, 6, 118963
2026/10/03 09:48:12.235, 7, 119029
2026/10/03 09:48:13.236, 0, 29644
2026/10/03 09:48:13.236, 1, 28374
2026/10/03 09:48:13.236, 2, 28360
2026/10/03 09:48:13.236, 3, 27658
2026/10/03 09:48:13.236, 4, 119063
2026/10/03 09:48:13.236, 5, 119169
2026/10/03 09:48:13.236, 6, 121935
2026/10/03 09:48:13.236, 7, 119031
2026/10/03 09:48:14.236, 0, 29644
2026/10/03 09:48:14.236, 1, 28374
2026/10/03 09:48:14.236, 2, 28360
2026/10/03 09:48:14.236, 3, 27658
2026/10/03 09:48:14.236, 4, 119063
2026/10/03 09:48:14.236, 5, 119169
2026/10/03 09:48:14.236, 6, 121935
2026/10/03 09:48:14.236, 7, 119031
2026/10/03 09:48:15.236, 0, 29644
2026/10/03 09:48:15.237, 1, 28374
2026/10/03 09:48:15.237, 2, 28360
2026/10/03 09:48:15.237, 3, 27658
2026/10/03 09:48:15.237, 4, 119063
2026/10/03 09:48:15.237, 5, 119169
2026/10/03 09:48:15.237, 6, 121935
2026/10/03 09:48:15.237, 7, 119031
2026/10/03 09:48:16.237, 0, 29644
2026/10/03 09:48:16.237, 1, 28374
2026/10/03 09:48:16.237, 2, 28360
2026/10/03 09:48:16.237, 3, 27658
2026/10/03 09:48:16.237, 4, 119063
2026/10/03 09:48:16.237, 5, 119169
2026/10/03 09:48:16.237, 6, 121935
2026/10/03 09:48:16.237, 7, 119031
2026/10/03 09:48:17.237, 0, 29644
2026/10/03 09:48:17.240, 1, 28374
2026/10/03 09:48:17.240, 2, 28360
2026/10/03 09:48:17.240, 3, 27658
2026/10/03 09:48:17.240, 4, 119063
2026/10/03 09:48:17.240, 5, 119169
2026/10/03 09:48:17.241, 6, 121935
2026/10/03 09:48:17.242, 7, 119031
2026/10/03 09:48:18.242, 0, 29644
2026/10/03 09:48:18.246, 1, 28374
2026/10/03 09:48:18.248, 2, 28360
2026/10/03 09:48:18.254, 3, 27658
2026/10/03 09:48:18.256, 4, 119063
2026/10/03 09:48:18.261, 5, 119169
2026/10/03 09:48:18.263, 6, 121935
2026/10/03 09:48:18.269, 7, 119031
2026/10/03 09:48:19.271, 0, 29644
2026/10/03 09:48:19.271, 1, 28374
2026/10/03 09:48:19.271, 2, 28360
2026/10/03 09:48:19.271, 3, 27658
2026/10/03 09:48:19.271, 4, 119063
2026/10/03 09:48:19.271, 5, 119169
2026/10/03 09:48:19.271, 6, 121935
2026/10/03 09:48:19.271, 7, 119031
2026/10/03 09:48:20.271, 0, 29644
2026/10/03 09:48:20.271, 1, 28374
2026/10/03 09:48:20.271, 2, 28360
2026/10/03 09:48:20.271, 3, 27658
2026/10/03 09:48:20.271, 4, 119063
2026/10/03 09:48:20.271, 5, 119169
2026/10/03 09:48:20.271, 6, 121935
2026/10/03 09:48:20.271, 7, 119031
2026/10/03 09:48:21.271, 0, 29644
2026/10/03 09:48:21.271, 1, 28374
2026/10/03 09:48:21.271, 2, 28360
2026/10/03 09:48:21.271, 3, 27658
2026/10/03 09:48:21.271, 4, 119063
2026/10/03 09:48:21.271, 5, 119169
2026/10/03 09:48:21.271, 6, 121935
2026/10/03 09:48:21.271, 7, 119031
2026/10/03 09:48:22.271, 0, 29644
2026/10/03 09:48:22.272, 1, 28374
2026/10/03 09:48:22.273, 2, 28360
2026/10/03 09:48:22.274, 3, 27658
2026/10/03 09:48:22.276, 4, 119063
2026/10/03 09:48:22.277, 5, 119169
2026/10/03 09:48:22.278, 6, 121935
2026/10/03 09:48:22.279, 7, 119031
2026/10/03 09:48:23.280, 0, 29644
2026/10/03 09:48:23.280, 1, 28374
2026/10/03 09:48:23.280, 2, 28360
2026/10/03 09:48:23.280, 3, 27658
2026/10/03 09:48:23.280, 4, 119063
2026/10/03 09:48:23.280, 5, 119169
2026/10/03 09:48:23.280, 6, 121935
2026/10/03 09:48:23.280, 7, 119031
2026/10/03 09:48:24.281, 0, 29644
2026/10/03 09:48:24.281, 1, 28374
2026/10/03 09:48:24.281, 2, 28360
2026/10/03 09:48:24.281, 3, 27658
2026/10/03 09:48:24.281, 4, 119063
2026/10/03 09:48:24.281, 5, 119169
2026/10/03 09:48:24.281, 6, 121935
2026/10/03 09:48:24.281, 7, 119031
2026/10/03 09:48:25.281, 0, 29644
2026/10/03 09:48:25.281, 1, 28374
2026/10/03 09:48:25.281, 2, 28360
2026/10/03 09:48:25.281, 3, 27658
2026/10/03 09:48:25.281, 4, 119063
2026/10/03 09:48:25.281, 5, 119169
2026/10/03 09:48:25.281, 6, 121935
2026/10/03 09:48:25.281, 7, 119031
2026/10/03 09:48:26.281, 0, 29644
2026/10/03 09:48:26.281, 1, 28374
2026/10/03 09:48:26.281, 2, 28360
2026/10/03 09:48:26.281, 3, 27658
2026/10/03 09:48:26.281, 4, 119063
2026/10/03 09:48:26.281, 5, 119169
2026/10/03 09:48:26.282, 6, 121935
2026/10/03 09:48:26.282, 7, 119031
2026/10/03 09:48:27.282, 0, 29644
2026/10/03 09:48:27.282, 1, 28374
2026/10/03 09:48:27.282, 2, 28360
2026/10/03 09:48:27.282, 3, 27658
2026/10/03 09:48:27.282, 4, 119063
2026/10/03 09:48:27.282, 5, 119169
2026/10/03 09:48:27.282, 6, 121935
2026/10/03 09:48:27.282, 7, 119031
2026/10/03 09:48:28.282, 0, 29644
2026/10/03 09:48:28.282, 1, 28374
2026/10/03 09:48:28.282, 2, 28360
2026/10/03 09:48:28.282, 3, 27658
2026/10/03 09:48:28.282, 4, 119063
2026/10/03 09:48:28.282, 5, 119169
2026/10/03 09:48:28.282, 6, 121935
2026/10/03 09:48:28.282, 7, 119031
2026/10/03 09:48:29.282, 0, 29644
2026/10/03 09:48:29.282, 1, 28374
2026/10/03 09:48:29.282, 2, 28360
2026/10/03 09:48:29.282, 3, 27658
2026/10/03 09:48:29.282, 4, 119063
2026/10/03 09:48:29.282, 5, 119169
2026/10/03 09:48:29.282, 6, 121935
2026/10/03 09:48:29.282, 7, 119031
2026/10/03 09:48:30.283, 0, 29644
2026/10/03 09:48:30.283, 1, 28374
2026/10/03 09:48:30.283, 2, 28360
2026/10/03 09:48:30.283, 3, 27658
2026/10/03 09:48:30.283, 4, 119063
2026/10/03 09:48:30.283, 5, 119169
2026/10/03 09:48:30.283, 6, 121935
2026/10/03 09:48:30.283, 7, 119031
2026/10/03 09:48:31.283, 0, 29644
2026/10/03 09:48:31.283, 1, 28374
2026/10/03 09:48:31.283, 2, 28360
2026/10/03 09:48:31.283, 3, 27658
2026/10/03 09:48:31.283, 4, 119063
2026/10/03 09:48:31.283, 5, 119169
2026/10/03 09:48:31.283, 6, 121935
2026/10/03 09:48:31.283, 7, 119031
2026/10/03 09:48:32.283, 0, 29644
2026/10/03 09:48:32.283, 1, 28374
2026/10/03 09:48:32.283, 2, 28360
2026/10/03 09:48:32.283, 3, 27658
2026/10/03 09:48:32.283, 4, 119063
2026/10/03 09:48:32.283, 5, 119169
2026/10/03 09:48:32.283, 6, 121935
2026/10/03 09:48:32.283, 7, 119031
2026/10/03 09:48:33.284, 0, 29644
2026/10/03 09:48:33.285, 1, 28374
2026/10/03 09:48:33.285, 2, 28360
2026/10/03 09:48:33.285, 3, 27658
2026/10/03 09:48:33.285, 4, 119063
2026/10/03 09:48:33.285, 5, 119169
2026/10/03 09:48:33.285, 6, 121935
2026/10/03 09:48:33.285, 7, 119031
2026/10/03 09:48:34.285, 0, 29644
2026/10/03 09:48:34.285, 1, 28374
2026/10/03 09:48:34.285, 2, 28360
2026/10/03 09:48:34.285, 3, 27658
2026/10/03 09:48:34.285, 4, 119063
2026/10/03 09:48:34.285, 5, 119169
2026/10/03 09:48:34.285, 6, 121935
2026/10/03 09:48:34.285, 7, 119031
2026/10/03 09:48:35.285, 0, 29644
2026/10/03 09:48:35.285, 1, 28374
2026/10/03 09:48:35.285, 2, 28360
2026/10/03 09:48:35.285, 3, 27658
2026/10/03 09:48:35.285, 4, 119063
2026/10/03 09:48:35.285, 5, 119169
2026/10/03 09:48:35.285, 6, 121935
2026/10/03 09:48:35.285, 7, 119031
2026/10/03 09:48:36.285, 0, 29644
2026/10/03 09:48:36.285, 1, 28374
2026/10/03 09:48:36.285, 2, 28360
2026/10/03 09:48:36.285, 3, 27658
2026/10/03 09:48:36.285, 4, 119063
2026/10/03 09:48:36.285, 5, 119169
2026/10/03 09:48:36.285, 6, 121935
2026/10/03 09:48:36.285, 7, 119031
2026/10/03 09:48:37.285, 0, 29644
2026/10/03 09:48:37.287, 1, 28374
2026/10/03 09:48:37.289, 2, 28360
2026/10/03 09:48:37.292, 3, 27658
2026/10/03 09:48:37.292, 4, 119063
2026/10/03 09:48:37.292, 5, 119169
2026/10/03 09:48:37.292, 6, 121935
2026/10/03 09:48:37.292, 7, 119031
2026/10/03 09:48:38.292, 0, 29644
2026/10/03 09:48:38.292, 1, 28374
2026/10/03 09:48:38.292, 2, 28360
2026/10/03 09:48:38.292, 3, 27658
2026/10/03 09:48:38.292, 4, 119063
2026/10/03 09:48:38.292, 5, 119169
2026/10/03 09:48:38.292, 6, 121935
2026/10/03 09:48:38.292, 7, 119031
2026/10/03 09:48:39.292, 0, 29644
2026/10/03 09:48:39.292, 1, 28374
2026/10/03 09:48:39.292, 2, 28360
2026/10/03 09:48:39.292, 3, 27658
2026/10/03 09:48:39.292, 4, 119063
2026/10/03 09:48:39.292, 5, 119169
2026/10/03 09:48:39.292, 6, 121935
2026/10/03 09:48:39.292, 7, 119031
2026/10/03 09:48:40.292, 0, 29644
2026/10/03 09:48:40.292, 1, 28374
2026/10/03 09:48:40.292, 2, 28360
2026/10/03 09:48:40.292, 3, 27658
2026/10/03 09:48:40.292, 4, 119063
2026/10/03 09:48:40.292, 5, 119169
2026/10/03 09:48:40.292, 6, 121935
2026/10/03 09:48:40.292, 7, 119031
2026/10/03 09:48:41.292, 0, 29644
2026/10/03 09:48:41.292, 1, 28374
2026/10/03 09:48:41.292, 2, 28360
2026/10/03 09:48:41.292, 3, 27658
2026/10/03 09:48:41.292, 4, 119063
2026/10/03 09:48:41.294, 5, 119169
2026/10/03 09:48:41.294, 6, 121935
2026/10/03 09:48:41.294, 7, 119031
2026/10/03 09:48:42.295, 0, 29663
2026/10/03 09:48:42.296, 1, 28374
2026/10/03 09:48:42.299, 2, 28360
2026/10/03 09:48:42.299, 3, 27658
2026/10/03 09:48:42.299, 4, 119063
2026/10/03 09:48:42.299, 5, 119169
2026/10/03 09:48:42.299, 6, 121935
2026/10/03 09:48:42.299, 7, 119031
2026/10/03 09:48:43.299, 0, 29644
2026/10/03 09:48:43.299, 1, 28374
2026/10/03 09:48:43.299, 2, 28360
2026/10/03 09:48:43.299, 3, 27658
2026/10/03 09:48:43.299, 4, 119063
2026/10/03 09:48:43.299, 5, 119169
2026/10/03 09:48:43.299, 6, 121935
2026/10/03 09:48:43.349, 7, 119031
2026/10/03 09:48:44.350, 0, 29644
2026/10/03 09:48:44.352, 1, 28374
2026/10/03 09:48:44.352, 2, 28360
2026/10/03 09:48:44.353, 3, 27658
2026/10/03 09:48:44.353, 4, 119065
2026/10/03 09:48:44.355, 5, 119169
2026/10/03 09:48:44.355, 6, 121935
2026/10/03 09:48:44.355, 7, 119031
2026/10/03 09:48:45.355, 0, 29644
2026/10/03 09:48:45.355, 1, 28374
2026/10/03 09:48:45.355, 2, 28360
2026/10/03 09:48:45.355, 3, 27658
2026/10/03 09:48:45.355, 4, 119065
2026/10/03 09:48:45.355, 5, 119169
2026/10/03 09:48:45.355, 6, 121935
2026/10/03 09:48:45.355, 7, 119031
2026/10/03 09:48:46.355, 0, 29644
2026/10/03 09:48:46.355, 1, 28374
2026/10/03 09:48:46.355, 2, 28360
2026/10/03 09:48:46.355, 3, 28184
2026/10/03 09:48:46.355, 4, 119065
2026/10/03 09:48:46.355, 5, 119171
2026/10/03 09:48:46.355, 6, 121935
2026/10/03 09:48:46.355, 7, 119031
2026/10/03 09:48:47.355, 0, 29644
2026/10/03 09:48:47.403, 1, 28374
2026/10/03 09:48:47.452, 2, 28360
2026/10/03 09:48:47.453, 3, 27658
2026/10/03 09:48:47.455, 4, 119065
2026/10/03 09:48:47.457, 5, 119171
2026/10/03 09:48:47.459, 6, 121935
2026/10/03 09:48:47.460, 7, 119031
2026/10/03 09:48:48.464, 0, 29644
2026/10/03 09:48:48.466, 1, 28374
2026/10/03 09:48:48.467, 2, 28360
2026/10/03 09:48:48.471, 3, 27658
2026/10/03 09:48:48.471, 4, 119065
2026/10/03 09:48:48.471, 5, 119171
2026/10/03 09:48:48.471, 6, 124079
2026/10/03 09:48:48.471, 7, 119031
2026/10/03 09:48:49.471, 0, 29644
2026/10/03 09:48:49.473, 1, 28374
2026/10/03 09:48:49.473, 2, 28360
2026/10/03 09:48:49.473, 3, 27658
2026/10/03 09:48:49.473, 4, 119065
2026/10/03 09:48:49.473, 5, 119171
2026/10/03 09:48:49.473, 6, 127567
2026/10/03 09:48:49.473, 7, 119031
2026/10/03 09:48:50.473, 0, 29644
2026/10/03 09:48:50.531, 1, 28374
2026/10/03 09:48:50.531, 2, 28360
2026/10/03 09:48:50.531, 3, 27658
2026/10/03 09:48:50.531, 4, 119065
2026/10/03 09:48:50.532, 5, 119171
2026/10/03 09:48:50.532, 6, 128203
2026/10/03 09:48:50.533, 7, 119031
2026/10/03 09:48:51.533, 0, 29644
2026/10/03 09:48:51.533, 1, 28374
2026/10/03 09:48:51.533, 2, 28360
2026/10/03 09:48:51.533, 3, 27658
2026/10/03 09:48:51.533, 4, 119065
2026/10/03 09:48:51.533, 5, 119171
2026/10/03 09:48:51.533, 6, 130165
2026/10/03 09:48:51.533, 7, 119031
2026/10/03 09:48:52.533, 0, 29644
2026/10/03 09:48:52.533, 1, 28374
2026/10/03 09:48:52.533, 2, 28360
2026/10/03 09:48:52.534, 3, 27658
2026/10/03 09:48:52.534, 4, 119065
2026/10/03 09:48:52.534, 5, 119171
2026/10/03 09:48:52.534, 6, 130165
2026/10/03 09:48:52.534, 7, 119031
2026/10/03 09:48:53.534, 0, 29644
2026/10/03 09:48:53.534, 1, 28374
2026/10/03 09:48:53.534, 2, 28360
2026/10/03 09:48:53.534, 3, 27658
2026/10/03 09:48:53.534, 4, 119065
2026/10/03 09:48:53.534, 5, 119171
2026/10/03 09:48:53.534, 6, 130165
2026/10/03 09:48:53.534, 7, 119031
2026/10/03 09:48:54.534, 0, 29644
2026/10/03 09:48:54.534, 1, 28374
2026/10/03 09:48:54.534, 2, 28360
2026/10/03 09:48:54.534, 3, 27658
2026/10/03 09:48:54.534, 4, 119065
2026/10/03 09:48:54.534, 5, 119171
2026/10/03 09:48:54.534, 6, 130165
2026/10/03 09:48:54.534, 7, 119031
2026/10/03 09:48:55.535, 0, 29644
2026/10/03 09:48:55.535, 1, 28374
2026/10/03 09:48:55.535, 2, 28360
2026/10/03 09:48:55.535, 3, 27658
2026/10/03 09:48:55.535, 4, 119065
2026/10/03 09:48:55.535, 5, 119171
2026/10/03 09:48:55.535, 6, 130165
2026/10/03 09:48:55.535, 7, 119031
2026/10/03 09:48:56.535, 0, 29644
2026/10/03 09:48:56.535, 1, 28374
2026/10/03 09:48:56.536, 2, 28360
2026/10/03 09:48:56.536, 3, 27658
2026/10/03 09:48:56.536, 4, 119065
2026/10/03 09:48:56.536, 5, 119171
2026/10/03 09:48:56.536, 6, 130165
2026/10/03 09:48:56.536, 7, 119031
2026/10/03 09:48:57.536, 0, 29644
2026/10/03 09:48:57.537, 1, 28374
2026/10/03 09:48:57.538, 2, 28360
2026/10/03 09:48:57.539, 3, 27658
2026/10/03 09:48:57.540, 4, 119065
2026/10/03 09:48:57.541, 5, 119171
2026/10/03 09:48:57.542, 6, 130165
2026/10/03 09:48:57.544, 7, 119031
2026/10/03 09:48:58.545, 0, 29644
2026/10/03 09:48:58.545, 1, 28374
2026/10/03 09:48:58.545, 2, 28360
2026/10/03 09:48:58.545, 3, 27658
2026/10/03 09:48:58.545, 4, 119065
2026/10/03 09:48:58.545, 5, 119171
2026/10/03 09:48:58.545, 6, 130165
2026/10/03 09:48:58.547, 7, 119031
2026/10/03 09:48:59.547, 0, 29644
2026/10/03 09:48:59.547, 1, 28374
2026/10/03 09:48:59.547, 2, 28360
2026/10/03 09:48:59.547, 3, 27658
2026/10/03 09:48:59.547, 4, 119065
2026/10/03 09:48:59.547, 5, 119171
2026/10/03 09:48:59.547, 6, 130165
2026/10/03 09:48:59.547, 7, 119031
2026/10/03 09:49:00.547, 0, 29644
2026/10/03 09:49:00.547, 1, 28374
2026/10/03 09:49:00.548, 2, 28360
2026/10/03 09:49:00.548, 3, 27658
2026/10/03 09:49:00.548, 4, 119065
2026/10/03 09:49:00.548, 5, 119171
2026/10/03 09:49:00.548, 6, 130165
2026/10/03 09:49:00.548, 7, 119031
2026/10/03 09:49:01.548, 0, 29644
2026/10/03 09:49:01.548, 1, 28374
2026/10/03 09:49:01.548, 2, 28360
2026/10/03 09:49:01.548, 3, 27658
2026/10/03 09:49:01.548, 4, 119065
2026/10/03 09:49:01.548, 5, 119171
2026/10/03 09:49:01.548, 6, 130165
2026/10/03 09:49:01.548, 7, 119031
2026/10/03 09:49:02.548, 0, 29644
2026/10/03 09:49:02.548, 1, 28374
2026/10/03 09:49:02.548, 2, 28360
2026/10/03 09:49:02.548, 3, 27658
2026/10/03 09:49:02.548, 4, 119065
2026/10/03 09:49:02.548, 5, 119171
2026/10/03 09:49:02.548, 6, 130165
2026/10/03 09:49:02.548, 7, 119031
2026/10/03 09:49:03.548, 0, 29644
2026/10/03 09:49:03.548, 1, 28374
2026/10/03 09:49:03.548, 2, 28360
2026/10/03 09:49:03.548, 3, 27658
2026/10/03 09:49:03.548, 4, 119065
2026/10/03 09:49:03.548, 5, 119171
2026/10/03 09:49:03.548, 6, 130165
2026/10/03 09:49:03.548, 7, 119031
2026/10/03 09:49:04.548, 0, 29644
2026/10/03 09:49:04.548, 1, 28374
2026/10/03 09:49:04.548, 2, 28360
2026/10/03 09:49:04.548, 3, 27658
2026/10/03 09:49:04.548, 4, 119065
2026/10/03 09:49:04.548, 5, 119171
2026/10/03 09:49:04.548, 6, 130165
2026/10/03 09:49:04.548, 7, 119031
2026/10/03 09:49:05.549, 0, 29644
2026/10/03 09:49:05.549, 1, 28374
2026/10/03 09:49:05.549, 2, 28360
2026/10/03 09:49:05.549, 3, 27658
2026/10/03 09:49:05.549, 4, 119065
2026/10/03 09:49:05.549, 5, 119171
2026/10/03 09:49:05.549, 6, 130165
2026/10/03 09:49:05.549, 7, 119031
2026/10/03 09:49:06.549, 0, 29644
2026/10/03 09:49:06.549, 1, 28374
2026/10/03 09:49:06.549, 2, 28360
2026/10/03 09:49:06.550, 3, 27658
2026/10/03 09:49:06.550, 4, 119065
2026/10/03 09:49:06.550, 5, 119171
2026/10/03 09:49:06.550, 6, 130165
2026/10/03 09:49:06.550, 7, 119031
2026/10/03 09:49:07.550, 0, 29644
2026/10/03 09:49:07.562, 1, 28374
2026/10/03 09:49:07.562, 2, 28360
2026/10/03 09:49:07.562, 3, 27658
2026/10/03 09:49:07.562, 4, 119065
2026/10/03 09:49:07.562, 5, 119171
2026/10/03 09:49:07.562, 6, 130165
2026/10/03 09:49:07.563, 7, 119031
2026/10/03 09:49:08.563, 0, 29644
2026/10/03 09:49:08.563, 1, 28374
2026/10/03 09:49:08.563, 2, 28360
2026/10/03 09:49:08.563, 3, 27658
2026/10/03 09:49:08.563, 4, 119065
2026/10/03 09:49:08.563, 5, 119171
2026/10/03 09:49:08.563, 6, 130165
2026/10/03 09:49:08.563, 7, 119031
2026/10/03 09:49:09.563, 0, 29644
2026/10/03 09:49:09.563, 1, 28374
2026/10/03 09:49:09.563, 2, 28360
2026/10/03 09:49:09.563, 3, 27658
2026/10/03 09:49:09.563, 4, 119065
2026/10/03 09:49:09.563, 5, 119171
2026/10/03 09:49:09.563, 6, 130165
2026/10/03 09:49:09.563, 7, 119031
2026/10/03 09:49:10.563, 0, 29644
2026/10/03 09:49:10.563, 1, 28374
2026/10/03 09:49:10.563, 2, 28360
2026/10/03 09:49:10.563, 3, 27658
2026/10/03 09:49:10.563, 4, 119065
2026/10/03 09:49:10.563, 5, 119171
2026/10/03 09:49:10.563, 6, 130165
2026/10/03 09:49:10.563, 7, 119031
2026/10/03 09:49:11.563, 0, 29644
2026/10/03 09:49:11.564, 1, 28374
2026/10/03 09:49:11.564, 2, 28360
2026/10/03 09:49:11.564, 3, 27658
2026/10/03 09:49:11.564, 4, 119065
2026/10/03 09:49:11.564, 5, 119171
2026/10/03 09:49:11.564, 6, 130165
2026/10/03 09:49:11.564, 7, 119031
2026/10/03 09:49:12.564, 0, 29644
2026/10/03 09:49:12.564, 1, 28374
2026/10/03 09:49:12.564, 2, 28360
2026/10/03 09:49:12.564, 3, 27658
2026/10/03 09:49:12.564, 4, 119065
2026/10/03 09:49:12.564, 5, 119171
2026/10/03 09:49:12.564, 6, 130165
2026/10/03 09:49:12.564, 7, 119031
2026/10/03 09:49:13.564, 0, 29644
2026/10/03 09:49:13.564, 1, 28374
2026/10/03 09:49:13.564, 2, 28360
2026/10/03 09:49:13.564, 3, 27658
2026/10/03 09:49:13.564, 4, 119065
2026/10/03 09:49:13.564, 5, 119171
2026/10/03 09:49:13.564, 6, 130165
2026/10/03 09:49:13.564, 7, 119031
2026/10/03 09:49:14.564, 0, 29644
2026/10/03 09:49:14.564, 1, 28374
2026/10/03 09:49:14.564, 2, 28360
2026/10/03 09:49:14.564, 3, 27658
2026/10/03 09:49:14.564, 4, 119065
2026/10/03 09:49:14.564, 5, 119171
2026/10/03 09:49:14.564, 6, 130165
2026/10/03 09:49:14.564, 7, 119031
2026/10/03 09:49:15.564, 0, 29644
2026/10/03 09:49:15.564, 1, 28374
2026/10/03 09:49:15.564, 2, 28360
2026/10/03 09:49:15.564, 3, 27658
2026/10/03 09:49:15.564, 4, 119065
2026/10/03 09:49:15.564, 5, 119171
2026/10/03 09:49:15.564, 6, 130165
2026/10/03 09:49:15.564, 7, 119031
2026/10/03 09:49:16.565, 0, 29644
2026/10/03 09:49:16.565, 1, 28374
2026/10/03 09:49:16.565, 2, 28360
2026/10/03 09:49:16.565, 3, 27658
2026/10/03 09:49:16.565, 4, 119065
2026/10/03 09:49:16.565, 5, 119171
2026/10/03 09:49:16.565, 6, 130165
2026/10/03 09:49:16.565, 7, 119031
2026/10/03 09:49:17.565, 0, 29644
2026/10/03 09:49:17.572, 1, 28374
2026/10/03 09:49:17.580, 2, 28360
2026/10/03 09:49:17.598, 3, 27658
2026/10/03 09:49:17.649, 4, 119065
2026/10/03 09:49:17.657, 5, 119171
2026/10/03 09:49:17.666, 6, 130165
2026/10/03 09:49:17.674, 7, 119031
2026/10/03 09:49:18.682, 0, 29644
2026/10/03 09:49:18.682, 1, 28374
2026/10/03 09:49:18.682, 2, 28360
2026/10/03 09:49:18.682, 3, 27658
2026/10/03 09:49:18.682, 4, 119065
2026/10/03 09:49:18.682, 5, 119171
2026/10/03 09:49:18.682, 6, 130165
2026/10/03 09:49:18.682, 7, 119031
2026/10/03 09:49:19.683, 0, 29644
2026/10/03 09:49:19.683, 1, 28374
2026/10/03 09:49:19.683, 2, 28360
2026/10/03 09:49:19.683, 3, 27658
2026/10/03 09:49:19.683, 4, 119065
2026/10/03 09:49:19.683, 5, 119171
2026/10/03 09:49:19.683, 6, 130165
2026/10/03 09:49:19.683, 7, 119031
2026/10/03 09:49:20.683, 0, 29644
2026/10/03 09:49:20.683, 1, 28374
2026/10/03 09:49:20.683, 2, 28360
2026/10/03 09:49:20.683, 3, 27658
2026/10/03 09:49:20.683, 4, 119065
2026/10/03 09:49:20.683, 5, 119171
2026/10/03 09:49:20.683, 6, 130165
2026/10/03 09:49:20.683, 7, 119031
2026/10/03 09:49:21.683, 0, 29644
2026/10/03 09:49:21.683, 1, 28374
2026/10/03 09:49:21.683, 2, 28360
2026/10/03 09:49:21.683, 3, 27658
2026/10/03 09:49:21.683, 4, 119065
2026/10/03 09:49:21.683, 5, 119171
2026/10/03 09:49:21.683, 6, 130165
2026/10/03 09:49:21.683, 7, 119031
2026/10/03 09:49:22.683, 0, 29644
2026/10/03 09:49:22.683, 1, 28374
2026/10/03 09:49:22.683, 2, 28360
2026/10/03 09:49:22.683, 3, 27658
2026/10/03 09:49:22.683, 4, 119065
2026/10/03 09:49:22.683, 5, 119171
2026/10/03 09:49:22.683, 6, 130165
2026/10/03 09:49:22.683, 7, 119031
2026/10/03 09:49:23.684, 0, 29644
2026/10/03 09:49:23.684, 1, 28374
2026/10/03 09:49:23.684, 2, 28360
2026/10/03 09:49:23.684, 3, 27658
2026/10/03 09:49:23.684, 4, 118451
2026/10/03 09:49:23.684, 5, 118557
2026/10/03 09:49:23.684, 6, 129551
2026/10/03 09:49:23.684, 7, 118417
2026/10/03 09:49:24.684, 0, 29644
2026/10/03 09:49:24.684, 1, 28374
2026/10/03 09:49:24.733, 2, 28360
2026/10/03 09:49:24.733, 3, 27658
2026/10/03 09:49:24.733, 4, 118917
2026/10/03 09:49:24.733, 5, 118557
2026/10/03 09:49:24.733, 6, 129551
2026/10/03 09:49:24.733, 7, 118417
2026/10/03 09:49:25.733, 0, 29644
2026/10/03 09:49:25.734, 1, 28374
2026/10/03 09:49:25.734, 2, 28360
2026/10/03 09:49:25.734, 3, 27658
2026/10/03 09:49:25.734, 4, 118917
2026/10/03 09:49:25.734, 5, 118557
2026/10/03 09:49:25.734, 6, 129551
2026/10/03 09:49:25.734, 7, 118417
2026/10/03 09:49:26.734, 0, 29644
2026/10/03 09:49:26.734, 1, 28374
2026/10/03 09:49:26.734, 2, 28360
2026/10/03 09:49:26.734, 3, 27658
2026/10/03 09:49:26.734, 4, 118917
2026/10/03 09:49:26.734, 5, 118557
2026/10/03 09:49:26.734, 6, 129551
2026/10/03 09:49:26.734, 7, 118417
2026/10/03 09:49:27.734, 0, 29644
2026/10/03 09:49:27.734, 1, 28374
2026/10/03 09:49:27.734, 2, 28360
2026/10/03 09:49:27.734, 3, 27658
2026/10/03 09:49:27.734, 4, 118917
2026/10/03 09:49:27.734, 5, 118557
2026/10/03 09:49:27.734, 6, 1194
2026/10/03 09:49:27.734, 7, 118417
2026/10/03 09:49:28.735, 0, 29644
2026/10/03 09:49:28.735, 1, 28374
2026/10/03 09:49:28.735, 2, 28360
2026/10/03 09:49:28.735, 3, 27658
2026/10/03 09:49:28.735, 4, 118917
2026/10/03 09:49:28.735, 5, 118557
2026/10/03 09:49:28.735, 6, 1194
2026/10/03 09:49:28.735, 7, 118417
2026/10/03 09:49:29.735, 0, 29644
2026/10/03 09:49:29.735, 1, 28374
2026/10/03 09:49:29.735, 2, 28360
2026/10/03 09:49:29.735, 3, 27658
2026/10/03 09:49:29.735, 4, 118917
2026/10/03 09:49:29.735, 5, 118557
2026/10/03 09:49:29.735, 6, 1194
2026/10/03 09:49:29.735, 7, 118417
2026/10/03 09:49:30.735, 0, 29644
2026/10/03 09:49:30.735, 1, 28374
2026/10/03 09:49:30.735, 2, 28360
2026/10/03 09:49:30.735, 3, 27658
2026/10/03 09:49:30.735, 4, 118917
2026/10/03 09:49:30.735, 5, 118557
2026/10/03 09:49:30.735, 6, 1194
2026/10/03 09:49:30.735, 7, 118417
2026/10/03 09:49:31.735, 0, 29644
2026/10/03 09:49:31.735, 1, 28374
2026/10/03 09:49:31.735, 2, 28360
2026/10/03 09:49:31.736, 3, 27658
2026/10/03 09:49:31.736, 4, 118917
2026/10/03 09:49:31.736, 5, 118557
2026/10/03 09:49:31.736, 6, 1194
2026/10/03 09:49:31.736, 7, 118417
2026/10/03 09:49:32.736, 0, 29644
2026/10/03 09:49:32.736, 1, 28374
2026/10/03 09:49:32.736, 2, 28360
2026/10/03 09:49:32.736, 3, 27658
2026/10/03 09:49:32.736, 4, 118917
2026/10/03 09:49:32.736, 5, 118557
2026/10/03 09:49:32.736, 6, 1194
2026/10/03 09:49:32.736, 7, 118417
2026/10/03 09:49:33.736, 0, 29644
2026/10/03 09:49:33.736, 1, 28374
2026/10/03 09:49:33.736, 2, 28360
2026/10/03 09:49:33.736, 3, 27658
2026/10/03 09:49:33.736, 4, 118917
2026/10/03 09:49:33.736, 5, 118557
2026/10/03 09:49:33.736, 6, 1194
2026/10/03 09:49:33.736, 7, 118417
2026/10/03 09:49:34.736, 0, 29644
2026/10/03 09:49:34.736, 1, 28374
2026/10/03 09:49:34.736, 2, 28360
2026/10/03 09:49:34.736, 3, 27658
2026/10/03 09:49:34.736, 4, 118917
2026/10/03 09:49:34.736, 5, 118557
2026/10/03 09:49:34.736, 6, 1194
2026/10/03 09:49:34.736, 7, 118417
2026/10/03 09:49:35.736, 0, 29644
2026/10/03 09:49:35.736, 1, 28374
2026/10/03 09:49:35.736, 2, 28360
2026/10/03 09:49:35.736, 3, 27658
2026/10/03 09:49:35.736, 4, 118917
2026/10/03 09:49:35.737, 5, 118557
2026/10/03 09:49:35.737, 6, 1194
2026/10/03 09:49:35.737, 7, 118417
2026/10/03 09:49:36.737, 0, 29644
2026/10/03 09:49:36.737, 1, 28374
2026/10/03 09:49:36.737, 2, 28360
2026/10/03 09:49:36.737, 3, 27658
2026/10/03 09:49:36.737, 4, 118917
2026/10/03 09:49:36.737, 5, 118557
2026/10/03 09:49:36.737, 6, 1194
2026/10/03 09:49:36.737, 7, 118417
2026/10/03 09:49:37.737, 0, 29644
2026/10/03 09:49:37.743, 1, 28374
2026/10/03 09:49:37.743, 2, 28360
2026/10/03 09:49:37.743, 3, 27658
2026/10/03 09:49:37.743, 4, 118917
2026/10/03 09:49:37.743, 5, 118557
2026/10/03 09:49:37.743, 6, 1194
2026/10/03 09:49:37.743, 7, 118417
2026/10/03 09:49:38.743, 0, 29644
2026/10/03 09:49:38.743, 1, 28374
2026/10/03 09:49:38.743, 2, 28360
2026/10/03 09:49:38.743, 3, 27658
2026/10/03 09:49:38.743, 4, 118917
2026/10/03 09:49:38.743, 5, 118557
2026/10/03 09:49:38.743, 6, 1194
2026/10/03 09:49:38.743, 7, 118417
2026/10/03 09:49:39.743, 0, 29644
2026/10/03 09:49:39.743, 1, 28374
2026/10/03 09:49:39.743, 2, 28360
2026/10/03 09:49:39.743, 3, 27658
2026/10/03 09:49:39.743, 4, 118917
2026/10/03 09:49:39.743, 5, 118557
2026/10/03 09:49:39.743, 6, 1194
2026/10/03 09:49:39.743, 7, 118417
2026/10/03 09:49:40.743, 0, 29644
2026/10/03 09:49:40.744, 1, 28374
2026/10/03 09:49:40.744, 2, 28360
2026/10/03 09:49:40.744, 3, 27658
2026/10/03 09:49:40.744, 4, 118917
2026/10/03 09:49:40.744, 5, 118557
2026/10/03 09:49:40.744, 6, 1194
2026/10/03 09:49:40.744, 7, 118417
2026/10/03 09:49:41.744, 0, 29644
2026/10/03 09:49:41.744, 1, 28374
2026/10/03 09:49:41.744, 2, 28360
2026/10/03 09:49:41.744, 3, 27658
2026/10/03 09:49:41.744, 4, 118917
2026/10/03 09:49:41.744, 5, 118557
2026/10/03 09:49:41.744, 6, 1194
2026/10/03 09:49:41.744, 7, 118417
2026/10/03 09:49:42.744, 0, 29644
2026/10/03 09:49:42.744, 1, 28374
2026/10/03 09:49:42.744, 2, 28360
2026/10/03 09:49:42.744, 3, 27658
2026/10/03 09:49:42.744, 4, 118917
2026/10/03 09:49:42.744, 5, 118557
2026/10/03 09:49:42.744, 6, 1194
2026/10/03 09:49:42.744, 7, 118417
2026/10/03 09:49:43.744, 0, 29644
2026/10/03 09:49:43.744, 1, 28374
2026/10/03 09:49:43.744, 2, 28360
2026/10/03 09:49:43.744, 3, 27658
2026/10/03 09:49:43.744, 4, 118917
2026/10/03 09:49:43.744, 5, 118557
2026/10/03 09:49:43.744, 6, 1194
2026/10/03 09:49:43.744, 7, 118417
2026/10/03 09:49:44.744, 0, 29644
2026/10/03 09:49:44.744, 1, 28374
2026/10/03 09:49:44.744, 2, 28360
2026/10/03 09:49:44.744, 3, 27658
2026/10/03 09:49:44.744, 4, 118917
2026/10/03 09:49:44.744, 5, 118557
2026/10/03 09:49:44.744, 6, 1194
2026/10/03 09:49:44.744, 7, 118417
2026/10/03 09:49:45.745, 0, 29644
2026/10/03 09:49:45.745, 1, 28374
2026/10/03 09:49:45.745, 2, 28360
2026/10/03 09:49:45.745, 3, 27658
2026/10/03 09:49:45.745, 4, 118917
2026/10/03 09:49:45.745, 5, 118557
2026/10/03 09:49:45.745, 6, 1194
2026/10/03 09:49:45.745, 7, 118417
2026/10/03 09:49:46.745, 0, 29644
2026/10/03 09:49:46.745, 1, 28374
2026/10/03 09:49:46.745, 2, 28360
2026/10/03 09:49:46.745, 3, 27658
2026/10/03 09:49:46.745, 4, 118917
2026/10/03 09:49:46.745, 5, 118557
2026/10/03 09:49:46.745, 6, 1194
2026/10/03 09:49:46.745, 7, 118417
2026/10/03 09:49:47.780, 0, 29644
2026/10/03 09:49:47.783, 1, 28374
2026/10/03 09:49:47.786, 2, 28360
2026/10/03 09:49:47.789, 3, 27658
2026/10/03 09:49:47.792, 4, 118917
2026/10/03 09:49:47.793, 5, 118557
2026/10/03 09:49:47.794, 6, 1194
2026/10/03 09:49:47.794, 7, 118417
2026/10/03 09:49:48.795, 0, 29644
2026/10/03 09:49:48.795, 1, 28374
2026/10/03 09:49:48.795, 2, 28360
2026/10/03 09:49:48.795, 3, 27658
2026/10/03 09:49:48.795, 4, 118917
2026/10/03 09:49:48.795, 5, 118557
2026/10/03 09:49:48.795, 6, 1194
2026/10/03 09:49:48.795, 7, 118417
2026/10/03 09:49:49.795, 0, 29644
2026/10/03 09:49:49.795, 1, 28374
2026/10/03 09:49:49.795, 2, 28360
2026/10/03 09:49:49.795, 3, 27658
2026/10/03 09:49:49.795, 4, 118917
2026/10/03 09:49:49.795, 5, 118557
2026/10/03 09:49:49.795, 6, 1194
2026/10/03 09:49:49.795, 7, 118417
2026/10/03 09:49:50.796, 0, 29644
2026/10/03 09:49:50.796, 1, 28374
2026/10/03 09:49:50.796, 2, 28360
2026/10/03 09:49:50.796, 3, 27658
2026/10/03 09:49:50.796, 4, 118917
2026/10/03 09:49:50.796, 5, 118557
2026/10/03 09:49:50.796, 6, 1194
2026/10/03 09:49:50.796, 7, 118417
2026/10/03 09:49:51.796, 0, 29644
2026/10/03 09:49:51.796, 1, 28374
2026/10/03 09:49:51.797, 2, 28360
2026/10/03 09:49:51.798, 3, 27658
2026/10/03 09:49:51.799, 4, 118917
2026/10/03 09:49:51.799, 5, 118557
2026/10/03 09:49:51.800, 6, 1194
2026/10/03 09:49:51.801, 7, 118417
2026/10/03 09:49:52.802, 0, 29644
2026/10/03 09:49:52.802, 1, 28374
2026/10/03 09:49:52.802, 2, 28360
2026/10/03 09:49:52.802, 3, 27658
2026/10/03 09:49:52.802, 4, 118917
2026/10/03 09:49:52.802, 5, 118557
2026/10/03 09:49:52.802, 6, 1194
2026/10/03 09:49:52.802, 7, 118417
2026/10/03 09:49:53.802, 0, 29644
2026/10/03 09:49:53.802, 1, 28374
2026/10/03 09:49:53.802, 2, 28360
2026/10/03 09:49:53.802, 3, 27658
2026/10/03 09:49:53.830, 4, 118917
2026/10/03 09:49:53.830, 5, 118557
2026/10/03 09:49:53.830, 6, 1194
2026/10/03 09:49:53.830, 7, 118417
2026/10/03 09:49:54.830, 0, 29644
2026/10/03 09:49:54.830, 1, 28374
2026/10/03 09:49:54.830, 2, 28360
2026/10/03 09:49:54.830, 3, 27658
2026/10/03 09:49:54.830, 4, 118917
2026/10/03 09:49:54.830, 5, 118557
2026/10/03 09:49:54.830, 6, 1194
2026/10/03 09:49:54.830, 7, 118417
2026/10/03 09:49:55.830, 0, 29644
2026/10/03 09:49:55.830, 1, 28374
2026/10/03 09:49:55.830, 2, 28360
2026/10/03 09:49:55.830, 3, 27658
2026/10/03 09:49:55.830, 4, 118917
2026/10/03 09:49:55.830, 5, 118557
2026/10/03 09:49:55.830, 6, 1194
2026/10/03 09:49:55.830, 7, 118417
2026/10/03 09:49:56.830, 0, 29644
2026/10/03 09:49:56.831, 1, 28374
2026/10/03 09:49:56.831, 2, 28360
2026/10/03 09:49:56.831, 3, 27658
2026/10/03 09:49:56.831, 4, 118917
2026/10/03 09:49:56.831, 5, 118557
2026/10/03 09:49:56.831, 6, 1194
2026/10/03 09:49:56.831, 7, 118417
2026/10/03 09:49:57.831, 0, 29644
2026/10/03 09:49:57.858, 1, 28374
2026/10/03 09:49:57.858, 2, 28360
2026/10/03 09:49:57.866, 3, 27658
2026/10/03 09:49:57.868, 4, 906
2026/10/03 09:49:57.868, 5, 618
2026/10/03 09:49:57.868, 6, 618
2026/10/03 09:49:57.868, 7, 666
2026/10/03 09:49:58.868, 0, 29644
2026/10/03 09:49:58.868, 1, 28374
2026/10/03 09:49:58.868, 2, 28360
2026/10/03 09:49:58.868, 3, 27658
2026/10/03 09:49:58.868, 4, 906
2026/10/03 09:49:58.868, 5, 618
2026/10/03 09:49:58.868, 6, 618
2026/10/03 09:49:58.868, 7, 666
2026/10/03 09:49:59.869, 0, 29644
2026/10/03 09:49:59.869, 1, 28374
2026/10/03 09:49:59.869, 2, 28360
2026/10/03 09:49:59.869, 3, 27658
2026/10/03 09:49:59.869, 4, 906
2026/10/03 09:49:59.869, 5, 618
2026/10/03 09:49:59.869, 6, 4
2026/10/03 09:49:59.869, 7, 666
2026/10/03 09:50:00.869, 0, 29644
2026/10/03 09:50:00.869, 1, 28374
2026/10/03 09:50:00.869, 2, 28360
2026/10/03 09:50:00.869, 3, 27658
2026/10/03 09:50:00.869, 4, 906
2026/10/03 09:50:00.869, 5, 618
2026/10/03 09:50:00.869, 6, 4
2026/10/03 09:50:00.869, 7, 666
2026/10/03 09:50:01.869, 0, 29644
2026/10/03 09:50:01.869, 1, 28374
2026/10/03 09:50:01.869, 2, 28360
2026/10/03 09:50:01.869, 3, 27658
2026/10/03 09:50:01.869, 4, 292
2026/10/03 09:50:01.869, 5, 4
2026/10/03 09:50:01.869, 6, 4
2026/10/03 09:50:01.869, 7, 52
2026/10/03 09:50:02.869, 0, 27408
2026/10/03 09:50:02.869, 1, 26816
2026/10/03 09:50:02.869, 2, 26834
2026/10/03 09:50:02.869, 3, 26356
2026/10/03 09:50:02.870, 4, 4
2026/10/03 09:50:02.870, 5, 4
2026/10/03 09:50:02.870, 6, 4
2026/10/03 09:50:02.870, 7, 4
2026/10/03 09:50:03.870, 0, 25088
2026/10/03 09:50:03.871, 1, 25472
2026/10/03 09:50:03.871, 2, 24466
2026/10/03 09:50:03.871, 3, 24228
2026/10/03 09:50:03.871, 4, 4
2026/10/03 09:50:03.872, 5, 4
2026/10/03 09:50:03.872, 6, 4
2026/10/03 09:50:03.872, 7, 4
2026/10/03 09:50:04.872, 0, 24304
2026/10/03 09:50:04.873, 1, 23616
2026/10/03 09:50:04.873, 2, 23634
2026/10/03 09:50:04.873, 3, 23636
2026/10/03 09:50:04.873, 4, 4
2026/10/03 09:50:04.873, 5, 4
2026/10/03 09:50:04.873, 6, 4
2026/10/03 09:50:04.873, 7, 4
2026/10/03 09:50:05.873, 0, 24304
2026/10/03 09:50:05.873, 1, 23616
2026/10/03 09:50:05.873, 2, 23634
2026/10/03 09:50:05.873, 3, 23636
2026/10/03 09:50:05.873, 4, 4
2026/10/03 09:50:05.873, 5, 4
2026/10/03 09:50:05.873, 6, 4
2026/10/03 09:50:05.873, 7, 4
2026/10/03 09:50:06.873, 0, 24304
2026/10/03 09:50:06.873, 1, 23616
2026/10/03 09:50:06.873, 2, 23634
2026/10/03 09:50:06.873, 3, 23636
2026/10/03 09:50:06.873, 4, 4
2026/10/03 09:50:06.873, 5, 4
2026/10/03 09:50:06.873, 6, 4
2026/10/03 09:50:06.873, 7, 4
2026/10/03 09:50:07.873, 0, 24304
2026/10/03 09:50:07.873, 1, 23616
2026/10/03 09:50:07.874, 2, 23634
2026/10/03 09:50:07.874, 3, 23636
2026/10/03 09:50:07.874, 4, 4
2026/10/03 09:50:07.874, 5, 4
2026/10/03 09:50:07.874, 6, 4
2026/10/03 09:50:07.874, 7, 4
2026/10/03 09:50:08.874, 0, 623
2026/10/03 09:50:08.874, 1, 4
2026/10/03 09:50:08.874, 2, 4
2026/10/03 09:50:08.874, 3, 4
2026/10/03 09:50:08.874, 4, 4
2026/10/03 09:50:08.874, 5, 4
2026/10/03 09:50:08.874, 6, 4
2026/10/03 09:50:08.874, 7, 4
2026/10/03 09:50:09.874, 0, 623
2026/10/03 09:50:09.874, 1, 4
2026/10/03 09:50:09.874, 2, 4
2026/10/03 09:50:09.874, 3, 4
2026/10/03 09:50:09.874, 4, 4
2026/10/03 09:50:09.874, 5, 4
2026/10/03 09:50:09.874, 6, 4
2026/10/03 09:50:09.874, 7, 4
2026/10/03 09:50:10.874, 0, 623
2026/10/03 09:50:10.874, 1, 4
2026/10/03 09:50:10.874, 2, 4
2026/10/03 09:50:10.874, 3, 4
2026/10/03 09:50:10.874, 4, 4
2026/10/03 09:50:10.874, 5, 4
2026/10/03 09:50:10.874, 6, 4
2026/10/03 09:50:10.874, 7, 4
