[96m[1;38;2;180;140;80m(AReaL)[0m [96m20261002-23:37:52.445 PlatformInit INFO: Detected CUDA device: NVIDIA L20X
[96m[1;38;2;180;140;80m(AReaL)[0m [96m20261002-23:37:52.446 PlatformInit INFO: Initializing CUDA platform (NVIDIA).
[1;38;2;180;140;80m(AReaL)[0m 20261002-23:37:52.448 FileSystemUtils WARNING: name_resolve.nfs_record_root '/tmp/areal/name_resolve' is not on a network filesystem. This may cause issues in distributed training where all nodes need access to the same files. Consider using NFS, Lustre, or other shared storage.
[37m[1;38;2;180;140;80m(AReaL)[0m [37m20261002-23:37:52.449 NameResolve INFO: No such name resolve path: /tmp/areal/name_resolve/root/gsm8k-grpo-megatron-muon-baseline3/trial0
[34m[1;38;2;180;140;80m(AReaL)[0m [34m20261002-23:37:52.450 LocalScheduler INFO: LocalScheduler initialized with GPU devices: [0, 1, 2, 3, 4, 5, 6, 7], log directory: /storage/openpsi/users/fenghui/projects/AReaL-muon/research/muon/evidence/baseline-aligned-3epoch-20261002/muon/results/logs/root/gsm8k-grpo-megatron-muon-baseline3/trial0
/opt/.venv/lib/python3.12/site-packages/modelopt/torch/__init__.py:36: UserWarning: transformers version 5.3.0 is not tested with nvidia-modelopt and may cause issues. Please install recommended version with `pip install nvidia-modelopt[hf]` if working with HF models.
  _warnings.warn(
[96m[1;38;2;180;140;80m(AReaL)[0m [96m20261002-23:38:04.591 TreeAttentionFSDP INFO: Compiled torch flex attention. Options: {'epilogue_fusion': True, 'max_autotune': False, 'shape_padding': True, 'trace.enabled': False, 'triton.cudagraphs': False}, dynamic: True
[96m[1;38;2;180;140;80m(AReaL)[0m [96m20261002-23:38:04.596 TreeAttentionFSDP INFO: Using block mask in flex attention, block size: 128
[Gloo] Rank 0 is connected to 0 peer ranks. Expected number of connected peer ranks is : 0
[34m[1;38;2;180;140;80m(AReaL)[0m [34m20261002-23:38:04.697 LocalScheduler INFO: Creating 1 workers for role 'data-data' (strategy: SchedulingStrategyType.separation, colocate_with: None)
[37m[1;38;2;180;140;80m(AReaL)[0m [37m20261002-23:38:04.697 LauncherUtils INFO: Auto-setting thread env vars to 1: OMP_NUM_THREADS, MKL_NUM_THREADS, OPENBLAS_NUM_THREADS, VECLIB_MAXIMUM_THREADS, NUMEXPR_NUM_THREADS
[34m[1;38;2;180;140;80m(AReaL)[0m [34m20261002-23:38:04.698 LocalScheduler INFO: Starting worker data-data/0 (attempt 1/3): /storage/openpsi/users/fenghui/projects/AReaL-RSI/.rsi/research-lab/runs/research_58654ea421ca4619/agents/research_ce92f6a2a491b52e7fd5b227/muon-env/bin/python -m areal.infra.rpc.guard --port 21527 --experiment-name gsm8k-grpo-megatron-muon-baseline3 --trial-name trial0 --role data-data --worker-index 0 --name-resolve-type nfs --nfs-record-root /tmp/areal/name_resolve --etcd3-addr localhost:2379 --fileroot /storage/openpsi/users/fenghui/projects/AReaL-muon/research/muon/evidence/baseline-aligned-3epoch-20261002/muon/results
[34m[1;38;2;180;140;80m(AReaL)[0m [34m20261002-23:38:04.802 LocalScheduler INFO: Worker data-data/0 started (PID: 30479, GPUs: [], ports: [21527, 24159])
[34m[1;38;2;180;140;80m(AReaL)[0m [34m20261002-23:38:04.803 LocalScheduler INFO: Successfully created 1 workers for role 'data-data'
[37m[1;38;2;180;140;80m(AReaL)[0m [37m20261002-23:38:12.279 Guard INFO: Starting Guard on 33.180.166.157:21527 for worker data-data/0
[34m[1;38;2;180;140;80m(AReaL)[0m [34m20261002-23:38:12.367 LocalScheduler INFO: Configuration successfully on worker 'data-data/0'
[34m[1;38;2;180;140;80m(AReaL)[0m [34m20261002-23:38:12.369 LocalScheduler INFO: All 1 workers for role 'data-data' are ready
[37m[1;38;2;180;140;80m(AReaL)[0m [37m20261002-23:38:12.369 DataController INFO: RPCGuard workers ready: ['data-data/0']
[37m[1;38;2;180;140;80m(AReaL)[0m [37m20261002-23:38:12.373 Guard INFO: Forking new worker process for role 'data-worker' index 0
[37m[1;38;2;180;140;80m(AReaL)[0m [37m20261002-23:38:12.374 Guard INFO: Forked worker logs will be written to: /storage/openpsi/users/fenghui/projects/AReaL-muon/research/muon/evidence/baseline-aligned-3epoch-20261002/muon/results/logs/root/gsm8k-grpo-megatron-muon-baseline3/trial0/data-worker.log
[37m[1;38;2;180;140;80m(AReaL)[0m [37m20261002-23:38:12.375 Guard INFO: Forked worker for role 'data-worker' index 0 spawned (pid=30504)
[37m[1;38;2;180;140;80m(AReaL)[0m [37m20261002-23:38:12.375 Guard INFO: Forking new worker process for role 'data-router' index 0
[37m[1;38;2;180;140;80m(AReaL)[0m [37m20261002-23:38:12.376 Guard INFO: Forked worker logs will be written to: /storage/openpsi/users/fenghui/projects/AReaL-muon/research/muon/evidence/baseline-aligned-3epoch-20261002/muon/results/logs/root/gsm8k-grpo-megatron-muon-baseline3/trial0/data-router.log
[37m[1;38;2;180;140;80m(AReaL)[0m [37m20261002-23:38:12.377 Guard INFO: Forked worker for role 'data-router' index 0 spawned (pid=30508)
[37m[1;38;2;180;140;80m(AReaL)[0m [37m20261002-23:38:22.302 DataRouter INFO: DataRouter starting
[37m[1;38;2;180;140;80m(AReaL)[0m [37m20261002-23:38:22.310 DataController INFO: data-router is ready at http://33.180.166.157:20341/health
[96m[1;38;2;180;140;80m(AReaL)[0m [96m20261002-23:38:23.100 PlatformInit INFO: No supported accelerator detected. Initializing CPU platform.
[37m[1;38;2;180;140;80m(AReaL)[0m [37m20261002-23:38:23.110 DataController INFO: data-worker is ready at http://33.180.166.157:31678/health
[37m[1;38;2;180;140;80m(AReaL)[0m [37m20261002-23:38:23.111 DataController INFO: DataWorkers: ['http://33.180.166.157:31678']
[37m[1;38;2;180;140;80m(AReaL)[0m [37m20261002-23:38:23.111 DataController INFO: Router: http://33.180.166.157:20341
[37m[1;38;2;180;140;80m(AReaL)[0m [37m20261002-23:38:23.113 DataRouter INFO: Worker registered: http://33.180.166.157:31678 (total=1)
[37m[1;38;2;180;140;80m(AReaL)[0m [37m20261002-23:38:23.114 DataController INFO: Registered DataWorker http://33.180.166.157:31678 in router
[37m[1;38;2;180;140;80m(AReaL)[0m [37m20261002-23:38:23.115 Guard INFO: Forking new worker process for role 'data-gateway' index 0
[37m[1;38;2;180;140;80m(AReaL)[0m [37m20261002-23:38:23.117 Guard INFO: Forked worker logs will be written to: /storage/openpsi/users/fenghui/projects/AReaL-muon/research/muon/evidence/baseline-aligned-3epoch-20261002/muon/results/logs/root/gsm8k-grpo-megatron-muon-baseline3/trial0/data-gateway.log
[37m[1;38;2;180;140;80m(AReaL)[0m [37m20261002-23:38:23.118 Guard INFO: Forked worker for role 'data-gateway' index 0 spawned (pid=30544)
[37m[1;38;2;180;140;80m(AReaL)[0m [37m20261002-23:38:31.051 DataController INFO: data-gateway is ready at http://33.180.166.157:25943/health
[37m[1;38;2;180;140;80m(AReaL)[0m [37m20261002-23:38:31.052 DataController INFO: Gateway: http://33.180.166.157:25943
[37m[1;38;2;180;140;80m(AReaL)[0m [37m20261002-23:38:31.052 DataController INFO: DataController initialized with 1 workers
[37m[1;38;2;180;140;80m(AReaL)[0m [37m20261002-23:38:33.070 DataGatewayAuth INFO: Generated API key for dataset gsm8k-grpo-megatron-muon-baseline3_trial0_train
[37m[1;38;2;180;140;80m(AReaL)[0m [37m20261002-23:38:33.072 DataController INFO: Registered dataset gsm8k-grpo-megatron-muon-baseline3_trial0_train: total_samples=256, workers=1
[37m[1;38;2;180;140;80m(AReaL)[0m [37m20261002-23:38:33.072 RDataset INFO: RDataset connected: id=gsm8k-grpo-megatron-muon-baseline3_trial0_train, total_samples=256
[37m[1;38;2;180;140;80m(AReaL)[0m [37m20261002-23:38:33.138 DataGatewayAuth INFO: Generated API key for dataset gsm8k-grpo-megatron-muon-baseline3_trial0_valid
[37m[1;38;2;180;140;80m(AReaL)[0m [37m20261002-23:38:33.139 DataController INFO: Registered dataset gsm8k-grpo-megatron-muon-baseline3_trial0_valid: total_samples=4, workers=1
[37m[1;38;2;180;140;80m(AReaL)[0m [37m20261002-23:38:33.139 RDataset INFO: RDataset connected: id=gsm8k-grpo-megatron-muon-baseline3_trial0_valid, total_samples=4
[37m[1;38;2;180;140;80m(AReaL)[0m [37m20261002-23:38:33.140 TrainController INFO: Creating workers via scheduler...
[34m[1;38;2;180;140;80m(AReaL)[0m [34m20261002-23:38:33.141 LocalScheduler INFO: Creating 4 workers for role 'actor' (strategy: SchedulingStrategyType.separation, colocate_with: None)
[37m[1;38;2;180;140;80m(AReaL)[0m [37m20261002-23:38:33.141 LauncherUtils INFO: Auto-setting thread env vars to 8: OMP_NUM_THREADS, MKL_NUM_THREADS, OPENBLAS_NUM_THREADS, VECLIB_MAXIMUM_THREADS, NUMEXPR_NUM_THREADS
[34m[1;38;2;180;140;80m(AReaL)[0m [34m20261002-23:38:33.141 LocalScheduler INFO: Starting worker actor/0 (attempt 1/3): python3 -m areal.infra.rpc.rpc_server --port 18020 --experiment-name gsm8k-grpo-megatron-muon-baseline3 --trial-name trial0 --role actor --worker-index 0 --name-resolve-type nfs --nfs-record-root /tmp/areal/name_resolve --etcd3-addr localhost:2379 --fileroot /storage/openpsi/users/fenghui/projects/AReaL-muon/research/muon/evidence/baseline-aligned-3epoch-20261002/muon/results
[34m[1;38;2;180;140;80m(AReaL)[0m [34m20261002-23:38:33.247 LocalScheduler INFO: Worker actor/0 started (PID: 30577, GPUs: [0], ports: [18020, 26774])
[37m[1;38;2;180;140;80m(AReaL)[0m [37m20261002-23:38:33.248 LauncherUtils INFO: Auto-setting thread env vars to 8: OMP_NUM_THREADS, MKL_NUM_THREADS, OPENBLAS_NUM_THREADS, VECLIB_MAXIMUM_THREADS, NUMEXPR_NUM_THREADS
[34m[1;38;2;180;140;80m(AReaL)[0m [34m20261002-23:38:33.249 LocalScheduler INFO: Starting worker actor/1 (attempt 1/3): python3 -m areal.infra.rpc.rpc_server --port 10482 --experiment-name gsm8k-grpo-megatron-muon-baseline3 --trial-name trial0 --role actor --worker-index 1 --name-resolve-type nfs --nfs-record-root /tmp/areal/name_resolve --etcd3-addr localhost:2379 --fileroot /storage/openpsi/users/fenghui/projects/AReaL-muon/research/muon/evidence/baseline-aligned-3epoch-20261002/muon/results
[34m[1;38;2;180;140;80m(AReaL)[0m [34m20261002-23:38:33.354 LocalScheduler INFO: Worker actor/1 started (PID: 30589, GPUs: [1], ports: [10482, 16580])
[37m[1;38;2;180;140;80m(AReaL)[0m [37m20261002-23:38:33.355 LauncherUtils INFO: Auto-setting thread env vars to 8: OMP_NUM_THREADS, MKL_NUM_THREADS, OPENBLAS_NUM_THREADS, VECLIB_MAXIMUM_THREADS, NUMEXPR_NUM_THREADS
[34m[1;38;2;180;140;80m(AReaL)[0m [34m20261002-23:38:33.356 LocalScheduler INFO: Starting worker actor/2 (attempt 1/3): python3 -m areal.infra.rpc.rpc_server --port 16900 --experiment-name gsm8k-grpo-megatron-muon-baseline3 --trial-name trial0 --role actor --worker-index 2 --name-resolve-type nfs --nfs-record-root /tmp/areal/name_resolve --etcd3-addr localhost:2379 --fileroot /storage/openpsi/users/fenghui/projects/AReaL-muon/research/muon/evidence/baseline-aligned-3epoch-20261002/muon/results
[34m[1;38;2;180;140;80m(AReaL)[0m [34m20261002-23:38:33.461 LocalScheduler INFO: Worker actor/2 started (PID: 30598, GPUs: [2], ports: [16900, 27234])
[37m[1;38;2;180;140;80m(AReaL)[0m [37m20261002-23:38:33.462 LauncherUtils INFO: Auto-setting thread env vars to 8: OMP_NUM_THREADS, MKL_NUM_THREADS, OPENBLAS_NUM_THREADS, VECLIB_MAXIMUM_THREADS, NUMEXPR_NUM_THREADS
[34m[1;38;2;180;140;80m(AReaL)[0m [34m20261002-23:38:33.462 LocalScheduler INFO: Starting worker actor/3 (attempt 1/3): python3 -m areal.infra.rpc.rpc_server --port 13725 --experiment-name gsm8k-grpo-megatron-muon-baseline3 --trial-name trial0 --role actor --worker-index 3 --name-resolve-type nfs --nfs-record-root /tmp/areal/name_resolve --etcd3-addr localhost:2379 --fileroot /storage/openpsi/users/fenghui/projects/AReaL-muon/research/muon/evidence/baseline-aligned-3epoch-20261002/muon/results
[34m[1;38;2;180;140;80m(AReaL)[0m [34m20261002-23:38:33.568 LocalScheduler INFO: Worker actor/3 started (PID: 30607, GPUs: [3], ports: [13725, 16558])
[34m[1;38;2;180;140;80m(AReaL)[0m [34m20261002-23:38:33.569 LocalScheduler INFO: Successfully created 4 workers for role 'actor'
[37m[1;38;2;180;140;80m(AReaL)[0m [37m20261002-23:38:41.447 SyncRPCServer INFO: Werkzeug log level: WARNING
[37m[1;38;2;180;140;80m(AReaL)[0m [37m20261002-23:38:41.448 Guard INFO: Starting Guard on 33.180.166.157:18020 for worker actor/0
[37m[1;38;2;180;140;80m(AReaL)[0m [37m20261002-23:38:41.535 EngineBP INFO: Engine thread started
[37m[1;38;2;180;140;80m(AReaL)[0m [37m20261002-23:38:41.535 EngineBP INFO: Engine thread initialized
[37m[1;38;2;180;140;80m(AReaL)[0m [37m20261002-23:38:41.733 SyncRPCServer INFO: Werkzeug log level: WARNING
[37m[1;38;2;180;140;80m(AReaL)[0m [37m20261002-23:38:41.734 Guard INFO: Starting Guard on 33.180.166.157:10482 for worker actor/0
[37m[1;38;2;180;140;80m(AReaL)[0m [37m20261002-23:38:42.116 SyncRPCServer INFO: Werkzeug log level: WARNING
[37m[1;38;2;180;140;80m(AReaL)[0m [37m20261002-23:38:42.117 Guard INFO: Starting Guard on 33.180.166.157:13725 for worker actor/0
[37m[1;38;2;180;140;80m(AReaL)[0m [37m20261002-23:38:42.118 SyncRPCServer INFO: Werkzeug log level: WARNING
[37m[1;38;2;180;140;80m(AReaL)[0m [37m20261002-23:38:42.120 Guard INFO: Starting Guard on 33.180.166.157:16900 for worker actor/0
[96m[1;38;2;180;140;80m(AReaL)[0m [96m20261002-23:38:42.397 PlatformInit INFO: Detected CUDA device: NVIDIA L20X
[96m[1;38;2;180;140;80m(AReaL)[0m [96m20261002-23:38:42.397 PlatformInit INFO: Initializing CUDA platform (NVIDIA).
[34m[1;38;2;180;140;80m(AReaL)[0m [34m20261002-23:38:42.398 LocalScheduler INFO: Configuration successfully on worker 'actor/0'
[37m[1;38;2;180;140;80m(AReaL)[0m [37m20261002-23:38:42.406 EngineBP INFO: Engine thread started
[37m[1;38;2;180;140;80m(AReaL)[0m [37m20261002-23:38:42.406 EngineBP INFO: Engine thread initialized
[96m[1;38;2;180;140;80m(AReaL)[0m [96m20261002-23:38:43.252 PlatformInit INFO: Detected CUDA device: NVIDIA L20X
[96m[1;38;2;180;140;80m(AReaL)[0m [96m20261002-23:38:43.252 PlatformInit INFO: Initializing CUDA platform (NVIDIA).
[34m[1;38;2;180;140;80m(AReaL)[0m [34m20261002-23:38:43.254 LocalScheduler INFO: Configuration successfully on worker 'actor/1'
[37m[1;38;2;180;140;80m(AReaL)[0m [37m20261002-23:38:43.261 EngineBP INFO: Engine thread started
[37m[1;38;2;180;140;80m(AReaL)[0m [37m20261002-23:38:43.262 EngineBP INFO: Engine thread initialized
[96m[1;38;2;180;140;80m(AReaL)[0m [96m20261002-23:38:44.120 PlatformInit INFO: Detected CUDA device: NVIDIA L20X
[96m[1;38;2;180;140;80m(AReaL)[0m [96m20261002-23:38:44.120 PlatformInit INFO: Initializing CUDA platform (NVIDIA).
[34m[1;38;2;180;140;80m(AReaL)[0m [34m20261002-23:38:44.121 LocalScheduler INFO: Configuration successfully on worker 'actor/2'
[37m[1;38;2;180;140;80m(AReaL)[0m [37m20261002-23:38:44.129 EngineBP INFO: Engine thread started
[37m[1;38;2;180;140;80m(AReaL)[0m [37m20261002-23:38:44.129 EngineBP INFO: Engine thread initialized
[96m[1;38;2;180;140;80m(AReaL)[0m [96m20261002-23:38:44.978 PlatformInit INFO: Detected CUDA device: NVIDIA L20X
[96m[1;38;2;180;140;80m(AReaL)[0m [96m20261002-23:38:44.979 PlatformInit INFO: Initializing CUDA platform (NVIDIA).
[34m[1;38;2;180;140;80m(AReaL)[0m [34m20261002-23:38:44.980 LocalScheduler INFO: Configuration successfully on worker 'actor/3'
[37m[1;38;2;180;140;80m(AReaL)[0m [37m20261002-23:38:44.980 TrainController INFO: Workers created: ['actor/0', 'actor/1', 'actor/2', 'actor/3']
[37m[1;38;2;180;140;80m(AReaL)[0m [37m20261002-23:38:44.981 TrainController INFO: Waiting for workers to be ready...
[34m[1;38;2;180;140;80m(AReaL)[0m [34m20261002-23:38:44.987 LocalScheduler INFO: All 4 workers for role 'actor' are ready
[37m[1;38;2;180;140;80m(AReaL)[0m [37m20261002-23:38:44.988 TrainController INFO: Workers ready: ['actor/0', 'actor/1', 'actor/2', 'actor/3']
[37m[1;38;2;180;140;80m(AReaL)[0m [37m20261002-23:38:44.988 TrainController INFO: Distributed training: MASTER_ADDR=33.180.166.157, MASTER_PORT=26774
[37m[1;38;2;180;140;80m(AReaL)[0m [37m20261002-23:38:44.988 TrainController INFO: Creating engines on workers...
[37m[1;38;2;180;140;80m(AReaL)[0m [37m20261002-23:38:44.990 Guard INFO: Updated 5 environment variables
[37m[1;38;2;180;140;80m(AReaL)[0m [37m20261002-23:38:44.990 Guard INFO: Updated 5 environment variables
[37m[1;38;2;180;140;80m(AReaL)[0m [37m20261002-23:38:44.990 Guard INFO: Updated 5 environment variables
[37m[1;38;2;180;140;80m(AReaL)[0m [37m20261002-23:38:44.990 Guard INFO: Updated 5 environment variables
/opt/.venv/lib/python3.12/site-packages/modelopt/torch/__init__.py:36: UserWarning: transformers version 5.3.0 is not tested with nvidia-modelopt and may cause issues. Please install recommended version with `pip install nvidia-modelopt[hf]` if working with HF models.
  _warnings.warn(
/opt/.venv/lib/python3.12/site-packages/modelopt/torch/__init__.py:36: UserWarning: transformers version 5.3.0 is not tested with nvidia-modelopt and may cause issues. Please install recommended version with `pip install nvidia-modelopt[hf]` if working with HF models.
  _warnings.warn(
/opt/.venv/lib/python3.12/site-packages/modelopt/torch/__init__.py:36: UserWarning: transformers version 5.3.0 is not tested with nvidia-modelopt and may cause issues. Please install recommended version with `pip install nvidia-modelopt[hf]` if working with HF models.
  _warnings.warn(
/opt/.venv/lib/python3.12/site-packages/modelopt/torch/__init__.py:36: UserWarning: transformers version 5.3.0 is not tested with nvidia-modelopt and may cause issues. Please install recommended version with `pip install nvidia-modelopt[hf]` if working with HF models.
  _warnings.warn(
[96m[1;38;2;180;140;80m(AReaL)[0m [96m20261002-23:38:55.349 TreeAttentionFSDP INFO: Compiled torch flex attention. Options: {'epilogue_fusion': True, 'max_autotune': False, 'shape_padding': True, 'trace.enabled': False, 'triton.cudagraphs': False}, dynamic: True
[96m[1;38;2;180;140;80m(AReaL)[0m [96m20261002-23:38:55.352 TreeAttentionFSDP INFO: Using block mask in flex attention, block size: 128
[96m[1;38;2;180;140;80m(AReaL)[0m [96m20261002-23:38:55.520 TreeAttentionFSDP INFO: Compiled torch flex attention. Options: {'epilogue_fusion': True, 'max_autotune': False, 'shape_padding': True, 'trace.enabled': False, 'triton.cudagraphs': False}, dynamic: True
[96m[1;38;2;180;140;80m(AReaL)[0m [96m20261002-23:38:55.522 TreeAttentionFSDP INFO: Using block mask in flex attention, block size: 128
[96m[1;38;2;180;140;80m(AReaL)[0m [96m20261002-23:38:55.540 TreeAttentionFSDP INFO: Compiled torch flex attention. Options: {'epilogue_fusion': True, 'max_autotune': False, 'shape_padding': True, 'trace.enabled': False, 'triton.cudagraphs': False}, dynamic: True
[96m[1;38;2;180;140;80m(AReaL)[0m [96m20261002-23:38:55.543 TreeAttentionFSDP INFO: Using block mask in flex attention, block size: 128
[96m[1;38;2;180;140;80m(AReaL)[0m [96m20261002-23:38:55.544 TreeAttentionFSDP INFO: Compiled torch flex attention. Options: {'epilogue_fusion': True, 'max_autotune': False, 'shape_padding': True, 'trace.enabled': False, 'triton.cudagraphs': False}, dynamic: True
[96m[1;38;2;180;140;80m(AReaL)[0m [96m20261002-23:38:55.546 TreeAttentionFSDP INFO: Using block mask in flex attention, block size: 128
[36m[1;38;2;180;140;80m(AReaL)[0m [36m20261002-23:38:56.770 PPOActor INFO: ======================================================================
[36m[1;38;2;180;140;80m(AReaL)[0m [36m20261002-23:38:56.770 PPOActor INFO: PPOActor Configuration
[36m[1;38;2;180;140;80m(AReaL)[0m [36m20261002-23:38:56.770 PPOActor INFO: ======================================================================
[36m[1;38;2;180;140;80m(AReaL)[0m [36m20261002-23:38:56.770 PPOActor INFO: Mode: Decoupled PPO (off-policy)
[36m[1;38;2;180;140;80m(AReaL)[0m [36m20261002-23:38:56.771 PPOActor INFO:   log_p_behave (π_behave): FROM INFERENCE (behavior policy)
[36m[1;38;2;180;140;80m(AReaL)[0m [36m20261002-23:38:56.771 PPOActor INFO:   Proximal policy (π_prox): RECOMPUTED via forward pass (standard decoupled PPO)
[36m[1;38;2;180;140;80m(AReaL)[0m [36m20261002-23:38:56.771 PPOActor INFO:   log_p_theta (π_θ): TRAINING FORWARD PASS (current policy)
[36m[1;38;2;180;140;80m(AReaL)[0m [36m20261002-23:38:56.771 PPOActor INFO:   Rejection sampling: level=token, metric=ratio, action=mask, upper=5.0
[36m[1;38;2;180;140;80m(AReaL)[0m [36m20261002-23:38:56.771 PPOActor INFO: ======================================================================
[36m[1;38;2;180;140;80m(AReaL)[0m [36m20261002-23:38:56.771 PPOActor INFO: Training Parameters:
[36m[1;38;2;180;140;80m(AReaL)[0m [36m20261002-23:38:56.771 PPOActor INFO:   importance_sampling_level: token
[36m[1;38;2;180;140;80m(AReaL)[0m [36m20261002-23:38:56.771 PPOActor INFO:   adv_norm: NormConfig(mean_level='batch', mean_leave1out=False, std_level='batch', std_unbiased=True, eps=1e-05, group_size=1)
[36m[1;38;2;180;140;80m(AReaL)[0m [36m20261002-23:38:56.771 PPOActor INFO:   reward_norm: NormConfig(mean_level='group', mean_leave1out=False, std_level='group', std_unbiased=True, eps=1e-05, group_size=4)
[36m[1;38;2;180;140;80m(AReaL)[0m [36m20261002-23:38:56.771 PPOActor INFO:   gae_lambda: 1.0
[36m[1;38;2;180;140;80m(AReaL)[0m [36m20261002-23:38:56.772 PPOActor INFO:   gae_timestep_unit: token
[36m[1;38;2;180;140;80m(AReaL)[0m [36m20261002-23:38:56.772 PPOActor INFO:   eps_clip: 0.4
[36m[1;38;2;180;140;80m(AReaL)[0m [36m20261002-23:38:56.772 PPOActor INFO: ======================================================================
[37m[1;38;2;180;140;80m(AReaL)[0m [37m20261002-23:38:56.772 EngineBP INFO: Engine 'actor/0' (class: areal.engine.megatron_engine.MegatronPPOActor) instantiated successfully
[36m[1;38;2;180;140;80m(AReaL)[0m [36m20261002-23:38:56.908 PPOActor INFO: ======================================================================
[36m[1;38;2;180;140;80m(AReaL)[0m [36m20261002-23:38:56.908 PPOActor INFO: PPOActor Configuration
[36m[1;38;2;180;140;80m(AReaL)[0m [36m20261002-23:38:56.908 PPOActor INFO: ======================================================================
[36m[1;38;2;180;140;80m(AReaL)[0m [36m20261002-23:38:56.908 PPOActor INFO: Mode: Decoupled PPO (off-policy)
[36m[1;38;2;180;140;80m(AReaL)[0m [36m20261002-23:38:56.909 PPOActor INFO:   log_p_behave (π_behave): FROM INFERENCE (behavior policy)
[36m[1;38;2;180;140;80m(AReaL)[0m [36m20261002-23:38:56.909 PPOActor INFO:   Proximal policy (π_prox): RECOMPUTED via forward pass (standard decoupled PPO)
[36m[1;38;2;180;140;80m(AReaL)[0m [36m20261002-23:38:56.909 PPOActor INFO:   log_p_theta (π_θ): TRAINING FORWARD PASS (current policy)
[36m[1;38;2;180;140;80m(AReaL)[0m [36m20261002-23:38:56.909 PPOActor INFO:   Rejection sampling: level=token, metric=ratio, action=mask, upper=5.0
[36m[1;38;2;180;140;80m(AReaL)[0m [36m20261002-23:38:56.909 PPOActor INFO: ======================================================================
[36m[1;38;2;180;140;80m(AReaL)[0m [36m20261002-23:38:56.909 PPOActor INFO: Training Parameters:
[36m[1;38;2;180;140;80m(AReaL)[0m [36m20261002-23:38:56.909 PPOActor INFO:   importance_sampling_level: token
[36m[1;38;2;180;140;80m(AReaL)[0m [36m20261002-23:38:56.909 PPOActor INFO:   adv_norm: NormConfig(mean_level='batch', mean_leave1out=False, std_level='batch', std_unbiased=True, eps=1e-05, group_size=1)
[36m[1;38;2;180;140;80m(AReaL)[0m [36m20261002-23:38:56.909 PPOActor INFO:   reward_norm: NormConfig(mean_level='group', mean_leave1out=False, std_level='group', std_unbiased=True, eps=1e-05, group_size=4)
[36m[1;38;2;180;140;80m(AReaL)[0m [36m20261002-23:38:56.909 PPOActor INFO:   gae_lambda: 1.0
[36m[1;38;2;180;140;80m(AReaL)[0m [36m20261002-23:38:56.909 PPOActor INFO:   gae_timestep_unit: token
[36m[1;38;2;180;140;80m(AReaL)[0m [36m20261002-23:38:56.909 PPOActor INFO:   eps_clip: 0.4
[36m[1;38;2;180;140;80m(AReaL)[0m [36m20261002-23:38:56.910 PPOActor INFO: ======================================================================
[37m[1;38;2;180;140;80m(AReaL)[0m [37m20261002-23:38:56.910 EngineBP INFO: Engine 'actor/2' (class: areal.engine.megatron_engine.MegatronPPOActor) instantiated successfully
[36m[1;38;2;180;140;80m(AReaL)[0m [36m20261002-23:38:56.921 PPOActor INFO: ======================================================================
[36m[1;38;2;180;140;80m(AReaL)[0m [36m20261002-23:38:56.921 PPOActor INFO: PPOActor Configuration
[36m[1;38;2;180;140;80m(AReaL)[0m [36m20261002-23:38:56.921 PPOActor INFO: ======================================================================
[36m[1;38;2;180;140;80m(AReaL)[0m [36m20261002-23:38:56.921 PPOActor INFO: Mode: Decoupled PPO (off-policy)
[36m[1;38;2;180;140;80m(AReaL)[0m [36m20261002-23:38:56.921 PPOActor INFO:   log_p_behave (π_behave): FROM INFERENCE (behavior policy)
[36m[1;38;2;180;140;80m(AReaL)[0m [36m20261002-23:38:56.922 PPOActor INFO:   Proximal policy (π_prox): RECOMPUTED via forward pass (standard decoupled PPO)
[36m[1;38;2;180;140;80m(AReaL)[0m [36m20261002-23:38:56.922 PPOActor INFO:   log_p_theta (π_θ): TRAINING FORWARD PASS (current policy)
[36m[1;38;2;180;140;80m(AReaL)[0m [36m20261002-23:38:56.922 PPOActor INFO:   Rejection sampling: level=token, metric=ratio, action=mask, upper=5.0
[36m[1;38;2;180;140;80m(AReaL)[0m [36m20261002-23:38:56.922 PPOActor INFO: ======================================================================
[36m[1;38;2;180;140;80m(AReaL)[0m [36m20261002-23:38:56.922 PPOActor INFO: Training Parameters:
[36m[1;38;2;180;140;80m(AReaL)[0m [36m20261002-23:38:56.922 PPOActor INFO: ======================================================================
[36m[1;38;2;180;140;80m(AReaL)[0m [36m20261002-23:38:56.922 PPOActor INFO:   importance_sampling_level: token
[36m[1;38;2;180;140;80m(AReaL)[0m [36m20261002-23:38:56.922 PPOActor INFO:   adv_norm: NormConfig(mean_level='batch', mean_leave1out=False, std_level='batch', std_unbiased=True, eps=1e-05, group_size=1)
[36m[1;38;2;180;140;80m(AReaL)[0m [36m20261002-23:38:56.922 PPOActor INFO: PPOActor Configuration
[36m[1;38;2;180;140;80m(AReaL)[0m [36m20261002-23:38:56.922 PPOActor INFO:   reward_norm: NormConfig(mean_level='group', mean_leave1out=False, std_level='group', std_unbiased=True, eps=1e-05, group_size=4)
[36m[1;38;2;180;140;80m(AReaL)[0m [36m20261002-23:38:56.922 PPOActor INFO: ======================================================================
[36m[1;38;2;180;140;80m(AReaL)[0m [36m20261002-23:38:56.922 PPOActor INFO:   gae_lambda: 1.0
[36m[1;38;2;180;140;80m(AReaL)[0m [36m20261002-23:38:56.922 PPOActor INFO: Mode: Decoupled PPO (off-policy)
[36m[1;38;2;180;140;80m(AReaL)[0m [36m20261002-23:38:56.922 PPOActor INFO:   gae_timestep_unit: token
[36m[1;38;2;180;140;80m(AReaL)[0m [36m20261002-23:38:56.922 PPOActor INFO:   log_p_behave (π_behave): FROM INFERENCE (behavior policy)
[36m[1;38;2;180;140;80m(AReaL)[0m [36m20261002-23:38:56.922 PPOActor INFO:   eps_clip: 0.4
[36m[1;38;2;180;140;80m(AReaL)[0m [36m20261002-23:38:56.922 PPOActor INFO:   Proximal policy (π_prox): RECOMPUTED via forward pass (standard decoupled PPO)
[36m[1;38;2;180;140;80m(AReaL)[0m [36m20261002-23:38:56.922 PPOActor INFO: ======================================================================
[36m[1;38;2;180;140;80m(AReaL)[0m [36m20261002-23:38:56.922 PPOActor INFO:   log_p_theta (π_θ): TRAINING FORWARD PASS (current policy)
[37m[1;38;2;180;140;80m(AReaL)[0m [37m20261002-23:38:56.923 EngineBP INFO: Engine 'actor/1' (class: areal.engine.megatron_engine.MegatronPPOActor) instantiated successfully
[36m[1;38;2;180;140;80m(AReaL)[0m [36m20261002-23:38:56.923 PPOActor INFO:   Rejection sampling: level=token, metric=ratio, action=mask, upper=5.0
[36m[1;38;2;180;140;80m(AReaL)[0m [36m20261002-23:38:56.923 PPOActor INFO: ======================================================================
[36m[1;38;2;180;140;80m(AReaL)[0m [36m20261002-23:38:56.923 PPOActor INFO: Training Parameters:
[36m[1;38;2;180;140;80m(AReaL)[0m [36m20261002-23:38:56.923 PPOActor INFO:   importance_sampling_level: token
[36m[1;38;2;180;140;80m(AReaL)[0m [36m20261002-23:38:56.923 PPOActor INFO:   adv_norm: NormConfig(mean_level='batch', mean_leave1out=False, std_level='batch', std_unbiased=True, eps=1e-05, group_size=1)
[36m[1;38;2;180;140;80m(AReaL)[0m [36m20261002-23:38:56.923 PPOActor INFO:   reward_norm: NormConfig(mean_level='group', mean_leave1out=False, std_level='group', std_unbiased=True, eps=1e-05, group_size=4)
[36m[1;38;2;180;140;80m(AReaL)[0m [36m20261002-23:38:56.923 PPOActor INFO:   gae_lambda: 1.0
[36m[1;38;2;180;140;80m(AReaL)[0m [36m20261002-23:38:56.923 PPOActor INFO:   gae_timestep_unit: token
[36m[1;38;2;180;140;80m(AReaL)[0m [36m20261002-23:38:56.923 PPOActor INFO:   eps_clip: 0.4
[36m[1;38;2;180;140;80m(AReaL)[0m [36m20261002-23:38:56.923 PPOActor INFO: ======================================================================
[37m[1;38;2;180;140;80m(AReaL)[0m [37m20261002-23:38:56.923 EngineBP INFO: Engine 'actor/3' (class: areal.engine.megatron_engine.MegatronPPOActor) instantiated successfully
[37m[1;38;2;180;140;80m(AReaL)[0m [37m20261002-23:38:56.925 TrainController INFO: Engines created on all workers!
[37m[1;38;2;180;140;80m(AReaL)[0m [37m20261002-23:38:56.926 TrainController INFO: Calling engine initialization...
[Gloo] Rank 0 is connected to 3 peer ranks. Expected number of connected peer ranks is : 3
[Gloo] Rank 2 is connected to 3 peer ranks. Expected number of connected peer ranks is : 3
[Gloo] Rank 1 is connected to 3 peer ranks. Expected number of connected peer ranks is : 3
[Gloo] Rank 3 is connected to 3 peer ranks. Expected number of connected peer ranks is : 3
[Gloo] Rank 0 is connected to 3 peer ranks. Expected number of connected peer ranks is : 3
[Gloo] Rank 1 is connected to 3 peer ranks. Expected number of connected peer ranks is : 3
[Gloo] Rank 2 is connected to 3 peer ranks. Expected number of connected peer ranks is : 3
[Gloo] Rank 3 is connected to 3 peer ranks. Expected number of connected peer ranks is : 3
[Gloo] Rank 0 is connected to 3 peer ranks. Expected number of connected peer ranks is : 3
[Gloo] Rank 1 is connected to 3 peer ranks. Expected number of connected peer ranks is : 3
[Gloo] Rank 3 is connected to 3 peer ranks. Expected number of connected peer ranks is : 3
[Gloo] Rank 2 is connected to 3 peer ranks. Expected number of connected peer ranks is : 3
[Gloo] Rank 0 is connected to 0 peer ranks. Expected number of connected peer ranks is : 0
[Gloo] Rank 0 is connected to 0 peer ranks. Expected number of connected peer ranks is : 0
[Gloo] Rank 0 is connected to 0 peer ranks. Expected number of connected peer ranks is : 0
[Gloo] Rank 0 is connected to 0 peer ranks. Expected number of connected peer ranks is : 0
[Gloo] Rank 0 is connected to 3 peer ranks. Expected number of connected peer ranks is : 3
[Gloo] Rank 1 is connected to 3 peer ranks. Expected number of connected peer ranks is : 3
[Gloo] Rank 2 is connected to 3 peer ranks. Expected number of connected peer ranks is : 3
[Gloo] Rank 3 is connected to 3 peer ranks. Expected number of connected peer ranks is : 3
[96m[1;38;2;180;140;80m(AReaL)[0m [96m20261002-23:38:59.995 CUDAPlatform INFO: Set NUMA affinity for CUDA device 0 (GPU-142f3136-e75e-eece-fc73-6be42ac414ac): bound to 96 CPU cores.
[96m[1;38;2;180;140;80m(AReaL)[0m [96m20261002-23:39:00.013 CUDAPlatform INFO: Set NUMA affinity for CUDA device 0 (GPU-ab998871-5159-5620-c933-3c78ff6b53e9): bound to 96 CPU cores.
[96m[1;38;2;180;140;80m(AReaL)[0m [96m20261002-23:39:00.043 CUDAPlatform INFO: Set NUMA affinity for CUDA device 0 (GPU-4b3cec1a-f5a1-bbd5-a36e-ddb0d23c89ac): bound to 96 CPU cores.
[96m[1;38;2;180;140;80m(AReaL)[0m [96m20261002-23:39:00.046 CUDAPlatform INFO: Set NUMA affinity for CUDA device 0 (GPU-5925d357-a578-9e58-4bb4-67adb54e4cda): bound to 96 CPU cores.
The argument `trust_remote_code` is to be used with Auto classes. It has no effect here and is ignored.
You are using a model of type `qwen2` to instantiate a model of type ``. This may be expected if you are loading a checkpoint that shares a subset of the architecture (e.g., loading a `sam2_video` checkpoint into `Sam2Model`), but is otherwise not supported and can yield errors. Please verify that the checkpoint is compatible with the model you are instantiating.
/storage/openpsi/users/fenghui/projects/AReaL-RSI/.rsi/research-lab/runs/research_58654ea421ca4619/agents/research_ce92f6a2a491b52e7fd5b227/muon-env/lib/python3.12/site-packages/megatron/core/transformer/transformer_config.py:2415: UserWarning: full scope is deprecated. Use empty cuda_graph_modules to capture the whole layer.
  warnings.warn(
[96m[1;38;2;180;140;80m(AReaL)[0m [96m20261002-23:39:00.526 [MegatronEngine Rank 2] INFO: Using mbridge to create models and hf model save/load in MegatronEngine.
The argument `trust_remote_code` is to be used with Auto classes. It has no effect here and is ignored.
You are using a model of type `qwen2` to instantiate a model of type ``. This may be expected if you are loading a checkpoint that shares a subset of the architecture (e.g., loading a `sam2_video` checkpoint into `Sam2Model`), but is otherwise not supported and can yield errors. Please verify that the checkpoint is compatible with the model you are instantiating.
The argument `trust_remote_code` is to be used with Auto classes. It has no effect here and is ignored.
/storage/openpsi/users/fenghui/projects/AReaL-RSI/.rsi/research-lab/runs/research_58654ea421ca4619/agents/research_ce92f6a2a491b52e7fd5b227/muon-env/lib/python3.12/site-packages/megatron/core/transformer/transformer_config.py:2415: UserWarning: full scope is deprecated. Use empty cuda_graph_modules to capture the whole layer.
  warnings.warn(
You are using a model of type `qwen2` to instantiate a model of type ``. This may be expected if you are loading a checkpoint that shares a subset of the architecture (e.g., loading a `sam2_video` checkpoint into `Sam2Model`), but is otherwise not supported and can yield errors. Please verify that the checkpoint is compatible with the model you are instantiating.
[96m[1;38;2;180;140;80m(AReaL)[0m [96m20261002-23:39:00.551 [MegatronEngine Rank 1] INFO: Using mbridge to create models and hf model save/load in MegatronEngine.
The argument `trust_remote_code` is to be used with Auto classes. It has no effect here and is ignored.
/storage/openpsi/users/fenghui/projects/AReaL-RSI/.rsi/research-lab/runs/research_58654ea421ca4619/agents/research_ce92f6a2a491b52e7fd5b227/muon-env/lib/python3.12/site-packages/megatron/core/transformer/transformer_config.py:2415: UserWarning: full scope is deprecated. Use empty cuda_graph_modules to capture the whole layer.
  warnings.warn(
You are using a model of type `qwen2` to instantiate a model of type ``. This may be expected if you are loading a checkpoint that shares a subset of the architecture (e.g., loading a `sam2_video` checkpoint into `Sam2Model`), but is otherwise not supported and can yield errors. Please verify that the checkpoint is compatible with the model you are instantiating.
[96m[1;38;2;180;140;80m(AReaL)[0m [96m20261002-23:39:00.554 [MegatronEngine Rank 0] INFO: Using mbridge to create models and hf model save/load in MegatronEngine.
GPTModel IS DEPRECATED. GPTModel is only accepting critical bug fixes, no new features. Please reference the migration guide `docs/user-guide/hybrid-model-migration.md` for details on how to use `HybridModel`
/storage/openpsi/users/fenghui/projects/AReaL-RSI/.rsi/research-lab/runs/research_58654ea421ca4619/agents/research_ce92f6a2a491b52e7fd5b227/muon-env/lib/python3.12/site-packages/megatron/core/transformer/transformer_config.py:2415: UserWarning: full scope is deprecated. Use empty cuda_graph_modules to capture the whole layer.
  warnings.warn(
[96m[1;38;2;180;140;80m(AReaL)[0m [96m20261002-23:39:00.556 [MegatronEngine Rank 3] INFO: Using mbridge to create models and hf model save/load in MegatronEngine.
 > number of parameters on (tensor, pipeline) model parallel rank (0, 0): 1543714304
[96m[1;38;2;180;140;80m(AReaL)[0m [96m20261002-23:39:01.694 [MegatronEngine Rank 2] INFO: Model parameter count: 1543.71M, pp_stage=0, vpp_chunks=1
[96m[1;38;2;180;140;80m(AReaL)[0m [96m20261002-23:39:01.696 [MegatronEngine Rank 3] INFO: Model parameter count: 1543.71M, pp_stage=0, vpp_chunks=1
[96m[1;38;2;180;140;80m(AReaL)[0m [96m20261002-23:39:01.696 [MegatronEngine Rank 1] INFO: Model parameter count: 1543.71M, pp_stage=0, vpp_chunks=1
[96m[1;38;2;180;140;80m(AReaL)[0m [96m20261002-23:39:01.696 [MegatronEngine Rank 0] INFO: Model parameter count: 1543.71M, pp_stage=0, vpp_chunks=1
/storage/openpsi/users/fenghui/projects/AReaL-RSI/.rsi/research-lab/runs/research_58654ea421ca4619/agents/research_ce92f6a2a491b52e7fd5b227/muon-env/lib/python3.12/site-packages/megatron/core/models/mimo/config/base_configs.py:12: UserWarning: MimoModelConfig is experimental and still under active development. The API may change without notice in future releases.
  class MimoModelConfig:
/storage/openpsi/users/fenghui/projects/AReaL-RSI/.rsi/research-lab/runs/research_58654ea421ca4619/agents/research_ce92f6a2a491b52e7fd5b227/muon-env/lib/python3.12/site-packages/megatron/core/models/mimo/config/base_configs.py:12: UserWarning: MimoModelConfig is experimental and still under active development. The API may change without notice in future releases.
  class MimoModelConfig:
/storage/openpsi/users/fenghui/projects/AReaL-RSI/.rsi/research-lab/runs/research_58654ea421ca4619/agents/research_ce92f6a2a491b52e7fd5b227/muon-env/lib/python3.12/site-packages/megatron/core/models/mimo/config/base_configs.py:12: UserWarning: MimoModelConfig is experimental and still under active development. The API may change without notice in future releases.
  class MimoModelConfig:
/storage/openpsi/users/fenghui/projects/AReaL-RSI/.rsi/research-lab/runs/research_58654ea421ca4619/agents/research_ce92f6a2a491b52e7fd5b227/muon-env/lib/python3.12/site-packages/megatron/core/models/mimo/config/base_configs.py:12: UserWarning: MimoModelConfig is experimental and still under active development. The API may change without notice in future releases.
  class MimoModelConfig:
[37m[1;38;2;180;140;80m(AReaL)[0m [37m20261002-23:39:01.923 TrainController INFO: All engines are initialized!
[37m[1;38;2;180;140;80m(AReaL)[0m [37m20261002-23:39:01.924 TrainController INFO: Identifying DP head workers...
[37m[1;38;2;180;140;80m(AReaL)[0m [37m20261002-23:39:01.930 TrainController INFO: TrainController initialization complete
[37m[1;38;2;180;140;80m(AReaL)[0m [37m20261002-23:39:01.947 RolloutController INFO: Creating workers via scheduler...
[34m[1;38;2;180;140;80m(AReaL)[0m [34m20261002-23:39:01.947 LocalScheduler INFO: Creating 4 workers for role 'rollout' (strategy: SchedulingStrategyType.separation, colocate_with: None)
[37m[1;38;2;180;140;80m(AReaL)[0m [37m20261002-23:39:01.947 LauncherUtils INFO: Auto-setting thread env vars to 8: OMP_NUM_THREADS, MKL_NUM_THREADS, OPENBLAS_NUM_THREADS, VECLIB_MAXIMUM_THREADS, NUMEXPR_NUM_THREADS
[34m[1;38;2;180;140;80m(AReaL)[0m [34m20261002-23:39:01.948 LocalScheduler INFO: Starting worker rollout/0 (attempt 1/3): python3 -m areal.infra.rpc.rpc_server --port 14951 --experiment-name gsm8k-grpo-megatron-muon-baseline3 --trial-name trial0 --role rollout --worker-index 0 --name-resolve-type nfs --nfs-record-root /tmp/areal/name_resolve --etcd3-addr localhost:2379 --fileroot /storage/openpsi/users/fenghui/projects/AReaL-muon/research/muon/evidence/baseline-aligned-3epoch-20261002/muon/results
[34m[1;38;2;180;140;80m(AReaL)[0m [34m20261002-23:39:02.054 LocalScheduler INFO: Worker rollout/0 started (PID: 31229, GPUs: [4], ports: [14951, 21329])
[37m[1;38;2;180;140;80m(AReaL)[0m [37m20261002-23:39:02.055 LauncherUtils INFO: Auto-setting thread env vars to 8: OMP_NUM_THREADS, MKL_NUM_THREADS, OPENBLAS_NUM_THREADS, VECLIB_MAXIMUM_THREADS, NUMEXPR_NUM_THREADS
[34m[1;38;2;180;140;80m(AReaL)[0m [34m20261002-23:39:02.055 LocalScheduler INFO: Starting worker rollout/1 (attempt 1/3): python3 -m areal.infra.rpc.rpc_server --port 21436 --experiment-name gsm8k-grpo-megatron-muon-baseline3 --trial-name trial0 --role rollout --worker-index 1 --name-resolve-type nfs --nfs-record-root /tmp/areal/name_resolve --etcd3-addr localhost:2379 --fileroot /storage/openpsi/users/fenghui/projects/AReaL-muon/research/muon/evidence/baseline-aligned-3epoch-20261002/muon/results
[34m[1;38;2;180;140;80m(AReaL)[0m [34m20261002-23:39:02.161 LocalScheduler INFO: Worker rollout/1 started (PID: 31235, GPUs: [5], ports: [21436, 27518])
[37m[1;38;2;180;140;80m(AReaL)[0m [37m20261002-23:39:02.162 LauncherUtils INFO: Auto-setting thread env vars to 8: OMP_NUM_THREADS, MKL_NUM_THREADS, OPENBLAS_NUM_THREADS, VECLIB_MAXIMUM_THREADS, NUMEXPR_NUM_THREADS
[34m[1;38;2;180;140;80m(AReaL)[0m [34m20261002-23:39:02.162 LocalScheduler INFO: Starting worker rollout/2 (attempt 1/3): python3 -m areal.infra.rpc.rpc_server --port 19938 --experiment-name gsm8k-grpo-megatron-muon-baseline3 --trial-name trial0 --role rollout --worker-index 2 --name-resolve-type nfs --nfs-record-root /tmp/areal/name_resolve --etcd3-addr localhost:2379 --fileroot /storage/openpsi/users/fenghui/projects/AReaL-muon/research/muon/evidence/baseline-aligned-3epoch-20261002/muon/results
[34m[1;38;2;180;140;80m(AReaL)[0m [34m20261002-23:39:02.267 LocalScheduler INFO: Worker rollout/2 started (PID: 31244, GPUs: [6], ports: [19938, 30440])
[37m[1;38;2;180;140;80m(AReaL)[0m [37m20261002-23:39:02.268 LauncherUtils INFO: Auto-setting thread env vars to 8: OMP_NUM_THREADS, MKL_NUM_THREADS, OPENBLAS_NUM_THREADS, VECLIB_MAXIMUM_THREADS, NUMEXPR_NUM_THREADS
[34m[1;38;2;180;140;80m(AReaL)[0m [34m20261002-23:39:02.268 LocalScheduler INFO: Starting worker rollout/3 (attempt 1/3): python3 -m areal.infra.rpc.rpc_server --port 12021 --experiment-name gsm8k-grpo-megatron-muon-baseline3 --trial-name trial0 --role rollout --worker-index 3 --name-resolve-type nfs --nfs-record-root /tmp/areal/name_resolve --etcd3-addr localhost:2379 --fileroot /storage/openpsi/users/fenghui/projects/AReaL-muon/research/muon/evidence/baseline-aligned-3epoch-20261002/muon/results
[34m[1;38;2;180;140;80m(AReaL)[0m [34m20261002-23:39:02.374 LocalScheduler INFO: Worker rollout/3 started (PID: 31253, GPUs: [7], ports: [12021, 24606])
[34m[1;38;2;180;140;80m(AReaL)[0m [34m20261002-23:39:02.375 LocalScheduler INFO: Successfully created 4 workers for role 'rollout'
[37m[1;38;2;180;140;80m(AReaL)[0m [37m20261002-23:39:10.756 SyncRPCServer INFO: Werkzeug log level: WARNING
[37m[1;38;2;180;140;80m(AReaL)[0m [37m20261002-23:39:10.756 SyncRPCServer INFO: Werkzeug log level: WARNING
[37m[1;38;2;180;140;80m(AReaL)[0m [37m20261002-23:39:10.757 Guard INFO: Starting Guard on 33.180.166.157:19938 for worker rollout/0
[37m[1;38;2;180;140;80m(AReaL)[0m [37m20261002-23:39:10.757 Guard INFO: Starting Guard on 33.180.166.157:14951 for worker rollout/0
[37m[1;38;2;180;140;80m(AReaL)[0m [37m20261002-23:39:10.847 EngineBP INFO: Engine thread started
[37m[1;38;2;180;140;80m(AReaL)[0m [37m20261002-23:39:10.847 EngineBP INFO: Engine thread initialized
[37m[1;38;2;180;140;80m(AReaL)[0m [37m20261002-23:39:10.909 SyncRPCServer INFO: Werkzeug log level: WARNING
[37m[1;38;2;180;140;80m(AReaL)[0m [37m20261002-23:39:10.910 Guard INFO: Starting Guard on 33.180.166.157:12021 for worker rollout/0
[37m[1;38;2;180;140;80m(AReaL)[0m [37m20261002-23:39:10.913 SyncRPCServer INFO: Werkzeug log level: WARNING
[37m[1;38;2;180;140;80m(AReaL)[0m [37m20261002-23:39:10.914 Guard INFO: Starting Guard on 33.180.166.157:21436 for worker rollout/0
[96m[1;38;2;180;140;80m(AReaL)[0m [96m20261002-23:39:11.698 PlatformInit INFO: Detected CUDA device: NVIDIA L20X
[96m[1;38;2;180;140;80m(AReaL)[0m [96m20261002-23:39:11.698 PlatformInit INFO: Initializing CUDA platform (NVIDIA).
[34m[1;38;2;180;140;80m(AReaL)[0m [34m20261002-23:39:11.700 LocalScheduler INFO: Configuration successfully on worker 'rollout/0'
[37m[1;38;2;180;140;80m(AReaL)[0m [37m20261002-23:39:11.707 EngineBP INFO: Engine thread started
[37m[1;38;2;180;140;80m(AReaL)[0m [37m20261002-23:39:11.707 EngineBP INFO: Engine thread initialized
[96m[1;38;2;180;140;80m(AReaL)[0m [96m20261002-23:39:12.564 PlatformInit INFO: Detected CUDA device: NVIDIA L20X
[96m[1;38;2;180;140;80m(AReaL)[0m [96m20261002-23:39:12.564 PlatformInit INFO: Initializing CUDA platform (NVIDIA).
[34m[1;38;2;180;140;80m(AReaL)[0m [34m20261002-23:39:12.565 LocalScheduler INFO: Configuration successfully on worker 'rollout/1'
[37m[1;38;2;180;140;80m(AReaL)[0m [37m20261002-23:39:12.573 EngineBP INFO: Engine thread started
[37m[1;38;2;180;140;80m(AReaL)[0m [37m20261002-23:39:12.573 EngineBP INFO: Engine thread initialized
[96m[1;38;2;180;140;80m(AReaL)[0m [96m20261002-23:39:13.420 PlatformInit INFO: Detected CUDA device: NVIDIA L20X
[96m[1;38;2;180;140;80m(AReaL)[0m [96m20261002-23:39:13.420 PlatformInit INFO: Initializing CUDA platform (NVIDIA).
[34m[1;38;2;180;140;80m(AReaL)[0m [34m20261002-23:39:13.421 LocalScheduler INFO: Configuration successfully on worker 'rollout/2'
[37m[1;38;2;180;140;80m(AReaL)[0m [37m20261002-23:39:13.429 EngineBP INFO: Engine thread started
[37m[1;38;2;180;140;80m(AReaL)[0m [37m20261002-23:39:13.429 EngineBP INFO: Engine thread initialized
[96m[1;38;2;180;140;80m(AReaL)[0m [96m20261002-23:39:14.255 PlatformInit INFO: Detected CUDA device: NVIDIA L20X
[96m[1;38;2;180;140;80m(AReaL)[0m [96m20261002-23:39:14.255 PlatformInit INFO: Initializing CUDA platform (NVIDIA).
[34m[1;38;2;180;140;80m(AReaL)[0m [34m20261002-23:39:14.256 LocalScheduler INFO: Configuration successfully on worker 'rollout/3'
[37m[1;38;2;180;140;80m(AReaL)[0m [37m20261002-23:39:14.257 RolloutController INFO: Workers created: ['rollout/0', 'rollout/1', 'rollout/2', 'rollout/3']
[37m[1;38;2;180;140;80m(AReaL)[0m [37m20261002-23:39:14.257 RolloutController INFO: Waiting for workers to be ready...
[34m[1;38;2;180;140;80m(AReaL)[0m [34m20261002-23:39:14.264 LocalScheduler INFO: All 4 workers for role 'rollout' are ready
[37m[1;38;2;180;140;80m(AReaL)[0m [37m20261002-23:39:14.264 RolloutController INFO: Workers ready: ['rollout/0', 'rollout/1', 'rollout/2', 'rollout/3']
[37m[1;38;2;180;140;80m(AReaL)[0m [37m20261002-23:39:14.264 RolloutController INFO: Creating engines...
[37m[1;38;2;180;140;80m(AReaL)[0m [37m20261002-23:39:14.274 EngineBP INFO: Engine 'rollout/3' (class: areal.engine.sglang_remote.RemoteSGLangEngine) instantiated successfully
[37m[1;38;2;180;140;80m(AReaL)[0m [37m20261002-23:39:14.274 EngineBP INFO: Engine 'rollout/2' (class: areal.engine.sglang_remote.RemoteSGLangEngine) instantiated successfully
[37m[1;38;2;180;140;80m(AReaL)[0m [37m20261002-23:39:14.274 EngineBP INFO: Engine 'rollout/1' (class: areal.engine.sglang_remote.RemoteSGLangEngine) instantiated successfully
[37m[1;38;2;180;140;80m(AReaL)[0m [37m20261002-23:39:14.275 EngineBP INFO: Engine 'rollout/0' (class: areal.engine.sglang_remote.RemoteSGLangEngine) instantiated successfully
[37m[1;38;2;180;140;80m(AReaL)[0m [37m20261002-23:39:14.275 RolloutController INFO: Engine created on all workers!
[37m[1;38;2;180;140;80m(AReaL)[0m [37m20261002-23:39:14.276 RolloutController INFO: Calling engine initialization...
No HuggingFace chat template found
No HuggingFace chat template found
No HuggingFace chat template found
No HuggingFace chat template found
[Gloo] Rank 0 is connected to 0 peer ranks. Expected number of connected peer ranks is : 0
[Gloo] Rank 0 is connected to 0 peer ranks. Expected number of connected peer ranks is : 0
[Gloo] Rank 0 is connected to 0 peer ranks. Expected number of connected peer ranks is : 0
[Gloo] Rank 0 is connected to 0 peer ranks. Expected number of connected peer ranks is : 0
[Gloo] Rank 0 is connected to 0 peer ranks. Expected number of connected peer ranks is : 0
[Gloo] Rank 0 is connected to 0 peer ranks. Expected number of connected peer ranks is : 0
[Gloo] Rank 0 is connected to 0 peer ranks. Expected number of connected peer ranks is : 0
[Gloo] Rank 0 is connected to 0 peer ranks. Expected number of connected peer ranks is : 0
[Gloo] Rank 0 is connected to 0 peer ranks. Expected number of connected peer ranks is : 0
[Gloo] Rank 0 is connected to 0 peer ranks. Expected number of connected peer ranks is : 0
[Gloo] Rank 0 is connected to 0 peer ranks. Expected number of connected peer ranks is : 0
[Gloo] Rank 0 is connected to 0 peer ranks. Expected number of connected peer ranks is : 0
Multi-thread loading shards:   0% Completed | 0/1 [00:00<?, ?it/s]Multi-thread loading shards:   0% Completed | 0/1 [00:00<?, ?it/s]Multi-thread loading shards:   0% Completed | 0/1 [00:00<?, ?it/s]Multi-thread loading shards:   0% Completed | 0/1 [00:00<?, ?it/s]Multi-thread loading shards: 100% Completed | 1/1 [00:00<00:00,  1.48it/s]Multi-thread loading shards: 100% Completed | 1/1 [00:00<00:00,  1.48it/s]
Multi-thread loading shards: 100% Completed | 1/1 [00:00<00:00,  1.86it/s]Multi-thread loading shards: 100% Completed | 1/1 [00:00<00:00,  1.86it/s]
Multi-thread loading shards: 100% Completed | 1/1 [00:00<00:00,  1.59it/s]Multi-thread loading shards: 100% Completed | 1/1 [00:00<00:00,  1.59it/s]
Multi-thread loading shards: 100% Completed | 1/1 [00:00<00:00,  1.51it/s]Multi-thread loading shards: 100% Completed | 1/1 [00:00<00:00,  1.51it/s]
  0%|          | 0/36 [00:00<?, ?it/s]Capturing batches (bs=256 avail_mem=27.02 GB):   0%|          | 0/36 [00:00<?, ?it/s]  0%|          | 0/36 [00:00<?, ?it/s]Capturing batches (bs=256 avail_mem=27.02 GB):   0%|          | 0/36 [00:00<?, ?it/s]2026-10-02 23:39:43,049 - CUTE_DSL - WARNING - [handle_import_error] - Unexpected error during package walk: cutlass.cute.experimental
2026-10-02 23:39:43,049 - CUTE_DSL - WARNING - [handle_import_error] - Unexpected error during package walk: cutlass.cute.experimental
  0%|          | 0/36 [00:00<?, ?it/s]Capturing batches (bs=256 avail_mem=27.02 GB):   0%|          | 0/36 [00:00<?, ?it/s]  0%|          | 0/36 [00:00<?, ?it/s]Capturing batches (bs=256 avail_mem=27.02 GB):   0%|          | 0/36 [00:00<?, ?it/s]2026-10-02 23:39:43,220 - CUTE_DSL - WARNING - [handle_import_error] - Unexpected error during package walk: cutlass.cute.experimental
2026-10-02 23:39:43,295 - CUTE_DSL - WARNING - [handle_import_error] - Unexpected error during package walk: cutlass.cute.experimental
Capturing batches (bs=256 avail_mem=27.02 GB):   3%|▎         | 1/36 [00:01<00:39,  1.12s/it]Capturing batches (bs=248 avail_mem=26.89 GB):   3%|▎         | 1/36 [00:01<00:39,  1.12s/it]Capturing batches (bs=256 avail_mem=27.02 GB):   3%|▎         | 1/36 [00:01<00:40,  1.16s/it]Capturing batches (bs=248 avail_mem=26.89 GB):   3%|▎         | 1/36 [00:01<00:40,  1.16s/it]Capturing batches (bs=256 avail_mem=27.02 GB):   3%|▎         | 1/36 [00:00<00:29,  1.18it/s]Capturing batches (bs=248 avail_mem=26.89 GB):   3%|▎         | 1/36 [00:00<00:29,  1.18it/s]Capturing batches (bs=240 avail_mem=26.89 GB):   3%|▎         | 1/36 [00:01<00:39,  1.12s/it]Capturing batches (bs=240 avail_mem=26.89 GB):   3%|▎         | 1/36 [00:01<00:40,  1.16s/it]Capturing batches (bs=240 avail_mem=26.89 GB):   3%|▎         | 1/36 [00:00<00:29,  1.18it/s]Capturing batches (bs=232 avail_mem=26.88 GB):   3%|▎         | 1/36 [00:01<00:39,  1.12s/it]Capturing batches (bs=256 avail_mem=27.02 GB):   3%|▎         | 1/36 [00:00<00:29,  1.19it/s]Capturing batches (bs=248 avail_mem=26.89 GB):   3%|▎         | 1/36 [00:00<00:29,  1.19it/s]Capturing batches (bs=232 avail_mem=26.88 GB):   3%|▎         | 1/36 [00:01<00:40,  1.16s/it]Capturing batches (bs=232 avail_mem=26.88 GB):   3%|▎         | 1/36 [00:00<00:29,  1.18it/s]Capturing batches (bs=232 avail_mem=26.88 GB):  11%|█         | 4/36 [00:01<00:07,  4.13it/s]Capturing batches (bs=224 avail_mem=26.88 GB):  11%|█         | 4/36 [00:01<00:07,  4.13it/s]Capturing batches (bs=240 avail_mem=26.89 GB):   3%|▎         | 1/36 [00:00<00:29,  1.19it/s]Capturing batches (bs=224 avail_mem=26.88 GB):   3%|▎         | 1/36 [00:01<00:40,  1.16s/it]Capturing batches (bs=224 avail_mem=26.88 GB):   3%|▎         | 1/36 [00:00<00:29,  1.18it/s]Capturing batches (bs=216 avail_mem=26.87 GB):  11%|█         | 4/36 [00:01<00:07,  4.13it/s]Capturing batches (bs=232 avail_mem=26.88 GB):   3%|▎         | 1/36 [00:00<00:29,  1.19it/s]Capturing batches (bs=224 avail_mem=26.88 GB):  14%|█▍        | 5/36 [00:01<00:06,  5.02it/s]Capturing batches (bs=216 avail_mem=26.87 GB):  14%|█▍        | 5/36 [00:01<00:06,  5.02it/s]Capturing batches (bs=224 avail_mem=26.88 GB):  14%|█▍        | 5/36 [00:00<00:04,  6.52it/s]Capturing batches (bs=216 avail_mem=26.87 GB):  14%|█▍        | 5/36 [00:00<00:04,  6.52it/s]Capturing batches (bs=208 avail_mem=26.87 GB):  11%|█         | 4/36 [00:01<00:07,  4.13it/s]Capturing batches (bs=224 avail_mem=26.88 GB):   3%|▎         | 1/36 [00:00<00:29,  1.19it/s]Capturing batches (bs=208 avail_mem=26.87 GB):  14%|█▍        | 5/36 [00:01<00:06,  5.02it/s]Capturing batches (bs=208 avail_mem=26.87 GB):  14%|█▍        | 5/36 [00:01<00:04,  6.52it/s]Capturing batches (bs=208 avail_mem=26.87 GB):  19%|█▉        | 7/36 [00:01<00:03,  7.63it/s]Capturing batches (bs=200 avail_mem=26.86 GB):  19%|█▉        | 7/36 [00:01<00:03,  7.63it/s]Capturing batches (bs=224 avail_mem=26.88 GB):  14%|█▍        | 5/36 [00:00<00:04,  6.54it/s]Capturing batches (bs=216 avail_mem=26.87 GB):  14%|█▍        | 5/36 [00:00<00:04,  6.54it/s]Capturing batches (bs=200 avail_mem=26.86 GB):  14%|█▍        | 5/36 [00:01<00:06,  5.02it/s]Capturing batches (bs=200 avail_mem=26.86 GB):  14%|█▍        | 5/36 [00:01<00:04,  6.52it/s]Capturing batches (bs=192 avail_mem=26.86 GB):  19%|█▉        | 7/36 [00:01<00:03,  7.63it/s]Capturing batches (bs=208 avail_mem=26.87 GB):  14%|█▍        | 5/36 [00:01<00:04,  6.54it/s]Capturing batches (bs=200 avail_mem=26.86 GB):  22%|██▏       | 8/36 [00:01<00:02, 10.31it/s]Capturing batches (bs=192 avail_mem=26.86 GB):  22%|██▏       | 8/36 [00:01<00:02, 10.31it/s]Capturing batches (bs=200 avail_mem=26.86 GB):  22%|██▏       | 8/36 [00:01<00:03,  8.26it/s]Capturing batches (bs=192 avail_mem=26.86 GB):  22%|██▏       | 8/36 [00:01<00:03,  8.26it/s]Capturing batches (bs=184 avail_mem=26.85 GB):  19%|█▉        | 7/36 [00:01<00:03,  7.63it/s]Capturing batches (bs=200 avail_mem=26.86 GB):  14%|█▍        | 5/36 [00:01<00:04,  6.54it/s]Capturing batches (bs=184 avail_mem=26.85 GB):  22%|██▏       | 8/36 [00:01<00:02, 10.31it/s]Capturing batches (bs=184 avail_mem=26.85 GB):  22%|██▏       | 8/36 [00:01<00:03,  8.26it/s]Capturing batches (bs=184 avail_mem=26.85 GB):  28%|██▊       | 10/36 [00:01<00:02, 11.19it/s]Capturing batches (bs=176 avail_mem=26.84 GB):  28%|██▊       | 10/36 [00:01<00:02, 11.19it/s]Capturing batches (bs=200 avail_mem=26.86 GB):  22%|██▏       | 8/36 [00:01<00:02, 10.31it/s]Capturing batches (bs=192 avail_mem=26.86 GB):  22%|██▏       | 8/36 [00:01<00:02, 10.31it/s]Capturing batches (bs=176 avail_mem=26.84 GB):  22%|██▏       | 8/36 [00:01<00:02, 10.31it/s]Capturing batches (bs=176 avail_mem=26.84 GB):  22%|██▏       | 8/36 [00:01<00:03,  8.26it/s]Capturing batches (bs=168 avail_mem=26.84 GB):  28%|██▊       | 10/36 [00:01<00:02, 11.19it/s]Capturing batches (bs=184 avail_mem=26.85 GB):  22%|██▏       | 8/36 [00:01<00:02, 10.31it/s]Capturing batches (bs=176 avail_mem=26.84 GB):  31%|███       | 11/36 [00:01<00:01, 13.97it/s]Capturing batches (bs=176 avail_mem=26.84 GB):  31%|███       | 11/36 [00:01<00:02, 11.64it/s]Capturing batches (bs=168 avail_mem=26.84 GB):  31%|███       | 11/36 [00:01<00:01, 13.97it/s]Capturing batches (bs=168 avail_mem=26.84 GB):  31%|███       | 11/36 [00:01<00:02, 11.64it/s]Capturing batches (bs=160 avail_mem=26.84 GB):  28%|██▊       | 10/36 [00:01<00:02, 11.19it/s]Capturing batches (bs=176 avail_mem=26.84 GB):  22%|██▏       | 8/36 [00:01<00:02, 10.31it/s]Capturing batches (bs=160 avail_mem=26.84 GB):  31%|███       | 11/36 [00:01<00:01, 13.97it/s]Capturing batches (bs=160 avail_mem=26.84 GB):  31%|███       | 11/36 [00:01<00:02, 11.64it/s]Capturing batches (bs=160 avail_mem=26.84 GB):  36%|███▌      | 13/36 [00:01<00:01, 14.57it/s]Capturing batches (bs=152 avail_mem=26.83 GB):  36%|███▌      | 13/36 [00:01<00:01, 14.57it/s]Capturing batches (bs=176 avail_mem=26.84 GB):  31%|███       | 11/36 [00:01<00:01, 14.04it/s]Capturing batches (bs=168 avail_mem=26.84 GB):  31%|███       | 11/36 [00:01<00:01, 14.04it/s]Capturing batches (bs=152 avail_mem=26.83 GB):  31%|███       | 11/36 [00:01<00:01, 13.97it/s]Capturing batches (bs=152 avail_mem=26.83 GB):  31%|███       | 11/36 [00:01<00:02, 11.64it/s]Capturing batches (bs=144 avail_mem=26.83 GB):  36%|███▌      | 13/36 [00:01<00:01, 14.57it/s]Capturing batches (bs=160 avail_mem=26.84 GB):  31%|███       | 11/36 [00:01<00:01, 14.04it/s]Capturing batches (bs=152 avail_mem=26.83 GB):  39%|███▉      | 14/36 [00:01<00:01, 17.21it/s]Capturing batches (bs=152 avail_mem=26.83 GB):  39%|███▉      | 14/36 [00:01<00:01, 14.89it/s]Capturing batches (bs=144 avail_mem=26.83 GB):  39%|███▉      | 14/36 [00:01<00:01, 17.21it/s]Capturing batches (bs=144 avail_mem=26.83 GB):  39%|███▉      | 14/36 [00:01<00:01, 14.89it/s]Capturing batches (bs=136 avail_mem=26.82 GB):  36%|███▌      | 13/36 [00:01<00:01, 14.57it/s]Capturing batches (bs=152 avail_mem=26.83 GB):  31%|███       | 11/36 [00:01<00:01, 14.04it/s]Capturing batches (bs=136 avail_mem=26.82 GB):  39%|███▉      | 14/36 [00:01<00:01, 17.21it/s]Capturing batches (bs=136 avail_mem=26.82 GB):  39%|███▉      | 14/36 [00:01<00:01, 14.89it/s]Capturing batches (bs=136 avail_mem=26.82 GB):  44%|████▍     | 16/36 [00:01<00:01, 17.63it/s]Capturing batches (bs=128 avail_mem=26.82 GB):  44%|████▍     | 16/36 [00:01<00:01, 17.63it/s]Capturing batches (bs=152 avail_mem=26.83 GB):  39%|███▉      | 14/36 [00:01<00:01, 17.30it/s]Capturing batches (bs=144 avail_mem=26.83 GB):  39%|███▉      | 14/36 [00:01<00:01, 17.30it/s]Capturing batches (bs=128 avail_mem=26.82 GB):  39%|███▉      | 14/36 [00:01<00:01, 17.21it/s]Capturing batches (bs=128 avail_mem=26.82 GB):  39%|███▉      | 14/36 [00:01<00:01, 14.89it/s]Capturing batches (bs=120 avail_mem=26.81 GB):  44%|████▍     | 16/36 [00:01<00:01, 17.63it/s]Capturing batches (bs=136 avail_mem=26.82 GB):  39%|███▉      | 14/36 [00:01<00:01, 17.30it/s]Capturing batches (bs=128 avail_mem=26.82 GB):  47%|████▋     | 17/36 [00:01<00:00, 20.01it/s]Capturing batches (bs=128 avail_mem=26.82 GB):  47%|████▋     | 17/36 [00:01<00:01, 17.88it/s]Capturing batches (bs=120 avail_mem=26.81 GB):  47%|████▋     | 17/36 [00:01<00:00, 20.01it/s]Capturing batches (bs=120 avail_mem=26.81 GB):  47%|████▋     | 17/36 [00:01<00:01, 17.88it/s]Capturing batches (bs=112 avail_mem=26.81 GB):  44%|████▍     | 16/36 [00:01<00:01, 17.63it/s]Capturing batches (bs=128 avail_mem=26.82 GB):  39%|███▉      | 14/36 [00:01<00:01, 17.30it/s]Capturing batches (bs=112 avail_mem=26.81 GB):  47%|████▋     | 17/36 [00:01<00:00, 20.01it/s]Capturing batches (bs=112 avail_mem=26.81 GB):  47%|████▋     | 17/36 [00:01<00:01, 17.88it/s]Capturing batches (bs=112 avail_mem=26.81 GB):  53%|█████▎    | 19/36 [00:01<00:00, 20.33it/s]Capturing batches (bs=104 avail_mem=26.80 GB):  53%|█████▎    | 19/36 [00:01<00:00, 20.33it/s]Capturing batches (bs=128 avail_mem=26.82 GB):  47%|████▋     | 17/36 [00:01<00:00, 20.13it/s]Capturing batches (bs=120 avail_mem=26.81 GB):  47%|████▋     | 17/36 [00:01<00:00, 20.13it/s]Capturing batches (bs=104 avail_mem=26.80 GB):  47%|████▋     | 17/36 [00:01<00:00, 20.01it/s]Capturing batches (bs=104 avail_mem=26.80 GB):  47%|████▋     | 17/36 [00:01<00:01, 17.88it/s]Capturing batches (bs=96 avail_mem=26.80 GB):  53%|█████▎    | 19/36 [00:01<00:00, 20.33it/s] Capturing batches (bs=112 avail_mem=26.81 GB):  47%|████▋     | 17/36 [00:01<00:00, 20.13it/s]Capturing batches (bs=96 avail_mem=26.80 GB):  47%|████▋     | 17/36 [00:01<00:00, 20.01it/s] Capturing batches (bs=104 avail_mem=26.80 GB):  56%|█████▌    | 20/36 [00:01<00:00, 20.58it/s]Capturing batches (bs=96 avail_mem=26.80 GB):  56%|█████▌    | 20/36 [00:01<00:00, 20.58it/s] Capturing batches (bs=104 avail_mem=26.80 GB):  47%|████▋     | 17/36 [00:01<00:00, 20.13it/s]Capturing batches (bs=88 avail_mem=26.79 GB):  53%|█████▎    | 19/36 [00:01<00:00, 20.33it/s]Capturing batches (bs=96 avail_mem=26.80 GB):  58%|█████▊    | 21/36 [00:01<00:00, 22.92it/s]Capturing batches (bs=88 avail_mem=26.79 GB):  58%|█████▊    | 21/36 [00:01<00:00, 22.92it/s]Capturing batches (bs=88 avail_mem=26.79 GB):  56%|█████▌    | 20/36 [00:01<00:00, 20.58it/s]Capturing batches (bs=96 avail_mem=26.80 GB):  47%|████▋     | 17/36 [00:01<00:00, 20.13it/s] Capturing batches (bs=88 avail_mem=26.79 GB):  61%|██████    | 22/36 [00:01<00:00, 22.22it/s]Capturing batches (bs=80 avail_mem=26.79 GB):  61%|██████    | 22/36 [00:01<00:00, 22.22it/s]Capturing batches (bs=80 avail_mem=26.79 GB):  58%|█████▊    | 21/36 [00:01<00:00, 22.92it/s]Capturing batches (bs=80 avail_mem=26.79 GB):  56%|█████▌    | 20/36 [00:01<00:00, 20.58it/s]Capturing batches (bs=96 avail_mem=26.80 GB):  58%|█████▊    | 21/36 [00:01<00:00, 22.97it/s]Capturing batches (bs=88 avail_mem=26.79 GB):  58%|█████▊    | 21/36 [00:01<00:00, 22.97it/s]Capturing batches (bs=72 avail_mem=26.78 GB):  61%|██████    | 22/36 [00:01<00:00, 22.22it/s]Capturing batches (bs=72 avail_mem=26.78 GB):  58%|█████▊    | 21/36 [00:01<00:00, 22.92it/s]Capturing batches (bs=80 avail_mem=26.79 GB):  64%|██████▍   | 23/36 [00:01<00:00, 22.60it/s]Capturing batches (bs=72 avail_mem=26.78 GB):  64%|██████▍   | 23/36 [00:01<00:00, 22.60it/s]Capturing batches (bs=80 avail_mem=26.79 GB):  58%|█████▊    | 21/36 [00:01<00:00, 22.97it/s]Capturing batches (bs=64 avail_mem=26.78 GB):  61%|██████    | 22/36 [00:01<00:00, 22.22it/s]Capturing batches (bs=72 avail_mem=26.78 GB):  67%|██████▋   | 24/36 [00:01<00:00, 24.55it/s]Capturing batches (bs=64 avail_mem=26.78 GB):  67%|██████▋   | 24/36 [00:01<00:00, 24.55it/s]Capturing batches (bs=64 avail_mem=26.78 GB):  64%|██████▍   | 23/36 [00:01<00:00, 22.60it/s]Capturing batches (bs=72 avail_mem=26.78 GB):  58%|█████▊    | 21/36 [00:01<00:00, 22.97it/s]Capturing batches (bs=64 avail_mem=26.78 GB):  69%|██████▉   | 25/36 [00:01<00:00, 23.59it/s]Capturing batches (bs=56 avail_mem=26.77 GB):  69%|██████▉   | 25/36 [00:01<00:00, 23.59it/s]Capturing batches (bs=56 avail_mem=26.77 GB):  67%|██████▋   | 24/36 [00:01<00:00, 24.55it/s]Capturing batches (bs=56 avail_mem=26.77 GB):  64%|██████▍   | 23/36 [00:01<00:00, 22.60it/s]Capturing batches (bs=72 avail_mem=26.78 GB):  67%|██████▋   | 24/36 [00:01<00:00, 24.55it/s]Capturing batches (bs=64 avail_mem=26.78 GB):  67%|██████▋   | 24/36 [00:01<00:00, 24.55it/s]Capturing batches (bs=48 avail_mem=26.77 GB):  69%|██████▉   | 25/36 [00:02<00:00, 23.59it/s]Capturing batches (bs=48 avail_mem=26.77 GB):  67%|██████▋   | 24/36 [00:01<00:00, 24.55it/s]Capturing batches (bs=56 avail_mem=26.77 GB):  72%|███████▏  | 26/36 [00:02<00:00, 24.15it/s]Capturing batches (bs=48 avail_mem=26.77 GB):  72%|███████▏  | 26/36 [00:02<00:00, 24.15it/s]Capturing batches (bs=56 avail_mem=26.77 GB):  67%|██████▋   | 24/36 [00:01<00:00, 24.55it/s]Capturing batches (bs=40 avail_mem=26.76 GB):  69%|██████▉   | 25/36 [00:02<00:00, 23.59it/s]Capturing batches (bs=48 avail_mem=26.77 GB):  75%|███████▌  | 27/36 [00:01<00:00, 25.57it/s]Capturing batches (bs=40 avail_mem=26.76 GB):  75%|███████▌  | 27/36 [00:01<00:00, 25.57it/s]Capturing batches (bs=40 avail_mem=26.76 GB):  72%|███████▏  | 26/36 [00:02<00:00, 24.15it/s]Capturing batches (bs=48 avail_mem=26.77 GB):  67%|██████▋   | 24/36 [00:01<00:00, 24.55it/s]Capturing batches (bs=40 avail_mem=26.76 GB):  78%|███████▊  | 28/36 [00:02<00:00, 24.84it/s]Capturing batches (bs=32 avail_mem=26.76 GB):  78%|███████▊  | 28/36 [00:02<00:00, 24.84it/s]Capturing batches (bs=32 avail_mem=26.76 GB):  75%|███████▌  | 27/36 [00:01<00:00, 25.57it/s]Capturing batches (bs=32 avail_mem=26.76 GB):  72%|███████▏  | 26/36 [00:02<00:00, 24.15it/s]Capturing batches (bs=48 avail_mem=26.77 GB):  75%|███████▌  | 27/36 [00:01<00:00, 25.50it/s]Capturing batches (bs=40 avail_mem=26.76 GB):  75%|███████▌  | 27/36 [00:01<00:00, 25.50it/s]Capturing batches (bs=24 avail_mem=26.75 GB):  78%|███████▊  | 28/36 [00:02<00:00, 24.84it/s]Capturing batches (bs=24 avail_mem=26.75 GB):  75%|███████▌  | 27/36 [00:01<00:00, 25.57it/s]Capturing batches (bs=32 avail_mem=26.76 GB):  81%|████████  | 29/36 [00:02<00:00, 25.13it/s]Capturing batches (bs=24 avail_mem=26.75 GB):  81%|████████  | 29/36 [00:02<00:00, 25.13it/s]Capturing batches (bs=32 avail_mem=26.76 GB):  75%|███████▌  | 27/36 [00:01<00:00, 25.50it/s]Capturing batches (bs=24 avail_mem=26.75 GB):  83%|████████▎ | 30/36 [00:01<00:00, 26.28it/s]Capturing batches (bs=16 avail_mem=26.75 GB):  83%|████████▎ | 30/36 [00:01<00:00, 26.28it/s]Capturing batches (bs=16 avail_mem=26.75 GB):  78%|███████▊  | 28/36 [00:02<00:00, 24.84it/s]Capturing batches (bs=16 avail_mem=26.75 GB):  81%|████████  | 29/36 [00:02<00:00, 25.13it/s]Capturing batches (bs=24 avail_mem=26.75 GB):  75%|███████▌  | 27/36 [00:01<00:00, 25.50it/s]Capturing batches (bs=24 avail_mem=26.75 GB):  83%|████████▎ | 30/36 [00:01<00:00, 26.18it/s]Capturing batches (bs=16 avail_mem=26.75 GB):  83%|████████▎ | 30/36 [00:01<00:00, 26.18it/s]Capturing batches (bs=12 avail_mem=26.74 GB):  83%|████████▎ | 30/36 [00:01<00:00, 26.28it/s]Capturing batches (bs=12 avail_mem=26.74 GB):  81%|████████  | 29/36 [00:02<00:00, 25.13it/s]Capturing batches (bs=16 avail_mem=26.75 GB):  86%|████████▌ | 31/36 [00:02<00:00, 22.21it/s]Capturing batches (bs=12 avail_mem=26.74 GB):  86%|████████▌ | 31/36 [00:02<00:00, 22.21it/s]Capturing batches (bs=8 avail_mem=26.74 GB):  83%|████████▎ | 30/36 [00:01<00:00, 26.28it/s] Capturing batches (bs=12 avail_mem=26.74 GB):  89%|████████▉ | 32/36 [00:02<00:00, 23.51it/s]Capturing batches (bs=8 avail_mem=26.74 GB):  89%|████████▉ | 32/36 [00:02<00:00, 23.51it/s] Capturing batches (bs=8 avail_mem=26.74 GB):  86%|████████▌ | 31/36 [00:02<00:00, 22.21it/s] Capturing batches (bs=12 avail_mem=26.74 GB):  83%|████████▎ | 30/36 [00:01<00:00, 26.18it/s]Capturing batches (bs=8 avail_mem=26.74 GB):  92%|█████████▏| 33/36 [00:01<00:00, 24.02it/s]Capturing batches (bs=4 avail_mem=26.73 GB):  92%|█████████▏| 33/36 [00:01<00:00, 24.02it/s]Capturing batches (bs=4 avail_mem=26.73 GB):  89%|████████▉ | 32/36 [00:02<00:00, 23.51it/s]Capturing batches (bs=4 avail_mem=26.73 GB):  86%|████████▌ | 31/36 [00:02<00:00, 22.21it/s]Capturing batches (bs=8 avail_mem=26.74 GB):  83%|████████▎ | 30/36 [00:01<00:00, 26.18it/s] Capturing batches (bs=2 avail_mem=26.73 GB):  92%|█████████▏| 33/36 [00:02<00:00, 24.02it/s]Capturing batches (bs=2 avail_mem=26.73 GB):  89%|████████▉ | 32/36 [00:02<00:00, 23.51it/s]Capturing batches (bs=2 avail_mem=26.73 GB):  86%|████████▌ | 31/36 [00:02<00:00, 22.21it/s]Capturing batches (bs=8 avail_mem=26.74 GB):  92%|█████████▏| 33/36 [00:01<00:00, 25.01it/s]Capturing batches (bs=4 avail_mem=26.73 GB):  92%|█████████▏| 33/36 [00:01<00:00, 25.01it/s]Capturing batches (bs=1 avail_mem=26.72 GB):  92%|█████████▏| 33/36 [00:02<00:00, 24.02it/s]Capturing batches (bs=1 avail_mem=26.72 GB):  89%|████████▉ | 32/36 [00:02<00:00, 23.51it/s]Capturing batches (bs=2 avail_mem=26.73 GB):  97%|█████████▋| 35/36 [00:02<00:00, 25.51it/s]Capturing batches (bs=1 avail_mem=26.72 GB):  97%|█████████▋| 35/36 [00:02<00:00, 25.51it/s]Capturing batches (bs=2 avail_mem=26.73 GB):  92%|█████████▏| 33/36 [00:01<00:00, 25.01it/s]Capturing batches (bs=1 avail_mem=26.72 GB): 100%|██████████| 36/36 [00:02<00:00, 17.40it/s]
Capturing batches (bs=1 avail_mem=26.72 GB): 100%|██████████| 36/36 [00:02<00:00, 26.86it/s]Capturing batches (bs=1 avail_mem=26.72 GB): 100%|██████████| 36/36 [00:02<00:00, 15.14it/s]
Capturing batches (bs=1 avail_mem=26.72 GB): 100%|██████████| 36/36 [00:02<00:00, 15.05it/s]
Capturing batches (bs=1 avail_mem=26.72 GB):  92%|█████████▏| 33/36 [00:02<00:00, 25.01it/s]Capturing batches (bs=1 avail_mem=26.72 GB): 100%|██████████| 36/36 [00:02<00:00, 17.56it/s]
Disable piecewise CUDA graph because the capture size is not set
Failed to get yes/no token IDs dynamically: 'NoneType' object has no attribute 'encode'
Using fallback token IDs for yes/no (9693/2152)
Disable piecewise CUDA graph because the capture size is not set
Failed to get yes/no token IDs dynamically: 'NoneType' object has no attribute 'encode'
Using fallback token IDs for yes/no (9693/2152)
Disable piecewise CUDA graph because the capture size is not set
Disable piecewise CUDA graph because the capture size is not set
Failed to get yes/no token IDs dynamically: 'NoneType' object has no attribute 'encode'
Using fallback token IDs for yes/no (9693/2152)
Failed to get yes/no token IDs dynamically: 'NoneType' object has no attribute 'encode'
Using fallback token IDs for yes/no (9693/2152)
[92m[1;38;2;180;140;80m(AReaL)[0m [92m20261002-23:39:50.343 InferenceTargets INFO: sglang metrics targets written to /storage/openpsi/users/fenghui/projects/AReaL-muon/research/muon/evidence/baseline-aligned-3epoch-20261002/muon/results/logs/root/gsm8k-grpo-megatron-muon-baseline3/trial0/sglang_targets.json (4 groups, role=rollout, source=separation)
[96m[1;38;2;180;140;80m(AReaL)[0m [96m20261002-23:39:50.348 [RemoteInfEngine Rank 1] INFO: Get server addresses from the local subprocess.
[96m[1;38;2;180;140;80m(AReaL)[0m [96m20261002-23:39:50.348 [RemoteInfEngine Rank 2] INFO: Get server addresses from the local subprocess.
[96m[1;38;2;180;140;80m(AReaL)[0m [96m20261002-23:39:50.348 [RemoteInfEngine Rank 3] INFO: Get server addresses from the local subprocess.
[96m[1;38;2;180;140;80m(AReaL)[0m [96m20261002-23:39:50.348 [RemoteInfEngine Rank 0] INFO: Get server addresses from the local subprocess.
[96m[1;38;2;180;140;80m(AReaL)[0m [96m20261002-23:39:50.348 [RemoteInfEngine Rank 1] INFO: Waiting for server ready...
[96m[1;38;2;180;140;80m(AReaL)[0m [96m20261002-23:39:50.348 [RemoteInfEngine Rank 2] INFO: Waiting for server ready...
[96m[1;38;2;180;140;80m(AReaL)[0m [96m20261002-23:39:50.348 [RemoteInfEngine Rank 3] INFO: Waiting for server ready...
[96m[1;38;2;180;140;80m(AReaL)[0m [96m20261002-23:39:50.348 [RemoteInfEngine Rank 0] INFO: Waiting for server ready...
[96m[1;38;2;180;140;80m(AReaL)[0m [96m20261002-23:39:51.350 [RemoteInfEngine Rank 2] INFO: Servers are all ready!
[96m[1;38;2;180;140;80m(AReaL)[0m [96m20261002-23:39:51.350 [RemoteInfEngine Rank 1] INFO: Servers are all ready!
[96m[1;38;2;180;140;80m(AReaL)[0m [96m20261002-23:39:51.350 [RemoteInfEngine Rank 0] INFO: Servers are all ready!
[96m[1;38;2;180;140;80m(AReaL)[0m [96m20261002-23:39:51.351 [RemoteInfEngine Rank 3] INFO: Servers are all ready!
[37m[1;38;2;180;140;80m(AReaL)[0m [37m20261002-23:39:51.352 RolloutController INFO: All engines are initialized...
[37m[1;38;2;180;140;80m(AReaL)[0m [37m20261002-23:39:51.358 RolloutController INFO: Callback server started on 33.180.166.157:13617
[37m[1;38;2;180;140;80m(AReaL)[0m [37m20261002-23:39:51.374 RolloutController INFO: Creating workers via scheduler...
[34m[1;38;2;180;140;80m(AReaL)[0m [34m20261002-23:39:51.374 LocalScheduler INFO: Creating 4 workers for role 'eval-rollout' (strategy: SchedulingStrategyType.colocation, colocate_with: rollout)
[37m[1;38;2;180;140;80m(AReaL)[0m [37m20261002-23:39:51.378 Guard INFO: Forking new worker process for role 'eval-rollout' index 2
[37m[1;38;2;180;140;80m(AReaL)[0m [37m20261002-23:39:51.378 Guard INFO: Forking new worker process for role 'eval-rollout' index 3
[37m[1;38;2;180;140;80m(AReaL)[0m [37m20261002-23:39:51.378 Guard INFO: Forking new worker process for role 'eval-rollout' index 1
[37m[1;38;2;180;140;80m(AReaL)[0m [37m20261002-23:39:51.378 Guard INFO: Forking new worker process for role 'eval-rollout' index 0
[37m[1;38;2;180;140;80m(AReaL)[0m [37m20261002-23:39:51.379 Guard INFO: Forked worker logs will be written to: /storage/openpsi/users/fenghui/projects/AReaL-muon/research/muon/evidence/baseline-aligned-3epoch-20261002/muon/results/logs/root/gsm8k-grpo-megatron-muon-baseline3/trial0/eval-rollout.log
[37m[1;38;2;180;140;80m(AReaL)[0m [37m20261002-23:39:51.379 Guard INFO: Forked worker logs will be written to: /storage/openpsi/users/fenghui/projects/AReaL-muon/research/muon/evidence/baseline-aligned-3epoch-20261002/muon/results/logs/root/gsm8k-grpo-megatron-muon-baseline3/trial0/eval-rollout.log
[37m[1;38;2;180;140;80m(AReaL)[0m [37m20261002-23:39:51.380 Guard INFO: Forked worker logs will be written to: /storage/openpsi/users/fenghui/projects/AReaL-muon/research/muon/evidence/baseline-aligned-3epoch-20261002/muon/results/logs/root/gsm8k-grpo-megatron-muon-baseline3/trial0/eval-rollout.log
[37m[1;38;2;180;140;80m(AReaL)[0m [37m20261002-23:39:51.380 Guard INFO: Forked worker logs will be written to: /storage/openpsi/users/fenghui/projects/AReaL-muon/research/muon/evidence/baseline-aligned-3epoch-20261002/muon/results/logs/root/gsm8k-grpo-megatron-muon-baseline3/trial0/eval-rollout.log
[37m[1;38;2;180;140;80m(AReaL)[0m [37m20261002-23:39:51.380 Guard INFO: Forked worker for role 'eval-rollout' index 2 spawned (pid=32133)
[37m[1;38;2;180;140;80m(AReaL)[0m [37m20261002-23:39:51.380 Guard INFO: Forked worker for role 'eval-rollout' index 3 spawned (pid=32134)
[37m[1;38;2;180;140;80m(AReaL)[0m [37m20261002-23:39:51.381 Guard INFO: Forked worker for role 'eval-rollout' index 1 spawned (pid=32135)
[37m[1;38;2;180;140;80m(AReaL)[0m [37m20261002-23:39:51.381 Guard INFO: Forked worker for role 'eval-rollout' index 0 spawned (pid=32136)
[37m[1;38;2;180;140;80m(AReaL)[0m [37m20261002-23:39:59.422 SyncRPCServer INFO: Werkzeug log level: WARNING
[37m[1;38;2;180;140;80m(AReaL)[0m [37m20261002-23:39:59.424 Guard INFO: Starting Guard on 33.180.166.157:11603 for worker eval-rollout/0
[37m[1;38;2;180;140;80m(AReaL)[0m [37m20261002-23:39:59.625 SyncRPCServer INFO: Werkzeug log level: WARNING
[37m[1;38;2;180;140;80m(AReaL)[0m [37m20261002-23:39:59.627 Guard INFO: Starting Guard on 33.180.166.157:18132 for worker eval-rollout/0
[37m[1;38;2;180;140;80m(AReaL)[0m [37m20261002-23:39:59.799 SyncRPCServer INFO: Werkzeug log level: WARNING
[37m[1;38;2;180;140;80m(AReaL)[0m [37m20261002-23:39:59.800 Guard INFO: Starting Guard on 33.180.166.157:13803 for worker eval-rollout/0
[37m[1;38;2;180;140;80m(AReaL)[0m [37m20261002-23:39:59.803 SyncRPCServer INFO: Werkzeug log level: WARNING
[37m[1;38;2;180;140;80m(AReaL)[0m [37m20261002-23:39:59.804 Guard INFO: Starting Guard on 33.180.166.157:11348 for worker eval-rollout/0
[34m[1;38;2;180;140;80m(AReaL)[0m [34m20261002-23:39:59.903 LocalScheduler INFO: Forked worker eval-rollout/1 created at 33.180.166.157:11603 (pid=32135) from rollout/1
[34m[1;38;2;180;140;80m(AReaL)[0m [34m20261002-23:39:59.904 LocalScheduler INFO: Forked worker eval-rollout/3 created at 33.180.166.157:18132 (pid=32134) from rollout/3
[34m[1;38;2;180;140;80m(AReaL)[0m [34m20261002-23:39:59.904 LocalScheduler INFO: Forked worker eval-rollout/2 created at 33.180.166.157:13803 (pid=32133) from rollout/2
[34m[1;38;2;180;140;80m(AReaL)[0m [34m20261002-23:39:59.904 LocalScheduler INFO: Forked worker eval-rollout/0 created at 33.180.166.157:11348 (pid=32136) from rollout/0
[34m[1;38;2;180;140;80m(AReaL)[0m [34m20261002-23:39:59.905 LocalScheduler INFO: Role 'eval-rollout' forked from 'rollout': created 4 new worker processes
[37m[1;38;2;180;140;80m(AReaL)[0m [37m20261002-23:39:59.911 EngineBP INFO: Engine thread started
[37m[1;38;2;180;140;80m(AReaL)[0m [37m20261002-23:39:59.911 EngineBP INFO: Engine thread initialized
[96m[1;38;2;180;140;80m(AReaL)[0m [96m20261002-23:40:00.751 PlatformInit INFO: Detected CUDA device: NVIDIA L20X
[96m[1;38;2;180;140;80m(AReaL)[0m [96m20261002-23:40:00.752 PlatformInit INFO: Initializing CUDA platform (NVIDIA).
[34m[1;38;2;180;140;80m(AReaL)[0m [34m20261002-23:40:00.753 LocalScheduler INFO: Configuration successfully on worker 'eval-rollout/0'
[37m[1;38;2;180;140;80m(AReaL)[0m [37m20261002-23:40:00.759 EngineBP INFO: Engine thread started
[37m[1;38;2;180;140;80m(AReaL)[0m [37m20261002-23:40:00.760 EngineBP INFO: Engine thread initialized
[96m[1;38;2;180;140;80m(AReaL)[0m [96m20261002-23:40:01.603 PlatformInit INFO: Detected CUDA device: NVIDIA L20X
[96m[1;38;2;180;140;80m(AReaL)[0m [96m20261002-23:40:01.603 PlatformInit INFO: Initializing CUDA platform (NVIDIA).
[34m[1;38;2;180;140;80m(AReaL)[0m [34m20261002-23:40:01.605 LocalScheduler INFO: Configuration successfully on worker 'eval-rollout/1'
[37m[1;38;2;180;140;80m(AReaL)[0m [37m20261002-23:40:01.612 EngineBP INFO: Engine thread started
[37m[1;38;2;180;140;80m(AReaL)[0m [37m20261002-23:40:01.612 EngineBP INFO: Engine thread initialized
[96m[1;38;2;180;140;80m(AReaL)[0m [96m20261002-23:40:02.473 PlatformInit INFO: Detected CUDA device: NVIDIA L20X
[96m[1;38;2;180;140;80m(AReaL)[0m [96m20261002-23:40:02.473 PlatformInit INFO: Initializing CUDA platform (NVIDIA).
[34m[1;38;2;180;140;80m(AReaL)[0m [34m20261002-23:40:02.474 LocalScheduler INFO: Configuration successfully on worker 'eval-rollout/2'
[37m[1;38;2;180;140;80m(AReaL)[0m [37m20261002-23:40:02.482 EngineBP INFO: Engine thread started
[37m[1;38;2;180;140;80m(AReaL)[0m [37m20261002-23:40:02.482 EngineBP INFO: Engine thread initialized
[96m[1;38;2;180;140;80m(AReaL)[0m [96m20261002-23:40:03.351 PlatformInit INFO: Detected CUDA device: NVIDIA L20X
[96m[1;38;2;180;140;80m(AReaL)[0m [96m20261002-23:40:03.351 PlatformInit INFO: Initializing CUDA platform (NVIDIA).
[34m[1;38;2;180;140;80m(AReaL)[0m [34m20261002-23:40:03.353 LocalScheduler INFO: Configuration successfully on worker 'eval-rollout/3'
[34m[1;38;2;180;140;80m(AReaL)[0m [34m20261002-23:40:03.353 LocalScheduler INFO: Role 'eval-rollout' colocated with 'rollout': reusing workers ['eval-rollout/0', 'eval-rollout/1', 'eval-rollout/2', 'eval-rollout/3']
[37m[1;38;2;180;140;80m(AReaL)[0m [37m20261002-23:40:03.354 RolloutController INFO: Workers created: ['eval-rollout/0', 'eval-rollout/1', 'eval-rollout/2', 'eval-rollout/3']
[37m[1;38;2;180;140;80m(AReaL)[0m [37m20261002-23:40:03.354 RolloutController INFO: Waiting for workers to be ready...
[34m[1;38;2;180;140;80m(AReaL)[0m [34m20261002-23:40:03.361 LocalScheduler INFO: All 4 workers for role 'eval-rollout' are ready
[37m[1;38;2;180;140;80m(AReaL)[0m [37m20261002-23:40:03.361 RolloutController INFO: Workers ready: ['eval-rollout/0', 'eval-rollout/1', 'eval-rollout/2', 'eval-rollout/3']
[37m[1;38;2;180;140;80m(AReaL)[0m [37m20261002-23:40:03.361 RolloutController INFO: Creating engines...
[37m[1;38;2;180;140;80m(AReaL)[0m [37m20261002-23:40:03.371 EngineBP INFO: Engine 'eval-rollout/3' (class: areal.engine.sglang_remote.RemoteSGLangEngine) instantiated successfully
[37m[1;38;2;180;140;80m(AReaL)[0m [37m20261002-23:40:03.371 EngineBP INFO: Engine 'eval-rollout/2' (class: areal.engine.sglang_remote.RemoteSGLangEngine) instantiated successfully
[37m[1;38;2;180;140;80m(AReaL)[0m [37m20261002-23:40:03.372 EngineBP INFO: Engine 'eval-rollout/1' (class: areal.engine.sglang_remote.RemoteSGLangEngine) instantiated successfully
[37m[1;38;2;180;140;80m(AReaL)[0m [37m20261002-23:40:03.372 EngineBP INFO: Engine 'eval-rollout/0' (class: areal.engine.sglang_remote.RemoteSGLangEngine) instantiated successfully
[37m[1;38;2;180;140;80m(AReaL)[0m [37m20261002-23:40:03.373 RolloutController INFO: Engine created on all workers!
[37m[1;38;2;180;140;80m(AReaL)[0m [37m20261002-23:40:03.373 RolloutController INFO: Calling engine initialization...
[96m[1;38;2;180;140;80m(AReaL)[0m [96m20261002-23:40:03.376 [RemoteInfEngine Rank 1] INFO: Get server addresses from the `addr` argument.
[96m[1;38;2;180;140;80m(AReaL)[0m [96m20261002-23:40:03.376 [RemoteInfEngine Rank 2] INFO: Get server addresses from the `addr` argument.
[96m[1;38;2;180;140;80m(AReaL)[0m [96m20261002-23:40:03.376 [RemoteInfEngine Rank 0] INFO: Get server addresses from the `addr` argument.
[96m[1;38;2;180;140;80m(AReaL)[0m [96m20261002-23:40:03.376 [RemoteInfEngine Rank 1] INFO: Waiting for server ready...
[96m[1;38;2;180;140;80m(AReaL)[0m [96m20261002-23:40:03.376 [RemoteInfEngine Rank 2] INFO: Waiting for server ready...
[96m[1;38;2;180;140;80m(AReaL)[0m [96m20261002-23:40:03.376 [RemoteInfEngine Rank 0] INFO: Waiting for server ready...
[96m[1;38;2;180;140;80m(AReaL)[0m [96m20261002-23:40:03.376 [RemoteInfEngine Rank 3] INFO: Get server addresses from the `addr` argument.
[96m[1;38;2;180;140;80m(AReaL)[0m [96m20261002-23:40:03.377 [RemoteInfEngine Rank 3] INFO: Waiting for server ready...
[96m[1;38;2;180;140;80m(AReaL)[0m [96m20261002-23:40:04.379 [RemoteInfEngine Rank 0] INFO: Servers are all ready!
[96m[1;38;2;180;140;80m(AReaL)[0m [96m20261002-23:40:04.379 [RemoteInfEngine Rank 1] INFO: Servers are all ready!
[96m[1;38;2;180;140;80m(AReaL)[0m [96m20261002-23:40:04.380 [RemoteInfEngine Rank 3] INFO: Servers are all ready!
[96m[1;38;2;180;140;80m(AReaL)[0m [96m20261002-23:40:04.380 [RemoteInfEngine Rank 2] INFO: Servers are all ready!
[37m[1;38;2;180;140;80m(AReaL)[0m [37m20261002-23:40:04.381 RolloutController INFO: All engines are initialized...
[37m[1;38;2;180;140;80m(AReaL)[0m [37m20261002-23:40:04.387 RolloutController INFO: Callback server started on 33.180.166.157:10423
[96m[1;38;2;180;140;80m(AReaL)[0m [96m20261002-23:40:04.395 [MegatronEngine Rank 0] INFO: Initializing weight update group: type=xccl init_method=tcp://33.180.166.157:18153 group=update_weight_group_0
[96m[1;38;2;180;140;80m(AReaL)[0m [96m20261002-23:40:04.422 [RemoteInfEngine Rank 2] INFO: Initializing weight update group: group=update_weight_group_0, addresses=['33.180.166.157:32409']
[96m[1;38;2;180;140;80m(AReaL)[0m [96m20261002-23:40:04.422 [RemoteInfEngine Rank 3] INFO: Initializing weight update group: group=update_weight_group_0, addresses=['33.180.166.157:17617']
[96m[1;38;2;180;140;80m(AReaL)[0m [96m20261002-23:40:04.422 [RemoteInfEngine Rank 0] INFO: Initializing weight update group: group=update_weight_group_0, addresses=['33.180.166.157:21937']
[96m[1;38;2;180;140;80m(AReaL)[0m [96m20261002-23:40:04.422 [RemoteInfEngine Rank 1] INFO: Initializing weight update group: group=update_weight_group_0, addresses=['33.180.166.157:18508']
[96m[1;38;2;180;140;80m(AReaL)[0m [96m20261002-23:40:04.427 [RemoteInfEngine Rank 0] INFO: Initialized NCCL group for distributed weight update for update_weight_group_0.
[96m[1;38;2;180;140;80m(AReaL)[0m [96m20261002-23:40:04.427 [RemoteInfEngine Rank 2] INFO: Initialized NCCL group for distributed weight update for update_weight_group_0.
[96m[1;38;2;180;140;80m(AReaL)[0m [96m20261002-23:40:04.428 [RemoteInfEngine Rank 3] INFO: Initialized NCCL group for distributed weight update for update_weight_group_0.
[96m[1;38;2;180;140;80m(AReaL)[0m [96m20261002-23:40:04.428 [RemoteInfEngine Rank 1] INFO: Initialized NCCL group for distributed weight update for update_weight_group_0.
swanlab: SwanLab run disabled, the data will not be saved or uploaded.
[92m[1;38;2;180;140;80m(AReaL)[0m [92m20261002-23:40:04.641 PerfTracer INFO: Configured global PerfTracer: enabled=False, session_tracing=False, rank=0, role=master
[92m[1;38;2;180;140;80m(AReaL)[0m [92m20261002-23:40:04.645 PerfTracer INFO: Configured global PerfTracer: enabled=False, session_tracing=False, rank=1, role=actor
[92m[1;38;2;180;140;80m(AReaL)[0m [92m20261002-23:40:04.645 PerfTracer INFO: Configured global PerfTracer: enabled=False, session_tracing=False, rank=3, role=actor
[92m[1;38;2;180;140;80m(AReaL)[0m [92m20261002-23:40:04.645 PerfTracer INFO: Configured global PerfTracer: enabled=False, session_tracing=False, rank=2, role=actor
[92m[1;38;2;180;140;80m(AReaL)[0m [92m20261002-23:40:04.645 PerfTracer INFO: Configured global PerfTracer: enabled=False, session_tracing=False, rank=0, role=actor
[92m[1;38;2;180;140;80m(AReaL)[0m [92m20261002-23:40:04.650 PerfTracer INFO: Configured global PerfTracer: enabled=False, session_tracing=False, rank=0, role=rollout
[92m[1;38;2;180;140;80m(AReaL)[0m [92m20261002-23:40:04.650 PerfTracer INFO: Configured global PerfTracer: enabled=False, session_tracing=False, rank=1, role=rollout
[92m[1;38;2;180;140;80m(AReaL)[0m [92m20261002-23:40:04.650 PerfTracer INFO: Configured global PerfTracer: enabled=False, session_tracing=False, rank=2, role=rollout
[92m[1;38;2;180;140;80m(AReaL)[0m [92m20261002-23:40:04.650 PerfTracer INFO: Configured global PerfTracer: enabled=False, session_tracing=False, rank=3, role=rollout
[92m[1;38;2;180;140;80m(AReaL)[0m [92m20261002-23:40:04.653 PerfTracer INFO: Configured global PerfTracer: enabled=False, session_tracing=False, rank=2, role=eval-rollout
[92m[1;38;2;180;140;80m(AReaL)[0m [92m20261002-23:40:04.653 PerfTracer INFO: Configured global PerfTracer: enabled=False, session_tracing=False, rank=3, role=eval-rollout
[92m[1;38;2;180;140;80m(AReaL)[0m [92m20261002-23:40:04.653 PerfTracer INFO: Configured global PerfTracer: enabled=False, session_tracing=False, rank=1, role=eval-rollout
[92m[1;38;2;180;140;80m(AReaL)[0m [92m20261002-23:40:04.653 PerfTracer INFO: Configured global PerfTracer: enabled=False, session_tracing=False, rank=0, role=eval-rollout
[92m[1;38;2;180;140;80m(AReaL)[0m [92m20261002-23:40:05.546 RLTrainer INFO: Initializing proxy workers for AgentWorkflow support
[37m[1;38;2;180;140;80m(AReaL)[0m [37m20261002-23:40:05.551 Guard INFO: Forking new worker process for role 'proxy-rollout' index 1
[37m[1;38;2;180;140;80m(AReaL)[0m [37m20261002-23:40:05.551 Guard INFO: Forking new worker process for role 'proxy-rollout' index 3
[37m[1;38;2;180;140;80m(AReaL)[0m [37m20261002-23:40:05.551 Guard INFO: Forking new worker process for role 'proxy-rollout' index 2
[37m[1;38;2;180;140;80m(AReaL)[0m [37m20261002-23:40:05.551 Guard INFO: Forking new worker process for role 'proxy-rollout' index 0
[37m[1;38;2;180;140;80m(AReaL)[0m [37m20261002-23:40:05.551 Guard INFO: Forked worker logs will be written to: /storage/openpsi/users/fenghui/projects/AReaL-muon/research/muon/evidence/baseline-aligned-3epoch-20261002/muon/results/logs/root/gsm8k-grpo-megatron-muon-baseline3/trial0/proxy-rollout.log
[37m[1;38;2;180;140;80m(AReaL)[0m [37m20261002-23:40:05.552 Guard INFO: Forked worker logs will be written to: /storage/openpsi/users/fenghui/projects/AReaL-muon/research/muon/evidence/baseline-aligned-3epoch-20261002/muon/results/logs/root/gsm8k-grpo-megatron-muon-baseline3/trial0/proxy-rollout.log
[37m[1;38;2;180;140;80m(AReaL)[0m [37m20261002-23:40:05.552 Guard INFO: Forked worker logs will be written to: /storage/openpsi/users/fenghui/projects/AReaL-muon/research/muon/evidence/baseline-aligned-3epoch-20261002/muon/results/logs/root/gsm8k-grpo-megatron-muon-baseline3/trial0/proxy-rollout.log
[37m[1;38;2;180;140;80m(AReaL)[0m [37m20261002-23:40:05.553 Guard INFO: Forked worker for role 'proxy-rollout' index 1 spawned (pid=32369)
[37m[1;38;2;180;140;80m(AReaL)[0m [37m20261002-23:40:05.553 Guard INFO: Forked worker logs will be written to: /storage/openpsi/users/fenghui/projects/AReaL-muon/research/muon/evidence/baseline-aligned-3epoch-20261002/muon/results/logs/root/gsm8k-grpo-megatron-muon-baseline3/trial0/proxy-rollout.log
[37m[1;38;2;180;140;80m(AReaL)[0m [37m20261002-23:40:05.553 Guard INFO: Forked worker for role 'proxy-rollout' index 3 spawned (pid=32370)
[37m[1;38;2;180;140;80m(AReaL)[0m [37m20261002-23:40:05.553 Guard INFO: Forked worker for role 'proxy-rollout' index 2 spawned (pid=32371)
[37m[1;38;2;180;140;80m(AReaL)[0m [37m20261002-23:40:05.554 Guard INFO: Forked worker for role 'proxy-rollout' index 0 spawned (pid=32372)
[92m23:40:13 - LiteLLM:WARNING[0m: get_model_cost_map.py:271 - LiteLLM: Failed to fetch remote model cost map from https://raw.githubusercontent.com/BerriAI/litellm/main/model_prices_and_context_window.json: [Errno 104] Connection reset by peer. Falling back to local backup.
[92m23:40:13 - LiteLLM:WARNING[0m: get_model_cost_map.py:271 - LiteLLM: Failed to fetch remote model cost map from https://raw.githubusercontent.com/BerriAI/litellm/main/model_prices_and_context_window.json: [Errno 104] Connection reset by peer. Falling back to local backup.
[92m23:40:14 - LiteLLM:WARNING[0m: get_model_cost_map.py:271 - LiteLLM: Failed to fetch remote model cost map from https://raw.githubusercontent.com/BerriAI/litellm/main/model_prices_and_context_window.json: [Errno 104] Connection reset by peer. Falling back to local backup.
[37m[1;38;2;180;140;80m(AReaL)[0m [37m20261002-23:40:15.282 ProxyRolloutServer INFO: Starting proxy rollout server on 33.180.166.157:15564 for worker proxy-rollout/3
[37m[1;38;2;180;140;80m(AReaL)[0m [37m20261002-23:40:15.282 ProxyRolloutServer INFO: Starting proxy rollout server on 33.180.166.157:19177 for worker proxy-rollout/0
[34m[1;38;2;180;140;80m(AReaL)[0m [34m20261002-23:40:15.586 LocalScheduler INFO: Forked worker proxy-rollout/0 created at 33.180.166.157:19177 (pid=32372) from rollout/0
[34m[1;38;2;180;140;80m(AReaL)[0m [34m20261002-23:40:15.587 LocalScheduler INFO: Forked worker proxy-rollout/3 created at 33.180.166.157:15564 (pid=32370) from rollout/3
[37m[1;38;2;180;140;80m(AReaL)[0m [37m20261002-23:40:15.917 ProxyRolloutServer INFO: Starting proxy rollout server on 33.180.166.157:10356 for worker proxy-rollout/2
[34m[1;38;2;180;140;80m(AReaL)[0m [34m20261002-23:40:16.084 LocalScheduler INFO: Forked worker proxy-rollout/2 created at 33.180.166.157:10356 (pid=32371) from rollout/2
[92m23:40:25 - LiteLLM:WARNING[0m: get_model_cost_map.py:271 - LiteLLM: Failed to fetch remote model cost map from https://raw.githubusercontent.com/BerriAI/litellm/main/model_prices_and_context_window.json: The read operation timed out. Falling back to local backup.
[37m[1;38;2;180;140;80m(AReaL)[0m [37m20261002-23:40:26.893 ProxyRolloutServer INFO: Starting proxy rollout server on 33.180.166.157:22523 for worker proxy-rollout/1
[34m[1;38;2;180;140;80m(AReaL)[0m [34m20261002-23:40:27.105 LocalScheduler INFO: Forked worker proxy-rollout/1 created at 33.180.166.157:22523 (pid=32369) from rollout/1
[34m[1;38;2;180;140;80m(AReaL)[0m [34m20261002-23:40:27.106 LocalScheduler INFO: Role 'proxy-rollout' forked from 'rollout': created 4 new worker processes
[96m[1;38;2;180;140;80m(AReaL)[0m [96m20261002-23:40:27.822 PlatformInit INFO: Detected CUDA device: NVIDIA L20X
[96m[1;38;2;180;140;80m(AReaL)[0m [96m20261002-23:40:27.822 PlatformInit INFO: Initializing CUDA platform (NVIDIA).
[34m[1;38;2;180;140;80m(AReaL)[0m [34m20261002-23:40:27.823 LocalScheduler INFO: Configuration successfully on worker 'proxy-rollout/0'
[96m[1;38;2;180;140;80m(AReaL)[0m [96m20261002-23:40:28.549 PlatformInit INFO: Detected CUDA device: NVIDIA L20X
[96m[1;38;2;180;140;80m(AReaL)[0m [96m20261002-23:40:28.550 PlatformInit INFO: Initializing CUDA platform (NVIDIA).
[34m[1;38;2;180;140;80m(AReaL)[0m [34m20261002-23:40:28.551 LocalScheduler INFO: Configuration successfully on worker 'proxy-rollout/1'
[96m[1;38;2;180;140;80m(AReaL)[0m [96m20261002-23:40:29.276 PlatformInit INFO: Detected CUDA device: NVIDIA L20X
[96m[1;38;2;180;140;80m(AReaL)[0m [96m20261002-23:40:29.276 PlatformInit INFO: Initializing CUDA platform (NVIDIA).
[34m[1;38;2;180;140;80m(AReaL)[0m [34m20261002-23:40:29.277 LocalScheduler INFO: Configuration successfully on worker 'proxy-rollout/2'
[96m[1;38;2;180;140;80m(AReaL)[0m [96m20261002-23:40:29.983 PlatformInit INFO: Detected CUDA device: NVIDIA L20X
[96m[1;38;2;180;140;80m(AReaL)[0m [96m20261002-23:40:29.984 PlatformInit INFO: Initializing CUDA platform (NVIDIA).
[34m[1;38;2;180;140;80m(AReaL)[0m [34m20261002-23:40:29.984 LocalScheduler INFO: Configuration successfully on worker 'proxy-rollout/3'
[37m[1;38;2;180;140;80m(AReaL)[0m [37m20261002-23:40:29.985 RolloutController INFO: Proxy workers forked: ['proxy-rollout/0', 'proxy-rollout/1', 'proxy-rollout/2', 'proxy-rollout/3']
[34m[1;38;2;180;140;80m(AReaL)[0m [34m20261002-23:40:29.992 LocalScheduler INFO: All 4 workers for role 'proxy-rollout' are ready
[37m[1;38;2;180;140;80m(AReaL)[0m [37m20261002-23:40:29.993 RolloutController INFO: Proxy workers: ['proxy-rollout/0', 'proxy-rollout/1', 'proxy-rollout/2', 'proxy-rollout/3']
[37m[1;38;2;180;140;80m(AReaL)[0m [37m20261002-23:40:30.007 RolloutController INFO: Proxy engines created
[96m[1;38;2;180;140;80m(AReaL)[0m [96m20261002-23:40:30.148 [RemoteInfEngine Rank ea83f6109f734d01b320b00b97263e14] INFO: Get server addresses from the `addr` argument.
[96m[1;38;2;180;140;80m(AReaL)[0m [96m20261002-23:40:30.148 [RemoteInfEngine Rank 38520d330201478692703e165bd3feff] INFO: Get server addresses from the `addr` argument.
[96m[1;38;2;180;140;80m(AReaL)[0m [96m20261002-23:40:30.148 [RemoteInfEngine Rank ea83f6109f734d01b320b00b97263e14] INFO: Waiting for server ready...
[96m[1;38;2;180;140;80m(AReaL)[0m [96m20261002-23:40:30.149 [RemoteInfEngine Rank 38520d330201478692703e165bd3feff] INFO: Waiting for server ready...
[96m[1;38;2;180;140;80m(AReaL)[0m [96m20261002-23:40:30.150 [RemoteInfEngine Rank b57073f06e7e4d2b8cb405f71f296646] INFO: Get server addresses from the `addr` argument.
[96m[1;38;2;180;140;80m(AReaL)[0m [96m20261002-23:40:30.150 [RemoteInfEngine Rank b57073f06e7e4d2b8cb405f71f296646] INFO: Waiting for server ready...
[96m[1;38;2;180;140;80m(AReaL)[0m [96m20261002-23:40:30.161 [RemoteInfEngine Rank 565b5a7b4608409099253e4882092bf2] INFO: Get server addresses from the `addr` argument.
[96m[1;38;2;180;140;80m(AReaL)[0m [96m20261002-23:40:30.162 [RemoteInfEngine Rank 565b5a7b4608409099253e4882092bf2] INFO: Waiting for server ready...
[96m[1;38;2;180;140;80m(AReaL)[0m [96m20261002-23:40:31.152 [RemoteInfEngine Rank ea83f6109f734d01b320b00b97263e14] INFO: Servers are all ready!
[96m[1;38;2;180;140;80m(AReaL)[0m [96m20261002-23:40:31.152 [RemoteInfEngine Rank 38520d330201478692703e165bd3feff] INFO: Servers are all ready!
[96m[1;38;2;180;140;80m(AReaL)[0m [96m20261002-23:40:31.153 [RemoteInfEngine Rank b57073f06e7e4d2b8cb405f71f296646] INFO: Servers are all ready!
[96m[1;38;2;180;140;80m(AReaL)[0m [96m20261002-23:40:31.166 [RemoteInfEngine Rank 565b5a7b4608409099253e4882092bf2] INFO: Servers are all ready!
[37m[1;38;2;180;140;80m(AReaL)[0m [37m20261002-23:40:32.175 RolloutController INFO: Proxy servers initialized. Addresses: ['http://33.180.166.157:19177', 'http://33.180.166.157:22523', 'http://33.180.166.157:10356', 'http://33.180.166.157:15564']
[37m[1;38;2;180;140;80m(AReaL)[0m [37m20261002-23:40:32.179 Guard INFO: Forking new worker process for role 'proxy-eval-rollout' index 2
[37m[1;38;2;180;140;80m(AReaL)[0m [37m20261002-23:40:32.179 Guard INFO: Forking new worker process for role 'proxy-eval-rollout' index 1
[37m[1;38;2;180;140;80m(AReaL)[0m [37m20261002-23:40:32.179 Guard INFO: Forking new worker process for role 'proxy-eval-rollout' index 0
[37m[1;38;2;180;140;80m(AReaL)[0m [37m20261002-23:40:32.179 Guard INFO: Forking new worker process for role 'proxy-eval-rollout' index 3
[37m[1;38;2;180;140;80m(AReaL)[0m [37m20261002-23:40:32.182 Guard INFO: Forked worker logs will be written to: /storage/openpsi/users/fenghui/projects/AReaL-muon/research/muon/evidence/baseline-aligned-3epoch-20261002/muon/results/logs/root/gsm8k-grpo-megatron-muon-baseline3/trial0/proxy-eval-rollout.log
[37m[1;38;2;180;140;80m(AReaL)[0m [37m20261002-23:40:32.182 Guard INFO: Forked worker logs will be written to: /storage/openpsi/users/fenghui/projects/AReaL-muon/research/muon/evidence/baseline-aligned-3epoch-20261002/muon/results/logs/root/gsm8k-grpo-megatron-muon-baseline3/trial0/proxy-eval-rollout.log
[37m[1;38;2;180;140;80m(AReaL)[0m [37m20261002-23:40:32.183 Guard INFO: Forked worker logs will be written to: /storage/openpsi/users/fenghui/projects/AReaL-muon/research/muon/evidence/baseline-aligned-3epoch-20261002/muon/results/logs/root/gsm8k-grpo-megatron-muon-baseline3/trial0/proxy-eval-rollout.log
[37m[1;38;2;180;140;80m(AReaL)[0m [37m20261002-23:40:32.183 Guard INFO: Forked worker logs will be written to: /storage/openpsi/users/fenghui/projects/AReaL-muon/research/muon/evidence/baseline-aligned-3epoch-20261002/muon/results/logs/root/gsm8k-grpo-megatron-muon-baseline3/trial0/proxy-eval-rollout.log
[37m[1;38;2;180;140;80m(AReaL)[0m [37m20261002-23:40:32.183 Guard INFO: Forked worker for role 'proxy-eval-rollout' index 1 spawned (pid=32529)
[37m[1;38;2;180;140;80m(AReaL)[0m [37m20261002-23:40:32.184 Guard INFO: Forked worker for role 'proxy-eval-rollout' index 2 spawned (pid=32530)
[37m[1;38;2;180;140;80m(AReaL)[0m [37m20261002-23:40:32.184 Guard INFO: Forked worker for role 'proxy-eval-rollout' index 3 spawned (pid=32531)
[37m[1;38;2;180;140;80m(AReaL)[0m [37m20261002-23:40:32.184 Guard INFO: Forked worker for role 'proxy-eval-rollout' index 0 spawned (pid=32532)
[92m23:40:40 - LiteLLM:WARNING[0m: get_model_cost_map.py:271 - LiteLLM: Failed to fetch remote model cost map from https://raw.githubusercontent.com/BerriAI/litellm/main/model_prices_and_context_window.json: [Errno 104] Connection reset by peer. Falling back to local backup.
[92m23:40:40 - LiteLLM:WARNING[0m: get_model_cost_map.py:271 - LiteLLM: Failed to fetch remote model cost map from https://raw.githubusercontent.com/BerriAI/litellm/main/model_prices_and_context_window.json: [Errno 104] Connection reset by peer. Falling back to local backup.
[92m23:40:40 - LiteLLM:WARNING[0m: get_model_cost_map.py:271 - LiteLLM: Failed to fetch remote model cost map from https://raw.githubusercontent.com/BerriAI/litellm/main/model_prices_and_context_window.json: [Errno 104] Connection reset by peer. Falling back to local backup.
[37m[1;38;2;180;140;80m(AReaL)[0m [37m20261002-23:40:41.729 ProxyRolloutServer INFO: Starting proxy rollout server on 33.180.166.157:22396 for worker proxy-eval-rollout/0
[37m[1;38;2;180;140;80m(AReaL)[0m [37m20261002-23:40:41.732 ProxyRolloutServer INFO: Starting proxy rollout server on 33.180.166.157:24430 for worker proxy-eval-rollout/1
[37m[1;38;2;180;140;80m(AReaL)[0m [37m20261002-23:40:41.735 ProxyRolloutServer INFO: Starting proxy rollout server on 33.180.166.157:17583 for worker proxy-eval-rollout/2
[34m[1;38;2;180;140;80m(AReaL)[0m [34m20261002-23:40:42.217 LocalScheduler INFO: Forked worker proxy-eval-rollout/2 created at 33.180.166.157:17583 (pid=32530) from eval-rollout/2
[34m[1;38;2;180;140;80m(AReaL)[0m [34m20261002-23:40:42.218 LocalScheduler INFO: Forked worker proxy-eval-rollout/1 created at 33.180.166.157:24430 (pid=32529) from eval-rollout/1
[34m[1;38;2;180;140;80m(AReaL)[0m [34m20261002-23:40:42.218 LocalScheduler INFO: Forked worker proxy-eval-rollout/0 created at 33.180.166.157:22396 (pid=32532) from eval-rollout/0
[92m23:40:51 - LiteLLM:WARNING[0m: get_model_cost_map.py:271 - LiteLLM: Failed to fetch remote model cost map from https://raw.githubusercontent.com/BerriAI/litellm/main/model_prices_and_context_window.json: The read operation timed out. Falling back to local backup.
[37m[1;38;2;180;140;80m(AReaL)[0m [37m20261002-23:40:52.849 ProxyRolloutServer INFO: Starting proxy rollout server on 33.180.166.157:12698 for worker proxy-eval-rollout/3
[34m[1;38;2;180;140;80m(AReaL)[0m [34m20261002-23:40:53.236 LocalScheduler INFO: Forked worker proxy-eval-rollout/3 created at 33.180.166.157:12698 (pid=32531) from eval-rollout/3
[34m[1;38;2;180;140;80m(AReaL)[0m [34m20261002-23:40:53.237 LocalScheduler INFO: Role 'proxy-eval-rollout' forked from 'eval-rollout': created 4 new worker processes
[96m[1;38;2;180;140;80m(AReaL)[0m [96m20261002-23:40:53.943 PlatformInit INFO: Detected CUDA device: NVIDIA L20X
[96m[1;38;2;180;140;80m(AReaL)[0m [96m20261002-23:40:53.944 PlatformInit INFO: Initializing CUDA platform (NVIDIA).
[34m[1;38;2;180;140;80m(AReaL)[0m [34m20261002-23:40:53.945 LocalScheduler INFO: Configuration successfully on worker 'proxy-eval-rollout/0'
[96m[1;38;2;180;140;80m(AReaL)[0m [96m20261002-23:40:54.647 PlatformInit INFO: Detected CUDA device: NVIDIA L20X
[96m[1;38;2;180;140;80m(AReaL)[0m [96m20261002-23:40:54.647 PlatformInit INFO: Initializing CUDA platform (NVIDIA).
[34m[1;38;2;180;140;80m(AReaL)[0m [34m20261002-23:40:54.648 LocalScheduler INFO: Configuration successfully on worker 'proxy-eval-rollout/1'
[96m[1;38;2;180;140;80m(AReaL)[0m [96m20261002-23:40:55.351 PlatformInit INFO: Detected CUDA device: NVIDIA L20X
[96m[1;38;2;180;140;80m(AReaL)[0m [96m20261002-23:40:55.352 PlatformInit INFO: Initializing CUDA platform (NVIDIA).
[34m[1;38;2;180;140;80m(AReaL)[0m [34m20261002-23:40:55.352 LocalScheduler INFO: Configuration successfully on worker 'proxy-eval-rollout/2'
[96m[1;38;2;180;140;80m(AReaL)[0m [96m20261002-23:40:56.063 PlatformInit INFO: Detected CUDA device: NVIDIA L20X
[96m[1;38;2;180;140;80m(AReaL)[0m [96m20261002-23:40:56.063 PlatformInit INFO: Initializing CUDA platform (NVIDIA).
[34m[1;38;2;180;140;80m(AReaL)[0m [34m20261002-23:40:56.064 LocalScheduler INFO: Configuration successfully on worker 'proxy-eval-rollout/3'
[37m[1;38;2;180;140;80m(AReaL)[0m [37m20261002-23:40:56.065 RolloutController INFO: Proxy workers forked: ['proxy-eval-rollout/0', 'proxy-eval-rollout/1', 'proxy-eval-rollout/2', 'proxy-eval-rollout/3']
[34m[1;38;2;180;140;80m(AReaL)[0m [34m20261002-23:40:56.072 LocalScheduler INFO: All 4 workers for role 'proxy-eval-rollout' are ready
[37m[1;38;2;180;140;80m(AReaL)[0m [37m20261002-23:40:56.072 RolloutController INFO: Proxy workers: ['proxy-eval-rollout/0', 'proxy-eval-rollout/1', 'proxy-eval-rollout/2', 'proxy-eval-rollout/3']
[37m[1;38;2;180;140;80m(AReaL)[0m [37m20261002-23:40:56.088 RolloutController INFO: Proxy engines created
[96m[1;38;2;180;140;80m(AReaL)[0m [96m20261002-23:40:56.228 [RemoteInfEngine Rank 646fd36bf6d2459f837947285476bd86] INFO: Get server addresses from the `addr` argument.
[96m[1;38;2;180;140;80m(AReaL)[0m [96m20261002-23:40:56.228 [RemoteInfEngine Rank 646fd36bf6d2459f837947285476bd86] INFO: Waiting for server ready...
[96m[1;38;2;180;140;80m(AReaL)[0m [96m20261002-23:40:56.229 [RemoteInfEngine Rank a3e3280507dd43e6a5acacae6d773936] INFO: Get server addresses from the `addr` argument.
[96m[1;38;2;180;140;80m(AReaL)[0m [96m20261002-23:40:56.229 [RemoteInfEngine Rank a3e3280507dd43e6a5acacae6d773936] INFO: Waiting for server ready...
[96m[1;38;2;180;140;80m(AReaL)[0m [96m20261002-23:40:56.231 [RemoteInfEngine Rank 173c28f40ee24994b3e96ca0b6ea9506] INFO: Get server addresses from the `addr` argument.
[96m[1;38;2;180;140;80m(AReaL)[0m [96m20261002-23:40:56.232 [RemoteInfEngine Rank 173c28f40ee24994b3e96ca0b6ea9506] INFO: Waiting for server ready...
[96m[1;38;2;180;140;80m(AReaL)[0m [96m20261002-23:40:56.232 [RemoteInfEngine Rank d83fc4914f844a5094435f7e0cec9499] INFO: Get server addresses from the `addr` argument.
[96m[1;38;2;180;140;80m(AReaL)[0m [96m20261002-23:40:56.232 [RemoteInfEngine Rank d83fc4914f844a5094435f7e0cec9499] INFO: Waiting for server ready...
[96m[1;38;2;180;140;80m(AReaL)[0m [96m20261002-23:40:57.232 [RemoteInfEngine Rank 646fd36bf6d2459f837947285476bd86] INFO: Servers are all ready!
[96m[1;38;2;180;140;80m(AReaL)[0m [96m20261002-23:40:57.233 [RemoteInfEngine Rank a3e3280507dd43e6a5acacae6d773936] INFO: Servers are all ready!
[96m[1;38;2;180;140;80m(AReaL)[0m [96m20261002-23:40:57.234 [RemoteInfEngine Rank 173c28f40ee24994b3e96ca0b6ea9506] INFO: Servers are all ready!
[96m[1;38;2;180;140;80m(AReaL)[0m [96m20261002-23:40:57.235 [RemoteInfEngine Rank d83fc4914f844a5094435f7e0cec9499] INFO: Servers are all ready!
[37m[1;38;2;180;140;80m(AReaL)[0m [37m20261002-23:40:58.310 RolloutController INFO: Proxy servers initialized. Addresses: ['http://33.180.166.157:22396', 'http://33.180.166.157:24430', 'http://33.180.166.157:17583', 'http://33.180.166.157:12698']
[96m[1;38;2;180;140;80m(AReaL)[0m [96m20261002-23:41:11.006 [MegatronEngine Rank 3] INFO: #microbatch: 9, microbatch #tokens: [10216, 10239, 10239, 10230, 10240, 10211, 10230, 4310, 10065], aligned to: [10216, 10239, 10239, 10230, 10240, 10211, 10230, 4310, 10065], padded to: [10240, 10240, 10240, 10240, 10240, 10240, 10240, 4352, 10240], padding lengths: [24, 1, 1, 10, 0, 29, 10, 42, 175].
[96m[1;38;2;180;140;80m(AReaL)[0m [96m20261002-23:41:11.007 [MegatronEngine Rank 0] INFO: #microbatch: 9, microbatch #tokens: [10207, 10238, 10107, 4551, 10231, 10064, 10232, 10215, 10166], aligned to: [10207, 10238, 10107, 4551, 10231, 10064, 10232, 10215, 10166], padded to: [10240, 10240, 10240, 4608, 10240, 10240, 10240, 10240, 10240], padding lengths: [33, 2, 133, 57, 9, 176, 8, 25, 74].
[96m[1;38;2;180;140;80m(AReaL)[0m [96m20261002-23:41:11.007 [MegatronEngine Rank 1] INFO: #microbatch: 9, microbatch #tokens: [10226, 10235, 10143, 10142, 10212, 1951, 10228, 10217, 10240], aligned to: [10226, 10235, 10143, 10142, 10212, 1951, 10228, 10217, 10240], padded to: [10240, 10240, 10240, 10240, 10240, 2048, 10240, 10240, 10240], padding lengths: [14, 5, 97, 98, 28, 97, 12, 23, 0].
[96m[1;38;2;180;140;80m(AReaL)[0m [96m20261002-23:41:11.012 [MegatronEngine Rank 2] INFO: #microbatch: 9, microbatch #tokens: [10225, 10240, 10227, 10085, 10171, 10213, 5692, 10205, 10213], aligned to: [10225, 10240, 10227, 10085, 10171, 10213, 5692, 10205, 10213], padded to: [10240, 10240, 10240, 10240, 10240, 10240, 5888, 10240, 10240], padding lengths: [15, 0, 13, 155, 69, 27, 196, 35, 27].
[37m[1;38;2;180;140;80m(AReaL)[0m [37m20261002-23:41:15.397 IOStruct INFO: Memory-Usage recompute logp: memory allocated (GB): 14.47, memory reserved (GB): 36.07, device memory used/total (GB): 40.40/139.81 | host RssAnon: 1294MB, RssShmem: 0MB
[37m[1;38;2;180;140;80m(AReaL)[0m [37m20261002-23:41:16.095 IOStruct INFO: Memory-Usage compute advantages: memory allocated (GB): 14.48, memory reserved (GB): 36.08, device memory used/total (GB): 40.41/139.81 | host RssAnon: 1298MB, RssShmem: 0MB
[96m[1;38;2;180;140;80m(AReaL)[0m [96m20261002-23:41:16.567 [MegatronEngine Rank 2] INFO: #microbatch: 9, microbatch #tokens: [10225, 10240, 10227, 10085, 10171, 10213, 5692, 10205, 10213], aligned to: [10225, 10240, 10227, 10085, 10171, 10213, 5692, 10205, 10213], padded to: [10240, 10240, 10240, 10240, 10240, 10240, 5888, 10240, 10240], padding lengths: [15, 0, 13, 155, 69, 27, 196, 35, 27].
[96m[1;38;2;180;140;80m(AReaL)[0m [96m20261002-23:41:16.568 [MegatronEngine Rank 0] INFO: #microbatch: 9, microbatch #tokens: [10207, 10238, 10107, 4551, 10231, 10064, 10232, 10215, 10166], aligned to: [10207, 10238, 10107, 4551, 10231, 10064, 10232, 10215, 10166], padded to: [10240, 10240, 10240, 4608, 10240, 10240, 10240, 10240, 10240], padding lengths: [33, 2, 133, 57, 9, 176, 8, 25, 74].
[96m[1;38;2;180;140;80m(AReaL)[0m [96m20261002-23:41:16.568 [MegatronEngine Rank 1] INFO: #microbatch: 9, microbatch #tokens: [10226, 10235, 10143, 10142, 10212, 1951, 10228, 10217, 10240], aligned to: [10226, 10235, 10143, 10142, 10212, 1951, 10228, 10217, 10240], padded to: [10240, 10240, 10240, 10240, 10240, 2048, 10240, 10240, 10240], padding lengths: [14, 5, 97, 98, 28, 97, 12, 23, 0].
[96m[1;38;2;180;140;80m(AReaL)[0m [96m20261002-23:41:16.583 [MegatronEngine Rank 3] INFO: #microbatch: 9, microbatch #tokens: [10216, 10239, 10239, 10230, 10240, 10211, 10230, 4310, 10065], aligned to: [10216, 10239, 10239, 10230, 10240, 10211, 10230, 4310, 10065], padded to: [10240, 10240, 10240, 10240, 10240, 10240, 10240, 4352, 10240], padding lengths: [24, 1, 1, 10, 0, 29, 10, 42, 175].
[37m[1;38;2;180;140;80m(AReaL)[0m [37m20261002-23:41:26.943 IOStruct INFO: Memory-Usage before first gradient synchronization: memory allocated (GB): 14.51, memory reserved (GB): 64.58, device memory used/total (GB): 69.12/139.81 | host RssAnon: 2379MB, RssShmem: 181MB
[37m[1;38;2;180;140;80m(AReaL)[0m [37m20261002-23:41:26.975 IOStruct INFO: Memory-Usage after reclaiming gradient sync cache: memory allocated (GB): 14.51, memory reserved (GB): 21.22, device memory used/total (GB): 25.76/139.81 | host RssAnon: 2379MB, RssShmem: 181MB
[37m[1;38;2;180;140;80m(AReaL)[0m [37m20261002-23:41:27.096 IOStruct INFO: Memory-Usage before first gradient synchronization: memory allocated (GB): 14.51, memory reserved (GB): 64.56, device memory used/total (GB): 68.41/139.81 | host RssAnon: 2355MB, RssShmem: 181MB
[37m[1;38;2;180;140;80m(AReaL)[0m [37m20261002-23:41:27.148 IOStruct INFO: Memory-Usage after reclaiming gradient sync cache: memory allocated (GB): 14.51, memory reserved (GB): 21.22, device memory used/total (GB): 25.06/139.81 | host RssAnon: 2355MB, RssShmem: 181MB
[37m[1;38;2;180;140;80m(AReaL)[0m [37m20261002-23:41:27.612 IOStruct INFO: Memory-Usage before first gradient synchronization: memory allocated (GB): 14.51, memory reserved (GB): 64.58, device memory used/total (GB): 69.12/139.81 | host RssAnon: 2359MB, RssShmem: 181MB
[37m[1;38;2;180;140;80m(AReaL)[0m [37m20261002-23:41:27.640 IOStruct INFO: Memory-Usage before first gradient synchronization: memory allocated (GB): 14.51, memory reserved (GB): 64.55, device memory used/total (GB): 68.96/139.81 | host RssAnon: 2345MB, RssShmem: 181MB
[37m[1;38;2;180;140;80m(AReaL)[0m [37m20261002-23:41:27.643 IOStruct INFO: Memory-Usage after reclaiming gradient sync cache: memory allocated (GB): 14.51, memory reserved (GB): 21.21, device memory used/total (GB): 25.75/139.81 | host RssAnon: 2359MB, RssShmem: 181MB
[37m[1;38;2;180;140;80m(AReaL)[0m [37m20261002-23:41:27.671 IOStruct INFO: Memory-Usage after reclaiming gradient sync cache: memory allocated (GB): 14.51, memory reserved (GB): 21.22, device memory used/total (GB): 25.63/139.81 | host RssAnon: 2345MB, RssShmem: 181MB
[37m[1;38;2;180;140;80m(AReaL)[0m [37m20261002-23:41:27.965 IOStruct INFO: Memory-Usage ppo update: memory allocated (GB): 21.13, memory reserved (GB): 22.10, device memory used/total (GB): 27.00/139.81 | host RssAnon: 1299MB, RssShmem: 0MB
[37m[1;38;2;180;140;80m(AReaL)[0m [37m20261002-23:41:43.662 HFUtils INFO: Copied generation_config.json from /storage/openpsi/models/Qwen__Qwen2.5-1.5B-Instruct to /storage/openpsi/users/fenghui/projects/AReaL-muon/research/muon/evidence/baseline-aligned-3epoch-20261002/muon/results/checkpoints/root/gsm8k-grpo-megatron-muon-baseline3/trial0/default/epoch0epochstep0globalstep0
[37m[1;38;2;180;140;80m(AReaL)[0m [37m20261002-23:41:43.672 HFUtils INFO: Copied tokenizer_config.json from /storage/openpsi/models/Qwen__Qwen2.5-1.5B-Instruct to /storage/openpsi/users/fenghui/projects/AReaL-muon/research/muon/evidence/baseline-aligned-3epoch-20261002/muon/results/checkpoints/root/gsm8k-grpo-megatron-muon-baseline3/trial0/default/epoch0epochstep0globalstep0
[37m[1;38;2;180;140;80m(AReaL)[0m [37m20261002-23:41:43.749 HFUtils INFO: Copied vocab.json from /storage/openpsi/models/Qwen__Qwen2.5-1.5B-Instruct to /storage/openpsi/users/fenghui/projects/AReaL-muon/research/muon/evidence/baseline-aligned-3epoch-20261002/muon/results/checkpoints/root/gsm8k-grpo-megatron-muon-baseline3/trial0/default/epoch0epochstep0globalstep0
[37m[1;38;2;180;140;80m(AReaL)[0m [37m20261002-23:41:43.765 HFUtils INFO: Copied merges.txt from /storage/openpsi/models/Qwen__Qwen2.5-1.5B-Instruct to /storage/openpsi/users/fenghui/projects/AReaL-muon/research/muon/evidence/baseline-aligned-3epoch-20261002/muon/results/checkpoints/root/gsm8k-grpo-megatron-muon-baseline3/trial0/default/epoch0epochstep0globalstep0
[37m[1;38;2;180;140;80m(AReaL)[0m [37m20261002-23:41:43.766 HFUtils INFO: special_tokens_map.json does not exist in /storage/openpsi/models/Qwen__Qwen2.5-1.5B-Instruct; skipping
[37m[1;38;2;180;140;80m(AReaL)[0m [37m20261002-23:41:43.786 HFUtils INFO: Copied tokenizer.json from /storage/openpsi/models/Qwen__Qwen2.5-1.5B-Instruct to /storage/openpsi/users/fenghui/projects/AReaL-muon/research/muon/evidence/baseline-aligned-3epoch-20261002/muon/results/checkpoints/root/gsm8k-grpo-megatron-muon-baseline3/trial0/default/epoch0epochstep0globalstep0
[37m[1;38;2;180;140;80m(AReaL)[0m [37m20261002-23:41:43.805 HFUtils INFO: Patched config.json: torch_dtype=bfloat16
[37m[1;38;2;180;140;80m(AReaL)[0m [37m20261002-23:41:44.028 DataBP INFO: Cleared 576 batch shards. Stats: {'status': 'ok', 'cleared_count': 576, 'num_tensors': 279, 'total_bytes': 1618512}
[37m[1;38;2;180;140;80m(AReaL)[0m [37m20261002-23:41:44.028 DataBP INFO: Cleared 576 batch shards. Stats: {'status': 'ok', 'cleared_count': 576, 'num_tensors': 153, 'total_bytes': 1068492}
[37m[1;38;2;180;140;80m(AReaL)[0m [37m20261002-23:41:44.029 DataBP INFO: Cleared 576 batch shards. Stats: {'status': 'ok', 'cleared_count': 576, 'num_tensors': 189, 'total_bytes': 1224396}
[37m[1;38;2;180;140;80m(AReaL)[0m [37m20261002-23:41:44.029 DataBP INFO: Cleared 576 batch shards. Stats: {'status': 'ok', 'cleared_count': 576, 'num_tensors': 198, 'total_bytes': 1244628}
[37m[1;38;2;180;140;80m(AReaL)[0m [37m20261002-23:41:44.030 DataBP INFO: Cleared 960 batch shards. Stats: {'status': 'ok', 'cleared_count': 960, 'num_tensors': 0, 'total_bytes': 0}
[37m[1;38;2;180;140;80m(AReaL)[0m [37m20261002-23:41:44.030 DataBP INFO: Cleared 960 batch shards. Stats: {'status': 'ok', 'cleared_count': 960, 'num_tensors': 0, 'total_bytes': 0}
[37m[1;38;2;180;140;80m(AReaL)[0m [37m20261002-23:41:44.030 DataBP INFO: Cleared 960 batch shards. Stats: {'status': 'ok', 'cleared_count': 960, 'num_tensors': 0, 'total_bytes': 0}
[37m[1;38;2;180;140;80m(AReaL)[0m [37m20261002-23:41:44.031 DataBP INFO: Cleared 960 batch shards. Stats: {'status': 'ok', 'cleared_count': 960, 'num_tensors': 0, 'total_bytes': 0}
[37m[1;38;2;180;140;80m(AReaL)[0m [37m20261002-23:41:50.337 DataBP INFO: Cleared 9 batch shards. Stats: {'status': 'ok', 'cleared_count': 9, 'num_tensors': 0, 'total_bytes': 0}
[37m[1;38;2;180;140;80m(AReaL)[0m [37m20261002-23:41:50.337 DataBP INFO: Cleared 9 batch shards. Stats: {'status': 'ok', 'cleared_count': 9, 'num_tensors': 0, 'total_bytes': 0}
[37m[1;38;2;180;140;80m(AReaL)[0m [37m20261002-23:41:50.337 DataBP INFO: Cleared 9 batch shards. Stats: {'status': 'ok', 'cleared_count': 9, 'num_tensors': 0, 'total_bytes': 0}
[37m[1;38;2;180;140;80m(AReaL)[0m [37m20261002-23:41:50.337 DataBP INFO: Cleared 9 batch shards. Stats: {'status': 'ok', 'cleared_count': 9, 'num_tensors': 0, 'total_bytes': 0}
[92m[1;38;2;180;140;80m(AReaL)[0m [92m20261002-23:41:51.567 StatsLogger INFO: Epoch 1/3 Step 1/1 Train step 1/3 done.
[92m[1;38;2;180;140;80m(AReaL)[0m [92m20261002-23:41:51.568 StatsLogger INFO: Stats (1/1):
[92m[1;38;2;180;140;80m(AReaL)[0m [92m20261002-23:41:51.576 StatsLogger INFO: 
╒════════════════════════════════════════╤═════════════╤═════════════════════════════════════════════════╤═════════════╤══════════════════════════════════════════════════════════════╤═════════════╤══════════════════════════════════════════════╤═════════════╕
│ timeperf/rollout                       │  1.2025e+01 │ ppo_actor/seq_len/max                           │  9.3600e+02 │ ppo_actor/update/compute_logp/kl_div_taylor/avg              │  3.3378e-04 │ ppo_actor/update/version_stats/v_proximal    │  0.0000e+00 │
├────────────────────────────────────────┼─────────────┼─────────────────────────────────────────────────┼─────────────┼──────────────────────────────────────────────────────────────┼─────────────┼──────────────────────────────────────────────┼─────────────┤
│ timeperf/recompute_logp                │  5.0513e+00 │ ppo_actor/seq_len/min                           │  7.4000e+01 │ ppo_actor/update/compute_logp/kl_div_taylor/max              │  2.2301e-01 │ ppo_actor/update/version_stats/v_theta       │  0.0000e+00 │
├────────────────────────────────────────┼─────────────┼─────────────────────────────────────────────────┼─────────────┼──────────────────────────────────────────────────────────────┼─────────────┼──────────────────────────────────────────────┼─────────────┤
│ timeperf/compute_advantage             │  6.9706e-01 │ ppo_actor/task_reward/avg                       │  6.8945e-01 │ ppo_actor/update/compute_logp/kl_div_taylor/min              │  0.0000e+00 │ ppo_actor/update/vocab_max_logits/avg        │  2.9578e+01 │
├────────────────────────────────────────┼─────────────┼─────────────────────────────────────────────────┼─────────────┼──────────────────────────────────────────────────────────────┼─────────────┼──────────────────────────────────────────────┼─────────────┤
│ timeperf/train_step                    │  1.1870e+01 │ ppo_actor/task_reward/max                       │  1.0000e+00 │ ppo_actor/update/compute_logp/n_valid_tokens                 │  2.4151e+05 │ ppo_actor/update/vocab_max_logits/max        │  4.9000e+01 │
├────────────────────────────────────────┼─────────────┼─────────────────────────────────────────────────┼─────────────┼──────────────────────────────────────────────────────────────┼─────────────┼──────────────────────────────────────────────┼─────────────┤
│ timeperf/update_weights                │  6.9647e+00 │ ppo_actor/task_reward/min                       │  0.0000e+00 │ ppo_actor/update/compute_logp/prox_logp_gt/avg               │ -3.0015e-01 │ ppo_actor/update/vocab_max_logits/min        │  1.2625e+01 │
├────────────────────────────────────────┼─────────────┼─────────────────────────────────────────────────┼─────────────┼──────────────────────────────────────────────────────────────┼─────────────┼──────────────────────────────────────────────┼─────────────┤
│ timeperf/save                          │  9.0499e+00 │ ppo_actor/train_infer/kl_k1                     │  2.6230e-04 │ ppo_actor/update/compute_logp/prox_logp_gt/max               │  0.0000e+00 │ ppo_actor/update/vocab_min_logits/avg        │ -1.5820e+01 │
├────────────────────────────────────────┼─────────────┼─────────────────────────────────────────────────┼─────────────┼──────────────────────────────────────────────────────────────┼─────────────┼──────────────────────────────────────────────┼─────────────┤
│ timeperf/checkpoint_for_recover        │  9.0256e-05 │ ppo_actor/train_infer/kl_k2                     │  3.3378e-04 │ ppo_actor/update/compute_logp/prox_logp_gt/min               │ -2.1774e+01 │ ppo_actor/update/vocab_min_logits/max        │ -5.1562e+00 │
├────────────────────────────────────────┼─────────────┼─────────────────────────────────────────────────┼─────────────┼──────────────────────────────────────────────────────────────┼─────────────┼──────────────────────────────────────────────┼─────────────┤
│ timeperf/clear_batches                 │  2.4590e-01 │ ppo_actor/train_infer/kl_k3                     │  3.3234e-04 │ ppo_actor/update/dual_clip_ratio/avg                         │  0.0000e+00 │ ppo_actor/update/vocab_min_logits/min        │ -4.3750e+01 │
├────────────────────────────────────────┼─────────────┼─────────────────────────────────────────────────┼─────────────┼──────────────────────────────────────────────────────────────┼─────────────┼──────────────────────────────────────────────┼─────────────┤
│ timeperf/eval                          │  6.0790e+00 │ ppo_actor/train_infer/kl_k3_overflow_fraction   │  0.0000e+00 │ ppo_actor/update/dual_clip_ratio/max                         │  0.0000e+00 │ ppo_actor/usable_group_size/avg              │  4.0000e+00 │
├────────────────────────────────────────┼─────────────┼─────────────────────────────────────────────────┼─────────────┼──────────────────────────────────────────────────────────────┼─────────────┼──────────────────────────────────────────────┼─────────────┤
│ ppo_actor/advantage_negative_fraction  │  6.7542e-01 │ ppo_actor/train_infer/logp_abs_diff/avg         │  8.4210e-03 │ ppo_actor/update/dual_clip_ratio/min                         │  0.0000e+00 │ ppo_actor/usable_group_size/max              │  4.0000e+00 │
├────────────────────────────────────────┼─────────────┼─────────────────────────────────────────────────┼─────────────┼──────────────────────────────────────────────────────────────┼─────────────┼──────────────────────────────────────────────┼─────────────┤
│ ppo_actor/advantage_positive_fraction  │  3.2458e-01 │ ppo_actor/train_infer/logp_abs_diff/max         │  6.6785e-01 │ ppo_actor/update/dual_clipped_tokens                         │  0.0000e+00 │ ppo_actor/usable_group_size/min              │  4.0000e+00 │
├────────────────────────────────────────┼─────────────┼─────────────────────────────────────────────────┼─────────────┼──────────────────────────────────────────────────────────────┼─────────────┼──────────────────────────────────────────────┼─────────────┤
│ ppo_actor/advantage_zero_fraction      │  0.0000e+00 │ ppo_actor/train_infer/logp_abs_diff/min         │  0.0000e+00 │ ppo_actor/update/entropy/avg                                 │  2.9926e-01 │ ppo_actor/use_dual_clip                      │  0.0000e+00 │
├────────────────────────────────────────┼─────────────┼─────────────────────────────────────────────────┼─────────────┼──────────────────────────────────────────────────────────────┼─────────────┼──────────────────────────────────────────────┼─────────────┤
│ ppo_actor/advantages/avg               │  5.0545e-09 │ ppo_actor/train_infer/logp_diff/avg             │ -2.6230e-04 │ ppo_actor/update/entropy/max                                 │  7.3999e+00 │ rollout/num_turns_count                      │  1.9890e+03 │
├────────────────────────────────────────┼─────────────┼─────────────────────────────────────────────────┼─────────────┼──────────────────────────────────────────────────────────────┼─────────────┼──────────────────────────────────────────────┼─────────────┤
│ ppo_actor/advantages/max               │  2.3242e+00 │ ppo_actor/train_infer/logp_diff/max             │  4.9347e-01 │ ppo_actor/update/entropy/min                                 │  7.6971e-10 │ rollout/num_turns_no_harness_err_count       │  1.9890e+03 │
├────────────────────────────────────────┼─────────────┼─────────────────────────────────────────────────┼─────────────┼──────────────────────────────────────────────────────────────┼─────────────┼──────────────────────────────────────────────┼─────────────┤
│ ppo_actor/advantages/min               │ -2.4165e+00 │ ppo_actor/train_infer/logp_diff/min             │ -6.6785e-01 │ ppo_actor/update/grad_norm                                   │  3.4097e-01 │ rollout/accepted                             │  1.0000e+00 │
├────────────────────────────────────────┼─────────────┼─────────────────────────────────────────────────┼─────────────┼──────────────────────────────────────────────────────────────┼─────────────┼──────────────────────────────────────────────┼─────────────┤
│ ppo_actor/correct_n_seqs               │  7.0600e+02 │ ppo_actor/train_infer/logp_diff_squared         │  6.6757e-04 │ ppo_actor/update/importance_weight/avg                       │  1.0000e+00 │ rollout/context_overflow                     │  0.0000e+00 │
├────────────────────────────────────────┼─────────────┼─────────────────────────────────────────────────┼─────────────┼──────────────────────────────────────────────────────────────┼─────────────┼──────────────────────────────────────────────┼─────────────┤
│ ppo_actor/correct_seq_len/avg          │  3.2794e+02 │ ppo_actor/train_infer/n_valid_tokens            │  2.4151e+05 │ ppo_actor/update/importance_weight/max                       │  1.0000e+00 │ rollout/fully_masked_group                   │  0.0000e+00 │
├────────────────────────────────────────┼─────────────┼─────────────────────────────────────────────────┼─────────────┼──────────────────────────────────────────────────────────────┼─────────────┼──────────────────────────────────────────────┼─────────────┤
│ ppo_actor/correct_seq_len/max          │  7.2400e+02 │ ppo_actor/train_infer/nonfinite_logp_fraction   │  0.0000e+00 │ ppo_actor/update/importance_weight/min                       │  1.0000e+00 │ rollout/pre_filter_trainable_slot_yield      │  1.0000e+00 │
├────────────────────────────────────────┼─────────────┼─────────────────────────────────────────────────┼─────────────┼──────────────────────────────────────────────────────────────┼─────────────┼──────────────────────────────────────────────┼─────────────┤
│ ppo_actor/correct_seq_len/min          │  8.8000e+01 │ ppo_actor/train_infer/ratio_outside_1.5         │  3.3125e-05 │ ppo_actor/update/logp_abs_diff/avg                           │  8.4210e-03 │ rollout/pre_filter_usable_slot_yield         │  1.0000e+00 │
├────────────────────────────────────────┼─────────────┼─────────────────────────────────────────────────┼─────────────┼──────────────────────────────────────────────────────────────┼─────────────┼──────────────────────────────────────────────┼─────────────┤
│ ppo_actor/eps_clip                     │  4.0000e-01 │ ppo_actor/train_infer/ratio_outside_10          │  0.0000e+00 │ ppo_actor/update/logp_abs_diff/max                           │  6.6785e-01 │ rollout/proxy_system_error                   │  0.0000e+00 │
├────────────────────────────────────────┼─────────────┼─────────────────────────────────────────────────┼─────────────┼──────────────────────────────────────────────────────────────┼─────────────┼──────────────────────────────────────────────┼─────────────┤
│ ppo_actor/final_reward/avg             │ -9.1317e-12 │ ppo_actor/train_infer/ratio_outside_2           │  0.0000e+00 │ ppo_actor/update/logp_abs_diff/min                           │  0.0000e+00 │ rollout/reward                               │  6.8929e-01 │
├────────────────────────────────────────┼─────────────┼─────────────────────────────────────────────────┼─────────────┼──────────────────────────────────────────────────────────────┼─────────────┼──────────────────────────────────────────────┼─────────────┤
│ ppo_actor/final_reward/max             │  1.5000e+00 │ ppo_actor/train_infer/ratio_outside_3           │  0.0000e+00 │ ppo_actor/update/logp_diff/avg                               │  2.6230e-04 │ rollout/singleton_slot_group                 │  0.0000e+00 │
├────────────────────────────────────────┼─────────────┼─────────────────────────────────────────────────┼─────────────┼──────────────────────────────────────────────────────────────┼─────────────┼──────────────────────────────────────────────┼─────────────┤
│ ppo_actor/final_reward/min             │ -1.5000e+00 │ ppo_actor/train_infer/ratio_outside_5           │  0.0000e+00 │ ppo_actor/update/logp_diff/max                               │  6.6785e-01 │ rollout/target_slot_count                    │  4.0000e+00 │
├────────────────────────────────────────┼─────────────┼─────────────────────────────────────────────────┼─────────────┼──────────────────────────────────────────────────────────────┼─────────────┼──────────────────────────────────────────────┼─────────────┤
│ ppo_actor/group_loss_weight/avg        │  9.4339e+02 │ ppo_actor/train_infer/rollout_nll               │  2.9989e-01 │ ppo_actor/update/logp_diff/min                               │ -4.9347e-01 │ rollout/trainable_slot_count                 │  4.0000e+00 │
├────────────────────────────────────────┼─────────────┼─────────────────────────────────────────────────┼─────────────┼──────────────────────────────────────────────────────────────┼─────────────┼──────────────────────────────────────────────┼─────────────┤
│ ppo_actor/group_loss_weight/max        │  2.1190e+03 │ ppo_actor/train_infer/trainer_nll               │  3.0015e-01 │ ppo_actor/update/lr                                          │  3.0000e-06 │ rollout/usable_slot_count                    │  4.0000e+00 │
├────────────────────────────────────────┼─────────────┼─────────────────────────────────────────────────┼─────────────┼──────────────────────────────────────────────────────────────┼─────────────┼──────────────────────────────────────────────┼─────────────┤
│ ppo_actor/group_loss_weight/min        │  7.7000e+01 │ ppo_actor/update/actor_loss/avg                 │ -6.3283e-05 │ ppo_actor/update/masked_token_ratio                          │  3.1776e-01 │ rollout/num_turns/avg                        │  1.0000e+00 │
├────────────────────────────────────────┼─────────────┼─────────────────────────────────────────────────┼─────────────┼──────────────────────────────────────────────────────────────┼─────────────┼──────────────────────────────────────────────┼─────────────┤
│ ppo_actor/group_loss_weight_size_4/avg │  9.4339e+02 │ ppo_actor/update/actor_loss/max                 │  3.4332e+00 │ ppo_actor/update/n_masked_tokens                             │  2.8152e+03 │ rollout/num_turns_no_harness_err/avg         │  1.0000e+00 │
├────────────────────────────────────────┼─────────────┼─────────────────────────────────────────────────┼─────────────┼──────────────────────────────────────────────────────────────┼─────────────┼──────────────────────────────────────────────┼─────────────┤
│ ppo_actor/group_loss_weight_size_4/max │  2.1190e+03 │ ppo_actor/update/actor_loss/min                 │ -3.2728e+00 │ ppo_actor/update/n_tokens                                    │  3.4286e+05 │ rollout/num_turns/min                        │  1.0000e+00 │
├────────────────────────────────────────┼─────────────┼─────────────────────────────────────────────────┼─────────────┼──────────────────────────────────────────────────────────────┼─────────────┼──────────────────────────────────────────────┼─────────────┤
│ ppo_actor/group_loss_weight_size_4/min │  7.7000e+01 │ ppo_actor/update/approx_kl/avg                  │  0.0000e+00 │ ppo_actor/update/n_total_tokens                              │  9.5238e+03 │ rollout/num_turns_no_harness_err/min         │  1.0000e+00 │
├────────────────────────────────────────┼─────────────┼─────────────────────────────────────────────────┼─────────────┼──────────────────────────────────────────────────────────────┼─────────────┼──────────────────────────────────────────────┼─────────────┤
│ ppo_actor/incorrect_n_seqs             │  3.1800e+02 │ ppo_actor/update/approx_kl/max                  │  0.0000e+00 │ ppo_actor/update/n_valid_tokens                              │  2.4151e+05 │ rollout/num_turns/max                        │  1.0000e+00 │
├────────────────────────────────────────┼─────────────┼─────────────────────────────────────────────────┼─────────────┼──────────────────────────────────────────────────────────────┼─────────────┼──────────────────────────────────────────────┼─────────────┤
│ ppo_actor/incorrect_seq_len/avg        │  3.5009e+02 │ ppo_actor/update/approx_kl/min                  │  0.0000e+00 │ ppo_actor/update/n_valid_tokens_in_loss                      │  6.7086e+03 │ rollout/num_turns_no_harness_err/max         │  1.0000e+00 │
├────────────────────────────────────────┼─────────────┼─────────────────────────────────────────────────┼─────────────┼──────────────────────────────────────────────────────────────┼─────────────┼──────────────────────────────────────────────┼─────────────┤
│ ppo_actor/incorrect_seq_len/max        │  9.3600e+02 │ ppo_actor/update/behave_approx_kl/avg           │ -2.6230e-04 │ ppo_actor/update/new_logp/avg                                │ -3.0015e-01 │ eval-rollout/num_turns_count                 │  1.6000e+01 │
├────────────────────────────────────────┼─────────────┼─────────────────────────────────────────────────┼─────────────┼──────────────────────────────────────────────────────────────┼─────────────┼──────────────────────────────────────────────┼─────────────┤
│ ppo_actor/incorrect_seq_len/min        │  7.4000e+01 │ ppo_actor/update/behave_approx_kl/max           │  4.9347e-01 │ ppo_actor/update/new_logp/max                                │  0.0000e+00 │ eval-rollout/num_turns_no_harness_err_count  │  1.6000e+01 │
├────────────────────────────────────────┼─────────────┼─────────────────────────────────────────────────┼─────────────┼──────────────────────────────────────────────────────────────┼─────────────┼──────────────────────────────────────────────┼─────────────┤
│ ppo_actor/kl_rewards/avg               │  0.0000e+00 │ ppo_actor/update/behave_approx_kl/min           │ -6.6785e-01 │ ppo_actor/update/new_logp/min                                │ -2.1774e+01 │ eval-rollout/context_overflow                │  0.0000e+00 │
├────────────────────────────────────────┼─────────────┼─────────────────────────────────────────────────┼─────────────┼──────────────────────────────────────────────────────────────┼─────────────┼──────────────────────────────────────────────┼─────────────┤
│ ppo_actor/kl_rewards/max               │  0.0000e+00 │ ppo_actor/update/behave_filtered_ratio/avg      │  0.0000e+00 │ ppo_actor/update/num_micro_batches                           │  9.0000e+00 │ eval-rollout/fully_masked_group              │  0.0000e+00 │
├────────────────────────────────────────┼─────────────┼─────────────────────────────────────────────────┼─────────────┼──────────────────────────────────────────────────────────────┼─────────────┼──────────────────────────────────────────────┼─────────────┤
│ ppo_actor/kl_rewards/min               │  0.0000e+00 │ ppo_actor/update/behave_filtered_ratio/max      │  0.0000e+00 │ ppo_actor/update/old_logp/avg                                │ -2.9989e-01 │ eval-rollout/pre_filter_trainable_slot_yield │  1.0000e+00 │
├────────────────────────────────────────┼─────────────┼─────────────────────────────────────────────────┼─────────────┼──────────────────────────────────────────────────────────────┼─────────────┼──────────────────────────────────────────────┼─────────────┤
│ ppo_actor/mask_no_eos_with_zero        │  0.0000e+00 │ ppo_actor/update/behave_filtered_ratio/min      │  0.0000e+00 │ ppo_actor/update/old_logp/max                                │  0.0000e+00 │ eval-rollout/pre_filter_usable_slot_yield    │  1.0000e+00 │
├────────────────────────────────────────┼─────────────┼─────────────────────────────────────────────────┼─────────────┼──────────────────────────────────────────────────────────────┼─────────────┼──────────────────────────────────────────────┼─────────────┤
│ ppo_actor/n_groups                     │  2.5600e+02 │ ppo_actor/update/behave_imp_weight/avg          │  1.0001e+00 │ ppo_actor/update/old_logp/min                                │ -2.1653e+01 │ eval-rollout/proxy_system_error              │  0.0000e+00 │
├────────────────────────────────────────┼─────────────┼─────────────────────────────────────────────────┼─────────────┼──────────────────────────────────────────────────────────────┼─────────────┼──────────────────────────────────────────────┼─────────────┤
│ ppo_actor/n_groups_size_4              │  2.5600e+02 │ ppo_actor/update/behave_imp_weight/max          │  1.6380e+00 │ ppo_actor/update/rs_filtered_fraction                        │  0.0000e+00 │ eval-rollout/reward                          │  6.8750e-01 │
├────────────────────────────────────────┼─────────────┼─────────────────────────────────────────────────┼─────────────┼──────────────────────────────────────────────────────────────┼─────────────┼──────────────────────────────────────────────┼─────────────┤
│ ppo_actor/n_seqs                       │  1.0240e+03 │ ppo_actor/update/behave_imp_weight/min          │  5.1281e-01 │ ppo_actor/update/unclipped_behave_tokens                     │  2.4151e+05 │ eval-rollout/singleton_slot_group            │  0.0000e+00 │
├────────────────────────────────────────┼─────────────┼─────────────────────────────────────────────────┼─────────────┼──────────────────────────────────────────────────────────────┼─────────────┼──────────────────────────────────────────────┼─────────────┤
│ ppo_actor/n_tokens                     │  8.5146e+05 │ ppo_actor/update/clip_ratio/avg                 │  0.0000e+00 │ ppo_actor/update/update_successful                           │  1.0000e+00 │ eval-rollout/target_slot_count               │  4.0000e+00 │
├────────────────────────────────────────┼─────────────┼─────────────────────────────────────────────────┼─────────────┼──────────────────────────────────────────────────────────────┼─────────────┼──────────────────────────────────────────────┼─────────────┤
│ ppo_actor/n_valid_tokens               │  2.4151e+05 │ ppo_actor/update/clip_ratio/max                 │  0.0000e+00 │ ppo_actor/update/version_stats/future_token_fraction         │  0.0000e+00 │ eval-rollout/trainable_slot_count            │  4.0000e+00 │
├────────────────────────────────────────┼─────────────┼─────────────────────────────────────────────────┼─────────────┼──────────────────────────────────────────────────────────────┼─────────────┼──────────────────────────────────────────────┼─────────────┤
│ ppo_actor/no_eos_ratios/avg            │  0.0000e+00 │ ppo_actor/update/clip_ratio/min                 │  0.0000e+00 │ ppo_actor/update/version_stats/n_valid_generated_tokens      │  2.4151e+05 │ eval-rollout/usable_slot_count               │  4.0000e+00 │
├────────────────────────────────────────┼─────────────┼─────────────────────────────────────────────────┼─────────────┼──────────────────────────────────────────────────────────────┼─────────────┼──────────────────────────────────────────────┼─────────────┤
│ ppo_actor/no_eos_ratios/max            │  0.0000e+00 │ ppo_actor/update/clipped_tokens                 │  0.0000e+00 │ ppo_actor/update/version_stats/sample_staleness_proximal_avg │  0.0000e+00 │ eval-rollout/num_turns/avg                   │  1.0000e+00 │
├────────────────────────────────────────┼─────────────┼─────────────────────────────────────────────────┼─────────────┼──────────────────────────────────────────────────────────────┼─────────────┼──────────────────────────────────────────────┼─────────────┤
│ ppo_actor/no_eos_ratios/min            │  0.0000e+00 │ ppo_actor/update/compute_logp/kl_div_direct/avg │  2.6230e-04 │ ppo_actor/update/version_stats/sample_staleness_proximal_max │  0.0000e+00 │ eval-rollout/num_turns_no_harness_err/avg    │  1.0000e+00 │
├────────────────────────────────────────┼─────────────┼─────────────────────────────────────────────────┼─────────────┼──────────────────────────────────────────────────────────────┼─────────────┼──────────────────────────────────────────────┼─────────────┤
│ ppo_actor/prompt_len/avg               │  9.8973e+01 │ ppo_actor/update/compute_logp/kl_div_direct/max │  6.6785e-01 │ ppo_actor/update/version_stats/sample_staleness_proximal_min │  0.0000e+00 │ eval-rollout/num_turns/min                   │  1.0000e+00 │
├────────────────────────────────────────┼─────────────┼─────────────────────────────────────────────────┼─────────────┼──────────────────────────────────────────────────────────────┼─────────────┼──────────────────────────────────────────────┼─────────────┤
│ ppo_actor/prompt_len/max               │  1.7700e+02 │ ppo_actor/update/compute_logp/kl_div_direct/min │ -4.9347e-01 │ ppo_actor/update/version_stats/sample_staleness_theta_avg    │  0.0000e+00 │ eval-rollout/num_turns_no_harness_err/min    │  1.0000e+00 │
├────────────────────────────────────────┼─────────────┼─────────────────────────────────────────────────┼─────────────┼──────────────────────────────────────────────────────────────┼─────────────┼──────────────────────────────────────────────┼─────────────┤
│ ppo_actor/prompt_len/min               │  6.3000e+01 │ ppo_actor/update/compute_logp/kl_div_dual/avg   │  3.3235e-04 │ ppo_actor/update/version_stats/sample_staleness_theta_max    │  0.0000e+00 │ eval-rollout/num_turns/max                   │  1.0000e+00 │
├────────────────────────────────────────┼─────────────┼─────────────────────────────────────────────────┼─────────────┼──────────────────────────────────────────────────────────────┼─────────────┼──────────────────────────────────────────────┼─────────────┤
│ ppo_actor/rs_upper                     │  5.0000e+00 │ ppo_actor/update/compute_logp/kl_div_dual/max   │  1.8066e-01 │ ppo_actor/update/version_stats/sample_staleness_theta_min    │  0.0000e+00 │ eval-rollout/num_turns_no_harness_err/max    │  1.0000e+00 │
├────────────────────────────────────────┼─────────────┼─────────────────────────────────────────────────┼─────────────┼──────────────────────────────────────────────────────────────┼─────────────┼──────────────────────────────────────────────┼─────────────┤
│ ppo_actor/seq_len/avg                  │  3.3482e+02 │ ppo_actor/update/compute_logp/kl_div_dual/min   │ -8.9611e-08 │ ppo_actor/update/version_stats/stale_token_fraction          │  0.0000e+00 │                                              │             │
╘════════════════════════════════════════╧═════════════╧═════════════════════════════════════════════════╧═════════════╧══════════════════════════════════════════════════════════════╧═════════════╧══════════════════════════════════════════════╧═════════════╛
[96m[1;38;2;180;140;80m(AReaL)[0m [96m20261002-23:41:54.218 [MegatronEngine Rank 2] INFO: #microbatch: 9, microbatch #tokens: [8955, 9046, 9097, 8957, 8992, 9052, 9056, 8951, 9057], aligned to: [8955, 9046, 9097, 8957, 8992, 9052, 9056, 8951, 9057], padded to: [8960, 9216, 9216, 8960, 9216, 9216, 9216, 8960, 9216], padding lengths: [5, 170, 119, 3, 224, 164, 160, 9, 159].
[96m[1;38;2;180;140;80m(AReaL)[0m [96m20261002-23:41:54.219 [MegatronEngine Rank 3] INFO: #microbatch: 9, microbatch #tokens: [9165, 9095, 9100, 9176, 9093, 9094, 9162, 9178, 9093], aligned to: [9165, 9095, 9100, 9176, 9093, 9094, 9162, 9178, 9093], padded to: [9216, 9216, 9216, 9216, 9216, 9216, 9216, 9216, 9216], padding lengths: [51, 121, 116, 40, 123, 122, 54, 38, 123].
[96m[1;38;2;180;140;80m(AReaL)[0m [96m20261002-23:41:54.219 [MegatronEngine Rank 1] INFO: #microbatch: 9, microbatch #tokens: [9045, 8985, 8896, 8992, 8994, 8988, 8896, 8892, 8899], aligned to: [9045, 8985, 8896, 8992, 8994, 8988, 8896, 8892, 8899], padded to: [9216, 9216, 8960, 9216, 9216, 9216, 8960, 8960, 8960], padding lengths: [171, 231, 64, 224, 222, 228, 64, 68, 61].
[96m[1;38;2;180;140;80m(AReaL)[0m [96m20261002-23:41:54.223 [MegatronEngine Rank 0] INFO: #microbatch: 9, microbatch #tokens: [9188, 9240, 9012, 9052, 9003, 8908, 8902, 9013, 9024], aligned to: [9188, 9240, 9012, 9052, 9003, 8908, 8902, 9013, 9024], padded to: [9216, 9472, 9216, 9216, 9216, 8960, 8960, 9216, 9216], padding lengths: [28, 232, 204, 164, 213, 52, 58, 203, 192].
[37m[1;38;2;180;140;80m(AReaL)[0m [37m20261002-23:41:56.873 IOStruct INFO: Memory-Usage recompute logp: memory allocated (GB): 21.13, memory reserved (GB): 46.18, device memory used/total (GB): 52.96/139.81 | host RssAnon: 1337MB, RssShmem: 12MB
[37m[1;38;2;180;140;80m(AReaL)[0m [37m20261002-23:41:57.405 IOStruct INFO: Memory-Usage compute advantages: memory allocated (GB): 21.15, memory reserved (GB): 46.18, device memory used/total (GB): 52.96/139.81 | host RssAnon: 1342MB, RssShmem: 12MB
[96m[1;38;2;180;140;80m(AReaL)[0m [96m20261002-23:41:57.928 [MegatronEngine Rank 3] INFO: #microbatch: 9, microbatch #tokens: [9165, 9095, 9100, 9176, 9093, 9094, 9162, 9178, 9093], aligned to: [9165, 9095, 9100, 9176, 9093, 9094, 9162, 9178, 9093], padded to: [9216, 9216, 9216, 9216, 9216, 9216, 9216, 9216, 9216], padding lengths: [51, 121, 116, 40, 123, 122, 54, 38, 123].
[96m[1;38;2;180;140;80m(AReaL)[0m [96m20261002-23:41:57.929 [MegatronEngine Rank 2] INFO: #microbatch: 9, microbatch #tokens: [8955, 9046, 9097, 8957, 8992, 9052, 9056, 8951, 9057], aligned to: [8955, 9046, 9097, 8957, 8992, 9052, 9056, 8951, 9057], padded to: [8960, 9216, 9216, 8960, 9216, 9216, 9216, 8960, 9216], padding lengths: [5, 170, 119, 3, 224, 164, 160, 9, 159].
[96m[1;38;2;180;140;80m(AReaL)[0m [96m20261002-23:41:57.931 [MegatronEngine Rank 1] INFO: #microbatch: 9, microbatch #tokens: [9045, 8985, 8896, 8992, 8994, 8988, 8896, 8892, 8899], aligned to: [9045, 8985, 8896, 8992, 8994, 8988, 8896, 8892, 8899], padded to: [9216, 9216, 8960, 9216, 9216, 9216, 8960, 8960, 8960], padding lengths: [171, 231, 64, 224, 222, 228, 64, 68, 61].
[96m[1;38;2;180;140;80m(AReaL)[0m [96m20261002-23:41:57.937 [MegatronEngine Rank 0] INFO: #microbatch: 9, microbatch #tokens: [9188, 9240, 9012, 9052, 9003, 8908, 8902, 9013, 9024], aligned to: [9188, 9240, 9012, 9052, 9003, 8908, 8902, 9013, 9024], padded to: [9216, 9472, 9216, 9216, 9216, 8960, 8960, 9216, 9216], padding lengths: [28, 232, 204, 164, 213, 52, 58, 203, 192].
[37m[1;38;2;180;140;80m(AReaL)[0m [37m20261002-23:42:05.896 IOStruct INFO: Memory-Usage ppo update: memory allocated (GB): 21.13, memory reserved (GB): 76.79, device memory used/total (GB): 83.57/139.81 | host RssAnon: 1343MB, RssShmem: 12MB
[37m[1;38;2;180;140;80m(AReaL)[0m [37m20261002-23:42:17.204 HFUtils INFO: Copied generation_config.json from /storage/openpsi/models/Qwen__Qwen2.5-1.5B-Instruct to /storage/openpsi/users/fenghui/projects/AReaL-muon/research/muon/evidence/baseline-aligned-3epoch-20261002/muon/results/checkpoints/root/gsm8k-grpo-megatron-muon-baseline3/trial0/default/epoch1epochstep0globalstep1
[37m[1;38;2;180;140;80m(AReaL)[0m [37m20261002-23:42:17.214 HFUtils INFO: Copied tokenizer_config.json from /storage/openpsi/models/Qwen__Qwen2.5-1.5B-Instruct to /storage/openpsi/users/fenghui/projects/AReaL-muon/research/muon/evidence/baseline-aligned-3epoch-20261002/muon/results/checkpoints/root/gsm8k-grpo-megatron-muon-baseline3/trial0/default/epoch1epochstep0globalstep1
[37m[1;38;2;180;140;80m(AReaL)[0m [37m20261002-23:42:17.230 HFUtils INFO: Copied vocab.json from /storage/openpsi/models/Qwen__Qwen2.5-1.5B-Instruct to /storage/openpsi/users/fenghui/projects/AReaL-muon/research/muon/evidence/baseline-aligned-3epoch-20261002/muon/results/checkpoints/root/gsm8k-grpo-megatron-muon-baseline3/trial0/default/epoch1epochstep0globalstep1
[37m[1;38;2;180;140;80m(AReaL)[0m [37m20261002-23:42:17.245 HFUtils INFO: Copied merges.txt from /storage/openpsi/models/Qwen__Qwen2.5-1.5B-Instruct to /storage/openpsi/users/fenghui/projects/AReaL-muon/research/muon/evidence/baseline-aligned-3epoch-20261002/muon/results/checkpoints/root/gsm8k-grpo-megatron-muon-baseline3/trial0/default/epoch1epochstep0globalstep1
[37m[1;38;2;180;140;80m(AReaL)[0m [37m20261002-23:42:17.246 HFUtils INFO: special_tokens_map.json does not exist in /storage/openpsi/models/Qwen__Qwen2.5-1.5B-Instruct; skipping
[37m[1;38;2;180;140;80m(AReaL)[0m [37m20261002-23:42:17.270 HFUtils INFO: Copied tokenizer.json from /storage/openpsi/models/Qwen__Qwen2.5-1.5B-Instruct to /storage/openpsi/users/fenghui/projects/AReaL-muon/research/muon/evidence/baseline-aligned-3epoch-20261002/muon/results/checkpoints/root/gsm8k-grpo-megatron-muon-baseline3/trial0/default/epoch1epochstep0globalstep1
[37m[1;38;2;180;140;80m(AReaL)[0m [37m20261002-23:42:17.289 HFUtils INFO: Patched config.json: torch_dtype=bfloat16
[37m[1;38;2;180;140;80m(AReaL)[0m [37m20261002-23:42:17.495 DataBP INFO: Cleared 513 batch shards. Stats: {'status': 'ok', 'cleared_count': 513, 'num_tensors': 711, 'total_bytes': 4955616}
[37m[1;38;2;180;140;80m(AReaL)[0m [37m20261002-23:42:17.495 DataBP INFO: Cleared 657 batch shards. Stats: {'status': 'ok', 'cleared_count': 657, 'num_tensors': 1071, 'total_bytes': 6956988}
[37m[1;38;2;180;140;80m(AReaL)[0m [37m20261002-23:42:17.495 DataBP INFO: Cleared 522 batch shards. Stats: {'status': 'ok', 'cleared_count': 522, 'num_tensors': 612, 'total_bytes': 4408740}
[37m[1;38;2;180;140;80m(AReaL)[0m [37m20261002-23:42:17.496 DataBP INFO: Cleared 612 batch shards. Stats: {'status': 'ok', 'cleared_count': 612, 'num_tensors': 1080, 'total_bytes': 7004544}
[37m[1;38;2;180;140;80m(AReaL)[0m [37m20261002-23:42:17.497 DataBP INFO: Cleared 960 batch shards. Stats: {'status': 'ok', 'cleared_count': 960, 'num_tensors': 0, 'total_bytes': 0}
[37m[1;38;2;180;140;80m(AReaL)[0m [37m20261002-23:42:17.498 DataBP INFO: Cleared 960 batch shards. Stats: {'status': 'ok', 'cleared_count': 960, 'num_tensors': 0, 'total_bytes': 0}
[37m[1;38;2;180;140;80m(AReaL)[0m [37m20261002-23:42:17.498 DataBP INFO: Cleared 960 batch shards. Stats: {'status': 'ok', 'cleared_count': 960, 'num_tensors': 0, 'total_bytes': 0}
[37m[1;38;2;180;140;80m(AReaL)[0m [37m20261002-23:42:17.499 DataBP INFO: Cleared 960 batch shards. Stats: {'status': 'ok', 'cleared_count': 960, 'num_tensors': 0, 'total_bytes': 0}
[37m[1;38;2;180;140;80m(AReaL)[0m [37m20261002-23:42:18.755 DataBP INFO: Cleared 9 batch shards. Stats: {'status': 'ok', 'cleared_count': 9, 'num_tensors': 0, 'total_bytes': 0}
[37m[1;38;2;180;140;80m(AReaL)[0m [37m20261002-23:42:18.755 DataBP INFO: Cleared 9 batch shards. Stats: {'status': 'ok', 'cleared_count': 9, 'num_tensors': 0, 'total_bytes': 0}
[37m[1;38;2;180;140;80m(AReaL)[0m [37m20261002-23:42:18.755 DataBP INFO: Cleared 9 batch shards. Stats: {'status': 'ok', 'cleared_count': 9, 'num_tensors': 0, 'total_bytes': 0}
[37m[1;38;2;180;140;80m(AReaL)[0m [37m20261002-23:42:18.755 DataBP INFO: Cleared 9 batch shards. Stats: {'status': 'ok', 'cleared_count': 9, 'num_tensors': 0, 'total_bytes': 0}
[92m[1;38;2;180;140;80m(AReaL)[0m [92m20261002-23:42:18.869 StatsLogger INFO: Epoch 2/3 Step 1/1 Train step 2/3 done.
[92m[1;38;2;180;140;80m(AReaL)[0m [92m20261002-23:42:18.870 StatsLogger INFO: Stats (1/1):
[92m[1;38;2;180;140;80m(AReaL)[0m [92m20261002-23:42:18.874 StatsLogger INFO: 
╒════════════════════════════════════════╤═════════════╤═════════════════════════════════════════════════╤═════════════╤══════════════════════════════════════════════════════════════╤═════════════╤══════════════════════════════════════════════╤═════════════╕
│ timeperf/rollout                       │  2.1367e+00 │ ppo_actor/seq_len/max                           │  1.1930e+03 │ ppo_actor/update/compute_logp/kl_div_taylor/avg              │  4.1605e-04 │ ppo_actor/update/version_stats/v_proximal    │  1.0000e+00 │
├────────────────────────────────────────┼─────────────┼─────────────────────────────────────────────────┼─────────────┼──────────────────────────────────────────────────────────────┼─────────────┼──────────────────────────────────────────────┼─────────────┤
│ timeperf/recompute_logp                │  3.1386e+00 │ ppo_actor/seq_len/min                           │  7.4000e+01 │ ppo_actor/update/compute_logp/kl_div_taylor/max              │  4.4798e-01 │ ppo_actor/update/version_stats/v_theta       │  1.0000e+00 │
├────────────────────────────────────────┼─────────────┼─────────────────────────────────────────────────┼─────────────┼──────────────────────────────────────────────────────────────┼─────────────┼──────────────────────────────────────────────┼─────────────┤
│ timeperf/compute_advantage             │  5.3193e-01 │ ppo_actor/task_reward/avg                       │  7.4121e-01 │ ppo_actor/update/compute_logp/kl_div_taylor/min              │  0.0000e+00 │ ppo_actor/update/vocab_max_logits/avg        │  2.9736e+01 │
├────────────────────────────────────────┼─────────────┼─────────────────────────────────────────────────┼─────────────┼──────────────────────────────────────────────────────────────┼─────────────┼──────────────────────────────────────────────┼─────────────┤
│ timeperf/train_step                    │  8.4906e+00 │ ppo_actor/task_reward/max                       │  1.0000e+00 │ ppo_actor/update/compute_logp/n_valid_tokens                 │  2.2662e+05 │ ppo_actor/update/vocab_max_logits/max        │  4.9500e+01 │
├────────────────────────────────────────┼─────────────┼─────────────────────────────────────────────────┼─────────────┼──────────────────────────────────────────────────────────────┼─────────────┼──────────────────────────────────────────────┼─────────────┤
│ timeperf/update_weights                │  2.8739e+00 │ ppo_actor/task_reward/min                       │  0.0000e+00 │ ppo_actor/update/compute_logp/prox_logp_gt/avg               │ -2.8155e-01 │ ppo_actor/update/vocab_max_logits/min        │  1.0438e+01 │
├────────────────────────────────────────┼─────────────┼─────────────────────────────────────────────────┼─────────────┼──────────────────────────────────────────────────────────────┼─────────────┼──────────────────────────────────────────────┼─────────────┤
│ timeperf/save                          │  8.6414e+00 │ ppo_actor/train_infer/kl_k1                     │  3.9740e-04 │ ppo_actor/update/compute_logp/prox_logp_gt/max               │  0.0000e+00 │ ppo_actor/update/vocab_min_logits/avg        │ -1.6015e+01 │
├────────────────────────────────────────┼─────────────┼─────────────────────────────────────────────────┼─────────────┼──────────────────────────────────────────────────────────────┼─────────────┼──────────────────────────────────────────────┼─────────────┤
│ timeperf/checkpoint_for_recover        │  1.0050e-04 │ ppo_actor/train_infer/kl_k2                     │  4.1605e-04 │ ppo_actor/update/compute_logp/prox_logp_gt/min               │ -2.1583e+01 │ ppo_actor/update/vocab_min_logits/max        │ -4.1250e+00 │
├────────────────────────────────────────┼─────────────┼─────────────────────────────────────────────────┼─────────────┼──────────────────────────────────────────────────────────────┼─────────────┼──────────────────────────────────────────────┼─────────────┤
│ timeperf/clear_batches                 │  1.7179e-01 │ ppo_actor/train_infer/kl_k3                     │  4.0877e-04 │ ppo_actor/update/dual_clip_ratio/avg                         │  0.0000e+00 │ ppo_actor/update/vocab_min_logits/min        │ -4.3000e+01 │
├────────────────────────────────────────┼─────────────┼─────────────────────────────────────────────────┼─────────────┼──────────────────────────────────────────────────────────────┼─────────────┼──────────────────────────────────────────────┼─────────────┤
│ timeperf/eval                          │  1.1027e+00 │ ppo_actor/train_infer/kl_k3_overflow_fraction   │  0.0000e+00 │ ppo_actor/update/dual_clip_ratio/max                         │  0.0000e+00 │ ppo_actor/usable_group_size/avg              │  4.0000e+00 │
├────────────────────────────────────────┼─────────────┼─────────────────────────────────────────────────┼─────────────┼──────────────────────────────────────────────────────────────┼─────────────┼──────────────────────────────────────────────┼─────────────┤
│ ppo_actor/advantage_negative_fraction  │  7.0153e-01 │ ppo_actor/train_infer/logp_abs_diff/avg         │  9.2197e-03 │ ppo_actor/update/dual_clip_ratio/min                         │  0.0000e+00 │ ppo_actor/usable_group_size/max              │  4.0000e+00 │
├────────────────────────────────────────┼─────────────┼─────────────────────────────────────────────────┼─────────────┼──────────────────────────────────────────────────────────────┼─────────────┼──────────────────────────────────────────────┼─────────────┤
│ ppo_actor/advantage_positive_fraction  │  2.9847e-01 │ ppo_actor/train_infer/logp_abs_diff/max         │  9.4655e-01 │ ppo_actor/update/dual_clipped_tokens                         │  0.0000e+00 │ ppo_actor/usable_group_size/min              │  4.0000e+00 │
├────────────────────────────────────────┼─────────────┼─────────────────────────────────────────────────┼─────────────┼──────────────────────────────────────────────────────────────┼─────────────┼──────────────────────────────────────────────┼─────────────┤
│ ppo_actor/advantage_zero_fraction      │  0.0000e+00 │ ppo_actor/train_infer/logp_abs_diff/min         │  0.0000e+00 │ ppo_actor/update/entropy/avg                                 │  2.7979e-01 │ ppo_actor/use_dual_clip                      │  0.0000e+00 │
├────────────────────────────────────────┼─────────────┼─────────────────────────────────────────────────┼─────────────┼──────────────────────────────────────────────────────────────┼─────────────┼──────────────────────────────────────────────┼─────────────┤
│ ppo_actor/advantages/avg               │ -1.7776e-08 │ ppo_actor/train_infer/logp_diff/avg             │ -3.9740e-04 │ ppo_actor/update/entropy/max                                 │  8.4904e+00 │ rollout/num_turns_count                      │  1.9160e+03 │
├────────────────────────────────────────┼─────────────┼─────────────────────────────────────────────────┼─────────────┼──────────────────────────────────────────────────────────────┼─────────────┼──────────────────────────────────────────────┼─────────────┤
│ ppo_actor/advantages/max               │  2.5203e+00 │ ppo_actor/train_infer/logp_diff/max             │  4.2144e-01 │ ppo_actor/update/entropy/min                                 │  1.3554e-09 │ rollout/num_turns_no_harness_err_count       │  1.9160e+03 │
├────────────────────────────────────────┼─────────────┼─────────────────────────────────────────────────┼─────────────┼──────────────────────────────────────────────────────────────┼─────────────┼──────────────────────────────────────────────┼─────────────┤
│ ppo_actor/advantages/min               │ -2.6115e+00 │ ppo_actor/train_infer/logp_diff/min             │ -9.4655e-01 │ ppo_actor/update/grad_norm                                   │  3.3971e-01 │ rollout/accepted                             │  1.0000e+00 │
├────────────────────────────────────────┼─────────────┼─────────────────────────────────────────────────┼─────────────┼──────────────────────────────────────────────────────────────┼─────────────┼──────────────────────────────────────────────┼─────────────┤
│ ppo_actor/correct_n_seqs               │  7.5900e+02 │ ppo_actor/train_infer/logp_diff_squared         │  8.3210e-04 │ ppo_actor/update/importance_weight/avg                       │  1.0000e+00 │ rollout/context_overflow                     │  0.0000e+00 │
├────────────────────────────────────────┼─────────────┼─────────────────────────────────────────────────┼─────────────┼──────────────────────────────────────────────────────────────┼─────────────┼──────────────────────────────────────────────┼─────────────┤
│ ppo_actor/correct_seq_len/avg          │  3.0885e+02 │ ppo_actor/train_infer/n_valid_tokens            │  2.2662e+05 │ ppo_actor/update/importance_weight/max                       │  1.0000e+00 │ rollout/fully_masked_group                   │  0.0000e+00 │
├────────────────────────────────────────┼─────────────┼─────────────────────────────────────────────────┼─────────────┼──────────────────────────────────────────────────────────────┼─────────────┼──────────────────────────────────────────────┼─────────────┤
│ ppo_actor/correct_seq_len/max          │  6.6600e+02 │ ppo_actor/train_infer/nonfinite_logp_fraction   │  0.0000e+00 │ ppo_actor/update/importance_weight/min                       │  1.0000e+00 │ rollout/pre_filter_trainable_slot_yield      │  1.0000e+00 │
├────────────────────────────────────────┼─────────────┼─────────────────────────────────────────────────┼─────────────┼──────────────────────────────────────────────────────────────┼─────────────┼──────────────────────────────────────────────┼─────────────┤
│ ppo_actor/correct_seq_len/min          │  9.1000e+01 │ ppo_actor/train_infer/ratio_outside_1.5         │  1.3238e-04 │ ppo_actor/update/logp_abs_diff/avg                           │  9.2197e-03 │ rollout/pre_filter_usable_slot_yield         │  1.0000e+00 │
├────────────────────────────────────────┼─────────────┼─────────────────────────────────────────────────┼─────────────┼──────────────────────────────────────────────────────────────┼─────────────┼──────────────────────────────────────────────┼─────────────┤
│ ppo_actor/eps_clip                     │  4.0000e-01 │ ppo_actor/train_infer/ratio_outside_10          │  0.0000e+00 │ ppo_actor/update/logp_abs_diff/max                           │  9.4655e-01 │ rollout/proxy_system_error                   │  0.0000e+00 │
├────────────────────────────────────────┼─────────────┼─────────────────────────────────────────────────┼─────────────┼──────────────────────────────────────────────────────────────┼─────────────┼──────────────────────────────────────────────┼─────────────┤
│ ppo_actor/final_reward/avg             │ -1.6044e-11 │ ppo_actor/train_infer/ratio_outside_2           │  4.4128e-06 │ ppo_actor/update/logp_abs_diff/min                           │  0.0000e+00 │ rollout/reward                               │  7.1555e-01 │
├────────────────────────────────────────┼─────────────┼─────────────────────────────────────────────────┼─────────────┼──────────────────────────────────────────────────────────────┼─────────────┼──────────────────────────────────────────────┼─────────────┤
│ ppo_actor/final_reward/max             │  1.5000e+00 │ ppo_actor/train_infer/ratio_outside_3           │  0.0000e+00 │ ppo_actor/update/logp_diff/avg                               │  3.9740e-04 │ rollout/singleton_slot_group                 │  0.0000e+00 │
├────────────────────────────────────────┼─────────────┼─────────────────────────────────────────────────┼─────────────┼──────────────────────────────────────────────────────────────┼─────────────┼──────────────────────────────────────────────┼─────────────┤
│ ppo_actor/final_reward/min             │ -1.5000e+00 │ ppo_actor/train_infer/ratio_outside_5           │  0.0000e+00 │ ppo_actor/update/logp_diff/max                               │  9.4655e-01 │ rollout/target_slot_count                    │  4.0000e+00 │
├────────────────────────────────────────┼─────────────┼─────────────────────────────────────────────────┼─────────────┼──────────────────────────────────────────────────────────────┼─────────────┼──────────────────────────────────────────────┼─────────────┤
│ ppo_actor/group_loss_weight/avg        │  8.8522e+02 │ ppo_actor/train_infer/rollout_nll               │  2.8116e-01 │ ppo_actor/update/logp_diff/min                               │ -4.2144e-01 │ rollout/trainable_slot_count                 │  4.0000e+00 │
├────────────────────────────────────────┼─────────────┼─────────────────────────────────────────────────┼─────────────┼──────────────────────────────────────────────────────────────┼─────────────┼──────────────────────────────────────────────┼─────────────┤
│ ppo_actor/group_loss_weight/max        │  2.9580e+03 │ ppo_actor/train_infer/trainer_nll               │  2.8155e-01 │ ppo_actor/update/lr                                          │  3.0000e-06 │ rollout/usable_slot_count                    │  4.0000e+00 │
├────────────────────────────────────────┼─────────────┼─────────────────────────────────────────────────┼─────────────┼──────────────────────────────────────────────────────────────┼─────────────┼──────────────────────────────────────────────┼─────────────┤
│ ppo_actor/group_loss_weight/min        │  7.8000e+01 │ ppo_actor/update/actor_loss/avg                 │ -2.0560e-04 │ ppo_actor/update/masked_token_ratio                          │  3.0329e-01 │ rollout/num_turns/avg                        │  1.0000e+00 │
├────────────────────────────────────────┼─────────────┼─────────────────────────────────────────────────┼─────────────┼──────────────────────────────────────────────────────────────┼─────────────┼──────────────────────────────────────────────┼─────────────┤
│ ppo_actor/group_loss_weight_size_4/avg │  8.8522e+02 │ ppo_actor/update/actor_loss/max                 │  3.7874e+00 │ ppo_actor/update/n_masked_tokens                             │  2.7398e+03 │ rollout/num_turns_no_harness_err/avg         │  1.0000e+00 │
├────────────────────────────────────────┼─────────────┼─────────────────────────────────────────────────┼─────────────┼──────────────────────────────────────────────────────────────┼─────────────┼──────────────────────────────────────────────┼─────────────┤
│ ppo_actor/group_loss_weight_size_4/max │  2.9580e+03 │ ppo_actor/update/actor_loss/min                 │ -3.2616e+00 │ ppo_actor/update/n_tokens                                    │  3.2525e+05 │ rollout/num_turns/min                        │  1.0000e+00 │
├────────────────────────────────────────┼─────────────┼─────────────────────────────────────────────────┼─────────────┼──────────────────────────────────────────────────────────────┼─────────────┼──────────────────────────────────────────────┼─────────────┤
│ ppo_actor/group_loss_weight_size_4/min │  7.8000e+01 │ ppo_actor/update/approx_kl/avg                  │  0.0000e+00 │ ppo_actor/update/n_total_tokens                              │  9.0347e+03 │ rollout/num_turns_no_harness_err/min         │  1.0000e+00 │
├────────────────────────────────────────┼─────────────┼─────────────────────────────────────────────────┼─────────────┼──────────────────────────────────────────────────────────────┼─────────────┼──────────────────────────────────────────────┼─────────────┤
│ ppo_actor/incorrect_n_seqs             │  2.6500e+02 │ ppo_actor/update/approx_kl/max                  │  0.0000e+00 │ ppo_actor/update/n_valid_tokens                              │  2.2662e+05 │ rollout/num_turns/max                        │  1.0000e+00 │
├────────────────────────────────────────┼─────────────┼─────────────────────────────────────────────────┼─────────────┼──────────────────────────────────────────────────────────────┼─────────────┼──────────────────────────────────────────────┼─────────────┤
│ ppo_actor/incorrect_seq_len/avg        │  3.4275e+02 │ ppo_actor/update/approx_kl/min                  │  0.0000e+00 │ ppo_actor/update/n_valid_tokens_in_loss                      │  6.2949e+03 │ rollout/num_turns_no_harness_err/max         │  1.0000e+00 │
├────────────────────────────────────────┼─────────────┼─────────────────────────────────────────────────┼─────────────┼──────────────────────────────────────────────────────────────┼─────────────┼──────────────────────────────────────────────┼─────────────┤
│ ppo_actor/incorrect_seq_len/max        │  1.1930e+03 │ ppo_actor/update/behave_approx_kl/avg           │ -3.9740e-04 │ ppo_actor/update/new_logp/avg                                │ -2.8155e-01 │ eval-rollout/num_turns_count                 │  1.6000e+01 │
├────────────────────────────────────────┼─────────────┼─────────────────────────────────────────────────┼─────────────┼──────────────────────────────────────────────────────────────┼─────────────┼──────────────────────────────────────────────┼─────────────┤
│ ppo_actor/incorrect_seq_len/min        │  7.4000e+01 │ ppo_actor/update/behave_approx_kl/max           │  4.2144e-01 │ ppo_actor/update/new_logp/max                                │  0.0000e+00 │ eval-rollout/num_turns_no_harness_err_count  │  1.6000e+01 │
├────────────────────────────────────────┼─────────────┼─────────────────────────────────────────────────┼─────────────┼──────────────────────────────────────────────────────────────┼─────────────┼──────────────────────────────────────────────┼─────────────┤
│ ppo_actor/kl_rewards/avg               │  0.0000e+00 │ ppo_actor/update/behave_approx_kl/min           │ -9.4655e-01 │ ppo_actor/update/new_logp/min                                │ -2.1583e+01 │ eval-rollout/context_overflow                │  0.0000e+00 │
├────────────────────────────────────────┼─────────────┼─────────────────────────────────────────────────┼─────────────┼──────────────────────────────────────────────────────────────┼─────────────┼──────────────────────────────────────────────┼─────────────┤
│ ppo_actor/kl_rewards/max               │  0.0000e+00 │ ppo_actor/update/behave_filtered_ratio/avg      │  0.0000e+00 │ ppo_actor/update/num_micro_batches                           │  9.0000e+00 │ eval-rollout/fully_masked_group              │  0.0000e+00 │
├────────────────────────────────────────┼─────────────┼─────────────────────────────────────────────────┼─────────────┼──────────────────────────────────────────────────────────────┼─────────────┼──────────────────────────────────────────────┼─────────────┤
│ ppo_actor/kl_rewards/min               │ -0.0000e+00 │ ppo_actor/update/behave_filtered_ratio/max      │  0.0000e+00 │ ppo_actor/update/old_logp/avg                                │ -2.8116e-01 │ eval-rollout/pre_filter_trainable_slot_yield │  1.0000e+00 │
├────────────────────────────────────────┼─────────────┼─────────────────────────────────────────────────┼─────────────┼──────────────────────────────────────────────────────────────┼─────────────┼──────────────────────────────────────────────┼─────────────┤
│ ppo_actor/mask_no_eos_with_zero        │  0.0000e+00 │ ppo_actor/update/behave_filtered_ratio/min      │  0.0000e+00 │ ppo_actor/update/old_logp/max                                │  0.0000e+00 │ eval-rollout/pre_filter_usable_slot_yield    │  1.0000e+00 │
├────────────────────────────────────────┼─────────────┼─────────────────────────────────────────────────┼─────────────┼──────────────────────────────────────────────────────────────┼─────────────┼──────────────────────────────────────────────┼─────────────┤
│ ppo_actor/n_groups                     │  2.5600e+02 │ ppo_actor/update/behave_imp_weight/avg          │  1.0000e+00 │ ppo_actor/update/old_logp/min                                │ -2.1428e+01 │ eval-rollout/proxy_system_error              │  0.0000e+00 │
├────────────────────────────────────────┼─────────────┼─────────────────────────────────────────────────┼─────────────┼──────────────────────────────────────────────────────────────┼─────────────┼──────────────────────────────────────────────┼─────────────┤
│ ppo_actor/n_groups_size_4              │  2.5600e+02 │ ppo_actor/update/behave_imp_weight/max          │  1.5242e+00 │ ppo_actor/update/rs_filtered_fraction                        │  0.0000e+00 │ eval-rollout/reward                          │  9.3750e-01 │
├────────────────────────────────────────┼─────────────┼─────────────────────────────────────────────────┼─────────────┼──────────────────────────────────────────────────────────────┼─────────────┼──────────────────────────────────────────────┼─────────────┤
│ ppo_actor/n_seqs                       │  1.0240e+03 │ ppo_actor/update/behave_imp_weight/min          │  3.8808e-01 │ ppo_actor/update/unclipped_behave_tokens                     │  2.2662e+05 │ eval-rollout/singleton_slot_group            │  0.0000e+00 │
├────────────────────────────────────────┼─────────────┼─────────────────────────────────────────────────┼─────────────┼──────────────────────────────────────────────────────────────┼─────────────┼──────────────────────────────────────────────┼─────────────┤
│ ppo_actor/n_tokens                     │  1.0125e+06 │ ppo_actor/update/clip_ratio/avg                 │  0.0000e+00 │ ppo_actor/update/update_successful                           │  1.0000e+00 │ eval-rollout/target_slot_count               │  4.0000e+00 │
├────────────────────────────────────────┼─────────────┼─────────────────────────────────────────────────┼─────────────┼──────────────────────────────────────────────────────────────┼─────────────┼──────────────────────────────────────────────┼─────────────┤
│ ppo_actor/n_valid_tokens               │  2.2662e+05 │ ppo_actor/update/clip_ratio/max                 │  0.0000e+00 │ ppo_actor/update/version_stats/future_token_fraction         │  0.0000e+00 │ eval-rollout/trainable_slot_count            │  4.0000e+00 │
├────────────────────────────────────────┼─────────────┼─────────────────────────────────────────────────┼─────────────┼──────────────────────────────────────────────────────────────┼─────────────┼──────────────────────────────────────────────┼─────────────┤
│ ppo_actor/no_eos_ratios/avg            │  0.0000e+00 │ ppo_actor/update/clip_ratio/min                 │  0.0000e+00 │ ppo_actor/update/version_stats/n_valid_generated_tokens      │  2.2662e+05 │ eval-rollout/usable_slot_count               │  4.0000e+00 │
├────────────────────────────────────────┼─────────────┼─────────────────────────────────────────────────┼─────────────┼──────────────────────────────────────────────────────────────┼─────────────┼──────────────────────────────────────────────┼─────────────┤
│ ppo_actor/no_eos_ratios/max            │  0.0000e+00 │ ppo_actor/update/clipped_tokens                 │  0.0000e+00 │ ppo_actor/update/version_stats/sample_staleness_proximal_avg │  8.5334e-01 │ eval-rollout/num_turns/avg                   │  1.0000e+00 │
├────────────────────────────────────────┼─────────────┼─────────────────────────────────────────────────┼─────────────┼──────────────────────────────────────────────────────────────┼─────────────┼──────────────────────────────────────────────┼─────────────┤
│ ppo_actor/no_eos_ratios/min            │  0.0000e+00 │ ppo_actor/update/compute_logp/kl_div_direct/avg │  3.9740e-04 │ ppo_actor/update/version_stats/sample_staleness_proximal_max │  1.0000e+00 │ eval-rollout/num_turns_no_harness_err/avg    │  1.0000e+00 │
├────────────────────────────────────────┼─────────────┼─────────────────────────────────────────────────┼─────────────┼──────────────────────────────────────────────────────────────┼─────────────┼──────────────────────────────────────────────┼─────────────┤
│ ppo_actor/prompt_len/avg               │  9.6320e+01 │ ppo_actor/update/compute_logp/kl_div_direct/max │  9.4655e-01 │ ppo_actor/update/version_stats/sample_staleness_proximal_min │  0.0000e+00 │ eval-rollout/num_turns/min                   │  1.0000e+00 │
├────────────────────────────────────────┼─────────────┼─────────────────────────────────────────────────┼─────────────┼──────────────────────────────────────────────────────────────┼─────────────┼──────────────────────────────────────────────┼─────────────┤
│ ppo_actor/prompt_len/max               │  1.7700e+02 │ ppo_actor/update/compute_logp/kl_div_direct/min │ -4.2144e-01 │ ppo_actor/update/version_stats/sample_staleness_theta_avg    │  8.5334e-01 │ eval-rollout/num_turns_no_harness_err/min    │  1.0000e+00 │
├────────────────────────────────────────┼─────────────┼─────────────────────────────────────────────────┼─────────────┼──────────────────────────────────────────────────────────────┼─────────────┼──────────────────────────────────────────────┼─────────────┤
│ ppo_actor/prompt_len/min               │  6.3000e+01 │ ppo_actor/update/compute_logp/kl_div_dual/avg   │  4.0877e-04 │ ppo_actor/update/version_stats/sample_staleness_theta_max    │  1.0000e+00 │ eval-rollout/num_turns/max                   │  1.0000e+00 │
├────────────────────────────────────────┼─────────────┼─────────────────────────────────────────────────┼─────────────┼──────────────────────────────────────────────────────────────┼─────────────┼──────────────────────────────────────────────┼─────────────┤
│ ppo_actor/rs_upper                     │  5.0000e+00 │ ppo_actor/update/compute_logp/kl_div_dual/max   │  3.3463e-01 │ ppo_actor/update/version_stats/sample_staleness_theta_min    │  0.0000e+00 │ eval-rollout/num_turns_no_harness_err/max    │  1.0000e+00 │
├────────────────────────────────────────┼─────────────┼─────────────────────────────────────────────────┼─────────────┼──────────────────────────────────────────────────────────────┼─────────────┼──────────────────────────────────────────────┼─────────────┤
│ ppo_actor/seq_len/avg                  │  3.1762e+02 │ ppo_actor/update/compute_logp/kl_div_dual/min   │ -8.9873e-08 │ ppo_actor/update/version_stats/stale_token_fraction          │  8.5334e-01 │                                              │             │
╘════════════════════════════════════════╧═════════════╧═════════════════════════════════════════════════╧═════════════╧══════════════════════════════════════════════════════════════╧═════════════╧══════════════════════════════════════════════╧═════════════╛
[96m[1;38;2;180;140;80m(AReaL)[0m [96m20261002-23:42:20.554 [MegatronEngine Rank 3] INFO: #microbatch: 10, microbatch #tokens: [10229, 10199, 10185, 10207, 10239, 10208, 10143, 10126, 4470, 10043], aligned to: [10229, 10199, 10185, 10207, 10239, 10208, 10143, 10126, 4470, 10043], padded to: [10240, 10240, 10240, 10240, 10240, 10240, 10240, 10240, 4608, 10240], padding lengths: [11, 41, 55, 33, 1, 32, 97, 114, 138, 197].
[96m[1;38;2;180;140;80m(AReaL)[0m [96m20261002-23:42:20.556 [MegatronEngine Rank 1] INFO: #microbatch: 10, microbatch #tokens: [10237, 10227, 10238, 4439, 10233, 10196, 10233, 10076, 10206, 10109], aligned to: [10237, 10227, 10238, 4439, 10233, 10196, 10233, 10076, 10206, 10109], padded to: [10240, 10240, 10240, 4608, 10240, 10240, 10240, 10240, 10240, 10240], padding lengths: [3, 13, 2, 169, 7, 44, 7, 164, 34, 131].
[96m[1;38;2;180;140;80m(AReaL)[0m [96m20261002-23:42:20.559 [MegatronEngine Rank 2] INFO: #microbatch: 10, microbatch #tokens: [10240, 10086, 10233, 2903, 10072, 10097, 10235, 10214, 10205, 10181], aligned to: [10240, 10086, 10233, 2903, 10072, 10097, 10235, 10214, 10205, 10181], padded to: [10240, 10240, 10240, 3072, 10240, 10240, 10240, 10240, 10240, 10240], padding lengths: [0, 154, 7, 169, 168, 143, 5, 26, 35, 59].
[96m[1;38;2;180;140;80m(AReaL)[0m [96m20261002-23:42:20.560 [MegatronEngine Rank 0] INFO: #microbatch: 10, microbatch #tokens: [10155, 10200, 10206, 10236, 10112, 10055, 10217, 10240, 10016, 5325], aligned to: [10155, 10200, 10206, 10236, 10112, 10055, 10217, 10240, 10016, 5325], padded to: [10240, 10240, 10240, 10240, 10240, 10240, 10240, 10240, 10240, 5376], padding lengths: [85, 40, 34, 4, 128, 185, 23, 0, 224, 51].
[37m[1;38;2;180;140;80m(AReaL)[0m [37m20261002-23:42:23.345 IOStruct INFO: Memory-Usage recompute logp: memory allocated (GB): 21.13, memory reserved (GB): 60.34, device memory used/total (GB): 67.12/139.81 | host RssAnon: 1375MB, RssShmem: 12MB
[37m[1;38;2;180;140;80m(AReaL)[0m [37m20261002-23:42:24.460 IOStruct INFO: Memory-Usage compute advantages: memory allocated (GB): 21.15, memory reserved (GB): 60.34, device memory used/total (GB): 67.12/139.81 | host RssAnon: 1376MB, RssShmem: 12MB
[96m[1;38;2;180;140;80m(AReaL)[0m [96m20261002-23:42:24.951 [MegatronEngine Rank 1] INFO: #microbatch: 10, microbatch #tokens: [10237, 10227, 10238, 4439, 10233, 10196, 10233, 10076, 10206, 10109], aligned to: [10237, 10227, 10238, 4439, 10233, 10196, 10233, 10076, 10206, 10109], padded to: [10240, 10240, 10240, 4608, 10240, 10240, 10240, 10240, 10240, 10240], padding lengths: [3, 13, 2, 169, 7, 44, 7, 164, 34, 131].
[96m[1;38;2;180;140;80m(AReaL)[0m [96m20261002-23:42:24.951 [MegatronEngine Rank 0] INFO: #microbatch: 10, microbatch #tokens: [10155, 10200, 10206, 10236, 10112, 10055, 10217, 10240, 10016, 5325], aligned to: [10155, 10200, 10206, 10236, 10112, 10055, 10217, 10240, 10016, 5325], padded to: [10240, 10240, 10240, 10240, 10240, 10240, 10240, 10240, 10240, 5376], padding lengths: [85, 40, 34, 4, 128, 185, 23, 0, 224, 51].
[96m[1;38;2;180;140;80m(AReaL)[0m [96m20261002-23:42:24.952 [MegatronEngine Rank 2] INFO: #microbatch: 10, microbatch #tokens: [10240, 10086, 10233, 2903, 10072, 10097, 10235, 10214, 10205, 10181], aligned to: [10240, 10086, 10233, 2903, 10072, 10097, 10235, 10214, 10205, 10181], padded to: [10240, 10240, 10240, 3072, 10240, 10240, 10240, 10240, 10240, 10240], padding lengths: [0, 154, 7, 169, 168, 143, 5, 26, 35, 59].
[96m[1;38;2;180;140;80m(AReaL)[0m [96m20261002-23:42:24.954 [MegatronEngine Rank 3] INFO: #microbatch: 10, microbatch #tokens: [10229, 10199, 10185, 10207, 10239, 10208, 10143, 10126, 4470, 10043], aligned to: [10229, 10199, 10185, 10207, 10239, 10208, 10143, 10126, 4470, 10043], padded to: [10240, 10240, 10240, 10240, 10240, 10240, 10240, 10240, 4608, 10240], padding lengths: [11, 41, 55, 33, 1, 32, 97, 114, 138, 197].
[37m[1;38;2;180;140;80m(AReaL)[0m [37m20261002-23:42:33.393 IOStruct INFO: Memory-Usage ppo update: memory allocated (GB): 21.14, memory reserved (GB): 77.79, device memory used/total (GB): 84.57/139.81 | host RssAnon: 1376MB, RssShmem: 12MB
[37m[1;38;2;180;140;80m(AReaL)[0m [37m20261002-23:42:42.019 HFUtils INFO: Copied generation_config.json from /storage/openpsi/models/Qwen__Qwen2.5-1.5B-Instruct to /storage/openpsi/users/fenghui/projects/AReaL-muon/research/muon/evidence/baseline-aligned-3epoch-20261002/muon/results/checkpoints/root/gsm8k-grpo-megatron-muon-baseline3/trial0/default/epoch2epochstep0globalstep2
[37m[1;38;2;180;140;80m(AReaL)[0m [37m20261002-23:42:42.028 HFUtils INFO: Copied tokenizer_config.json from /storage/openpsi/models/Qwen__Qwen2.5-1.5B-Instruct to /storage/openpsi/users/fenghui/projects/AReaL-muon/research/muon/evidence/baseline-aligned-3epoch-20261002/muon/results/checkpoints/root/gsm8k-grpo-megatron-muon-baseline3/trial0/default/epoch2epochstep0globalstep2
[37m[1;38;2;180;140;80m(AReaL)[0m [37m20261002-23:42:42.045 HFUtils INFO: Copied vocab.json from /storage/openpsi/models/Qwen__Qwen2.5-1.5B-Instruct to /storage/openpsi/users/fenghui/projects/AReaL-muon/research/muon/evidence/baseline-aligned-3epoch-20261002/muon/results/checkpoints/root/gsm8k-grpo-megatron-muon-baseline3/trial0/default/epoch2epochstep0globalstep2
[37m[1;38;2;180;140;80m(AReaL)[0m [37m20261002-23:42:42.059 HFUtils INFO: Copied merges.txt from /storage/openpsi/models/Qwen__Qwen2.5-1.5B-Instruct to /storage/openpsi/users/fenghui/projects/AReaL-muon/research/muon/evidence/baseline-aligned-3epoch-20261002/muon/results/checkpoints/root/gsm8k-grpo-megatron-muon-baseline3/trial0/default/epoch2epochstep0globalstep2
[37m[1;38;2;180;140;80m(AReaL)[0m [37m20261002-23:42:42.061 HFUtils INFO: special_tokens_map.json does not exist in /storage/openpsi/models/Qwen__Qwen2.5-1.5B-Instruct; skipping
[37m[1;38;2;180;140;80m(AReaL)[0m [37m20261002-23:42:42.086 HFUtils INFO: Copied tokenizer.json from /storage/openpsi/models/Qwen__Qwen2.5-1.5B-Instruct to /storage/openpsi/users/fenghui/projects/AReaL-muon/research/muon/evidence/baseline-aligned-3epoch-20261002/muon/results/checkpoints/root/gsm8k-grpo-megatron-muon-baseline3/trial0/default/epoch2epochstep0globalstep2
[37m[1;38;2;180;140;80m(AReaL)[0m [37m20261002-23:42:42.107 HFUtils INFO: Patched config.json: torch_dtype=bfloat16
[37m[1;38;2;180;140;80m(AReaL)[0m [37m20261002-23:42:42.323 DataBP INFO: Cleared 504 batch shards. Stats: {'status': 'ok', 'cleared_count': 504, 'num_tensors': 1143, 'total_bytes': 7615824}
[37m[1;38;2;180;140;80m(AReaL)[0m [37m20261002-23:42:42.323 DataBP INFO: Cleared 657 batch shards. Stats: {'status': 'ok', 'cleared_count': 657, 'num_tensors': 1134, 'total_bytes': 7389540}
[37m[1;38;2;180;140;80m(AReaL)[0m [37m20261002-23:42:42.323 DataBP INFO: Cleared 585 batch shards. Stats: {'status': 'ok', 'cleared_count': 585, 'num_tensors': 1197, 'total_bytes': 7793448}
[37m[1;38;2;180;140;80m(AReaL)[0m [37m20261002-23:42:42.323 DataBP INFO: Cleared 558 batch shards. Stats: {'status': 'ok', 'cleared_count': 558, 'num_tensors': 1134, 'total_bytes': 7246188}
[37m[1;38;2;180;140;80m(AReaL)[0m [37m20261002-23:42:42.325 DataBP INFO: Cleared 960 batch shards. Stats: {'status': 'ok', 'cleared_count': 960, 'num_tensors': 0, 'total_bytes': 0}
[37m[1;38;2;180;140;80m(AReaL)[0m [37m20261002-23:42:42.325 DataBP INFO: Cleared 960 batch shards. Stats: {'status': 'ok', 'cleared_count': 960, 'num_tensors': 0, 'total_bytes': 0}
[37m[1;38;2;180;140;80m(AReaL)[0m [37m20261002-23:42:42.327 DataBP INFO: Cleared 960 batch shards. Stats: {'status': 'ok', 'cleared_count': 960, 'num_tensors': 0, 'total_bytes': 0}
[37m[1;38;2;180;140;80m(AReaL)[0m [37m20261002-23:42:42.327 DataBP INFO: Cleared 960 batch shards. Stats: {'status': 'ok', 'cleared_count': 960, 'num_tensors': 0, 'total_bytes': 0}
[37m[1;38;2;180;140;80m(AReaL)[0m [37m20261002-23:42:43.630 DataBP INFO: Cleared 9 batch shards. Stats: {'status': 'ok', 'cleared_count': 9, 'num_tensors': 0, 'total_bytes': 0}
[37m[1;38;2;180;140;80m(AReaL)[0m [37m20261002-23:42:43.630 DataBP INFO: Cleared 9 batch shards. Stats: {'status': 'ok', 'cleared_count': 9, 'num_tensors': 0, 'total_bytes': 0}
[37m[1;38;2;180;140;80m(AReaL)[0m [37m20261002-23:42:43.630 DataBP INFO: Cleared 9 batch shards. Stats: {'status': 'ok', 'cleared_count': 9, 'num_tensors': 0, 'total_bytes': 0}
[37m[1;38;2;180;140;80m(AReaL)[0m [37m20261002-23:42:43.630 DataBP INFO: Cleared 9 batch shards. Stats: {'status': 'ok', 'cleared_count': 9, 'num_tensors': 0, 'total_bytes': 0}
[92m[1;38;2;180;140;80m(AReaL)[0m [92m20261002-23:42:43.721 StatsLogger INFO: Epoch 3/3 Step 1/1 Train step 3/3 done.
[92m[1;38;2;180;140;80m(AReaL)[0m [92m20261002-23:42:43.721 StatsLogger INFO: Stats (1/1):
[92m[1;38;2;180;140;80m(AReaL)[0m [92m20261002-23:42:43.725 StatsLogger INFO: 
╒════════════════════════════════════════╤═════════════╤═════════════════════════════════════════════════╤═════════════╤══════════════════════════════════════════════════════════════╤═════════════╤══════════════════════════════════════════════╤═════════════╕
│ timeperf/rollout                       │  8.1083e-01 │ ppo_actor/seq_len/max                           │  1.1610e+03 │ ppo_actor/update/compute_logp/kl_div_taylor/avg              │  8.3873e-04 │ ppo_actor/update/version_stats/v_proximal    │  2.0000e+00 │
├────────────────────────────────────────┼─────────────┼─────────────────────────────────────────────────┼─────────────┼──────────────────────────────────────────────────────────────┼─────────────┼──────────────────────────────────────────────┼─────────────┤
│ timeperf/recompute_logp                │  3.6413e+00 │ ppo_actor/seq_len/min                           │  7.3000e+01 │ ppo_actor/update/compute_logp/kl_div_taylor/max              │  1.3827e+00 │ ppo_actor/update/version_stats/v_theta       │  2.0000e+00 │
├────────────────────────────────────────┼─────────────┼─────────────────────────────────────────────────┼─────────────┼──────────────────────────────────────────────────────────────┼─────────────┼──────────────────────────────────────────────┼─────────────┤
│ timeperf/compute_advantage             │  1.1142e+00 │ ppo_actor/task_reward/avg                       │  6.8945e-01 │ ppo_actor/update/compute_logp/kl_div_taylor/min              │  0.0000e+00 │ ppo_actor/update/vocab_max_logits/avg        │  2.9999e+01 │
├────────────────────────────────────────┼─────────────┼─────────────────────────────────────────────────┼─────────────┼──────────────────────────────────────────────────────────────┼─────────────┼──────────────────────────────────────────────┼─────────────┤
│ timeperf/train_step                    │  8.9328e+00 │ ppo_actor/task_reward/max                       │  1.0000e+00 │ ppo_actor/update/compute_logp/n_valid_tokens                 │  2.7912e+05 │ ppo_actor/update/vocab_max_logits/max        │  4.9250e+01 │
├────────────────────────────────────────┼─────────────┼─────────────────────────────────────────────────┼─────────────┼──────────────────────────────────────────────────────────────┼─────────────┼──────────────────────────────────────────────┼─────────────┤
│ timeperf/update_weights                │  3.1102e-01 │ ppo_actor/task_reward/min                       │  0.0000e+00 │ ppo_actor/update/compute_logp/prox_logp_gt/avg               │ -2.9790e-01 │ ppo_actor/update/vocab_max_logits/min        │  6.7812e+00 │
├────────────────────────────────────────┼─────────────┼─────────────────────────────────────────────────┼─────────────┼──────────────────────────────────────────────────────────────┼─────────────┼──────────────────────────────────────────────┼─────────────┤
│ timeperf/save                          │  8.6029e+00 │ ppo_actor/train_infer/kl_k1                     │  7.6545e-04 │ ppo_actor/update/compute_logp/prox_logp_gt/max               │  0.0000e+00 │ ppo_actor/update/vocab_min_logits/avg        │ -1.6056e+01 │
├────────────────────────────────────────┼─────────────┼─────────────────────────────────────────────────┼─────────────┼──────────────────────────────────────────────────────────────┼─────────────┼──────────────────────────────────────────────┼─────────────┤
│ timeperf/checkpoint_for_recover        │  7.6704e-05 │ ppo_actor/train_infer/kl_k2                     │  8.3873e-04 │ ppo_actor/update/compute_logp/prox_logp_gt/min               │ -2.0612e+01 │ ppo_actor/update/vocab_min_logits/max        │ -3.6406e+00 │
├────────────────────────────────────────┼─────────────┼─────────────────────────────────────────────────┼─────────────┼──────────────────────────────────────────────────────────────┼─────────────┼──────────────────────────────────────────────┼─────────────┤
│ timeperf/clear_batches                 │  1.7134e-01 │ ppo_actor/train_infer/kl_k3                     │  7.8390e-04 │ ppo_actor/update/dual_clip_ratio/avg                         │  0.0000e+00 │ ppo_actor/update/vocab_min_logits/min        │ -4.1500e+01 │
├────────────────────────────────────────┼─────────────┼─────────────────────────────────────────────────┼─────────────┼──────────────────────────────────────────────────────────────┼─────────────┼──────────────────────────────────────────────┼─────────────┤
│ timeperf/eval                          │  1.1519e+00 │ ppo_actor/train_infer/kl_k3_overflow_fraction   │  0.0000e+00 │ ppo_actor/update/dual_clip_ratio/max                         │  0.0000e+00 │ ppo_actor/usable_group_size/avg              │  4.0000e+00 │
├────────────────────────────────────────┼─────────────┼─────────────────────────────────────────────────┼─────────────┼──────────────────────────────────────────────────────────────┼─────────────┼──────────────────────────────────────────────┼─────────────┤
│ ppo_actor/advantage_negative_fraction  │  6.9108e-01 │ ppo_actor/train_infer/logp_abs_diff/avg         │  1.2374e-02 │ ppo_actor/update/dual_clip_ratio/min                         │  0.0000e+00 │ ppo_actor/usable_group_size/max              │  4.0000e+00 │
├────────────────────────────────────────┼─────────────┼─────────────────────────────────────────────────┼─────────────┼──────────────────────────────────────────────────────────────┼─────────────┼──────────────────────────────────────────────┼─────────────┤
│ ppo_actor/advantage_positive_fraction  │  3.0892e-01 │ ppo_actor/train_infer/logp_abs_diff/max         │  1.6630e+00 │ ppo_actor/update/dual_clipped_tokens                         │  0.0000e+00 │ ppo_actor/usable_group_size/min              │  4.0000e+00 │
├────────────────────────────────────────┼─────────────┼─────────────────────────────────────────────────┼─────────────┼──────────────────────────────────────────────────────────────┼─────────────┼──────────────────────────────────────────────┼─────────────┤
│ ppo_actor/advantage_zero_fraction      │  0.0000e+00 │ ppo_actor/train_infer/logp_abs_diff/min         │  0.0000e+00 │ ppo_actor/update/entropy/avg                                 │  2.8966e-01 │ ppo_actor/use_dual_clip                      │  0.0000e+00 │
├────────────────────────────────────────┼─────────────┼─────────────────────────────────────────────────┼─────────────┼──────────────────────────────────────────────────────────────┼─────────────┼──────────────────────────────────────────────┼─────────────┤
│ ppo_actor/advantages/avg               │ -3.3894e-09 │ ppo_actor/train_infer/logp_diff/avg             │ -7.6545e-04 │ ppo_actor/update/entropy/max                                 │  9.0234e+00 │ rollout/num_turns_count                      │  1.2150e+03 │
├────────────────────────────────────────┼─────────────┼─────────────────────────────────────────────────┼─────────────┼──────────────────────────────────────────────────────────────┼─────────────┼──────────────────────────────────────────────┼─────────────┤
│ ppo_actor/advantages/max               │  2.3637e+00 │ ppo_actor/train_infer/logp_diff/max             │  8.6196e-01 │ ppo_actor/update/entropy/min                                 │  4.9515e-10 │ rollout/num_turns_no_harness_err_count       │  1.2150e+03 │
├────────────────────────────────────────┼─────────────┼─────────────────────────────────────────────────┼─────────────┼──────────────────────────────────────────────────────────────┼─────────────┼──────────────────────────────────────────────┼─────────────┤
│ ppo_actor/advantages/min               │ -2.4030e+00 │ ppo_actor/train_infer/logp_diff/min             │ -1.6630e+00 │ ppo_actor/update/grad_norm                                   │  2.6327e-01 │ rollout/accepted                             │  1.0000e+00 │
├────────────────────────────────────────┼─────────────┼─────────────────────────────────────────────────┼─────────────┼──────────────────────────────────────────────────────────────┼─────────────┼──────────────────────────────────────────────┼─────────────┤
│ ppo_actor/correct_n_seqs               │  7.0600e+02 │ ppo_actor/train_infer/logp_diff_squared         │  1.6775e-03 │ ppo_actor/update/importance_weight/avg                       │  1.0000e+00 │ rollout/context_overflow                     │  0.0000e+00 │
├────────────────────────────────────────┼─────────────┼─────────────────────────────────────────────────┼─────────────┼──────────────────────────────────────────────────────────────┼─────────────┼──────────────────────────────────────────────┼─────────────┤
│ ppo_actor/correct_seq_len/avg          │  3.5536e+02 │ ppo_actor/train_infer/n_valid_tokens            │  2.7912e+05 │ ppo_actor/update/importance_weight/max                       │  1.0000e+00 │ rollout/fully_masked_group                   │  0.0000e+00 │
├────────────────────────────────────────┼─────────────┼─────────────────────────────────────────────────┼─────────────┼──────────────────────────────────────────────────────────────┼─────────────┼──────────────────────────────────────────────┼─────────────┤
│ ppo_actor/correct_seq_len/max          │  9.7600e+02 │ ppo_actor/train_infer/nonfinite_logp_fraction   │  0.0000e+00 │ ppo_actor/update/importance_weight/min                       │  1.0000e+00 │ rollout/pre_filter_trainable_slot_yield      │  1.0000e+00 │
├────────────────────────────────────────┼─────────────┼─────────────────────────────────────────────────┼─────────────┼──────────────────────────────────────────────────────────────┼─────────────┼──────────────────────────────────────────────┼─────────────┤
│ ppo_actor/correct_seq_len/min          │  1.1800e+02 │ ppo_actor/train_infer/ratio_outside_1.5         │  1.0963e-03 │ ppo_actor/update/logp_abs_diff/avg                           │  1.2374e-02 │ rollout/pre_filter_usable_slot_yield         │  1.0000e+00 │
├────────────────────────────────────────┼─────────────┼─────────────────────────────────────────────────┼─────────────┼──────────────────────────────────────────────────────────────┼─────────────┼──────────────────────────────────────────────┼─────────────┤
│ ppo_actor/eps_clip                     │  4.0000e-01 │ ppo_actor/train_infer/ratio_outside_10          │  0.0000e+00 │ ppo_actor/update/logp_abs_diff/max                           │  1.6630e+00 │ rollout/proxy_system_error                   │  0.0000e+00 │
├────────────────────────────────────────┼─────────────┼─────────────────────────────────────────────────┼─────────────┼──────────────────────────────────────────────────────────────┼─────────────┼──────────────────────────────────────────────┼─────────────┤
│ ppo_actor/final_reward/avg             │ -8.5418e-12 │ ppo_actor/train_infer/ratio_outside_2           │  2.5437e-04 │ ppo_actor/update/logp_abs_diff/min                           │  0.0000e+00 │ rollout/reward                               │  7.4321e-01 │
├────────────────────────────────────────┼─────────────┼─────────────────────────────────────────────────┼─────────────┼──────────────────────────────────────────────────────────────┼─────────────┼──────────────────────────────────────────────┼─────────────┤
│ ppo_actor/final_reward/max             │  1.5000e+00 │ ppo_actor/train_infer/ratio_outside_3           │  3.2244e-05 │ ppo_actor/update/logp_diff/avg                               │  7.6545e-04 │ rollout/singleton_slot_group                 │  0.0000e+00 │
├────────────────────────────────────────┼─────────────┼─────────────────────────────────────────────────┼─────────────┼──────────────────────────────────────────────────────────────┼─────────────┼──────────────────────────────────────────────┼─────────────┤
│ ppo_actor/final_reward/min             │ -1.5000e+00 │ ppo_actor/train_infer/ratio_outside_5           │  3.5827e-06 │ ppo_actor/update/logp_diff/max                               │  1.6630e+00 │ rollout/target_slot_count                    │  4.0000e+00 │
├────────────────────────────────────────┼─────────────┼─────────────────────────────────────────────────┼─────────────┼──────────────────────────────────────────────────────────────┼─────────────┼──────────────────────────────────────────────┼─────────────┤
│ ppo_actor/group_loss_weight/avg        │  1.0903e+03 │ ppo_actor/train_infer/rollout_nll               │  2.9713e-01 │ ppo_actor/update/logp_diff/min                               │ -8.6196e-01 │ rollout/trainable_slot_count                 │  4.0000e+00 │
├────────────────────────────────────────┼─────────────┼─────────────────────────────────────────────────┼─────────────┼──────────────────────────────────────────────────────────────┼─────────────┼──────────────────────────────────────────────┼─────────────┤
│ ppo_actor/group_loss_weight/max        │  2.8110e+03 │ ppo_actor/train_infer/trainer_nll               │  2.9790e-01 │ ppo_actor/update/lr                                          │  3.0000e-06 │ rollout/usable_slot_count                    │  4.0000e+00 │
├────────────────────────────────────────┼─────────────┼─────────────────────────────────────────────────┼─────────────┼──────────────────────────────────────────────────────────────┼─────────────┼──────────────────────────────────────────────┼─────────────┤
│ ppo_actor/group_loss_weight/min        │  3.1800e+02 │ ppo_actor/update/actor_loss/avg                 │ -3.6229e-04 │ ppo_actor/update/masked_token_ratio                          │  2.8913e-01 │ rollout/num_turns/avg                        │  1.0000e+00 │
├────────────────────────────────────────┼─────────────┼─────────────────────────────────────────────────┼─────────────┼──────────────────────────────────────────────────────────────┼─────────────┼──────────────────────────────────────────────┼─────────────┤
│ ppo_actor/group_loss_weight_size_4/avg │  1.0903e+03 │ ppo_actor/update/actor_loss/max                 │  3.9255e+00 │ ppo_actor/update/n_masked_tokens                             │  2.6088e+03 │ rollout/num_turns_no_harness_err/avg         │  1.0000e+00 │
├────────────────────────────────────────┼─────────────┼─────────────────────────────────────────────────┼─────────────┼──────────────────────────────────────────────────────────────┼─────────────┼──────────────────────────────────────────────┼─────────────┤
│ ppo_actor/group_loss_weight_size_4/max │  2.8110e+03 │ ppo_actor/update/actor_loss/min                 │ -3.5762e+00 │ ppo_actor/update/n_tokens                                    │  3.8347e+05 │ rollout/num_turns/min                        │  1.0000e+00 │
├────────────────────────────────────────┼─────────────┼─────────────────────────────────────────────────┼─────────────┼──────────────────────────────────────────────────────────────┼─────────────┼──────────────────────────────────────────────┼─────────────┤
│ ppo_actor/group_loss_weight_size_4/min │  3.1800e+02 │ ppo_actor/update/approx_kl/avg                  │  0.0000e+00 │ ppo_actor/update/n_total_tokens                              │  9.5868e+03 │ rollout/num_turns_no_harness_err/min         │  1.0000e+00 │
├────────────────────────────────────────┼─────────────┼─────────────────────────────────────────────────┼─────────────┼──────────────────────────────────────────────────────────────┼─────────────┼──────────────────────────────────────────────┼─────────────┤
│ ppo_actor/incorrect_n_seqs             │  3.1800e+02 │ ppo_actor/update/approx_kl/max                  │  0.0000e+00 │ ppo_actor/update/n_valid_tokens                              │  2.7912e+05 │ rollout/num_turns/max                        │  1.0000e+00 │
├────────────────────────────────────────┼─────────────┼─────────────────────────────────────────────────┼─────────────┼──────────────────────────────────────────────────────────────┼─────────────┼──────────────────────────────────────────────┼─────────────┤
│ ppo_actor/incorrect_seq_len/avg        │  4.1694e+02 │ ppo_actor/update/approx_kl/min                  │  0.0000e+00 │ ppo_actor/update/n_valid_tokens_in_loss                      │  6.9780e+03 │ rollout/num_turns_no_harness_err/max         │  1.0000e+00 │
├────────────────────────────────────────┼─────────────┼─────────────────────────────────────────────────┼─────────────┼──────────────────────────────────────────────────────────────┼─────────────┼──────────────────────────────────────────────┼─────────────┤
│ ppo_actor/incorrect_seq_len/max        │  1.1610e+03 │ ppo_actor/update/behave_approx_kl/avg           │ -7.6545e-04 │ ppo_actor/update/new_logp/avg                                │ -2.9790e-01 │ eval-rollout/num_turns_count                 │  1.6000e+01 │
├────────────────────────────────────────┼─────────────┼─────────────────────────────────────────────────┼─────────────┼──────────────────────────────────────────────────────────────┼─────────────┼──────────────────────────────────────────────┼─────────────┤
│ ppo_actor/incorrect_seq_len/min        │  7.3000e+01 │ ppo_actor/update/behave_approx_kl/max           │  8.6196e-01 │ ppo_actor/update/new_logp/max                                │  0.0000e+00 │ eval-rollout/num_turns_no_harness_err_count  │  1.6000e+01 │
├────────────────────────────────────────┼─────────────┼─────────────────────────────────────────────────┼─────────────┼──────────────────────────────────────────────────────────────┼─────────────┼──────────────────────────────────────────────┼─────────────┤
│ ppo_actor/kl_rewards/avg               │  0.0000e+00 │ ppo_actor/update/behave_approx_kl/min           │ -1.6630e+00 │ ppo_actor/update/new_logp/min                                │ -2.0612e+01 │ eval-rollout/context_overflow                │  0.0000e+00 │
├────────────────────────────────────────┼─────────────┼─────────────────────────────────────────────────┼─────────────┼──────────────────────────────────────────────────────────────┼─────────────┼──────────────────────────────────────────────┼─────────────┤
│ ppo_actor/kl_rewards/max               │  0.0000e+00 │ ppo_actor/update/behave_filtered_ratio/avg      │  0.0000e+00 │ ppo_actor/update/num_micro_batches                           │  1.0000e+01 │ eval-rollout/fully_masked_group              │  0.0000e+00 │
├────────────────────────────────────────┼─────────────┼─────────────────────────────────────────────────┼─────────────┼──────────────────────────────────────────────────────────────┼─────────────┼──────────────────────────────────────────────┼─────────────┤
│ ppo_actor/kl_rewards/min               │  0.0000e+00 │ ppo_actor/update/behave_filtered_ratio/max      │  0.0000e+00 │ ppo_actor/update/old_logp/avg                                │ -2.9713e-01 │ eval-rollout/pre_filter_trainable_slot_yield │  1.0000e+00 │
├────────────────────────────────────────┼─────────────┼─────────────────────────────────────────────────┼─────────────┼──────────────────────────────────────────────────────────────┼─────────────┼──────────────────────────────────────────────┼─────────────┤
│ ppo_actor/mask_no_eos_with_zero        │  0.0000e+00 │ ppo_actor/update/behave_filtered_ratio/min      │  0.0000e+00 │ ppo_actor/update/old_logp/max                                │  0.0000e+00 │ eval-rollout/pre_filter_usable_slot_yield    │  1.0000e+00 │
├────────────────────────────────────────┼─────────────┼─────────────────────────────────────────────────┼─────────────┼──────────────────────────────────────────────────────────────┼─────────────┼──────────────────────────────────────────────┼─────────────┤
│ ppo_actor/n_groups                     │  2.5600e+02 │ ppo_actor/update/behave_imp_weight/avg          │  1.0000e+00 │ ppo_actor/update/old_logp/min                                │ -2.0442e+01 │ eval-rollout/proxy_system_error              │  0.0000e+00 │
├────────────────────────────────────────┼─────────────┼─────────────────────────────────────────────────┼─────────────┼──────────────────────────────────────────────────────────────┼─────────────┼──────────────────────────────────────────────┼─────────────┤
│ ppo_actor/n_groups_size_4              │  2.5600e+02 │ ppo_actor/update/behave_imp_weight/max          │  2.3678e+00 │ ppo_actor/update/rs_filtered_fraction                        │  0.0000e+00 │ eval-rollout/reward                          │  9.3750e-01 │
├────────────────────────────────────────┼─────────────┼─────────────────────────────────────────────────┼─────────────┼──────────────────────────────────────────────────────────────┼─────────────┼──────────────────────────────────────────────┼─────────────┤
│ ppo_actor/n_seqs                       │  1.0240e+03 │ ppo_actor/update/behave_imp_weight/min          │  1.8958e-01 │ ppo_actor/update/unclipped_behave_tokens                     │  2.7912e+05 │ eval-rollout/singleton_slot_group            │  0.0000e+00 │
├────────────────────────────────────────┼─────────────┼─────────────────────────────────────────────────┼─────────────┼──────────────────────────────────────────────────────────────┼─────────────┼──────────────────────────────────────────────┼─────────────┤
│ ppo_actor/n_tokens                     │  1.0737e+06 │ ppo_actor/update/clip_ratio/avg                 │  0.0000e+00 │ ppo_actor/update/update_successful                           │  1.0000e+00 │ eval-rollout/target_slot_count               │  4.0000e+00 │
├────────────────────────────────────────┼─────────────┼─────────────────────────────────────────────────┼─────────────┼──────────────────────────────────────────────────────────────┼─────────────┼──────────────────────────────────────────────┼─────────────┤
│ ppo_actor/n_valid_tokens               │  2.7912e+05 │ ppo_actor/update/clip_ratio/max                 │  0.0000e+00 │ ppo_actor/update/version_stats/future_token_fraction         │  0.0000e+00 │ eval-rollout/trainable_slot_count            │  4.0000e+00 │
├────────────────────────────────────────┼─────────────┼─────────────────────────────────────────────────┼─────────────┼──────────────────────────────────────────────────────────────┼─────────────┼──────────────────────────────────────────────┼─────────────┤
│ ppo_actor/no_eos_ratios/avg            │  9.7656e-04 │ ppo_actor/update/clip_ratio/min                 │  0.0000e+00 │ ppo_actor/update/version_stats/n_valid_generated_tokens      │  2.7912e+05 │ eval-rollout/usable_slot_count               │  4.0000e+00 │
├────────────────────────────────────────┼─────────────┼─────────────────────────────────────────────────┼─────────────┼──────────────────────────────────────────────────────────────┼─────────────┼──────────────────────────────────────────────┼─────────────┤
│ ppo_actor/no_eos_ratios/max            │  1.0000e+00 │ ppo_actor/update/clipped_tokens                 │  0.0000e+00 │ ppo_actor/update/version_stats/sample_staleness_proximal_avg │  1.1683e+00 │ eval-rollout/num_turns/avg                   │  1.0000e+00 │
├────────────────────────────────────────┼─────────────┼─────────────────────────────────────────────────┼─────────────┼──────────────────────────────────────────────────────────────┼─────────────┼──────────────────────────────────────────────┼─────────────┤
│ ppo_actor/no_eos_ratios/min            │  0.0000e+00 │ ppo_actor/update/compute_logp/kl_div_direct/avg │  7.6545e-04 │ ppo_actor/update/version_stats/sample_staleness_proximal_max │  2.0000e+00 │ eval-rollout/num_turns_no_harness_err/avg    │  1.0000e+00 │
├────────────────────────────────────────┼─────────────┼─────────────────────────────────────────────────┼─────────────┼──────────────────────────────────────────────────────────────┼─────────────┼──────────────────────────────────────────────┼─────────────┤
│ ppo_actor/prompt_len/avg               │  1.0191e+02 │ ppo_actor/update/compute_logp/kl_div_direct/max │  1.6630e+00 │ ppo_actor/update/version_stats/sample_staleness_proximal_min │  1.0000e+00 │ eval-rollout/num_turns/min                   │  1.0000e+00 │
├────────────────────────────────────────┼─────────────┼─────────────────────────────────────────────────┼─────────────┼──────────────────────────────────────────────────────────────┼─────────────┼──────────────────────────────────────────────┼─────────────┤
│ ppo_actor/prompt_len/max               │  1.7700e+02 │ ppo_actor/update/compute_logp/kl_div_direct/min │ -8.6196e-01 │ ppo_actor/update/version_stats/sample_staleness_theta_avg    │  1.1683e+00 │ eval-rollout/num_turns_no_harness_err/min    │  1.0000e+00 │
├────────────────────────────────────────┼─────────────┼─────────────────────────────────────────────────┼─────────────┼──────────────────────────────────────────────────────────────┼─────────────┼──────────────────────────────────────────────┼─────────────┤
│ ppo_actor/prompt_len/min               │  6.4000e+01 │ ppo_actor/update/compute_logp/kl_div_dual/avg   │  7.8390e-04 │ ppo_actor/update/version_stats/sample_staleness_theta_max    │  2.0000e+00 │ eval-rollout/num_turns/max                   │  1.0000e+00 │
├────────────────────────────────────────┼─────────────┼─────────────────────────────────────────────────┼─────────────┼──────────────────────────────────────────────────────────────┼─────────────┼──────────────────────────────────────────────┼─────────────┤
│ ppo_actor/rs_upper                     │  5.0000e+00 │ ppo_actor/update/compute_logp/kl_div_dual/max   │  8.5254e-01 │ ppo_actor/update/version_stats/sample_staleness_theta_min    │  1.0000e+00 │ eval-rollout/num_turns_no_harness_err/max    │  1.0000e+00 │
├────────────────────────────────────────┼─────────────┼─────────────────────────────────────────────────┼─────────────┼──────────────────────────────────────────────────────────────┼─────────────┼──────────────────────────────────────────────┼─────────────┤
│ ppo_actor/seq_len/avg                  │  3.7448e+02 │ ppo_actor/update/compute_logp/kl_div_dual/min   │ -8.9887e-08 │ ppo_actor/update/version_stats/stale_token_fraction          │  1.0000e+00 │                                              │             │
╘════════════════════════════════════════╧═════════════╧═════════════════════════════════════════════════╧═════════════╧══════════════════════════════════════════════════════════════╧═════════════╧══════════════════════════════════════════════╧═════════════╛
[92m[1;38;2;180;140;80m(AReaL)[0m [92m20261002-23:42:43.733 RLTrainer INFO: Skipping rollout resume after final training step (global_step=2)
[37m[1;38;2;180;140;80m(AReaL)[0m [37m20261002-23:42:43.757 DataController INFO: Unregistered dataset gsm8k-grpo-megatron-muon-baseline3_trial0_train
[37m[1;38;2;180;140;80m(AReaL)[0m [37m20261002-23:42:43.760 DataController INFO: Unregistered dataset gsm8k-grpo-megatron-muon-baseline3_trial0_valid
[37m[1;38;2;180;140;80m(AReaL)[0m [37m20261002-23:42:43.800 ProcUtils INFO: Sending SIGTERM to process 30504 and 3 children
[37m[1;38;2;180;140;80m(AReaL)[0m [37m20261002-23:42:43.800 ProcUtils INFO: Sending SIGTERM to process 30544 and 3 children
[37m[1;38;2;180;140;80m(AReaL)[0m [37m20261002-23:42:43.800 ProcUtils INFO: Sending SIGTERM to process 30508 and 3 children
[37m[1;38;2;180;140;80m(AReaL)[0m [37m20261002-23:42:43.970 ProcUtils INFO: Successfully cleaned up process tree for PID 30504
[37m[1;38;2;180;140;80m(AReaL)[0m [37m20261002-23:42:43.970 Guard INFO: Killed forked worker data-worker/0 (pid=30504)
[37m[1;38;2;180;140;80m(AReaL)[0m [37m20261002-23:42:43.971 DataController INFO: Killed forked service data-worker/0
[37m[1;38;2;180;140;80m(AReaL)[0m [37m20261002-23:42:44.043 ProcUtils INFO: Successfully cleaned up process tree for PID 30544
[37m[1;38;2;180;140;80m(AReaL)[0m [37m20261002-23:42:44.043 Guard INFO: Killed forked worker data-gateway/0 (pid=30544)
[37m[1;38;2;180;140;80m(AReaL)[0m [37m20261002-23:42:44.043 DataController INFO: Killed forked service data-gateway/0
[37m[1;38;2;180;140;80m(AReaL)[0m [37m20261002-23:42:44.044 ProcUtils INFO: Successfully cleaned up process tree for PID 30508
[37m[1;38;2;180;140;80m(AReaL)[0m [37m20261002-23:42:44.044 Guard INFO: Killed forked worker data-router/0 (pid=30508)
[37m[1;38;2;180;140;80m(AReaL)[0m [37m20261002-23:42:44.044 DataController INFO: Killed forked service data-router/0
[34m[1;38;2;180;140;80m(AReaL)[0m [34m20261002-23:42:44.045 LocalScheduler INFO: Deleting 1 workers for role 'data-data'
[37m[1;38;2;180;140;80m(AReaL)[0m [37m20261002-23:42:44.054 ProcUtils INFO: Sending SIGTERM to process 30479 and 3 children
[37m[1;38;2;180;140;80m(AReaL)[0m [37m20261002-23:42:45.859 ProcUtils INFO: Successfully cleaned up process tree for PID 30479
[34m[1;38;2;180;140;80m(AReaL)[0m [34m20261002-23:42:45.860 LocalScheduler INFO: Successfully deleted workers for role 'data-data'
[37m[1;38;2;180;140;80m(AReaL)[0m [37m20261002-23:42:45.860 DataController INFO: Workers deleted for role: data-data
[92m[1;38;2;180;140;80m(AReaL)[0m [92m20261002-23:42:45.862 StatsLogger INFO: Training completes! Total time elapsed 161.43.
[37m[1;38;2;180;140;80m(AReaL)[0m [37m20261002-23:42:45.887 RolloutController INFO: Stopping callback server...
[34m[1;38;2;180;140;80m(AReaL)[0m [34m20261002-23:42:46.155 LocalScheduler INFO: Removing forked role 'proxy-eval-rollout' (managed by parent worker)
[37m[1;38;2;180;140;80m(AReaL)[0m [37m20261002-23:42:46.163 ProcUtils INFO: Sending SIGTERM to process 32529 and 3 children
[37m[1;38;2;180;140;80m(AReaL)[0m [37m20261002-23:42:46.163 ProcUtils INFO: Sending SIGTERM to process 32530 and 3 children
[37m[1;38;2;180;140;80m(AReaL)[0m [37m20261002-23:42:46.163 ProcUtils INFO: Sending SIGTERM to process 32532 and 3 children
[37m[1;38;2;180;140;80m(AReaL)[0m [37m20261002-23:42:46.164 ProcUtils INFO: Sending SIGTERM to process 32531 and 3 children
[37m[1;38;2;180;140;80m(AReaL)[0m [37m20261002-23:42:46.426 ProcUtils INFO: Successfully cleaned up process tree for PID 32532
[37m[1;38;2;180;140;80m(AReaL)[0m [37m20261002-23:42:46.426 Guard INFO: Killed forked worker proxy-eval-rollout/0 (pid=32532)
[34m[1;38;2;180;140;80m(AReaL)[0m [34m20261002-23:42:46.427 LocalScheduler INFO: Killed forked worker proxy-eval-rollout/0 (pid=32532)
[37m[1;38;2;180;140;80m(AReaL)[0m [37m20261002-23:42:46.428 ProcUtils INFO: Successfully cleaned up process tree for PID 32531
[37m[1;38;2;180;140;80m(AReaL)[0m [37m20261002-23:42:46.428 Guard INFO: Killed forked worker proxy-eval-rollout/3 (pid=32531)
[34m[1;38;2;180;140;80m(AReaL)[0m [34m20261002-23:42:46.429 LocalScheduler INFO: Killed forked worker proxy-eval-rollout/3 (pid=32531)
[37m[1;38;2;180;140;80m(AReaL)[0m [37m20261002-23:42:46.430 ProcUtils INFO: Successfully cleaned up process tree for PID 32530
[37m[1;38;2;180;140;80m(AReaL)[0m [37m20261002-23:42:46.431 Guard INFO: Killed forked worker proxy-eval-rollout/2 (pid=32530)
[34m[1;38;2;180;140;80m(AReaL)[0m [34m20261002-23:42:46.431 LocalScheduler INFO: Killed forked worker proxy-eval-rollout/2 (pid=32530)
[37m[1;38;2;180;140;80m(AReaL)[0m [37m20261002-23:42:46.454 ProcUtils INFO: Successfully cleaned up process tree for PID 32529
[37m[1;38;2;180;140;80m(AReaL)[0m [37m20261002-23:42:46.454 Guard INFO: Killed forked worker proxy-eval-rollout/1 (pid=32529)
[34m[1;38;2;180;140;80m(AReaL)[0m [34m20261002-23:42:46.455 LocalScheduler INFO: Killed forked worker proxy-eval-rollout/1 (pid=32529)
[37m[1;38;2;180;140;80m(AReaL)[0m [37m20261002-23:42:46.455 RolloutController INFO: Proxy workers deleted
[34m[1;38;2;180;140;80m(AReaL)[0m [34m20261002-23:42:46.487 LocalScheduler INFO: Removing forked role 'eval-rollout' (managed by parent worker)
[37m[1;38;2;180;140;80m(AReaL)[0m [37m20261002-23:42:46.498 ProcUtils INFO: Sending SIGTERM to process 32133 and 15 children
[37m[1;38;2;180;140;80m(AReaL)[0m [37m20261002-23:42:46.499 ProcUtils INFO: Sending SIGTERM to process 32134 and 15 children
[37m[1;38;2;180;140;80m(AReaL)[0m [37m20261002-23:42:46.500 ProcUtils INFO: Sending SIGTERM to process 32135 and 15 children
[37m[1;38;2;180;140;80m(AReaL)[0m [37m20261002-23:42:46.500 ProcUtils INFO: Sending SIGTERM to process 32136 and 15 children
[37m[1;38;2;180;140;80m(AReaL)[0m [37m20261002-23:42:47.855 ProcUtils INFO: Successfully cleaned up process tree for PID 32134
[37m[1;38;2;180;140;80m(AReaL)[0m [37m20261002-23:42:47.856 Guard INFO: Killed forked worker eval-rollout/3 (pid=32134)
[34m[1;38;2;180;140;80m(AReaL)[0m [34m20261002-23:42:47.856 LocalScheduler INFO: Killed forked worker eval-rollout/3 (pid=32134)
[37m[1;38;2;180;140;80m(AReaL)[0m [37m20261002-23:42:48.154 ProcUtils INFO: Successfully cleaned up process tree for PID 32133
[37m[1;38;2;180;140;80m(AReaL)[0m [37m20261002-23:42:48.154 Guard INFO: Killed forked worker eval-rollout/2 (pid=32133)
[34m[1;38;2;180;140;80m(AReaL)[0m [34m20261002-23:42:48.155 LocalScheduler INFO: Killed forked worker eval-rollout/2 (pid=32133)
[37m[1;38;2;180;140;80m(AReaL)[0m [37m20261002-23:42:48.184 ProcUtils INFO: Successfully cleaned up process tree for PID 32135
[37m[1;38;2;180;140;80m(AReaL)[0m [37m20261002-23:42:48.184 Guard INFO: Killed forked worker eval-rollout/1 (pid=32135)
[34m[1;38;2;180;140;80m(AReaL)[0m [34m20261002-23:42:48.185 LocalScheduler INFO: Killed forked worker eval-rollout/1 (pid=32135)
[37m[1;38;2;180;140;80m(AReaL)[0m [37m20261002-23:42:48.281 ProcUtils INFO: Successfully cleaned up process tree for PID 32136
[37m[1;38;2;180;140;80m(AReaL)[0m [37m20261002-23:42:48.281 Guard INFO: Killed forked worker eval-rollout/0 (pid=32136)
[34m[1;38;2;180;140;80m(AReaL)[0m [34m20261002-23:42:48.282 LocalScheduler INFO: Killed forked worker eval-rollout/0 (pid=32136)
[37m[1;38;2;180;140;80m(AReaL)[0m [37m20261002-23:42:48.283 RolloutController INFO: Workers deleted
[37m[1;38;2;180;140;80m(AReaL)[0m [37m20261002-23:42:48.292 RolloutController INFO: Stopping callback server...
[34m[1;38;2;180;140;80m(AReaL)[0m [34m20261002-23:42:48.769 LocalScheduler INFO: Removing forked role 'proxy-rollout' (managed by parent worker)
[37m[1;38;2;180;140;80m(AReaL)[0m [37m20261002-23:42:48.776 ProcUtils INFO: Sending SIGTERM to process 32369 and 3 children
[37m[1;38;2;180;140;80m(AReaL)[0m [37m20261002-23:42:48.777 ProcUtils INFO: Sending SIGTERM to process 32372 and 3 children
[37m[1;38;2;180;140;80m(AReaL)[0m [37m20261002-23:42:48.777 ProcUtils INFO: Sending SIGTERM to process 32370 and 3 children
[37m[1;38;2;180;140;80m(AReaL)[0m [37m20261002-23:42:48.777 ProcUtils INFO: Sending SIGTERM to process 32371 and 3 children
[37m[1;38;2;180;140;80m(AReaL)[0m [37m20261002-23:42:48.970 ProcUtils INFO: Successfully cleaned up process tree for PID 32370
[37m[1;38;2;180;140;80m(AReaL)[0m [37m20261002-23:42:48.970 Guard INFO: Killed forked worker proxy-rollout/3 (pid=32370)
[34m[1;38;2;180;140;80m(AReaL)[0m [34m20261002-23:42:48.971 LocalScheduler INFO: Killed forked worker proxy-rollout/3 (pid=32370)
[37m[1;38;2;180;140;80m(AReaL)[0m [37m20261002-23:42:48.984 ProcUtils INFO: Successfully cleaned up process tree for PID 32371
[37m[1;38;2;180;140;80m(AReaL)[0m [37m20261002-23:42:48.985 Guard INFO: Killed forked worker proxy-rollout/2 (pid=32371)
[34m[1;38;2;180;140;80m(AReaL)[0m [34m20261002-23:42:48.985 LocalScheduler INFO: Killed forked worker proxy-rollout/2 (pid=32371)
[37m[1;38;2;180;140;80m(AReaL)[0m [37m20261002-23:42:49.010 ProcUtils INFO: Successfully cleaned up process tree for PID 32372
[37m[1;38;2;180;140;80m(AReaL)[0m [37m20261002-23:42:49.010 Guard INFO: Killed forked worker proxy-rollout/0 (pid=32372)
[34m[1;38;2;180;140;80m(AReaL)[0m [34m20261002-23:42:49.011 LocalScheduler INFO: Killed forked worker proxy-rollout/0 (pid=32372)
[37m[1;38;2;180;140;80m(AReaL)[0m [37m20261002-23:42:49.054 ProcUtils INFO: Successfully cleaned up process tree for PID 32369
[37m[1;38;2;180;140;80m(AReaL)[0m [37m20261002-23:42:49.054 Guard INFO: Killed forked worker proxy-rollout/1 (pid=32369)
[34m[1;38;2;180;140;80m(AReaL)[0m [34m20261002-23:42:49.055 LocalScheduler INFO: Killed forked worker proxy-rollout/1 (pid=32369)
[37m[1;38;2;180;140;80m(AReaL)[0m [37m20261002-23:42:49.056 RolloutController INFO: Proxy workers deleted
[37m[1;38;2;180;140;80m(AReaL)[0m [37m20261002-23:42:49.081 ProcUtils INFO: Sending SIGTERM to process 31368 and 3 children
SIGTERM received. signum=None frame=None. Draining requests and shutting down...
[37m[1;38;2;180;140;80m(AReaL)[0m [37m20261002-23:42:49.090 ProcUtils INFO: Sending SIGTERM to process 31369 and 3 children
SIGTERM received. signum=None frame=None. Draining requests and shutting down...
[37m[1;38;2;180;140;80m(AReaL)[0m [37m20261002-23:42:49.097 ProcUtils INFO: Sending SIGTERM to process 31370 and 3 children
SIGTERM received. signum=None frame=None. Draining requests and shutting down...
[37m[1;38;2;180;140;80m(AReaL)[0m [37m20261002-23:42:49.107 ProcUtils INFO: Sending SIGTERM to process 31371 and 3 children
SIGTERM received. signum=None frame=None. Draining requests and shutting down...
Subprocess detokenizer (pid=31500) crashed with exit code -15. Triggering SIGQUIT for cleanup...
SIGQUIT received. signum=None, frame=None. It usually means one child failed.
Subprocess detokenizer (pid=31507) crashed with exit code -15. Triggering SIGQUIT for cleanup...
SIGQUIT received. signum=None, frame=None. It usually means one child failed.
Subprocess detokenizer (pid=31514) crashed with exit code -15. Triggering SIGQUIT for cleanup...
SIGQUIT received. signum=None, frame=None. It usually means one child failed.
Subprocess detokenizer (pid=31520) crashed with exit code -15. Triggering SIGQUIT for cleanup...
SIGQUIT received. signum=None, frame=None. It usually means one child failed.
[37m[1;38;2;180;140;80m(AReaL)[0m [37m20261002-23:42:49.767 ProcUtils INFO: Successfully cleaned up process tree for PID 31369
[37m[1;38;2;180;140;80m(AReaL)[0m [37m20261002-23:42:49.779 ProcUtils INFO: Successfully cleaned up process tree for PID 31368
[37m[1;38;2;180;140;80m(AReaL)[0m [37m20261002-23:42:49.940 ProcUtils INFO: Successfully cleaned up process tree for PID 31370
[37m[1;38;2;180;140;80m(AReaL)[0m [37m20261002-23:42:50.089 ProcUtils INFO: Successfully cleaned up process tree for PID 31371
[34m[1;38;2;180;140;80m(AReaL)[0m [34m20261002-23:42:50.090 LocalScheduler INFO: Deleting 4 workers for role 'rollout'
[37m[1;38;2;180;140;80m(AReaL)[0m [37m20261002-23:42:50.130 ProcUtils INFO: Sending SIGTERM to process 31235 and 15 children
[37m[1;38;2;180;140;80m(AReaL)[0m [37m20261002-23:42:50.134 ProcUtils INFO: Sending SIGTERM to process 31244 and 15 children
[37m[1;38;2;180;140;80m(AReaL)[0m [37m20261002-23:42:50.135 ProcUtils INFO: Sending SIGTERM to process 31229 and 15 children
[37m[1;38;2;180;140;80m(AReaL)[0m [37m20261002-23:42:50.135 ProcUtils INFO: Sending SIGTERM to process 31253 and 15 children
[37m[1;38;2;180;140;80m(AReaL)[0m [37m20261002-23:42:51.535 ProcUtils INFO: Successfully cleaned up process tree for PID 31244
[37m[1;38;2;180;140;80m(AReaL)[0m [37m20261002-23:42:51.912 ProcUtils INFO: Successfully cleaned up process tree for PID 31235
[37m[1;38;2;180;140;80m(AReaL)[0m [37m20261002-23:42:51.964 ProcUtils INFO: Successfully cleaned up process tree for PID 31229
[37m[1;38;2;180;140;80m(AReaL)[0m [37m20261002-23:42:51.981 ProcUtils INFO: Successfully cleaned up process tree for PID 31253
[34m[1;38;2;180;140;80m(AReaL)[0m [34m20261002-23:42:51.982 LocalScheduler INFO: Successfully deleted workers for role 'rollout'
[37m[1;38;2;180;140;80m(AReaL)[0m [37m20261002-23:42:51.982 RolloutController INFO: Workers deleted
[37m[1;38;2;180;140;80m(AReaL)[0m [37m20261002-23:42:51.982 TrainController INFO: Destroying TrainController...
[37m[1;38;2;180;140;80m(AReaL)[0m [37m20261002-23:42:51.983 TrainController INFO: Destroying engines on all workers...
[37m[1;38;2;180;140;80m(AReaL)[0m [37m20261002-23:42:55.525 TrainController INFO: Engines destroyed
[37m[1;38;2;180;140;80m(AReaL)[0m [37m20261002-23:42:55.526 TrainController INFO: Deleting all workers (reverse rank order)...
[34m[1;38;2;180;140;80m(AReaL)[0m [34m20261002-23:42:55.526 LocalScheduler INFO: Deleting 4 workers for role 'actor'
[37m[1;38;2;180;140;80m(AReaL)[0m [37m20261002-23:42:55.565 ProcUtils INFO: Sending SIGTERM to process 30607 and 36 children
[37m[1;38;2;180;140;80m(AReaL)[0m [37m20261002-23:42:55.566 ProcUtils INFO: Sending SIGTERM to process 30598 and 36 children
[37m[1;38;2;180;140;80m(AReaL)[0m [37m20261002-23:42:55.567 ProcUtils INFO: Sending SIGTERM to process 30589 and 36 children
[37m[1;38;2;180;140;80m(AReaL)[0m [37m20261002-23:42:55.569 ProcUtils INFO: Sending SIGTERM to process 30577 and 36 children
[1;38;2;180;140;80m(AReaL)[0m 20261002-23:42:58.573 ProcUtils WARNING: Force killing 1 processes that didn't terminate gracefully
[1;38;2;180;140;80m(AReaL)[0m 20261002-23:42:58.578 ProcUtils WARNING: Force killing 1 processes that didn't terminate gracefully
[1;38;2;180;140;80m(AReaL)[0m 20261002-23:42:58.578 ProcUtils WARNING: Force killing 1 processes that didn't terminate gracefully
[1;38;2;180;140;80m(AReaL)[0m 20261002-23:42:58.582 ProcUtils WARNING: Force killing 1 processes that didn't terminate gracefully
[37m[1;38;2;180;140;80m(AReaL)[0m [37m20261002-23:42:58.808 ProcUtils INFO: Successfully cleaned up process tree for PID 30589
[37m[1;38;2;180;140;80m(AReaL)[0m [37m20261002-23:42:58.990 ProcUtils INFO: Successfully cleaned up process tree for PID 30598
[37m[1;38;2;180;140;80m(AReaL)[0m [37m20261002-23:42:58.998 ProcUtils INFO: Successfully cleaned up process tree for PID 30607
[37m[1;38;2;180;140;80m(AReaL)[0m [37m20261002-23:42:59.048 ProcUtils INFO: Successfully cleaned up process tree for PID 30577
[34m[1;38;2;180;140;80m(AReaL)[0m [34m20261002-23:42:59.048 LocalScheduler INFO: Successfully deleted workers for role 'actor'
[37m[1;38;2;180;140;80m(AReaL)[0m [37m20261002-23:42:59.049 TrainController INFO: Workers deleted
[37m[1;38;2;180;140;80m(AReaL)[0m [37m20261002-23:42:59.058 TrainController INFO: TrainController destroyed
