2026/10/03 08:44:37.915, 0, 0
2026/10/03 08:44:37.916, 1, 0
2026/10/03 08:44:37.916, 2, 0
2026/10/03 08:44:37.916, 3, 0
2026/10/03 08:44:37.916, 4, 0
2026/10/03 08:44:37.916, 5, 0
2026/10/03 08:44:37.916, 6, 0
2026/10/03 08:44:37.916, 7, 0
2026/10/03 08:44:38.916, 0, 0
2026/10/03 08:44:38.916, 1, 0
2026/10/03 08:44:38.916, 2, 0
2026/10/03 08:44:38.916, 3, 0
2026/10/03 08:44:38.916, 4, 0
2026/10/03 08:44:38.916, 5, 0
2026/10/03 08:44:38.916, 6, 0
2026/10/03 08:44:38.916, 7, 0
2026/10/03 08:44:39.917, 0, 0
2026/10/03 08:44:39.917, 1, 0
2026/10/03 08:44:39.917, 2, 0
2026/10/03 08:44:39.917, 3, 0
2026/10/03 08:44:39.917, 4, 0
2026/10/03 08:44:39.917, 5, 0
2026/10/03 08:44:39.917, 6, 0
2026/10/03 08:44:39.917, 7, 0
2026/10/03 08:44:40.917, 0, 0
2026/10/03 08:44:40.917, 1, 0
2026/10/03 08:44:40.917, 2, 0
2026/10/03 08:44:40.917, 3, 0
2026/10/03 08:44:40.917, 4, 0
2026/10/03 08:44:40.917, 5, 0
2026/10/03 08:44:40.917, 6, 0
2026/10/03 08:44:40.917, 7, 0
2026/10/03 08:44:41.917, 0, 0
2026/10/03 08:44:41.917, 1, 0
2026/10/03 08:44:41.917, 2, 0
2026/10/03 08:44:41.917, 3, 0
2026/10/03 08:44:41.917, 4, 0
2026/10/03 08:44:41.917, 5, 0
2026/10/03 08:44:41.917, 6, 0
2026/10/03 08:44:41.917, 7, 0
2026/10/03 08:44:42.917, 0, 0
2026/10/03 08:44:42.917, 1, 0
2026/10/03 08:44:42.917, 2, 0
2026/10/03 08:44:42.917, 3, 0
2026/10/03 08:44:42.917, 4, 0
2026/10/03 08:44:42.917, 5, 0
2026/10/03 08:44:42.917, 6, 0
2026/10/03 08:44:42.917, 7, 0
2026/10/03 08:44:43.917, 0, 0
2026/10/03 08:44:43.918, 1, 0
2026/10/03 08:44:43.918, 2, 0
2026/10/03 08:44:43.918, 3, 0
2026/10/03 08:44:43.918, 4, 0
2026/10/03 08:44:43.918, 5, 0
2026/10/03 08:44:43.918, 6, 0
2026/10/03 08:44:43.918, 7, 0
2026/10/03 08:44:44.918, 0, 0
2026/10/03 08:44:44.918, 1, 0
2026/10/03 08:44:44.918, 2, 0
2026/10/03 08:44:44.918, 3, 0
2026/10/03 08:44:44.918, 4, 0
2026/10/03 08:44:44.918, 5, 0
2026/10/03 08:44:44.918, 6, 0
2026/10/03 08:44:44.918, 7, 0
2026/10/03 08:44:45.918, 0, 0
2026/10/03 08:44:45.918, 1, 0
2026/10/03 08:44:45.918, 2, 0
2026/10/03 08:44:45.918, 3, 0
2026/10/03 08:44:45.918, 4, 0
2026/10/03 08:44:45.918, 5, 0
2026/10/03 08:44:45.918, 6, 0
2026/10/03 08:44:45.918, 7, 0
2026/10/03 08:44:46.919, 0, 0
2026/10/03 08:44:46.919, 1, 0
2026/10/03 08:44:46.919, 2, 0
2026/10/03 08:44:46.919, 3, 0
2026/10/03 08:44:46.919, 4, 0
2026/10/03 08:44:46.919, 5, 0
2026/10/03 08:44:46.919, 6, 0
2026/10/03 08:44:46.919, 7, 0
2026/10/03 08:44:47.919, 0, 0
2026/10/03 08:44:47.933, 1, 0
2026/10/03 08:44:47.947, 2, 0
2026/10/03 08:44:47.960, 3, 0
2026/10/03 08:44:47.973, 4, 0
2026/10/03 08:44:47.985, 5, 0
2026/10/03 08:44:47.995, 6, 0
2026/10/03 08:44:47.999, 7, 0
2026/10/03 08:44:49.004, 0, 1
2026/10/03 08:44:49.054, 1, 1
2026/10/03 08:44:49.054, 2, 1
2026/10/03 08:44:49.059, 3, 1
2026/10/03 08:44:49.059, 4, 1
2026/10/03 08:44:49.060, 5, 1
2026/10/03 08:44:49.064, 6, 1
2026/10/03 08:44:49.065, 7, 1
2026/10/03 08:44:50.066, 0, 4
2026/10/03 08:44:50.081, 1, 4
2026/10/03 08:44:50.082, 2, 4
2026/10/03 08:44:50.082, 3, 1
2026/10/03 08:44:50.083, 4, 1
2026/10/03 08:44:50.084, 5, 1
2026/10/03 08:44:50.084, 6, 1
2026/10/03 08:44:50.084, 7, 1
2026/10/03 08:44:51.084, 0, 4
2026/10/03 08:44:51.127, 1, 4
2026/10/03 08:44:51.130, 2, 4
2026/10/03 08:44:51.130, 3, 4
2026/10/03 08:44:51.130, 4, 4
2026/10/03 08:44:51.130, 5, 4
2026/10/03 08:44:51.130, 6, 1
2026/10/03 08:44:51.131, 7, 1
2026/10/03 08:44:52.131, 0, 4
2026/10/03 08:44:52.131, 1, 4
2026/10/03 08:44:52.131, 2, 4
2026/10/03 08:44:52.131, 3, 4
2026/10/03 08:44:52.131, 4, 4
2026/10/03 08:44:52.131, 5, 4
2026/10/03 08:44:52.131, 6, 4
2026/10/03 08:44:52.131, 7, 4
2026/10/03 08:44:53.131, 0, 4
2026/10/03 08:44:53.131, 1, 4
2026/10/03 08:44:53.131, 2, 4
2026/10/03 08:44:53.131, 3, 4
2026/10/03 08:44:53.131, 4, 4
2026/10/03 08:44:53.134, 5, 4
2026/10/03 08:44:53.134, 6, 4
2026/10/03 08:44:53.134, 7, 4
2026/10/03 08:44:54.134, 0, 4
2026/10/03 08:44:54.134, 1, 4
2026/10/03 08:44:54.134, 2, 4
2026/10/03 08:44:54.134, 3, 4
2026/10/03 08:44:54.134, 4, 4
2026/10/03 08:44:54.134, 5, 4
2026/10/03 08:44:54.134, 6, 4
2026/10/03 08:44:54.134, 7, 4
2026/10/03 08:44:55.134, 0, 4
2026/10/03 08:44:55.134, 1, 4
2026/10/03 08:44:55.134, 2, 4
2026/10/03 08:44:55.134, 3, 4
2026/10/03 08:44:55.135, 4, 4
2026/10/03 08:44:55.137, 5, 4
2026/10/03 08:44:55.137, 6, 4
2026/10/03 08:44:55.137, 7, 4
2026/10/03 08:44:56.137, 0, 4
2026/10/03 08:44:56.137, 1, 4
2026/10/03 08:44:56.137, 2, 4
2026/10/03 08:44:56.137, 3, 4
2026/10/03 08:44:56.137, 4, 4
2026/10/03 08:44:56.137, 5, 4
2026/10/03 08:44:56.137, 6, 4
2026/10/03 08:44:56.137, 7, 4
2026/10/03 08:44:57.138, 0, 4
2026/10/03 08:44:57.138, 1, 4
2026/10/03 08:44:57.138, 2, 4
2026/10/03 08:44:57.140, 3, 4
2026/10/03 08:44:57.140, 4, 4
2026/10/03 08:44:57.140, 5, 4
2026/10/03 08:44:57.140, 6, 4
2026/10/03 08:44:57.141, 7, 4
2026/10/03 08:44:58.141, 0, 4
2026/10/03 08:44:58.141, 1, 4
2026/10/03 08:44:58.141, 2, 4
2026/10/03 08:44:58.141, 3, 4
2026/10/03 08:44:58.141, 4, 4
2026/10/03 08:44:58.141, 5, 4
2026/10/03 08:44:58.141, 6, 4
2026/10/03 08:44:58.141, 7, 4
2026/10/03 08:44:59.141, 0, 4
2026/10/03 08:44:59.141, 1, 4
2026/10/03 08:44:59.141, 2, 4
2026/10/03 08:44:59.142, 3, 4
2026/10/03 08:44:59.142, 4, 4
2026/10/03 08:44:59.142, 5, 4
2026/10/03 08:44:59.143, 6, 4
2026/10/03 08:44:59.143, 7, 4
2026/10/03 08:45:00.143, 0, 4
2026/10/03 08:45:00.144, 1, 4
2026/10/03 08:45:00.144, 2, 4
2026/10/03 08:45:00.144, 3, 4
2026/10/03 08:45:00.144, 4, 4
2026/10/03 08:45:00.144, 5, 4
2026/10/03 08:45:00.144, 6, 4
2026/10/03 08:45:00.144, 7, 4
2026/10/03 08:45:01.144, 0, 4
2026/10/03 08:45:01.144, 1, 4
2026/10/03 08:45:01.144, 2, 4
2026/10/03 08:45:01.144, 3, 4
2026/10/03 08:45:01.144, 4, 4
2026/10/03 08:45:01.144, 5, 4
2026/10/03 08:45:01.144, 6, 4
2026/10/03 08:45:01.144, 7, 4
2026/10/03 08:45:02.144, 0, 4
2026/10/03 08:45:02.144, 1, 4
2026/10/03 08:45:02.144, 2, 4
2026/10/03 08:45:02.144, 3, 4
2026/10/03 08:45:02.144, 4, 4
2026/10/03 08:45:02.144, 5, 4
2026/10/03 08:45:02.144, 6, 4
2026/10/03 08:45:02.145, 7, 4
2026/10/03 08:45:03.145, 0, 4
2026/10/03 08:45:03.145, 1, 4
2026/10/03 08:45:03.145, 2, 4
2026/10/03 08:45:03.145, 3, 4
2026/10/03 08:45:03.145, 4, 4
2026/10/03 08:45:03.145, 5, 4
2026/10/03 08:45:03.145, 6, 4
2026/10/03 08:45:03.145, 7, 4
2026/10/03 08:45:04.145, 0, 4
2026/10/03 08:45:04.145, 1, 4
2026/10/03 08:45:04.145, 2, 4
2026/10/03 08:45:04.145, 3, 4
2026/10/03 08:45:04.145, 4, 4
2026/10/03 08:45:04.145, 5, 4
2026/10/03 08:45:04.145, 6, 4
2026/10/03 08:45:04.145, 7, 4
2026/10/03 08:45:05.145, 0, 4
2026/10/03 08:45:05.145, 1, 4
2026/10/03 08:45:05.146, 2, 4
2026/10/03 08:45:05.146, 3, 4
2026/10/03 08:45:05.146, 4, 4
2026/10/03 08:45:05.146, 5, 4
2026/10/03 08:45:05.146, 6, 4
2026/10/03 08:45:05.146, 7, 4
2026/10/03 08:45:06.146, 0, 4
2026/10/03 08:45:06.146, 1, 4
2026/10/03 08:45:06.146, 2, 4
2026/10/03 08:45:06.146, 3, 4
2026/10/03 08:45:06.146, 4, 4
2026/10/03 08:45:06.146, 5, 4
2026/10/03 08:45:06.146, 6, 4
2026/10/03 08:45:06.146, 7, 4
2026/10/03 08:45:07.146, 0, 4
2026/10/03 08:45:07.147, 1, 4
2026/10/03 08:45:07.149, 2, 4
2026/10/03 08:45:07.151, 3, 4
2026/10/03 08:45:07.151, 4, 4
2026/10/03 08:45:07.151, 5, 4
2026/10/03 08:45:07.151, 6, 4
2026/10/03 08:45:07.151, 7, 4
2026/10/03 08:45:08.151, 0, 4
2026/10/03 08:45:08.152, 1, 4
2026/10/03 08:45:08.152, 2, 4
2026/10/03 08:45:08.152, 3, 4
2026/10/03 08:45:08.152, 4, 4
2026/10/03 08:45:08.152, 5, 4
2026/10/03 08:45:08.152, 6, 4
2026/10/03 08:45:08.152, 7, 4
2026/10/03 08:45:09.152, 0, 4
2026/10/03 08:45:09.152, 1, 4
2026/10/03 08:45:09.152, 2, 4
2026/10/03 08:45:09.152, 3, 4
2026/10/03 08:45:09.152, 4, 4
2026/10/03 08:45:09.152, 5, 4
2026/10/03 08:45:09.152, 6, 4
2026/10/03 08:45:09.152, 7, 4
2026/10/03 08:45:10.152, 0, 4
2026/10/03 08:45:10.152, 1, 4
2026/10/03 08:45:10.152, 2, 4
2026/10/03 08:45:10.152, 3, 4
2026/10/03 08:45:10.152, 4, 4
2026/10/03 08:45:10.152, 5, 4
2026/10/03 08:45:10.152, 6, 4
2026/10/03 08:45:10.152, 7, 4
2026/10/03 08:45:11.152, 0, 4
2026/10/03 08:45:11.153, 1, 4
2026/10/03 08:45:11.153, 2, 4
2026/10/03 08:45:11.153, 3, 4
2026/10/03 08:45:11.153, 4, 4
2026/10/03 08:45:11.153, 5, 4
2026/10/03 08:45:11.153, 6, 4
2026/10/03 08:45:11.153, 7, 4
2026/10/03 08:45:12.153, 0, 4
2026/10/03 08:45:12.153, 1, 4
2026/10/03 08:45:12.154, 2, 4
2026/10/03 08:45:12.154, 3, 4
2026/10/03 08:45:12.154, 4, 4
2026/10/03 08:45:12.154, 5, 4
2026/10/03 08:45:12.154, 6, 4
2026/10/03 08:45:12.154, 7, 4
2026/10/03 08:45:13.154, 0, 4
2026/10/03 08:45:13.154, 1, 4
2026/10/03 08:45:13.154, 2, 4
2026/10/03 08:45:13.154, 3, 4
2026/10/03 08:45:13.154, 4, 4
2026/10/03 08:45:13.154, 5, 4
2026/10/03 08:45:13.154, 6, 4
2026/10/03 08:45:13.154, 7, 4
2026/10/03 08:45:14.154, 0, 4
2026/10/03 08:45:14.154, 1, 4
2026/10/03 08:45:14.154, 2, 4
2026/10/03 08:45:14.154, 3, 4
2026/10/03 08:45:14.154, 4, 4
2026/10/03 08:45:14.154, 5, 4
2026/10/03 08:45:14.154, 6, 4
2026/10/03 08:45:14.154, 7, 4
2026/10/03 08:45:15.154, 0, 4
2026/10/03 08:45:15.154, 1, 4
2026/10/03 08:45:15.154, 2, 4
2026/10/03 08:45:15.154, 3, 4
2026/10/03 08:45:15.154, 4, 4
2026/10/03 08:45:15.154, 5, 4
2026/10/03 08:45:15.154, 6, 4
2026/10/03 08:45:15.155, 7, 4
2026/10/03 08:45:16.155, 0, 4
2026/10/03 08:45:16.155, 1, 4
2026/10/03 08:45:16.155, 2, 4
2026/10/03 08:45:16.155, 3, 4
2026/10/03 08:45:16.155, 4, 4
2026/10/03 08:45:16.155, 5, 4
2026/10/03 08:45:16.155, 6, 4
2026/10/03 08:45:16.155, 7, 4
2026/10/03 08:45:17.155, 0, 4
2026/10/03 08:45:17.155, 1, 4
2026/10/03 08:45:17.155, 2, 4
2026/10/03 08:45:17.155, 3, 4
2026/10/03 08:45:17.155, 4, 4
2026/10/03 08:45:17.155, 5, 4
2026/10/03 08:45:17.155, 6, 4
2026/10/03 08:45:17.155, 7, 4
2026/10/03 08:45:18.155, 0, 4
2026/10/03 08:45:18.160, 1, 4
2026/10/03 08:45:18.161, 2, 4
2026/10/03 08:45:18.161, 3, 4
2026/10/03 08:45:18.162, 4, 4
2026/10/03 08:45:18.162, 5, 4
2026/10/03 08:45:18.165, 6, 4
2026/10/03 08:45:18.167, 7, 4
2026/10/03 08:45:19.170, 0, 4
2026/10/03 08:45:19.170, 1, 4
2026/10/03 08:45:19.170, 2, 4
2026/10/03 08:45:19.171, 3, 4
2026/10/03 08:45:19.171, 4, 4
2026/10/03 08:45:19.172, 5, 4
2026/10/03 08:45:19.172, 6, 4
2026/10/03 08:45:19.173, 7, 4
2026/10/03 08:45:20.173, 0, 4
2026/10/03 08:45:20.173, 1, 4
2026/10/03 08:45:20.173, 2, 4
2026/10/03 08:45:20.173, 3, 4
2026/10/03 08:45:20.173, 4, 4
2026/10/03 08:45:20.173, 5, 4
2026/10/03 08:45:20.173, 6, 4
2026/10/03 08:45:20.173, 7, 4
2026/10/03 08:45:21.174, 0, 4
2026/10/03 08:45:21.174, 1, 4
2026/10/03 08:45:21.174, 2, 4
2026/10/03 08:45:21.174, 3, 4
2026/10/03 08:45:21.174, 4, 4
2026/10/03 08:45:21.174, 5, 4
2026/10/03 08:45:21.174, 6, 4
2026/10/03 08:45:21.174, 7, 4
2026/10/03 08:45:22.174, 0, 4
2026/10/03 08:45:22.175, 1, 4
2026/10/03 08:45:22.177, 2, 4
2026/10/03 08:45:22.179, 3, 4
2026/10/03 08:45:22.179, 4, 4
2026/10/03 08:45:22.179, 5, 4
2026/10/03 08:45:22.179, 6, 4
2026/10/03 08:45:22.179, 7, 4
2026/10/03 08:45:23.179, 0, 4
2026/10/03 08:45:23.181, 1, 4
2026/10/03 08:45:23.183, 2, 4
2026/10/03 08:45:23.184, 3, 4
2026/10/03 08:45:23.186, 4, 4
2026/10/03 08:45:23.188, 5, 4
2026/10/03 08:45:23.190, 6, 4
2026/10/03 08:45:23.192, 7, 4
2026/10/03 08:45:24.195, 0, 4
2026/10/03 08:45:24.195, 1, 4
2026/10/03 08:45:24.195, 2, 4
2026/10/03 08:45:24.195, 3, 4
2026/10/03 08:45:24.195, 4, 4
2026/10/03 08:45:24.195, 5, 4
2026/10/03 08:45:24.195, 6, 4
2026/10/03 08:45:24.195, 7, 4
2026/10/03 08:45:25.195, 0, 4
2026/10/03 08:45:25.195, 1, 4
2026/10/03 08:45:25.195, 2, 4
2026/10/03 08:45:25.195, 3, 4
2026/10/03 08:45:25.196, 4, 4
2026/10/03 08:45:25.196, 5, 4
2026/10/03 08:45:25.196, 6, 4
2026/10/03 08:45:25.196, 7, 4
2026/10/03 08:45:26.196, 0, 4
2026/10/03 08:45:26.196, 1, 4
2026/10/03 08:45:26.196, 2, 4
2026/10/03 08:45:26.196, 3, 4
2026/10/03 08:45:26.196, 4, 4
2026/10/03 08:45:26.196, 5, 4
2026/10/03 08:45:26.196, 6, 4
2026/10/03 08:45:26.196, 7, 4
2026/10/03 08:45:27.196, 0, 4
2026/10/03 08:45:27.198, 1, 4
2026/10/03 08:45:27.198, 2, 4
2026/10/03 08:45:27.198, 3, 4
2026/10/03 08:45:27.198, 4, 4
2026/10/03 08:45:27.198, 5, 4
2026/10/03 08:45:27.198, 6, 4
2026/10/03 08:45:27.198, 7, 4
2026/10/03 08:45:28.198, 0, 4
2026/10/03 08:45:28.198, 1, 4
2026/10/03 08:45:28.198, 2, 4
2026/10/03 08:45:28.198, 3, 4
2026/10/03 08:45:28.198, 4, 4
2026/10/03 08:45:28.198, 5, 4
2026/10/03 08:45:28.198, 6, 4
2026/10/03 08:45:28.198, 7, 4
2026/10/03 08:45:29.198, 0, 4
2026/10/03 08:45:29.198, 1, 4
2026/10/03 08:45:29.198, 2, 4
2026/10/03 08:45:29.198, 3, 4
2026/10/03 08:45:29.198, 4, 4
2026/10/03 08:45:29.198, 5, 4
2026/10/03 08:45:29.198, 6, 4
2026/10/03 08:45:29.198, 7, 4
2026/10/03 08:45:30.198, 0, 4
2026/10/03 08:45:30.199, 1, 4
2026/10/03 08:45:30.201, 2, 4
2026/10/03 08:45:30.203, 3, 4
2026/10/03 08:45:30.203, 4, 4
2026/10/03 08:45:30.203, 5, 4
2026/10/03 08:45:30.203, 6, 4
2026/10/03 08:45:30.203, 7, 4
2026/10/03 08:45:31.203, 0, 4
2026/10/03 08:45:31.203, 1, 4
2026/10/03 08:45:31.203, 2, 4
2026/10/03 08:45:31.203, 3, 4
2026/10/03 08:45:31.203, 4, 4
2026/10/03 08:45:31.203, 5, 4
2026/10/03 08:45:31.203, 6, 4
2026/10/03 08:45:31.203, 7, 4
2026/10/03 08:45:32.203, 0, 4
2026/10/03 08:45:32.208, 1, 4
2026/10/03 08:45:32.211, 2, 4
2026/10/03 08:45:32.213, 3, 4
2026/10/03 08:45:32.213, 4, 4
2026/10/03 08:45:32.215, 5, 4
2026/10/03 08:45:32.218, 6, 4
2026/10/03 08:45:32.222, 7, 4
2026/10/03 08:45:33.224, 0, 4
2026/10/03 08:45:33.224, 1, 4
2026/10/03 08:45:33.224, 2, 4
2026/10/03 08:45:33.224, 3, 4
2026/10/03 08:45:33.224, 4, 4
2026/10/03 08:45:33.224, 5, 4
2026/10/03 08:45:33.224, 6, 4
2026/10/03 08:45:33.224, 7, 4
2026/10/03 08:45:34.224, 0, 4
2026/10/03 08:45:34.224, 1, 4
2026/10/03 08:45:34.224, 2, 4
2026/10/03 08:45:34.224, 3, 4
2026/10/03 08:45:34.224, 4, 4
2026/10/03 08:45:34.224, 5, 4
2026/10/03 08:45:34.224, 6, 4
2026/10/03 08:45:34.224, 7, 4
2026/10/03 08:45:35.224, 0, 4
2026/10/03 08:45:35.225, 1, 4
2026/10/03 08:45:35.225, 2, 4
2026/10/03 08:45:35.225, 3, 4
2026/10/03 08:45:35.225, 4, 4
2026/10/03 08:45:35.225, 5, 4
2026/10/03 08:45:35.225, 6, 4
2026/10/03 08:45:35.225, 7, 4
2026/10/03 08:45:36.225, 0, 4
2026/10/03 08:45:36.225, 1, 4
2026/10/03 08:45:36.225, 2, 4
2026/10/03 08:45:36.225, 3, 4
2026/10/03 08:45:36.225, 4, 4
2026/10/03 08:45:36.225, 5, 4
2026/10/03 08:45:36.225, 6, 4
2026/10/03 08:45:36.225, 7, 4
2026/10/03 08:45:37.225, 0, 4
2026/10/03 08:45:37.225, 1, 4
2026/10/03 08:45:37.226, 2, 4
2026/10/03 08:45:37.227, 3, 4
2026/10/03 08:45:37.227, 4, 4
2026/10/03 08:45:37.227, 5, 4
2026/10/03 08:45:37.227, 6, 4
2026/10/03 08:45:37.227, 7, 4
2026/10/03 08:45:38.227, 0, 4
2026/10/03 08:45:38.227, 1, 4
2026/10/03 08:45:38.227, 2, 4
2026/10/03 08:45:38.227, 3, 4
2026/10/03 08:45:38.227, 4, 4
2026/10/03 08:45:38.227, 5, 4
2026/10/03 08:45:38.227, 6, 4
2026/10/03 08:45:38.227, 7, 4
2026/10/03 08:45:39.227, 0, 4
2026/10/03 08:45:39.227, 1, 4
2026/10/03 08:45:39.227, 2, 4
2026/10/03 08:45:39.227, 3, 4
2026/10/03 08:45:39.227, 4, 4
2026/10/03 08:45:39.227, 5, 4
2026/10/03 08:45:39.227, 6, 4
2026/10/03 08:45:39.227, 7, 4
2026/10/03 08:45:40.228, 0, 4
2026/10/03 08:45:40.228, 1, 4
2026/10/03 08:45:40.228, 2, 4
2026/10/03 08:45:40.228, 3, 4
2026/10/03 08:45:40.228, 4, 4
2026/10/03 08:45:40.228, 5, 4
2026/10/03 08:45:40.228, 6, 4
2026/10/03 08:45:40.228, 7, 4
2026/10/03 08:45:41.228, 0, 4
2026/10/03 08:45:41.228, 1, 4
2026/10/03 08:45:41.228, 2, 4
2026/10/03 08:45:41.228, 3, 4
2026/10/03 08:45:41.230, 4, 4
2026/10/03 08:45:41.230, 5, 4
2026/10/03 08:45:41.230, 6, 4
2026/10/03 08:45:41.230, 7, 4
2026/10/03 08:45:42.231, 0, 4
2026/10/03 08:45:42.231, 1, 4
2026/10/03 08:45:42.232, 2, 4
2026/10/03 08:45:42.232, 3, 4
2026/10/03 08:45:42.233, 4, 4
2026/10/03 08:45:42.234, 5, 4
2026/10/03 08:45:42.235, 6, 4
2026/10/03 08:45:42.235, 7, 4
2026/10/03 08:45:43.235, 0, 4
2026/10/03 08:45:43.235, 1, 4
2026/10/03 08:45:43.235, 2, 4
2026/10/03 08:45:43.235, 3, 4
2026/10/03 08:45:43.235, 4, 4
2026/10/03 08:45:43.235, 5, 4
2026/10/03 08:45:43.235, 6, 4
2026/10/03 08:45:43.235, 7, 4
2026/10/03 08:45:44.235, 0, 4
2026/10/03 08:45:44.235, 1, 4
2026/10/03 08:45:44.236, 2, 4
2026/10/03 08:45:44.236, 3, 4
2026/10/03 08:45:44.236, 4, 4
2026/10/03 08:45:44.236, 5, 4
2026/10/03 08:45:44.236, 6, 4
2026/10/03 08:45:44.236, 7, 4
2026/10/03 08:45:45.236, 0, 4
2026/10/03 08:45:45.236, 1, 4
2026/10/03 08:45:45.237, 2, 4
2026/10/03 08:45:45.237, 3, 4
2026/10/03 08:45:45.237, 4, 4
2026/10/03 08:45:45.237, 5, 4
2026/10/03 08:45:45.237, 6, 4
2026/10/03 08:45:45.237, 7, 4
2026/10/03 08:45:46.237, 0, 4
2026/10/03 08:45:46.237, 1, 4
2026/10/03 08:45:46.237, 2, 4
2026/10/03 08:45:46.237, 3, 4
2026/10/03 08:45:46.237, 4, 4
2026/10/03 08:45:46.237, 5, 4
2026/10/03 08:45:46.237, 6, 4
2026/10/03 08:45:46.237, 7, 4
2026/10/03 08:45:47.237, 0, 4
2026/10/03 08:45:47.240, 1, 4
2026/10/03 08:45:47.244, 2, 529
2026/10/03 08:45:47.246, 3, 4
2026/10/03 08:45:47.249, 4, 4
2026/10/03 08:45:47.250, 5, 4
2026/10/03 08:45:47.250, 6, 4
2026/10/03 08:45:47.252, 7, 4
2026/10/03 08:45:48.252, 0, 4
2026/10/03 08:45:48.283, 1, 4
2026/10/03 08:45:48.283, 2, 4
2026/10/03 08:45:48.285, 3, 4
2026/10/03 08:45:48.285, 4, 4
2026/10/03 08:45:48.287, 5, 4
2026/10/03 08:45:48.290, 6, 4
2026/10/03 08:45:48.292, 7, 4
2026/10/03 08:45:49.292, 0, 4
2026/10/03 08:45:49.293, 1, 4
2026/10/03 08:45:49.293, 2, 4
2026/10/03 08:45:49.294, 3, 4
2026/10/03 08:45:49.298, 4, 4
2026/10/03 08:45:49.298, 5, 4
2026/10/03 08:45:49.299, 6, 4
2026/10/03 08:45:49.299, 7, 4
2026/10/03 08:45:50.300, 0, 4
2026/10/03 08:45:50.300, 1, 4
2026/10/03 08:45:50.300, 2, 4
2026/10/03 08:45:50.300, 3, 4
2026/10/03 08:45:50.300, 4, 4
2026/10/03 08:45:50.300, 5, 4
2026/10/03 08:45:50.300, 6, 4
2026/10/03 08:45:50.300, 7, 4
2026/10/03 08:45:51.300, 0, 4
2026/10/03 08:45:51.300, 1, 4
2026/10/03 08:45:51.300, 2, 4
2026/10/03 08:45:51.300, 3, 4
2026/10/03 08:45:51.300, 4, 43
2026/10/03 08:45:51.300, 5, 4
2026/10/03 08:45:51.300, 6, 4
2026/10/03 08:45:51.300, 7, 4
2026/10/03 08:45:52.300, 0, 4
2026/10/03 08:45:52.301, 1, 4
2026/10/03 08:45:52.301, 2, 4
2026/10/03 08:45:52.302, 3, 4
2026/10/03 08:45:52.302, 4, 4
2026/10/03 08:45:52.303, 5, 4
2026/10/03 08:45:52.304, 6, 4
2026/10/03 08:45:52.304, 7, 4
2026/10/03 08:45:53.305, 0, 4
2026/10/03 08:45:53.308, 1, 4
2026/10/03 08:45:53.308, 2, 4
2026/10/03 08:45:53.308, 3, 4
2026/10/03 08:45:53.308, 4, 4
2026/10/03 08:45:53.308, 5, 529
2026/10/03 08:45:53.308, 6, 4
2026/10/03 08:45:53.308, 7, 4
2026/10/03 08:45:54.308, 0, 4
2026/10/03 08:45:54.309, 1, 4
2026/10/03 08:45:54.309, 2, 4
2026/10/03 08:45:54.309, 3, 4
2026/10/03 08:45:54.309, 4, 4
2026/10/03 08:45:54.309, 5, 4
2026/10/03 08:45:54.309, 6, 4
2026/10/03 08:45:54.320, 7, 4
2026/10/03 08:45:55.320, 0, 4
2026/10/03 08:45:55.384, 1, 4
2026/10/03 08:45:55.384, 2, 4
2026/10/03 08:45:55.384, 3, 4
2026/10/03 08:45:55.385, 4, 4
2026/10/03 08:45:55.385, 5, 4
2026/10/03 08:45:55.386, 6, 4
2026/10/03 08:45:55.386, 7, 4
2026/10/03 08:45:56.386, 0, 4
2026/10/03 08:45:56.386, 1, 4
2026/10/03 08:45:56.387, 2, 4
2026/10/03 08:45:56.387, 3, 4
2026/10/03 08:45:56.387, 4, 4
2026/10/03 08:45:56.387, 5, 4
2026/10/03 08:45:56.387, 6, 4
2026/10/03 08:45:56.387, 7, 4
2026/10/03 08:45:57.387, 0, 4
2026/10/03 08:45:57.387, 1, 4
2026/10/03 08:45:57.390, 2, 4
2026/10/03 08:45:57.392, 3, 4
2026/10/03 08:45:57.393, 4, 4
2026/10/03 08:45:57.395, 5, 4
2026/10/03 08:45:57.397, 6, 4
2026/10/03 08:45:57.398, 7, 4
2026/10/03 08:45:58.400, 0, 4
2026/10/03 08:45:58.400, 1, 4
2026/10/03 08:45:58.400, 2, 4
2026/10/03 08:45:58.400, 3, 4
2026/10/03 08:45:58.400, 4, 4
2026/10/03 08:45:58.400, 5, 4
2026/10/03 08:45:58.400, 6, 4
2026/10/03 08:45:58.400, 7, 4
2026/10/03 08:45:59.400, 0, 4
2026/10/03 08:45:59.400, 1, 4
2026/10/03 08:45:59.400, 2, 4
2026/10/03 08:45:59.400, 3, 4
2026/10/03 08:45:59.400, 4, 4
2026/10/03 08:45:59.400, 5, 4
2026/10/03 08:45:59.400, 6, 4
2026/10/03 08:45:59.400, 7, 4
2026/10/03 08:46:00.401, 0, 4
2026/10/03 08:46:00.401, 1, 4
2026/10/03 08:46:00.401, 2, 4
2026/10/03 08:46:00.401, 3, 4
2026/10/03 08:46:00.401, 4, 4
2026/10/03 08:46:00.401, 5, 4
2026/10/03 08:46:00.401, 6, 4
2026/10/03 08:46:00.401, 7, 4
2026/10/03 08:46:01.401, 0, 4
2026/10/03 08:46:01.401, 1, 4
2026/10/03 08:46:01.401, 2, 4
2026/10/03 08:46:01.401, 3, 4
2026/10/03 08:46:01.401, 4, 4
2026/10/03 08:46:01.401, 5, 4
2026/10/03 08:46:01.401, 6, 4
2026/10/03 08:46:01.402, 7, 4
2026/10/03 08:46:02.402, 0, 4
2026/10/03 08:46:02.404, 1, 4
2026/10/03 08:46:02.405, 2, 4
2026/10/03 08:46:02.407, 3, 4
2026/10/03 08:46:02.407, 4, 4
2026/10/03 08:46:02.409, 5, 4
2026/10/03 08:46:02.411, 6, 4
2026/10/03 08:46:02.412, 7, 4
2026/10/03 08:46:03.414, 0, 4
2026/10/03 08:46:03.417, 1, 4
2026/10/03 08:46:03.417, 2, 4
2026/10/03 08:46:03.417, 3, 4
2026/10/03 08:46:03.417, 4, 4
2026/10/03 08:46:03.417, 5, 4
2026/10/03 08:46:03.417, 6, 4
2026/10/03 08:46:03.417, 7, 4
2026/10/03 08:46:04.417, 0, 4
2026/10/03 08:46:04.417, 1, 4
2026/10/03 08:46:04.417, 2, 4
2026/10/03 08:46:04.417, 3, 4
2026/10/03 08:46:04.417, 4, 4
2026/10/03 08:46:04.417, 5, 4
2026/10/03 08:46:04.417, 6, 4
2026/10/03 08:46:04.417, 7, 4
2026/10/03 08:46:05.418, 0, 4
2026/10/03 08:46:05.420, 1, 4
2026/10/03 08:46:05.420, 2, 4
2026/10/03 08:46:05.420, 3, 4
2026/10/03 08:46:05.420, 4, 4
2026/10/03 08:46:05.420, 5, 4
2026/10/03 08:46:05.420, 6, 4
2026/10/03 08:46:05.420, 7, 4
2026/10/03 08:46:06.420, 0, 4
2026/10/03 08:46:06.420, 1, 4
2026/10/03 08:46:06.420, 2, 4
2026/10/03 08:46:06.420, 3, 4
2026/10/03 08:46:06.420, 4, 4
2026/10/03 08:46:06.420, 5, 4
2026/10/03 08:46:06.421, 6, 4
2026/10/03 08:46:06.421, 7, 4
2026/10/03 08:46:07.421, 0, 4
2026/10/03 08:46:07.421, 1, 4
2026/10/03 08:46:07.425, 2, 4
2026/10/03 08:46:07.428, 3, 4
2026/10/03 08:46:07.428, 4, 4
2026/10/03 08:46:07.431, 5, 4
2026/10/03 08:46:07.434, 6, 4
2026/10/03 08:46:07.434, 7, 4
2026/10/03 08:46:08.434, 0, 4
2026/10/03 08:46:08.434, 1, 4
2026/10/03 08:46:08.434, 2, 4
2026/10/03 08:46:08.434, 3, 4
2026/10/03 08:46:08.434, 4, 4
2026/10/03 08:46:08.434, 5, 4
2026/10/03 08:46:08.434, 6, 4
2026/10/03 08:46:08.434, 7, 4
2026/10/03 08:46:09.435, 0, 4
2026/10/03 08:46:09.435, 1, 4
2026/10/03 08:46:09.435, 2, 4
2026/10/03 08:46:09.435, 3, 4
2026/10/03 08:46:09.435, 4, 4
2026/10/03 08:46:09.435, 5, 4
2026/10/03 08:46:09.435, 6, 4
2026/10/03 08:46:09.435, 7, 4
2026/10/03 08:46:10.435, 0, 4
2026/10/03 08:46:10.435, 1, 4
2026/10/03 08:46:10.435, 2, 4
2026/10/03 08:46:10.435, 3, 4
2026/10/03 08:46:10.435, 4, 4
2026/10/03 08:46:10.435, 5, 4
2026/10/03 08:46:10.435, 6, 4
2026/10/03 08:46:10.435, 7, 4
2026/10/03 08:46:11.435, 0, 4
2026/10/03 08:46:11.435, 1, 4
2026/10/03 08:46:11.435, 2, 4
2026/10/03 08:46:11.435, 3, 4
2026/10/03 08:46:11.435, 4, 4
2026/10/03 08:46:11.435, 5, 4
2026/10/03 08:46:11.435, 6, 4
2026/10/03 08:46:11.435, 7, 4
2026/10/03 08:46:12.436, 0, 4
2026/10/03 08:46:12.439, 1, 4
2026/10/03 08:46:12.442, 2, 4
2026/10/03 08:46:12.444, 3, 4
2026/10/03 08:46:12.446, 4, 4
2026/10/03 08:46:12.448, 5, 4
2026/10/03 08:46:12.451, 6, 4
2026/10/03 08:46:12.454, 7, 4
2026/10/03 08:46:13.456, 0, 716
2026/10/03 08:46:13.462, 1, 716
2026/10/03 08:46:13.466, 2, 716
2026/10/03 08:46:13.471, 3, 716
2026/10/03 08:46:13.477, 4, 4
2026/10/03 08:46:13.482, 5, 4
2026/10/03 08:46:13.488, 6, 4
2026/10/03 08:46:13.494, 7, 4
2026/10/03 08:46:14.499, 0, 2274
2026/10/03 08:46:14.499, 1, 2322
2026/10/03 08:46:14.499, 2, 2322
2026/10/03 08:46:14.499, 3, 2082
2026/10/03 08:46:14.499, 4, 4
2026/10/03 08:46:14.499, 5, 4
2026/10/03 08:46:14.499, 6, 4
2026/10/03 08:46:14.499, 7, 4
2026/10/03 08:46:15.500, 0, 2720
2026/10/03 08:46:15.500, 1, 2768
2026/10/03 08:46:15.500, 2, 2768
2026/10/03 08:46:15.500, 3, 2528
2026/10/03 08:46:15.500, 4, 4
2026/10/03 08:46:15.500, 5, 4
2026/10/03 08:46:15.500, 6, 4
2026/10/03 08:46:15.500, 7, 4
2026/10/03 08:46:16.500, 0, 14980
2026/10/03 08:46:16.500, 1, 15076
2026/10/03 08:46:16.500, 2, 15076
2026/10/03 08:46:16.500, 3, 14596
2026/10/03 08:46:16.500, 4, 4
2026/10/03 08:46:16.500, 5, 4
2026/10/03 08:46:16.500, 6, 4
2026/10/03 08:46:16.500, 7, 4
2026/10/03 08:46:17.500, 0, 16190
2026/10/03 08:46:17.552, 1, 16334
2026/10/03 08:46:17.560, 2, 16414
2026/10/03 08:46:17.570, 3, 16528
2026/10/03 08:46:17.578, 4, 4
2026/10/03 08:46:17.586, 5, 4
2026/10/03 08:46:17.594, 6, 4
2026/10/03 08:46:17.603, 7, 4
2026/10/03 08:46:18.650, 0, 16190
2026/10/03 08:46:18.651, 1, 16334
2026/10/03 08:46:18.651, 2, 16414
2026/10/03 08:46:18.652, 3, 16528
2026/10/03 08:46:18.652, 4, 4
2026/10/03 08:46:18.652, 5, 4
2026/10/03 08:46:18.653, 6, 4
2026/10/03 08:46:18.653, 7, 4
2026/10/03 08:46:19.653, 0, 16190
2026/10/03 08:46:19.653, 1, 16334
2026/10/03 08:46:19.653, 2, 16414
2026/10/03 08:46:19.653, 3, 16528
2026/10/03 08:46:19.653, 4, 4
2026/10/03 08:46:19.653, 5, 4
2026/10/03 08:46:19.653, 6, 4
2026/10/03 08:46:19.653, 7, 4
2026/10/03 08:46:20.653, 0, 16190
2026/10/03 08:46:20.653, 1, 16334
2026/10/03 08:46:20.653, 2, 16414
2026/10/03 08:46:20.653, 3, 16528
2026/10/03 08:46:20.653, 4, 4
2026/10/03 08:46:20.653, 5, 4
2026/10/03 08:46:20.656, 6, 4
2026/10/03 08:46:20.656, 7, 4
2026/10/03 08:46:21.656, 0, 16190
2026/10/03 08:46:21.659, 1, 16334
2026/10/03 08:46:21.660, 2, 16414
2026/10/03 08:46:21.661, 3, 16528
2026/10/03 08:46:21.661, 4, 4
2026/10/03 08:46:21.663, 5, 4
2026/10/03 08:46:21.665, 6, 4
2026/10/03 08:46:21.665, 7, 4
2026/10/03 08:46:22.666, 0, 16190
2026/10/03 08:46:22.666, 1, 16334
2026/10/03 08:46:22.666, 2, 16414
2026/10/03 08:46:22.666, 3, 16528
2026/10/03 08:46:22.666, 4, 4
2026/10/03 08:46:22.666, 5, 4
2026/10/03 08:46:22.666, 6, 4
2026/10/03 08:46:22.667, 7, 4
2026/10/03 08:46:23.667, 0, 16190
2026/10/03 08:46:23.668, 1, 16334
2026/10/03 08:46:23.670, 2, 16414
2026/10/03 08:46:23.672, 3, 16528
2026/10/03 08:46:23.674, 4, 4
2026/10/03 08:46:23.676, 5, 4
2026/10/03 08:46:23.677, 6, 4
2026/10/03 08:46:23.677, 7, 4
2026/10/03 08:46:24.679, 0, 16190
2026/10/03 08:46:24.680, 1, 16334
2026/10/03 08:46:24.687, 2, 16414
2026/10/03 08:46:24.687, 3, 16528
2026/10/03 08:46:24.687, 4, 4
2026/10/03 08:46:24.687, 5, 4
2026/10/03 08:46:24.687, 6, 4
2026/10/03 08:46:24.687, 7, 4
2026/10/03 08:46:25.688, 0, 16190
2026/10/03 08:46:25.688, 1, 16334
2026/10/03 08:46:25.688, 2, 16414
2026/10/03 08:46:25.688, 3, 16528
2026/10/03 08:46:25.688, 4, 4
2026/10/03 08:46:25.688, 5, 4
2026/10/03 08:46:25.688, 6, 4
2026/10/03 08:46:25.688, 7, 4
2026/10/03 08:46:26.688, 0, 16190
2026/10/03 08:46:26.688, 1, 16334
2026/10/03 08:46:26.688, 2, 16414
2026/10/03 08:46:26.688, 3, 16528
2026/10/03 08:46:26.688, 4, 4
2026/10/03 08:46:26.688, 5, 4
2026/10/03 08:46:26.688, 6, 4
2026/10/03 08:46:26.688, 7, 4
2026/10/03 08:46:27.688, 0, 16190
2026/10/03 08:46:27.688, 1, 16334
2026/10/03 08:46:27.688, 2, 16414
2026/10/03 08:46:27.688, 3, 16528
2026/10/03 08:46:27.688, 4, 4
2026/10/03 08:46:27.688, 5, 4
2026/10/03 08:46:27.688, 6, 4
2026/10/03 08:46:27.688, 7, 4
2026/10/03 08:46:28.688, 0, 16190
2026/10/03 08:46:28.688, 1, 16334
2026/10/03 08:46:28.688, 2, 16414
2026/10/03 08:46:28.688, 3, 16528
2026/10/03 08:46:28.688, 4, 4
2026/10/03 08:46:28.688, 5, 4
2026/10/03 08:46:28.688, 6, 4
2026/10/03 08:46:28.688, 7, 4
2026/10/03 08:46:29.689, 0, 16190
2026/10/03 08:46:29.689, 1, 16334
2026/10/03 08:46:29.689, 2, 16414
2026/10/03 08:46:29.689, 3, 16528
2026/10/03 08:46:29.689, 4, 4
2026/10/03 08:46:29.689, 5, 4
2026/10/03 08:46:29.689, 6, 4
2026/10/03 08:46:29.689, 7, 4
2026/10/03 08:46:30.689, 0, 16190
2026/10/03 08:46:30.689, 1, 16334
2026/10/03 08:46:30.689, 2, 16414
2026/10/03 08:46:30.689, 3, 16528
2026/10/03 08:46:30.689, 4, 4
2026/10/03 08:46:30.689, 5, 4
2026/10/03 08:46:30.689, 6, 4
2026/10/03 08:46:30.689, 7, 4
2026/10/03 08:46:31.689, 0, 16190
2026/10/03 08:46:31.689, 1, 16334
2026/10/03 08:46:31.689, 2, 16414
2026/10/03 08:46:31.689, 3, 16528
2026/10/03 08:46:31.689, 4, 4
2026/10/03 08:46:31.689, 5, 4
2026/10/03 08:46:31.689, 6, 4
2026/10/03 08:46:31.689, 7, 4
2026/10/03 08:46:32.689, 0, 16190
2026/10/03 08:46:32.689, 1, 16334
2026/10/03 08:46:32.689, 2, 16414
2026/10/03 08:46:32.689, 3, 16528
2026/10/03 08:46:32.689, 4, 4
2026/10/03 08:46:32.689, 5, 4
2026/10/03 08:46:32.689, 6, 4
2026/10/03 08:46:32.690, 7, 4
2026/10/03 08:46:33.690, 0, 16190
2026/10/03 08:46:33.691, 1, 16334
2026/10/03 08:46:33.692, 2, 16414
2026/10/03 08:46:33.693, 3, 16528
2026/10/03 08:46:33.695, 4, 4
2026/10/03 08:46:33.696, 5, 4
2026/10/03 08:46:33.699, 6, 4
2026/10/03 08:46:33.700, 7, 4
2026/10/03 08:46:34.703, 0, 16190
2026/10/03 08:46:34.703, 1, 16334
2026/10/03 08:46:34.703, 2, 16414
2026/10/03 08:46:34.703, 3, 16528
2026/10/03 08:46:34.703, 4, 4
2026/10/03 08:46:34.703, 5, 4
2026/10/03 08:46:34.703, 6, 4
2026/10/03 08:46:34.703, 7, 4
2026/10/03 08:46:35.703, 0, 16190
2026/10/03 08:46:35.704, 1, 16334
2026/10/03 08:46:35.704, 2, 16414
2026/10/03 08:46:35.704, 3, 16528
2026/10/03 08:46:35.704, 4, 4
2026/10/03 08:46:35.704, 5, 4
2026/10/03 08:46:35.704, 6, 4
2026/10/03 08:46:35.704, 7, 4
2026/10/03 08:46:36.704, 0, 16190
2026/10/03 08:46:36.704, 1, 16334
2026/10/03 08:46:36.704, 2, 16414
2026/10/03 08:46:36.704, 3, 16528
2026/10/03 08:46:36.704, 4, 4
2026/10/03 08:46:36.704, 5, 4
2026/10/03 08:46:36.704, 6, 4
2026/10/03 08:46:36.704, 7, 4
2026/10/03 08:46:37.704, 0, 16190
2026/10/03 08:46:37.704, 1, 16334
2026/10/03 08:46:37.704, 2, 16414
2026/10/03 08:46:37.736, 3, 16528
2026/10/03 08:46:37.736, 4, 4
2026/10/03 08:46:37.736, 5, 4
2026/10/03 08:46:37.736, 6, 4
2026/10/03 08:46:37.736, 7, 4
2026/10/03 08:46:38.737, 0, 16190
2026/10/03 08:46:38.737, 1, 16334
2026/10/03 08:46:38.739, 2, 16414
2026/10/03 08:46:38.739, 3, 16528
2026/10/03 08:46:38.739, 4, 4
2026/10/03 08:46:38.739, 5, 4
2026/10/03 08:46:38.739, 6, 4
2026/10/03 08:46:38.739, 7, 4
2026/10/03 08:46:39.740, 0, 16190
2026/10/03 08:46:39.740, 1, 16334
2026/10/03 08:46:39.740, 2, 16414
2026/10/03 08:46:39.740, 3, 16528
2026/10/03 08:46:39.740, 4, 4
2026/10/03 08:46:39.740, 5, 4
2026/10/03 08:46:39.740, 6, 4
2026/10/03 08:46:39.740, 7, 4
2026/10/03 08:46:40.741, 0, 16190
2026/10/03 08:46:40.741, 1, 16334
2026/10/03 08:46:40.741, 2, 16414
2026/10/03 08:46:40.741, 3, 16528
2026/10/03 08:46:40.741, 4, 4
2026/10/03 08:46:40.741, 5, 4
2026/10/03 08:46:40.741, 6, 4
2026/10/03 08:46:40.741, 7, 4
2026/10/03 08:46:41.742, 0, 16190
2026/10/03 08:46:41.742, 1, 16334
2026/10/03 08:46:41.742, 2, 16414
2026/10/03 08:46:41.742, 3, 16528
2026/10/03 08:46:41.742, 4, 4
2026/10/03 08:46:41.742, 5, 4
2026/10/03 08:46:41.742, 6, 4
2026/10/03 08:46:41.742, 7, 4
2026/10/03 08:46:42.742, 0, 16190
2026/10/03 08:46:42.742, 1, 16334
2026/10/03 08:46:42.742, 2, 16414
2026/10/03 08:46:42.742, 3, 16528
2026/10/03 08:46:42.742, 4, 4
2026/10/03 08:46:42.742, 5, 4
2026/10/03 08:46:42.742, 6, 4
2026/10/03 08:46:42.742, 7, 4
2026/10/03 08:46:43.747, 0, 16190
2026/10/03 08:46:43.747, 1, 16334
2026/10/03 08:46:43.747, 2, 16414
2026/10/03 08:46:43.747, 3, 16528
2026/10/03 08:46:43.747, 4, 4
2026/10/03 08:46:43.747, 5, 4
2026/10/03 08:46:43.747, 6, 4
2026/10/03 08:46:43.747, 7, 4
2026/10/03 08:46:44.747, 0, 16190
2026/10/03 08:46:44.747, 1, 16334
2026/10/03 08:46:44.747, 2, 16414
2026/10/03 08:46:44.747, 3, 16528
2026/10/03 08:46:44.747, 4, 4
2026/10/03 08:46:44.747, 5, 4
2026/10/03 08:46:44.747, 6, 4
2026/10/03 08:46:44.747, 7, 4
2026/10/03 08:46:45.750, 0, 16190
2026/10/03 08:46:45.792, 1, 16334
2026/10/03 08:46:45.796, 2, 16414
2026/10/03 08:46:45.878, 3, 16528
2026/10/03 08:46:45.879, 4, 4
2026/10/03 08:46:45.880, 5, 4
2026/10/03 08:46:45.883, 6, 4
2026/10/03 08:46:45.884, 7, 4
2026/10/03 08:46:46.888, 0, 16190
2026/10/03 08:46:46.950, 1, 16334
2026/10/03 08:46:46.951, 2, 16414
2026/10/03 08:46:46.951, 3, 16528
2026/10/03 08:46:46.953, 4, 4
2026/10/03 08:46:46.954, 5, 4
2026/10/03 08:46:46.955, 6, 4
2026/10/03 08:46:46.955, 7, 4
2026/10/03 08:46:47.956, 0, 16190
2026/10/03 08:46:47.960, 1, 16334
2026/10/03 08:46:47.966, 2, 16414
2026/10/03 08:46:47.974, 3, 16528
2026/10/03 08:46:47.983, 4, 4
2026/10/03 08:46:47.991, 5, 4
2026/10/03 08:46:47.999, 6, 4
2026/10/03 08:46:48.002, 7, 4
2026/10/03 08:46:49.009, 0, 16190
2026/10/03 08:46:49.012, 1, 16334
2026/10/03 08:46:49.015, 2, 16414
2026/10/03 08:46:49.015, 3, 16528
2026/10/03 08:46:49.016, 4, 4
2026/10/03 08:46:49.017, 5, 4
2026/10/03 08:46:49.017, 6, 4
2026/10/03 08:46:49.018, 7, 4
2026/10/03 08:46:50.018, 0, 16190
2026/10/03 08:46:50.018, 1, 16334
2026/10/03 08:46:50.018, 2, 16414
2026/10/03 08:46:50.018, 3, 16528
2026/10/03 08:46:50.018, 4, 4
2026/10/03 08:46:50.018, 5, 4
2026/10/03 08:46:50.018, 6, 4
2026/10/03 08:46:50.018, 7, 4
2026/10/03 08:46:51.019, 0, 16190
2026/10/03 08:46:51.019, 1, 16334
2026/10/03 08:46:51.019, 2, 16414
2026/10/03 08:46:51.019, 3, 16528
2026/10/03 08:46:51.019, 4, 4
2026/10/03 08:46:51.019, 5, 4
2026/10/03 08:46:51.019, 6, 4
2026/10/03 08:46:51.019, 7, 4
2026/10/03 08:46:52.019, 0, 16190
2026/10/03 08:46:52.019, 1, 16334
2026/10/03 08:46:52.019, 2, 16414
2026/10/03 08:46:52.019, 3, 16528
2026/10/03 08:46:52.019, 4, 4
2026/10/03 08:46:52.019, 5, 4
2026/10/03 08:46:52.019, 6, 4
2026/10/03 08:46:52.019, 7, 4
2026/10/03 08:46:53.019, 0, 16190
2026/10/03 08:46:53.019, 1, 16334
2026/10/03 08:46:53.019, 2, 16414
2026/10/03 08:46:53.019, 3, 16528
2026/10/03 08:46:53.019, 4, 4
2026/10/03 08:46:53.019, 5, 4
2026/10/03 08:46:53.019, 6, 4
2026/10/03 08:46:53.019, 7, 4
2026/10/03 08:46:54.019, 0, 16190
2026/10/03 08:46:54.019, 1, 16334
2026/10/03 08:46:54.020, 2, 16414
2026/10/03 08:46:54.020, 3, 16528
2026/10/03 08:46:54.020, 4, 4
2026/10/03 08:46:54.020, 5, 4
2026/10/03 08:46:54.020, 6, 4
2026/10/03 08:46:54.020, 7, 4
2026/10/03 08:46:55.020, 0, 16190
2026/10/03 08:46:55.020, 1, 16334
2026/10/03 08:46:55.020, 2, 16414
2026/10/03 08:46:55.020, 3, 16528
2026/10/03 08:46:55.020, 4, 4
2026/10/03 08:46:55.020, 5, 4
2026/10/03 08:46:55.020, 6, 4
2026/10/03 08:46:55.020, 7, 4
2026/10/03 08:46:56.020, 0, 16190
2026/10/03 08:46:56.020, 1, 16334
2026/10/03 08:46:56.020, 2, 16414
2026/10/03 08:46:56.020, 3, 16528
2026/10/03 08:46:56.020, 4, 4
2026/10/03 08:46:56.020, 5, 4
2026/10/03 08:46:56.020, 6, 4
2026/10/03 08:46:56.020, 7, 4
2026/10/03 08:46:57.020, 0, 16190
2026/10/03 08:46:57.022, 1, 16334
2026/10/03 08:46:57.024, 2, 16414
2026/10/03 08:46:57.025, 3, 16528
2026/10/03 08:46:57.026, 4, 690
2026/10/03 08:46:57.028, 5, 690
2026/10/03 08:46:57.029, 6, 690
2026/10/03 08:46:57.030, 7, 690
2026/10/03 08:46:58.030, 0, 16190
2026/10/03 08:46:58.030, 1, 16334
2026/10/03 08:46:58.030, 2, 16414
2026/10/03 08:46:58.030, 3, 16528
2026/10/03 08:46:58.030, 4, 3788
2026/10/03 08:46:58.030, 5, 3788
2026/10/03 08:46:58.030, 6, 3788
2026/10/03 08:46:58.031, 7, 3788
2026/10/03 08:46:59.031, 0, 16190
2026/10/03 08:46:59.031, 1, 16334
2026/10/03 08:46:59.031, 2, 16414
2026/10/03 08:46:59.031, 3, 16528
2026/10/03 08:46:59.031, 4, 115498
2026/10/03 08:46:59.031, 5, 115496
2026/10/03 08:46:59.031, 6, 115496
2026/10/03 08:46:59.031, 7, 115496
2026/10/03 08:47:00.031, 0, 16190
2026/10/03 08:47:00.031, 1, 16334
2026/10/03 08:47:00.031, 2, 16414
2026/10/03 08:47:00.031, 3, 16528
2026/10/03 08:47:00.031, 4, 115624
2026/10/03 08:47:00.031, 5, 115624
2026/10/03 08:47:00.031, 6, 115624
2026/10/03 08:47:00.031, 7, 115624
2026/10/03 08:47:01.031, 0, 16190
2026/10/03 08:47:01.031, 1, 16334
2026/10/03 08:47:01.031, 2, 16414
2026/10/03 08:47:01.031, 3, 16528
2026/10/03 08:47:01.031, 4, 115754
2026/10/03 08:47:01.032, 5, 115770
2026/10/03 08:47:01.032, 6, 115738
2026/10/03 08:47:01.032, 7, 115760
2026/10/03 08:47:02.032, 0, 16190
2026/10/03 08:47:02.032, 1, 16334
2026/10/03 08:47:02.033, 2, 16414
2026/10/03 08:47:02.034, 3, 16528
2026/10/03 08:47:02.034, 4, 115810
2026/10/03 08:47:02.035, 5, 115810
2026/10/03 08:47:02.036, 6, 115810
2026/10/03 08:47:02.037, 7, 115810
2026/10/03 08:47:03.038, 0, 16190
2026/10/03 08:47:03.038, 1, 16334
2026/10/03 08:47:03.038, 2, 16414
2026/10/03 08:47:03.038, 3, 16528
2026/10/03 08:47:03.038, 4, 115810
2026/10/03 08:47:03.038, 5, 115810
2026/10/03 08:47:03.038, 6, 115810
2026/10/03 08:47:03.038, 7, 115810
2026/10/03 08:47:04.038, 0, 16190
2026/10/03 08:47:04.038, 1, 16334
2026/10/03 08:47:04.038, 2, 16414
2026/10/03 08:47:04.038, 3, 16528
2026/10/03 08:47:04.038, 4, 115812
2026/10/03 08:47:04.038, 5, 115812
2026/10/03 08:47:04.038, 6, 115812
2026/10/03 08:47:04.038, 7, 115812
2026/10/03 08:47:05.038, 0, 16190
2026/10/03 08:47:05.038, 1, 16334
2026/10/03 08:47:05.039, 2, 16414
2026/10/03 08:47:05.039, 3, 16528
2026/10/03 08:47:05.039, 4, 115846
2026/10/03 08:47:05.039, 5, 115878
2026/10/03 08:47:05.039, 6, 115878
2026/10/03 08:47:05.039, 7, 115878
2026/10/03 08:47:06.039, 0, 16190
2026/10/03 08:47:06.039, 1, 16334
2026/10/03 08:47:06.039, 2, 16414
2026/10/03 08:47:06.039, 3, 16528
2026/10/03 08:47:06.039, 4, 115910
2026/10/03 08:47:06.039, 5, 115910
2026/10/03 08:47:06.039, 6, 115910
2026/10/03 08:47:06.039, 7, 115910
2026/10/03 08:47:07.039, 0, 16190
2026/10/03 08:47:07.040, 1, 16334
2026/10/03 08:47:07.042, 2, 16414
2026/10/03 08:47:07.044, 3, 16528
2026/10/03 08:47:07.044, 4, 115942
2026/10/03 08:47:07.046, 5, 115942
2026/10/03 08:47:07.047, 6, 115942
2026/10/03 08:47:07.048, 7, 115942
2026/10/03 08:47:08.048, 0, 16190
2026/10/03 08:47:08.048, 1, 16334
2026/10/03 08:47:08.048, 2, 16414
2026/10/03 08:47:08.048, 3, 16528
2026/10/03 08:47:08.048, 4, 115942
2026/10/03 08:47:08.048, 5, 115942
2026/10/03 08:47:08.048, 6, 115942
2026/10/03 08:47:08.048, 7, 115942
2026/10/03 08:47:09.048, 0, 16190
2026/10/03 08:47:09.048, 1, 16334
2026/10/03 08:47:09.048, 2, 16414
2026/10/03 08:47:09.048, 3, 16528
2026/10/03 08:47:09.048, 4, 115942
2026/10/03 08:47:09.048, 5, 115942
2026/10/03 08:47:09.049, 6, 115942
2026/10/03 08:47:09.049, 7, 115942
2026/10/03 08:47:10.049, 0, 16190
2026/10/03 08:47:10.049, 1, 16334
2026/10/03 08:47:10.049, 2, 16414
2026/10/03 08:47:10.049, 3, 16528
2026/10/03 08:47:10.049, 4, 115942
2026/10/03 08:47:10.049, 5, 115942
2026/10/03 08:47:10.049, 6, 115942
2026/10/03 08:47:10.049, 7, 115942
2026/10/03 08:47:11.049, 0, 16190
2026/10/03 08:47:11.049, 1, 16334
2026/10/03 08:47:11.052, 2, 16414
2026/10/03 08:47:11.052, 3, 16528
2026/10/03 08:47:11.052, 4, 115942
2026/10/03 08:47:11.055, 5, 115942
2026/10/03 08:47:11.056, 6, 115942
2026/10/03 08:47:11.056, 7, 115942
2026/10/03 08:47:12.057, 0, 16190
2026/10/03 08:47:12.057, 1, 16334
2026/10/03 08:47:12.057, 2, 16414
2026/10/03 08:47:12.057, 3, 16528
2026/10/03 08:47:12.057, 4, 115942
2026/10/03 08:47:12.057, 5, 115942
2026/10/03 08:47:12.057, 6, 115942
2026/10/03 08:47:12.057, 7, 115942
2026/10/03 08:47:13.057, 0, 16190
2026/10/03 08:47:13.091, 1, 16334
2026/10/03 08:47:13.094, 2, 16414
2026/10/03 08:47:13.094, 3, 16528
2026/10/03 08:47:13.094, 4, 115942
2026/10/03 08:47:13.094, 5, 115942
2026/10/03 08:47:13.094, 6, 115942
2026/10/03 08:47:13.094, 7, 115942
2026/10/03 08:47:14.094, 0, 16190
2026/10/03 08:47:14.094, 1, 16334
2026/10/03 08:47:14.094, 2, 16414
2026/10/03 08:47:14.094, 3, 16528
2026/10/03 08:47:14.094, 4, 115942
2026/10/03 08:47:14.094, 5, 115942
2026/10/03 08:47:14.094, 6, 115942
2026/10/03 08:47:14.094, 7, 115942
2026/10/03 08:47:15.094, 0, 16190
2026/10/03 08:47:15.094, 1, 16334
2026/10/03 08:47:15.094, 2, 16414
2026/10/03 08:47:15.094, 3, 16528
2026/10/03 08:47:15.095, 4, 115942
2026/10/03 08:47:15.095, 5, 115942
2026/10/03 08:47:15.095, 6, 115942
2026/10/03 08:47:15.095, 7, 115942
2026/10/03 08:47:16.095, 0, 16190
2026/10/03 08:47:16.096, 1, 16334
2026/10/03 08:47:16.096, 2, 16414
2026/10/03 08:47:16.096, 3, 16528
2026/10/03 08:47:16.096, 4, 115942
2026/10/03 08:47:16.096, 5, 115942
2026/10/03 08:47:16.096, 6, 115942
2026/10/03 08:47:16.096, 7, 115942
2026/10/03 08:47:17.096, 0, 16190
2026/10/03 08:47:17.096, 1, 16334
2026/10/03 08:47:17.096, 2, 16414
2026/10/03 08:47:17.096, 3, 16528
2026/10/03 08:47:17.096, 4, 115942
2026/10/03 08:47:17.096, 5, 115942
2026/10/03 08:47:17.096, 6, 115942
2026/10/03 08:47:17.096, 7, 115942
2026/10/03 08:47:18.096, 0, 16190
2026/10/03 08:47:18.098, 1, 16334
2026/10/03 08:47:18.099, 2, 16414
2026/10/03 08:47:18.101, 3, 16528
2026/10/03 08:47:18.101, 4, 115942
2026/10/03 08:47:18.101, 5, 115942
2026/10/03 08:47:18.101, 6, 115942
2026/10/03 08:47:18.101, 7, 115942
2026/10/03 08:47:19.102, 0, 16190
2026/10/03 08:47:19.103, 1, 16334
2026/10/03 08:47:19.103, 2, 16414
2026/10/03 08:47:19.103, 3, 16528
2026/10/03 08:47:19.103, 4, 115942
2026/10/03 08:47:19.103, 5, 115942
2026/10/03 08:47:19.103, 6, 115942
2026/10/03 08:47:19.104, 7, 115942
2026/10/03 08:47:20.104, 0, 16190
2026/10/03 08:47:20.104, 1, 16334
2026/10/03 08:47:20.104, 2, 16414
2026/10/03 08:47:20.104, 3, 16528
2026/10/03 08:47:20.104, 4, 115942
2026/10/03 08:47:20.104, 5, 115942
2026/10/03 08:47:20.104, 6, 115942
2026/10/03 08:47:20.104, 7, 115942
2026/10/03 08:47:21.104, 0, 16190
2026/10/03 08:47:21.104, 1, 16334
2026/10/03 08:47:21.104, 2, 16414
2026/10/03 08:47:21.104, 3, 16528
2026/10/03 08:47:21.104, 4, 115942
2026/10/03 08:47:21.104, 5, 115942
2026/10/03 08:47:21.104, 6, 115942
2026/10/03 08:47:21.104, 7, 115942
2026/10/03 08:47:22.104, 0, 16190
2026/10/03 08:47:22.171, 1, 16334
2026/10/03 08:47:22.172, 2, 16414
2026/10/03 08:47:22.173, 3, 16528
2026/10/03 08:47:22.174, 4, 115942
2026/10/03 08:47:22.176, 5, 115942
2026/10/03 08:47:22.177, 6, 115942
2026/10/03 08:47:22.178, 7, 115942
2026/10/03 08:47:23.180, 0, 16190
2026/10/03 08:47:23.180, 1, 16334
2026/10/03 08:47:23.180, 2, 16414
2026/10/03 08:47:23.180, 3, 16528
2026/10/03 08:47:23.180, 4, 115942
2026/10/03 08:47:23.180, 5, 115942
2026/10/03 08:47:23.180, 6, 115942
2026/10/03 08:47:23.180, 7, 115942
2026/10/03 08:47:24.180, 0, 16190
2026/10/03 08:47:24.180, 1, 16334
2026/10/03 08:47:24.180, 2, 16414
2026/10/03 08:47:24.180, 3, 16528
2026/10/03 08:47:24.180, 4, 115942
2026/10/03 08:47:24.180, 5, 115942
2026/10/03 08:47:24.180, 6, 115942
2026/10/03 08:47:24.180, 7, 115942
2026/10/03 08:47:25.180, 0, 16190
2026/10/03 08:47:25.180, 1, 16334
2026/10/03 08:47:25.180, 2, 16414
2026/10/03 08:47:25.180, 3, 16528
2026/10/03 08:47:25.180, 4, 115942
2026/10/03 08:47:25.180, 5, 115942
2026/10/03 08:47:25.180, 6, 115942
2026/10/03 08:47:25.180, 7, 115942
2026/10/03 08:47:26.180, 0, 16190
2026/10/03 08:47:26.180, 1, 16334
2026/10/03 08:47:26.180, 2, 16414
2026/10/03 08:47:26.180, 3, 16528
2026/10/03 08:47:26.180, 4, 115942
2026/10/03 08:47:26.180, 5, 115942
2026/10/03 08:47:26.180, 6, 115942
2026/10/03 08:47:26.181, 7, 115942
2026/10/03 08:47:27.181, 0, 16190
2026/10/03 08:47:27.181, 1, 16334
2026/10/03 08:47:27.182, 2, 16414
2026/10/03 08:47:27.183, 3, 16528
2026/10/03 08:47:27.184, 4, 115942
2026/10/03 08:47:27.185, 5, 115942
2026/10/03 08:47:27.186, 6, 115942
2026/10/03 08:47:27.187, 7, 115942
2026/10/03 08:47:28.188, 0, 16190
2026/10/03 08:47:28.188, 1, 16334
2026/10/03 08:47:28.190, 2, 16414
2026/10/03 08:47:28.190, 3, 16528
2026/10/03 08:47:28.190, 4, 115942
2026/10/03 08:47:28.190, 5, 115942
2026/10/03 08:47:28.190, 6, 115942
2026/10/03 08:47:28.190, 7, 115942
2026/10/03 08:47:29.191, 0, 16190
2026/10/03 08:47:29.191, 1, 16334
2026/10/03 08:47:29.191, 2, 16414
2026/10/03 08:47:29.191, 3, 16528
2026/10/03 08:47:29.191, 4, 115942
2026/10/03 08:47:29.191, 5, 115942
2026/10/03 08:47:29.191, 6, 115942
2026/10/03 08:47:29.191, 7, 115942
2026/10/03 08:47:30.191, 0, 16190
2026/10/03 08:47:30.191, 1, 16334
2026/10/03 08:47:30.191, 2, 16414
2026/10/03 08:47:30.191, 3, 16528
2026/10/03 08:47:30.191, 4, 115942
2026/10/03 08:47:30.191, 5, 115942
2026/10/03 08:47:30.191, 6, 115942
2026/10/03 08:47:30.191, 7, 115942
2026/10/03 08:47:31.191, 0, 16190
2026/10/03 08:47:31.191, 1, 16334
2026/10/03 08:47:31.191, 2, 16414
2026/10/03 08:47:31.191, 3, 16528
2026/10/03 08:47:31.191, 4, 115942
2026/10/03 08:47:31.191, 5, 115942
2026/10/03 08:47:31.191, 6, 115942
2026/10/03 08:47:31.191, 7, 115942
2026/10/03 08:47:32.191, 0, 16190
2026/10/03 08:47:32.192, 1, 16334
2026/10/03 08:47:32.193, 2, 16414
2026/10/03 08:47:32.194, 3, 16528
2026/10/03 08:47:32.195, 4, 115942
2026/10/03 08:47:32.196, 5, 115942
2026/10/03 08:47:32.197, 6, 115942
2026/10/03 08:47:32.198, 7, 115942
2026/10/03 08:47:33.199, 0, 16190
2026/10/03 08:47:33.199, 1, 16334
2026/10/03 08:47:33.199, 2, 16414
2026/10/03 08:47:33.199, 3, 16528
2026/10/03 08:47:33.199, 4, 115942
2026/10/03 08:47:33.199, 5, 115942
2026/10/03 08:47:33.199, 6, 115942
2026/10/03 08:47:33.199, 7, 115942
2026/10/03 08:47:34.199, 0, 16190
2026/10/03 08:47:34.199, 1, 16334
2026/10/03 08:47:34.199, 2, 16414
2026/10/03 08:47:34.199, 3, 16528
2026/10/03 08:47:34.199, 4, 115942
2026/10/03 08:47:34.199, 5, 115942
2026/10/03 08:47:34.199, 6, 115942
2026/10/03 08:47:34.199, 7, 115942
2026/10/03 08:47:35.199, 0, 16190
2026/10/03 08:47:35.199, 1, 16334
2026/10/03 08:47:35.199, 2, 16414
2026/10/03 08:47:35.199, 3, 16528
2026/10/03 08:47:35.199, 4, 115942
2026/10/03 08:47:35.199, 5, 115942
2026/10/03 08:47:35.199, 6, 115942
2026/10/03 08:47:35.199, 7, 115942
2026/10/03 08:47:36.200, 0, 16190
2026/10/03 08:47:36.200, 1, 16334
2026/10/03 08:47:36.200, 2, 16414
2026/10/03 08:47:36.200, 3, 16528
2026/10/03 08:47:36.200, 4, 115942
2026/10/03 08:47:36.200, 5, 115942
2026/10/03 08:47:36.200, 6, 115942
2026/10/03 08:47:36.200, 7, 115942
2026/10/03 08:47:37.200, 0, 16190
2026/10/03 08:47:37.200, 1, 16334
2026/10/03 08:47:37.200, 2, 16414
2026/10/03 08:47:37.201, 3, 16528
2026/10/03 08:47:37.201, 4, 115942
2026/10/03 08:47:37.202, 5, 115942
2026/10/03 08:47:37.202, 6, 115942
2026/10/03 08:47:37.202, 7, 115942
2026/10/03 08:47:38.203, 0, 16190
2026/10/03 08:47:38.203, 1, 16334
2026/10/03 08:47:38.203, 2, 16414
2026/10/03 08:47:38.203, 3, 16528
2026/10/03 08:47:38.203, 4, 115942
2026/10/03 08:47:38.203, 5, 115942
2026/10/03 08:47:38.203, 6, 115942
2026/10/03 08:47:38.203, 7, 115942
2026/10/03 08:47:39.203, 0, 16190
2026/10/03 08:47:39.203, 1, 16334
2026/10/03 08:47:39.203, 2, 16414
2026/10/03 08:47:39.203, 3, 16528
2026/10/03 08:47:39.203, 4, 115942
2026/10/03 08:47:39.203, 5, 115942
2026/10/03 08:47:39.203, 6, 115942
2026/10/03 08:47:39.203, 7, 115942
2026/10/03 08:47:40.203, 0, 16190
2026/10/03 08:47:40.203, 1, 16334
2026/10/03 08:47:40.203, 2, 16414
2026/10/03 08:47:40.203, 3, 16528
2026/10/03 08:47:40.203, 4, 115942
2026/10/03 08:47:40.203, 5, 115942
2026/10/03 08:47:40.204, 6, 115942
2026/10/03 08:47:40.204, 7, 115942
2026/10/03 08:47:41.204, 0, 16190
2026/10/03 08:47:41.206, 1, 16334
2026/10/03 08:47:41.206, 2, 16414
2026/10/03 08:47:41.206, 3, 16528
2026/10/03 08:47:41.207, 4, 115942
2026/10/03 08:47:41.208, 5, 115942
2026/10/03 08:47:41.208, 6, 115942
2026/10/03 08:47:41.210, 7, 115942
2026/10/03 08:47:42.211, 0, 16190
2026/10/03 08:47:42.211, 1, 16334
2026/10/03 08:47:42.212, 2, 16414
2026/10/03 08:47:42.213, 3, 16528
2026/10/03 08:47:42.214, 4, 115942
2026/10/03 08:47:42.215, 5, 115942
2026/10/03 08:47:42.216, 6, 115942
2026/10/03 08:47:42.217, 7, 115942
2026/10/03 08:47:43.218, 0, 16190
2026/10/03 08:47:43.218, 1, 16334
2026/10/03 08:47:43.218, 2, 16414
2026/10/03 08:47:43.218, 3, 16528
2026/10/03 08:47:43.218, 4, 115942
2026/10/03 08:47:43.218, 5, 115942
2026/10/03 08:47:43.218, 6, 115942
2026/10/03 08:47:43.218, 7, 115942
2026/10/03 08:47:44.218, 0, 16190
2026/10/03 08:47:44.218, 1, 16334
2026/10/03 08:47:44.218, 2, 16414
2026/10/03 08:47:44.218, 3, 16528
2026/10/03 08:47:44.218, 4, 115942
2026/10/03 08:47:44.218, 5, 115942
2026/10/03 08:47:44.218, 6, 115942
2026/10/03 08:47:44.218, 7, 115942
2026/10/03 08:47:45.218, 0, 16190
2026/10/03 08:47:45.218, 1, 16334
2026/10/03 08:47:45.218, 2, 16414
2026/10/03 08:47:45.219, 3, 16528
2026/10/03 08:47:45.219, 4, 115942
2026/10/03 08:47:45.219, 5, 115942
2026/10/03 08:47:45.219, 6, 115942
2026/10/03 08:47:45.219, 7, 115942
2026/10/03 08:47:46.219, 0, 16190
2026/10/03 08:47:46.219, 1, 16334
2026/10/03 08:47:46.219, 2, 16414
2026/10/03 08:47:46.219, 3, 16528
2026/10/03 08:47:46.219, 4, 115942
2026/10/03 08:47:46.219, 5, 115942
2026/10/03 08:47:46.219, 6, 115942
2026/10/03 08:47:46.219, 7, 115942
2026/10/03 08:47:47.219, 0, 16190
2026/10/03 08:47:47.220, 1, 16334
2026/10/03 08:47:47.221, 2, 16414
2026/10/03 08:47:47.222, 3, 16528
2026/10/03 08:47:47.223, 4, 115942
2026/10/03 08:47:47.225, 5, 115942
2026/10/03 08:47:47.226, 6, 115942
2026/10/03 08:47:47.227, 7, 115942
2026/10/03 08:47:48.228, 0, 16190
2026/10/03 08:47:48.228, 1, 16334
2026/10/03 08:47:48.229, 2, 16414
2026/10/03 08:47:48.229, 3, 16528
2026/10/03 08:47:48.230, 4, 115942
2026/10/03 08:47:48.231, 5, 115942
2026/10/03 08:47:48.231, 6, 115942
2026/10/03 08:47:48.231, 7, 115942
2026/10/03 08:47:49.232, 0, 16190
2026/10/03 08:47:49.232, 1, 16334
2026/10/03 08:47:49.232, 2, 16414
2026/10/03 08:47:49.232, 3, 16528
2026/10/03 08:47:49.232, 4, 115942
2026/10/03 08:47:49.232, 5, 115942
2026/10/03 08:47:49.232, 6, 115942
2026/10/03 08:47:49.232, 7, 115942
2026/10/03 08:47:50.232, 0, 16190
2026/10/03 08:47:50.232, 1, 16334
2026/10/03 08:47:50.232, 2, 16414
2026/10/03 08:47:50.232, 3, 16528
2026/10/03 08:47:50.232, 4, 115942
2026/10/03 08:47:50.232, 5, 115942
2026/10/03 08:47:50.232, 6, 115942
2026/10/03 08:47:50.232, 7, 115942
2026/10/03 08:47:51.232, 0, 16190
2026/10/03 08:47:51.232, 1, 16334
2026/10/03 08:47:51.233, 2, 16414
2026/10/03 08:47:51.233, 3, 16528
2026/10/03 08:47:51.233, 4, 115942
2026/10/03 08:47:51.233, 5, 115942
2026/10/03 08:47:51.233, 6, 115942
2026/10/03 08:47:51.233, 7, 115942
2026/10/03 08:47:52.233, 0, 16190
2026/10/03 08:47:52.233, 1, 16334
2026/10/03 08:47:52.234, 2, 16414
2026/10/03 08:47:52.235, 3, 16528
2026/10/03 08:47:52.235, 4, 115942
2026/10/03 08:47:52.235, 5, 115942
2026/10/03 08:47:52.237, 6, 115942
2026/10/03 08:47:52.237, 7, 115942
2026/10/03 08:47:53.239, 0, 16190
2026/10/03 08:47:53.239, 1, 16334
2026/10/03 08:47:53.239, 2, 16414
2026/10/03 08:47:53.239, 3, 16528
2026/10/03 08:47:53.239, 4, 115942
2026/10/03 08:47:53.239, 5, 115942
2026/10/03 08:47:53.239, 6, 115942
2026/10/03 08:47:53.239, 7, 115942
2026/10/03 08:47:54.239, 0, 16190
2026/10/03 08:47:54.240, 1, 16334
2026/10/03 08:47:54.240, 2, 16414
2026/10/03 08:47:54.241, 3, 16528
2026/10/03 08:47:54.241, 4, 115942
2026/10/03 08:47:54.241, 5, 115942
2026/10/03 08:47:54.241, 6, 115942
2026/10/03 08:47:54.241, 7, 115942
2026/10/03 08:47:55.241, 0, 16190
2026/10/03 08:47:55.241, 1, 16334
2026/10/03 08:47:55.241, 2, 16414
2026/10/03 08:47:55.241, 3, 16528
2026/10/03 08:47:55.241, 4, 115984
2026/10/03 08:47:55.241, 5, 115980
2026/10/03 08:47:55.241, 6, 115942
2026/10/03 08:47:55.241, 7, 115942
2026/10/03 08:47:56.241, 0, 16190
2026/10/03 08:47:56.241, 1, 16334
2026/10/03 08:47:56.241, 2, 16414
2026/10/03 08:47:56.241, 3, 16528
2026/10/03 08:47:56.241, 4, 116098
2026/10/03 08:47:56.241, 5, 115982
2026/10/03 08:47:56.242, 6, 116218
2026/10/03 08:47:56.242, 7, 116400
2026/10/03 08:47:57.242, 0, 16190
2026/10/03 08:47:57.242, 1, 16334
2026/10/03 08:47:57.242, 2, 16414
2026/10/03 08:47:57.242, 3, 16528
2026/10/03 08:47:57.242, 4, 116430
2026/10/03 08:47:57.242, 5, 116450
2026/10/03 08:47:57.242, 6, 116220
2026/10/03 08:47:57.242, 7, 116400
2026/10/03 08:47:58.242, 0, 16190
2026/10/03 08:47:58.242, 1, 16334
2026/10/03 08:47:58.242, 2, 16414
2026/10/03 08:47:58.242, 3, 16528
2026/10/03 08:47:58.242, 4, 116430
2026/10/03 08:47:58.242, 5, 116450
2026/10/03 08:47:58.242, 6, 116220
2026/10/03 08:47:58.242, 7, 116400
2026/10/03 08:47:59.242, 0, 16190
2026/10/03 08:47:59.242, 1, 16334
2026/10/03 08:47:59.242, 2, 16414
2026/10/03 08:47:59.242, 3, 16528
2026/10/03 08:47:59.242, 4, 116430
2026/10/03 08:47:59.242, 5, 116450
2026/10/03 08:47:59.242, 6, 116220
2026/10/03 08:47:59.242, 7, 116400
2026/10/03 08:48:00.243, 0, 16190
2026/10/03 08:48:00.243, 1, 16334
2026/10/03 08:48:00.243, 2, 16414
2026/10/03 08:48:00.243, 3, 16528
2026/10/03 08:48:00.243, 4, 116430
2026/10/03 08:48:00.243, 5, 116450
2026/10/03 08:48:00.243, 6, 116220
2026/10/03 08:48:00.243, 7, 116400
2026/10/03 08:48:01.243, 0, 16190
2026/10/03 08:48:01.243, 1, 16334
2026/10/03 08:48:01.243, 2, 16414
2026/10/03 08:48:01.243, 3, 16528
2026/10/03 08:48:01.243, 4, 116430
2026/10/03 08:48:01.243, 5, 116450
2026/10/03 08:48:01.243, 6, 116220
2026/10/03 08:48:01.243, 7, 116400
2026/10/03 08:48:02.243, 0, 16190
2026/10/03 08:48:02.245, 1, 16334
2026/10/03 08:48:02.246, 2, 16414
2026/10/03 08:48:02.247, 3, 16528
2026/10/03 08:48:02.249, 4, 116430
2026/10/03 08:48:02.251, 5, 116450
2026/10/03 08:48:02.253, 6, 116220
2026/10/03 08:48:02.256, 7, 116400
2026/10/03 08:48:03.257, 0, 16190
2026/10/03 08:48:03.257, 1, 16334
2026/10/03 08:48:03.257, 2, 16414
2026/10/03 08:48:03.257, 3, 16528
2026/10/03 08:48:03.257, 4, 116430
2026/10/03 08:48:03.257, 5, 116450
2026/10/03 08:48:03.257, 6, 116220
2026/10/03 08:48:03.257, 7, 116400
2026/10/03 08:48:04.257, 0, 16190
2026/10/03 08:48:04.257, 1, 16334
2026/10/03 08:48:04.258, 2, 16414
2026/10/03 08:48:04.258, 3, 16528
2026/10/03 08:48:04.258, 4, 116430
2026/10/03 08:48:04.258, 5, 116450
2026/10/03 08:48:04.258, 6, 116220
2026/10/03 08:48:04.258, 7, 116400
2026/10/03 08:48:05.258, 0, 16190
2026/10/03 08:48:05.258, 1, 16334
2026/10/03 08:48:05.258, 2, 16414
2026/10/03 08:48:05.258, 3, 16528
2026/10/03 08:48:05.258, 4, 116430
2026/10/03 08:48:05.258, 5, 116450
2026/10/03 08:48:05.258, 6, 116220
2026/10/03 08:48:05.258, 7, 116400
2026/10/03 08:48:06.258, 0, 16190
2026/10/03 08:48:06.258, 1, 16334
2026/10/03 08:48:06.258, 2, 16414
2026/10/03 08:48:06.258, 3, 16528
2026/10/03 08:48:06.258, 4, 116430
2026/10/03 08:48:06.258, 5, 116450
2026/10/03 08:48:06.258, 6, 116220
2026/10/03 08:48:06.258, 7, 116400
2026/10/03 08:48:07.258, 0, 16198
2026/10/03 08:48:07.258, 1, 16342
2026/10/03 08:48:07.258, 2, 16422
2026/10/03 08:48:07.259, 3, 16536
2026/10/03 08:48:07.259, 4, 116430
2026/10/03 08:48:07.259, 5, 116450
2026/10/03 08:48:07.259, 6, 116220
2026/10/03 08:48:07.260, 7, 116400
2026/10/03 08:48:08.260, 0, 31980
2026/10/03 08:48:08.260, 1, 32116
2026/10/03 08:48:08.260, 2, 32188
2026/10/03 08:48:08.260, 3, 31966
2026/10/03 08:48:08.260, 4, 116430
2026/10/03 08:48:08.260, 5, 116450
2026/10/03 08:48:08.260, 6, 116220
2026/10/03 08:48:08.260, 7, 116400
2026/10/03 08:48:09.260, 0, 31984
2026/10/03 08:48:09.261, 1, 38052
2026/10/03 08:48:09.261, 2, 38116
2026/10/03 08:48:09.261, 3, 31970
2026/10/03 08:48:09.261, 4, 116430
2026/10/03 08:48:09.261, 5, 116450
2026/10/03 08:48:09.261, 6, 116220
2026/10/03 08:48:09.261, 7, 116400
2026/10/03 08:48:10.261, 0, 31986
2026/10/03 08:48:10.261, 1, 43988
2026/10/03 08:48:10.262, 2, 44052
2026/10/03 08:48:10.262, 3, 31974
2026/10/03 08:48:10.262, 4, 116430
2026/10/03 08:48:10.262, 5, 116450
2026/10/03 08:48:10.262, 6, 116220
2026/10/03 08:48:10.262, 7, 116400
2026/10/03 08:48:11.262, 0, 32502
2026/10/03 08:48:11.262, 1, 44506
2026/10/03 08:48:11.262, 2, 44570
2026/10/03 08:48:11.262, 3, 32488
2026/10/03 08:48:11.262, 4, 116430
2026/10/03 08:48:11.262, 5, 116450
2026/10/03 08:48:11.262, 6, 116220
2026/10/03 08:48:11.262, 7, 116400
2026/10/03 08:48:12.262, 0, 32514
2026/10/03 08:48:12.262, 1, 44518
2026/10/03 08:48:12.262, 2, 44582
2026/10/03 08:48:12.262, 3, 32500
2026/10/03 08:48:12.262, 4, 116430
2026/10/03 08:48:12.262, 5, 116450
2026/10/03 08:48:12.262, 6, 116220
2026/10/03 08:48:12.262, 7, 116400
2026/10/03 08:48:13.262, 0, 67342
2026/10/03 08:48:13.262, 1, 67466
2026/10/03 08:48:13.262, 2, 67452
2026/10/03 08:48:13.262, 3, 66902
2026/10/03 08:48:13.262, 4, 116430
2026/10/03 08:48:13.262, 5, 116450
2026/10/03 08:48:13.262, 6, 116220
2026/10/03 08:48:13.262, 7, 116400
2026/10/03 08:48:14.263, 0, 67356
2026/10/03 08:48:14.263, 1, 67478
2026/10/03 08:48:14.263, 2, 67466
2026/10/03 08:48:14.263, 3, 66916
2026/10/03 08:48:14.263, 4, 116430
2026/10/03 08:48:14.263, 5, 116450
2026/10/03 08:48:14.263, 6, 116220
2026/10/03 08:48:14.263, 7, 116400
2026/10/03 08:48:15.263, 0, 67356
2026/10/03 08:48:15.263, 1, 67478
2026/10/03 08:48:15.263, 2, 67466
2026/10/03 08:48:15.263, 3, 66916
2026/10/03 08:48:15.263, 4, 116430
2026/10/03 08:48:15.263, 5, 116450
2026/10/03 08:48:15.263, 6, 116220
2026/10/03 08:48:15.263, 7, 116400
2026/10/03 08:48:16.263, 0, 67356
2026/10/03 08:48:16.263, 1, 67510
2026/10/03 08:48:16.263, 2, 67466
2026/10/03 08:48:16.263, 3, 66920
2026/10/03 08:48:16.263, 4, 116430
2026/10/03 08:48:16.263, 5, 116450
2026/10/03 08:48:16.263, 6, 116220
2026/10/03 08:48:16.263, 7, 116400
2026/10/03 08:48:17.263, 0, 67392
2026/10/03 08:48:17.266, 1, 67510
2026/10/03 08:48:17.270, 2, 67492
2026/10/03 08:48:17.270, 3, 66920
2026/10/03 08:48:17.274, 4, 116430
2026/10/03 08:48:17.349, 5, 116450
2026/10/03 08:48:17.351, 6, 116220
2026/10/03 08:48:17.354, 7, 116400
2026/10/03 08:48:18.356, 0, 67392
2026/10/03 08:48:18.360, 1, 67510
2026/10/03 08:48:18.362, 2, 67492
2026/10/03 08:48:18.366, 3, 66932
2026/10/03 08:48:18.369, 4, 116430
2026/10/03 08:48:18.373, 5, 116450
2026/10/03 08:48:18.376, 6, 116220
2026/10/03 08:48:18.381, 7, 116400
2026/10/03 08:48:19.386, 0, 67392
2026/10/03 08:48:19.386, 1, 67512
2026/10/03 08:48:19.386, 2, 67504
2026/10/03 08:48:19.386, 3, 66932
2026/10/03 08:48:19.386, 4, 116430
2026/10/03 08:48:19.386, 5, 116450
2026/10/03 08:48:19.390, 6, 116220
2026/10/03 08:48:19.390, 7, 116400
2026/10/03 08:48:20.390, 0, 67396
2026/10/03 08:48:20.390, 1, 67512
2026/10/03 08:48:20.390, 2, 67504
2026/10/03 08:48:20.390, 3, 66954
2026/10/03 08:48:20.390, 4, 116430
2026/10/03 08:48:20.390, 5, 116450
2026/10/03 08:48:20.390, 6, 116220
2026/10/03 08:48:20.390, 7, 116400
2026/10/03 08:48:21.390, 0, 67396
2026/10/03 08:48:21.390, 1, 67516
2026/10/03 08:48:21.390, 2, 67506
2026/10/03 08:48:21.390, 3, 66956
2026/10/03 08:48:21.390, 4, 116430
2026/10/03 08:48:21.390, 5, 116450
2026/10/03 08:48:21.390, 6, 116220
2026/10/03 08:48:21.390, 7, 116400
2026/10/03 08:48:22.390, 0, 60498
2026/10/03 08:48:22.390, 1, 21366
2026/10/03 08:48:22.390, 2, 21352
2026/10/03 08:48:22.391, 3, 20680
2026/10/03 08:48:22.391, 4, 116430
2026/10/03 08:48:22.391, 5, 116450
2026/10/03 08:48:22.391, 6, 116220
2026/10/03 08:48:22.391, 7, 116400
2026/10/03 08:48:23.391, 0, 21990
2026/10/03 08:48:23.391, 1, 22200
2026/10/03 08:48:23.391, 2, 22186
2026/10/03 08:48:23.391, 3, 21274
2026/10/03 08:48:23.391, 4, 116430
2026/10/03 08:48:23.391, 5, 116450
2026/10/03 08:48:23.391, 6, 116220
2026/10/03 08:48:23.391, 7, 116400
2026/10/03 08:48:24.391, 0, 22502
2026/10/03 08:48:24.392, 1, 22712
2026/10/03 08:48:24.393, 2, 22698
2026/10/03 08:48:24.394, 3, 21786
2026/10/03 08:48:24.394, 4, 116976
2026/10/03 08:48:24.394, 5, 116996
2026/10/03 08:48:24.395, 6, 116766
2026/10/03 08:48:24.395, 7, 116946
2026/10/03 08:48:25.395, 0, 23288
2026/10/03 08:48:25.395, 1, 22712
2026/10/03 08:48:25.395, 2, 22698
2026/10/03 08:48:25.395, 3, 21786
2026/10/03 08:48:25.395, 4, 117000
2026/10/03 08:48:25.395, 5, 117000
2026/10/03 08:48:25.395, 6, 117000
2026/10/03 08:48:25.395, 7, 116760
2026/10/03 08:48:26.395, 0, 23288
2026/10/03 08:48:26.395, 1, 22712
2026/10/03 08:48:26.395, 2, 22698
2026/10/03 08:48:26.395, 3, 21786
2026/10/03 08:48:26.395, 4, 117000
2026/10/03 08:48:26.395, 5, 117000
2026/10/03 08:48:26.395, 6, 117000
2026/10/03 08:48:26.395, 7, 117834
2026/10/03 08:48:27.395, 0, 23288
2026/10/03 08:48:27.395, 1, 22712
2026/10/03 08:48:27.395, 2, 22698
2026/10/03 08:48:27.395, 3, 21786
2026/10/03 08:48:27.395, 4, 117000
2026/10/03 08:48:27.395, 5, 117000
2026/10/03 08:48:27.395, 6, 117000
2026/10/03 08:48:27.395, 7, 116760
2026/10/03 08:48:28.395, 0, 23288
2026/10/03 08:48:28.395, 1, 22712
2026/10/03 08:48:28.395, 2, 22698
2026/10/03 08:48:28.395, 3, 21786
2026/10/03 08:48:28.395, 4, 117000
2026/10/03 08:48:28.395, 5, 117000
2026/10/03 08:48:28.395, 6, 117000
2026/10/03 08:48:28.395, 7, 116760
2026/10/03 08:48:29.396, 0, 23288
2026/10/03 08:48:29.396, 1, 22712
2026/10/03 08:48:29.396, 2, 22698
2026/10/03 08:48:29.396, 3, 21786
2026/10/03 08:48:29.396, 4, 117000
2026/10/03 08:48:29.396, 5, 117000
2026/10/03 08:48:29.396, 6, 117000
2026/10/03 08:48:29.396, 7, 116760
2026/10/03 08:48:30.396, 0, 23908
2026/10/03 08:48:30.396, 1, 22712
2026/10/03 08:48:30.401, 2, 22698
2026/10/03 08:48:30.406, 3, 21786
2026/10/03 08:48:30.408, 4, 117019
2026/10/03 08:48:30.416, 5, 117019
2026/10/03 08:48:30.417, 6, 117019
2026/10/03 08:48:30.419, 7, 116779
2026/10/03 08:48:31.419, 0, 23908
2026/10/03 08:48:31.419, 1, 22712
2026/10/03 08:48:31.419, 2, 22698
2026/10/03 08:48:31.419, 3, 21786
2026/10/03 08:48:31.419, 4, 117949
2026/10/03 08:48:31.419, 5, 117891
2026/10/03 08:48:31.419, 6, 117843
2026/10/03 08:48:31.419, 7, 117717
2026/10/03 08:48:32.419, 0, 23908
2026/10/03 08:48:32.419, 1, 22712
2026/10/03 08:48:32.419, 2, 22698
2026/10/03 08:48:32.419, 3, 21786
2026/10/03 08:48:32.419, 4, 118147
2026/10/03 08:48:32.419, 5, 117923
2026/10/03 08:48:32.419, 6, 118029
2026/10/03 08:48:32.419, 7, 117749
2026/10/03 08:48:33.419, 0, 23908
2026/10/03 08:48:33.420, 1, 22712
2026/10/03 08:48:33.420, 2, 22698
2026/10/03 08:48:33.420, 3, 27722
2026/10/03 08:48:33.420, 4, 118147
2026/10/03 08:48:33.420, 5, 117923
2026/10/03 08:48:33.420, 6, 118029
2026/10/03 08:48:33.420, 7, 117749
2026/10/03 08:48:34.420, 0, 35778
2026/10/03 08:48:34.420, 1, 40518
2026/10/03 08:48:34.420, 2, 46436
2026/10/03 08:48:34.420, 3, 39592
2026/10/03 08:48:34.420, 4, 118147
2026/10/03 08:48:34.420, 5, 117923
2026/10/03 08:48:34.420, 6, 118029
2026/10/03 08:48:34.420, 7, 117749
2026/10/03 08:48:35.420, 0, 35778
2026/10/03 08:48:35.420, 1, 40518
2026/10/03 08:48:35.420, 2, 46436
2026/10/03 08:48:35.420, 3, 39592
2026/10/03 08:48:35.420, 4, 118147
2026/10/03 08:48:35.420, 5, 117923
2026/10/03 08:48:35.420, 6, 118029
2026/10/03 08:48:35.420, 7, 117749
2026/10/03 08:48:36.421, 0, 35778
2026/10/03 08:48:36.421, 1, 40518
2026/10/03 08:48:36.421, 2, 46436
2026/10/03 08:48:36.421, 3, 39592
2026/10/03 08:48:36.421, 4, 118147
2026/10/03 08:48:36.421, 5, 117923
2026/10/03 08:48:36.421, 6, 118029
2026/10/03 08:48:36.421, 7, 117749
2026/10/03 08:48:37.421, 0, 71706
2026/10/03 08:48:37.421, 1, 70532
2026/10/03 08:48:37.421, 2, 70510
2026/10/03 08:48:37.421, 3, 69462
2026/10/03 08:48:37.421, 4, 118147
2026/10/03 08:48:37.421, 5, 117923
2026/10/03 08:48:37.421, 6, 118029
2026/10/03 08:48:37.421, 7, 117749
2026/10/03 08:48:38.421, 0, 71706
2026/10/03 08:48:38.421, 1, 70540
2026/10/03 08:48:38.421, 2, 70514
2026/10/03 08:48:38.421, 3, 69462
2026/10/03 08:48:38.421, 4, 118147
2026/10/03 08:48:38.421, 5, 117923
2026/10/03 08:48:38.421, 6, 118029
2026/10/03 08:48:38.422, 7, 117749
2026/10/03 08:48:39.422, 0, 71710
2026/10/03 08:48:39.422, 1, 70540
2026/10/03 08:48:39.422, 2, 70522
2026/10/03 08:48:39.423, 3, 69470
2026/10/03 08:48:39.423, 4, 118147
2026/10/03 08:48:39.423, 5, 117923
2026/10/03 08:48:39.423, 6, 118029
2026/10/03 08:48:39.423, 7, 117749
2026/10/03 08:48:40.423, 0, 71736
2026/10/03 08:48:40.423, 1, 70540
2026/10/03 08:48:40.423, 2, 70542
2026/10/03 08:48:40.423, 3, 69494
2026/10/03 08:48:40.423, 4, 118147
2026/10/03 08:48:40.423, 5, 117923
2026/10/03 08:48:40.423, 6, 118029
2026/10/03 08:48:40.424, 7, 117749
2026/10/03 08:48:41.424, 0, 71736
2026/10/03 08:48:41.436, 1, 70546
2026/10/03 08:48:41.436, 2, 70546
2026/10/03 08:48:41.437, 3, 69494
2026/10/03 08:48:41.437, 4, 118147
2026/10/03 08:48:41.437, 5, 117923
2026/10/03 08:48:41.437, 6, 118029
2026/10/03 08:48:41.437, 7, 117749
2026/10/03 08:48:42.437, 0, 71746
2026/10/03 08:48:42.438, 1, 70546
2026/10/03 08:48:42.440, 2, 70546
2026/10/03 08:48:42.440, 3, 69494
2026/10/03 08:48:42.440, 4, 118147
2026/10/03 08:48:42.440, 5, 117923
2026/10/03 08:48:42.440, 6, 118029
2026/10/03 08:48:42.440, 7, 117749
2026/10/03 08:48:43.440, 0, 71748
2026/10/03 08:48:43.440, 1, 70546
2026/10/03 08:48:43.440, 2, 70546
2026/10/03 08:48:43.440, 3, 69502
2026/10/03 08:48:43.440, 4, 118147
2026/10/03 08:48:43.440, 5, 117923
2026/10/03 08:48:43.440, 6, 118029
2026/10/03 08:48:43.440, 7, 117749
2026/10/03 08:48:44.440, 0, 71748
2026/10/03 08:48:44.440, 1, 70552
2026/10/03 08:48:44.440, 2, 70554
2026/10/03 08:48:44.440, 3, 69502
2026/10/03 08:48:44.440, 4, 118147
2026/10/03 08:48:44.440, 5, 117923
2026/10/03 08:48:44.440, 6, 118029
2026/10/03 08:48:44.440, 7, 117749
2026/10/03 08:48:45.440, 0, 71748
2026/10/03 08:48:45.440, 1, 70552
2026/10/03 08:48:45.441, 2, 70554
2026/10/03 08:48:45.441, 3, 69502
2026/10/03 08:48:45.441, 4, 118147
2026/10/03 08:48:45.441, 5, 117923
2026/10/03 08:48:45.441, 6, 118029
2026/10/03 08:48:45.441, 7, 117749
2026/10/03 08:48:46.441, 0, 71748
2026/10/03 08:48:46.441, 1, 70552
2026/10/03 08:48:46.441, 2, 70554
2026/10/03 08:48:46.441, 3, 69502
2026/10/03 08:48:46.441, 4, 119149
2026/10/03 08:48:46.441, 5, 117923
2026/10/03 08:48:46.441, 6, 119031
2026/10/03 08:48:46.441, 7, 118751
2026/10/03 08:48:47.483, 0, 71748
2026/10/03 08:48:47.489, 1, 70552
2026/10/03 08:48:47.553, 2, 70554
2026/10/03 08:48:47.560, 3, 69502
2026/10/03 08:48:47.567, 4, 117749
2026/10/03 08:48:47.573, 5, 117671
2026/10/03 08:48:47.581, 6, 117721
2026/10/03 08:48:47.587, 7, 117535
2026/10/03 08:48:48.594, 0, 71748
2026/10/03 08:48:48.594, 1, 70552
2026/10/03 08:48:48.594, 2, 70554
2026/10/03 08:48:48.594, 3, 69502
2026/10/03 08:48:48.594, 4, 117617
2026/10/03 08:48:48.594, 5, 117615
2026/10/03 08:48:48.594, 6, 117617
2026/10/03 08:48:48.594, 7, 117375
2026/10/03 08:48:49.594, 0, 71748
2026/10/03 08:48:49.594, 1, 70552
2026/10/03 08:48:49.594, 2, 70554
2026/10/03 08:48:49.594, 3, 69502
2026/10/03 08:48:49.594, 4, 117889
2026/10/03 08:48:49.594, 5, 117825
2026/10/03 08:48:49.594, 6, 117641
2026/10/03 08:48:49.594, 7, 117627
2026/10/03 08:48:50.594, 0, 71748
2026/10/03 08:48:50.594, 1, 70552
2026/10/03 08:48:50.594, 2, 70554
2026/10/03 08:48:50.594, 3, 69502
2026/10/03 08:48:50.594, 4, 117889
2026/10/03 08:48:50.594, 5, 117825
2026/10/03 08:48:50.594, 6, 117641
2026/10/03 08:48:50.594, 7, 117659
2026/10/03 08:48:51.595, 0, 71748
2026/10/03 08:48:51.595, 1, 70552
2026/10/03 08:48:51.595, 2, 70554
2026/10/03 08:48:51.595, 3, 69502
2026/10/03 08:48:51.595, 4, 117889
2026/10/03 08:48:51.595, 5, 117825
2026/10/03 08:48:51.595, 6, 117673
2026/10/03 08:48:51.595, 7, 117659
2026/10/03 08:48:52.595, 0, 71748
2026/10/03 08:48:52.595, 1, 70552
2026/10/03 08:48:52.595, 2, 70554
2026/10/03 08:48:52.595, 3, 69502
2026/10/03 08:48:52.595, 4, 117889
2026/10/03 08:48:52.595, 5, 117825
2026/10/03 08:48:52.595, 6, 117673
2026/10/03 08:48:52.595, 7, 117659
2026/10/03 08:48:53.595, 0, 71748
2026/10/03 08:48:53.595, 1, 70552
2026/10/03 08:48:53.595, 2, 70554
2026/10/03 08:48:53.595, 3, 69502
2026/10/03 08:48:53.595, 4, 117889
2026/10/03 08:48:53.595, 5, 117825
2026/10/03 08:48:53.595, 6, 117673
2026/10/03 08:48:53.595, 7, 117659
2026/10/03 08:48:54.595, 0, 71748
2026/10/03 08:48:54.595, 1, 70552
2026/10/03 08:48:54.595, 2, 70554
2026/10/03 08:48:54.595, 3, 69502
2026/10/03 08:48:54.595, 4, 117889
2026/10/03 08:48:54.595, 5, 117825
2026/10/03 08:48:54.595, 6, 117673
2026/10/03 08:48:54.595, 7, 117659
2026/10/03 08:48:55.596, 0, 71748
2026/10/03 08:48:55.596, 1, 70552
2026/10/03 08:48:55.596, 2, 70554
2026/10/03 08:48:55.596, 3, 69502
2026/10/03 08:48:55.596, 4, 117889
2026/10/03 08:48:55.596, 5, 117825
2026/10/03 08:48:55.596, 6, 117673
2026/10/03 08:48:55.596, 7, 117659
2026/10/03 08:48:56.596, 0, 71750
2026/10/03 08:48:56.596, 1, 70552
2026/10/03 08:48:56.596, 2, 70554
2026/10/03 08:48:56.596, 3, 69502
2026/10/03 08:48:56.596, 4, 117889
2026/10/03 08:48:56.596, 5, 117825
2026/10/03 08:48:56.596, 6, 117673
2026/10/03 08:48:56.596, 7, 117659
2026/10/03 08:48:57.596, 0, 77686
2026/10/03 08:48:57.596, 1, 70552
2026/10/03 08:48:57.596, 2, 70554
2026/10/03 08:48:57.596, 3, 69502
2026/10/03 08:48:57.596, 4, 117889
2026/10/03 08:48:57.596, 5, 117825
2026/10/03 08:48:57.596, 6, 117673
2026/10/03 08:48:57.596, 7, 117659
2026/10/03 08:48:58.596, 0, 77686
2026/10/03 08:48:58.596, 1, 70554
2026/10/03 08:48:58.596, 2, 70554
2026/10/03 08:48:58.596, 3, 69502
2026/10/03 08:48:58.596, 4, 117889
2026/10/03 08:48:58.596, 5, 117825
2026/10/03 08:48:58.596, 6, 117673
2026/10/03 08:48:58.596, 7, 117659
2026/10/03 08:48:59.597, 0, 77686
2026/10/03 08:48:59.597, 1, 70554
2026/10/03 08:48:59.597, 2, 70554
2026/10/03 08:48:59.597, 3, 69502
2026/10/03 08:48:59.597, 4, 117889
2026/10/03 08:48:59.597, 5, 117825
2026/10/03 08:48:59.597, 6, 117673
2026/10/03 08:48:59.597, 7, 117659
2026/10/03 08:49:00.597, 0, 77686
2026/10/03 08:49:00.597, 1, 70554
2026/10/03 08:49:00.597, 2, 70554
2026/10/03 08:49:00.597, 3, 69502
2026/10/03 08:49:00.597, 4, 117889
2026/10/03 08:49:00.597, 5, 117825
2026/10/03 08:49:00.597, 6, 117673
2026/10/03 08:49:00.597, 7, 117659
2026/10/03 08:49:01.597, 0, 77686
2026/10/03 08:49:01.597, 1, 70554
2026/10/03 08:49:01.597, 2, 70554
2026/10/03 08:49:01.597, 3, 69502
2026/10/03 08:49:01.597, 4, 117889
2026/10/03 08:49:01.597, 5, 117825
2026/10/03 08:49:01.597, 6, 117695
2026/10/03 08:49:01.597, 7, 117659
2026/10/03 08:49:02.597, 0, 77686
2026/10/03 08:49:02.597, 1, 70554
2026/10/03 08:49:02.597, 2, 70554
2026/10/03 08:49:02.597, 3, 69502
2026/10/03 08:49:02.597, 4, 117889
2026/10/03 08:49:02.597, 5, 117825
2026/10/03 08:49:02.597, 6, 117695
2026/10/03 08:49:02.597, 7, 117659
2026/10/03 08:49:03.598, 0, 77686
2026/10/03 08:49:03.598, 1, 70554
2026/10/03 08:49:03.598, 2, 70554
2026/10/03 08:49:03.598, 3, 69502
2026/10/03 08:49:03.598, 4, 117947
2026/10/03 08:49:03.598, 5, 117641
2026/10/03 08:49:03.598, 6, 117683
2026/10/03 08:49:03.598, 7, 117447
2026/10/03 08:49:04.598, 0, 77686
2026/10/03 08:49:04.598, 1, 70554
2026/10/03 08:49:04.598, 2, 70554
2026/10/03 08:49:04.598, 3, 69502
2026/10/03 08:49:04.598, 4, 117947
2026/10/03 08:49:04.598, 5, 117641
2026/10/03 08:49:04.598, 6, 117685
2026/10/03 08:49:04.598, 7, 117451
2026/10/03 08:49:05.598, 0, 77686
2026/10/03 08:49:05.598, 1, 70554
2026/10/03 08:49:05.598, 2, 70554
2026/10/03 08:49:05.598, 3, 69502
2026/10/03 08:49:05.598, 4, 118099
2026/10/03 08:49:05.598, 5, 117641
2026/10/03 08:49:05.598, 6, 118155
2026/10/03 08:49:05.598, 7, 118197
2026/10/03 08:49:06.598, 0, 77686
2026/10/03 08:49:06.598, 1, 70554
2026/10/03 08:49:06.598, 2, 70554
2026/10/03 08:49:06.598, 3, 69502
2026/10/03 08:49:06.598, 4, 118131
2026/10/03 08:49:06.598, 5, 117673
2026/10/03 08:49:06.598, 6, 118187
2026/10/03 08:49:06.598, 7, 118197
2026/10/03 08:49:07.599, 0, 77686
2026/10/03 08:49:07.599, 1, 70554
2026/10/03 08:49:07.599, 2, 70554
2026/10/03 08:49:07.599, 3, 69502
2026/10/03 08:49:07.599, 4, 118131
2026/10/03 08:49:07.599, 5, 117673
2026/10/03 08:49:07.599, 6, 118187
2026/10/03 08:49:07.599, 7, 118197
2026/10/03 08:49:08.599, 0, 77686
2026/10/03 08:49:08.599, 1, 70554
2026/10/03 08:49:08.599, 2, 70554
2026/10/03 08:49:08.599, 3, 69502
2026/10/03 08:49:08.599, 4, 118131
2026/10/03 08:49:08.600, 5, 117673
2026/10/03 08:49:08.600, 6, 118187
2026/10/03 08:49:08.600, 7, 118197
2026/10/03 08:49:09.600, 0, 77686
2026/10/03 08:49:09.600, 1, 70558
2026/10/03 08:49:09.600, 2, 70554
2026/10/03 08:49:09.600, 3, 69502
2026/10/03 08:49:09.600, 4, 118131
2026/10/03 08:49:09.600, 5, 117673
2026/10/03 08:49:09.600, 6, 118187
2026/10/03 08:49:09.600, 7, 118197
2026/10/03 08:49:10.601, 0, 77686
2026/10/03 08:49:10.601, 1, 70558
2026/10/03 08:49:10.601, 2, 70554
2026/10/03 08:49:10.601, 3, 69502
2026/10/03 08:49:10.601, 4, 118131
2026/10/03 08:49:10.601, 5, 117673
2026/10/03 08:49:10.601, 6, 118187
2026/10/03 08:49:10.601, 7, 118197
2026/10/03 08:49:11.601, 0, 77686
2026/10/03 08:49:11.601, 1, 70558
2026/10/03 08:49:11.601, 2, 70554
2026/10/03 08:49:11.601, 3, 69504
2026/10/03 08:49:11.601, 4, 118131
2026/10/03 08:49:11.601, 5, 117795
2026/10/03 08:49:11.601, 6, 118187
2026/10/03 08:49:11.601, 7, 118197
2026/10/03 08:49:12.601, 0, 77686
2026/10/03 08:49:12.601, 1, 70558
2026/10/03 08:49:12.601, 2, 70554
2026/10/03 08:49:12.601, 3, 69504
2026/10/03 08:49:12.601, 4, 118131
2026/10/03 08:49:12.601, 5, 117795
2026/10/03 08:49:12.601, 6, 118187
2026/10/03 08:49:12.601, 7, 118197
2026/10/03 08:49:13.601, 0, 77686
2026/10/03 08:49:13.601, 1, 70558
2026/10/03 08:49:13.601, 2, 70554
2026/10/03 08:49:13.601, 3, 69504
2026/10/03 08:49:13.601, 4, 118131
2026/10/03 08:49:13.601, 5, 117795
2026/10/03 08:49:13.601, 6, 118187
2026/10/03 08:49:13.601, 7, 118197
2026/10/03 08:49:14.602, 0, 77688
2026/10/03 08:49:14.602, 1, 70558
2026/10/03 08:49:14.602, 2, 70554
2026/10/03 08:49:14.602, 3, 69504
2026/10/03 08:49:14.602, 4, 118131
2026/10/03 08:49:14.602, 5, 117795
2026/10/03 08:49:14.602, 6, 118187
2026/10/03 08:49:14.602, 7, 118197
2026/10/03 08:49:15.602, 0, 77688
2026/10/03 08:49:15.602, 1, 70558
2026/10/03 08:49:15.602, 2, 70554
2026/10/03 08:49:15.602, 3, 69504
2026/10/03 08:49:15.602, 4, 117617
2026/10/03 08:49:15.602, 5, 117617
2026/10/03 08:49:15.602, 6, 117617
2026/10/03 08:49:15.602, 7, 117377
2026/10/03 08:49:16.602, 0, 77688
2026/10/03 08:49:16.602, 1, 70558
2026/10/03 08:49:16.602, 2, 70554
2026/10/03 08:49:16.602, 3, 69504
2026/10/03 08:49:16.602, 4, 117639
2026/10/03 08:49:16.602, 5, 117643
2026/10/03 08:49:16.602, 6, 117639
2026/10/03 08:49:16.602, 7, 117399
2026/10/03 08:49:17.602, 0, 77688
2026/10/03 08:49:17.653, 1, 70558
2026/10/03 08:49:17.663, 2, 70554
2026/10/03 08:49:17.671, 3, 69504
2026/10/03 08:49:17.684, 4, 117639
2026/10/03 08:49:17.692, 5, 117643
2026/10/03 08:49:17.704, 6, 117639
2026/10/03 08:49:17.713, 7, 117399
2026/10/03 08:49:18.753, 0, 77688
2026/10/03 08:49:18.754, 1, 70558
2026/10/03 08:49:18.754, 2, 70554
2026/10/03 08:49:18.754, 3, 69504
2026/10/03 08:49:18.755, 4, 117639
2026/10/03 08:49:18.755, 5, 117675
2026/10/03 08:49:18.756, 6, 117639
2026/10/03 08:49:18.756, 7, 117399
2026/10/03 08:49:19.756, 0, 77688
2026/10/03 08:49:19.756, 1, 70558
2026/10/03 08:49:19.756, 2, 70554
2026/10/03 08:49:19.757, 3, 69504
2026/10/03 08:49:19.757, 4, 117671
2026/10/03 08:49:19.757, 5, 117675
2026/10/03 08:49:19.757, 6, 117639
2026/10/03 08:49:19.757, 7, 117399
2026/10/03 08:49:20.757, 0, 77688
2026/10/03 08:49:20.757, 1, 70558
2026/10/03 08:49:20.757, 2, 70554
2026/10/03 08:49:20.757, 3, 69504
2026/10/03 08:49:20.757, 4, 117673
2026/10/03 08:49:20.757, 5, 117675
2026/10/03 08:49:20.757, 6, 117639
2026/10/03 08:49:20.757, 7, 117399
2026/10/03 08:49:21.757, 0, 77688
2026/10/03 08:49:21.757, 1, 70558
2026/10/03 08:49:21.757, 2, 70554
2026/10/03 08:49:21.757, 3, 69504
2026/10/03 08:49:21.757, 4, 117673
2026/10/03 08:49:21.757, 5, 118085
2026/10/03 08:49:21.757, 6, 117639
2026/10/03 08:49:21.757, 7, 117401
2026/10/03 08:49:22.757, 0, 77688
2026/10/03 08:49:22.757, 1, 70558
2026/10/03 08:49:22.757, 2, 70554
2026/10/03 08:49:22.757, 3, 69504
2026/10/03 08:49:22.757, 4, 117673
2026/10/03 08:49:22.757, 5, 118085
2026/10/03 08:49:22.757, 6, 117639
2026/10/03 08:49:22.757, 7, 117433
2026/10/03 08:49:23.758, 0, 77688
2026/10/03 08:49:23.758, 1, 70558
2026/10/03 08:49:23.758, 2, 70554
2026/10/03 08:49:23.758, 3, 69504
2026/10/03 08:49:23.758, 4, 117673
2026/10/03 08:49:23.758, 5, 118085
2026/10/03 08:49:23.758, 6, 117641
2026/10/03 08:49:23.758, 7, 117433
2026/10/03 08:49:24.758, 0, 77688
2026/10/03 08:49:24.758, 1, 70558
2026/10/03 08:49:24.758, 2, 70554
2026/10/03 08:49:24.758, 3, 69504
2026/10/03 08:49:24.758, 4, 117673
2026/10/03 08:49:24.758, 5, 118085
2026/10/03 08:49:24.758, 6, 117641
2026/10/03 08:49:24.758, 7, 117433
2026/10/03 08:49:25.758, 0, 77688
2026/10/03 08:49:25.758, 1, 70558
2026/10/03 08:49:25.758, 2, 70554
2026/10/03 08:49:25.758, 3, 69504
2026/10/03 08:49:25.758, 4, 117673
2026/10/03 08:49:25.758, 5, 118085
2026/10/03 08:49:25.758, 6, 117673
2026/10/03 08:49:25.758, 7, 117433
2026/10/03 08:49:26.758, 0, 77688
2026/10/03 08:49:26.758, 1, 70558
2026/10/03 08:49:26.758, 2, 70554
2026/10/03 08:49:26.758, 3, 69504
2026/10/03 08:49:26.759, 4, 117673
2026/10/03 08:49:26.759, 5, 118085
2026/10/03 08:49:26.759, 6, 117673
2026/10/03 08:49:26.759, 7, 117433
2026/10/03 08:49:27.759, 0, 77688
2026/10/03 08:49:27.759, 1, 70558
2026/10/03 08:49:27.759, 2, 70554
2026/10/03 08:49:27.759, 3, 69504
2026/10/03 08:49:27.759, 4, 117673
2026/10/03 08:49:27.759, 5, 118085
2026/10/03 08:49:27.759, 6, 117673
2026/10/03 08:49:27.759, 7, 117433
2026/10/03 08:49:28.759, 0, 77688
2026/10/03 08:49:28.759, 1, 70558
2026/10/03 08:49:28.759, 2, 70554
2026/10/03 08:49:28.759, 3, 69504
2026/10/03 08:49:28.759, 4, 117673
2026/10/03 08:49:28.759, 5, 118085
2026/10/03 08:49:28.759, 6, 117673
2026/10/03 08:49:28.759, 7, 117433
2026/10/03 08:49:29.759, 0, 77688
2026/10/03 08:49:29.759, 1, 70558
2026/10/03 08:49:29.759, 2, 70554
2026/10/03 08:49:29.759, 3, 69504
2026/10/03 08:49:29.759, 4, 117673
2026/10/03 08:49:29.759, 5, 118085
2026/10/03 08:49:29.759, 6, 117673
2026/10/03 08:49:29.759, 7, 117433
2026/10/03 08:49:30.759, 0, 77688
2026/10/03 08:49:30.760, 1, 70558
2026/10/03 08:49:30.760, 2, 70554
2026/10/03 08:49:30.760, 3, 69504
2026/10/03 08:49:30.760, 4, 118713
2026/10/03 08:49:30.760, 5, 118713
2026/10/03 08:49:30.760, 6, 118713
2026/10/03 08:49:30.760, 7, 117377
2026/10/03 08:49:31.760, 0, 77688
2026/10/03 08:49:31.760, 1, 70558
2026/10/03 08:49:31.760, 2, 70554
2026/10/03 08:49:31.760, 3, 69504
2026/10/03 08:49:31.760, 4, 117617
2026/10/03 08:49:31.760, 5, 118691
2026/10/03 08:49:31.760, 6, 117617
2026/10/03 08:49:31.760, 7, 117377
2026/10/03 08:49:32.760, 0, 77688
2026/10/03 08:49:32.760, 1, 70558
2026/10/03 08:49:32.761, 2, 70554
2026/10/03 08:49:32.761, 3, 69504
2026/10/03 08:49:32.762, 4, 117617
2026/10/03 08:49:32.762, 5, 117617
2026/10/03 08:49:32.762, 6, 117617
2026/10/03 08:49:32.762, 7, 117377
2026/10/03 08:49:33.763, 0, 77688
2026/10/03 08:49:33.763, 1, 70558
2026/10/03 08:49:33.763, 2, 70554
2026/10/03 08:49:33.763, 3, 69504
2026/10/03 08:49:33.763, 4, 117617
2026/10/03 08:49:33.763, 5, 117617
2026/10/03 08:49:33.763, 6, 117617
2026/10/03 08:49:33.763, 7, 117377
2026/10/03 08:49:34.763, 0, 77688
2026/10/03 08:49:34.763, 1, 70558
2026/10/03 08:49:34.764, 2, 70554
2026/10/03 08:49:34.764, 3, 69504
2026/10/03 08:49:34.764, 4, 117617
2026/10/03 08:49:34.764, 5, 117617
2026/10/03 08:49:34.765, 6, 117617
2026/10/03 08:49:34.765, 7, 117377
2026/10/03 08:49:35.765, 0, 77688
2026/10/03 08:49:35.765, 1, 70558
2026/10/03 08:49:35.765, 2, 70554
2026/10/03 08:49:35.765, 3, 69504
2026/10/03 08:49:35.765, 4, 117617
2026/10/03 08:49:35.765, 5, 117617
2026/10/03 08:49:35.766, 6, 117617
2026/10/03 08:49:35.766, 7, 117377
2026/10/03 08:49:36.766, 0, 77688
2026/10/03 08:49:36.766, 1, 70558
2026/10/03 08:49:36.766, 2, 70554
2026/10/03 08:49:36.766, 3, 69504
2026/10/03 08:49:36.767, 4, 117617
2026/10/03 08:49:36.767, 5, 117617
2026/10/03 08:49:36.767, 6, 117617
2026/10/03 08:49:36.767, 7, 117377
2026/10/03 08:49:37.767, 0, 77688
2026/10/03 08:49:37.767, 1, 70558
2026/10/03 08:49:37.767, 2, 70554
2026/10/03 08:49:37.767, 3, 69504
2026/10/03 08:49:37.768, 4, 117821
2026/10/03 08:49:37.768, 5, 117641
2026/10/03 08:49:37.768, 6, 117833
2026/10/03 08:49:37.768, 7, 117755
2026/10/03 08:49:38.768, 0, 77688
2026/10/03 08:49:38.768, 1, 70558
2026/10/03 08:49:38.768, 2, 70554
2026/10/03 08:49:38.769, 3, 69504
2026/10/03 08:49:38.769, 4, 118053
2026/10/03 08:49:38.769, 5, 117641
2026/10/03 08:49:38.769, 6, 118411
2026/10/03 08:49:38.770, 7, 118265
2026/10/03 08:49:39.770, 0, 77688
2026/10/03 08:49:39.771, 1, 70558
2026/10/03 08:49:39.771, 2, 70554
2026/10/03 08:49:39.771, 3, 69504
2026/10/03 08:49:39.771, 4, 118053
2026/10/03 08:49:39.771, 5, 117641
2026/10/03 08:49:39.771, 6, 118411
2026/10/03 08:49:39.771, 7, 118265
2026/10/03 08:49:40.771, 0, 77688
2026/10/03 08:49:40.771, 1, 70558
2026/10/03 08:49:40.771, 2, 70554
2026/10/03 08:49:40.771, 3, 69504
2026/10/03 08:49:40.771, 4, 118053
2026/10/03 08:49:40.771, 5, 117673
2026/10/03 08:49:40.771, 6, 118411
2026/10/03 08:49:40.771, 7, 118265
2026/10/03 08:49:41.771, 0, 77688
2026/10/03 08:49:41.771, 1, 70558
2026/10/03 08:49:41.771, 2, 70554
2026/10/03 08:49:41.771, 3, 69504
2026/10/03 08:49:41.771, 4, 118053
2026/10/03 08:49:41.771, 5, 117673
2026/10/03 08:49:41.771, 6, 118411
2026/10/03 08:49:41.771, 7, 118265
2026/10/03 08:49:42.772, 0, 77688
2026/10/03 08:49:42.772, 1, 70558
2026/10/03 08:49:42.772, 2, 70554
2026/10/03 08:49:42.772, 3, 69504
2026/10/03 08:49:42.772, 4, 118053
2026/10/03 08:49:42.772, 5, 117673
2026/10/03 08:49:42.772, 6, 118411
2026/10/03 08:49:42.772, 7, 118265
2026/10/03 08:49:43.772, 0, 77688
2026/10/03 08:49:43.772, 1, 70558
2026/10/03 08:49:43.772, 2, 70554
2026/10/03 08:49:43.772, 3, 69504
2026/10/03 08:49:43.772, 4, 118053
2026/10/03 08:49:43.772, 5, 117673
2026/10/03 08:49:43.772, 6, 118411
2026/10/03 08:49:43.772, 7, 118265
2026/10/03 08:49:44.772, 0, 77688
2026/10/03 08:49:44.772, 1, 70558
2026/10/03 08:49:44.772, 2, 70554
2026/10/03 08:49:44.772, 3, 69504
2026/10/03 08:49:44.772, 4, 118053
2026/10/03 08:49:44.772, 5, 117673
2026/10/03 08:49:44.772, 6, 118411
2026/10/03 08:49:44.772, 7, 118265
2026/10/03 08:49:45.773, 0, 77688
2026/10/03 08:49:45.773, 1, 70558
2026/10/03 08:49:45.773, 2, 70554
2026/10/03 08:49:45.773, 3, 69504
2026/10/03 08:49:45.773, 4, 118053
2026/10/03 08:49:45.773, 5, 117673
2026/10/03 08:49:45.773, 6, 118411
2026/10/03 08:49:45.773, 7, 118265
2026/10/03 08:49:46.773, 0, 77688
2026/10/03 08:49:46.773, 1, 70558
2026/10/03 08:49:46.773, 2, 70554
2026/10/03 08:49:46.773, 3, 69504
2026/10/03 08:49:46.773, 4, 118053
2026/10/03 08:49:46.773, 5, 117673
2026/10/03 08:49:46.773, 6, 118411
2026/10/03 08:49:46.773, 7, 118265
2026/10/03 08:49:47.773, 0, 77688
2026/10/03 08:49:47.780, 1, 70558
2026/10/03 08:49:47.789, 2, 70554
2026/10/03 08:49:47.800, 3, 69504
2026/10/03 08:49:47.809, 4, 118053
2026/10/03 08:49:47.816, 5, 117673
2026/10/03 08:49:47.824, 6, 118411
2026/10/03 08:49:47.832, 7, 118265
2026/10/03 08:49:48.840, 0, 77688
2026/10/03 08:49:48.848, 1, 70558
2026/10/03 08:49:48.848, 2, 70554
2026/10/03 08:49:48.849, 3, 69504
2026/10/03 08:49:48.850, 4, 118053
2026/10/03 08:49:48.851, 5, 117673
2026/10/03 08:49:48.851, 6, 118411
2026/10/03 08:49:48.852, 7, 118265
2026/10/03 08:49:49.853, 0, 77688
2026/10/03 08:49:49.853, 1, 70558
2026/10/03 08:49:49.853, 2, 70560
2026/10/03 08:49:49.853, 3, 69504
2026/10/03 08:49:49.853, 4, 118053
2026/10/03 08:49:49.853, 5, 117807
2026/10/03 08:49:49.853, 6, 118411
2026/10/03 08:49:49.853, 7, 118265
2026/10/03 08:49:50.853, 0, 77688
2026/10/03 08:49:50.853, 1, 70558
2026/10/03 08:49:50.853, 2, 70560
2026/10/03 08:49:50.853, 3, 69504
2026/10/03 08:49:50.853, 4, 117617
2026/10/03 08:49:50.853, 5, 117617
2026/10/03 08:49:50.853, 6, 117617
2026/10/03 08:49:50.853, 7, 117377
2026/10/03 08:49:51.853, 0, 77688
2026/10/03 08:49:51.854, 1, 70558
2026/10/03 08:49:51.854, 2, 70560
2026/10/03 08:49:51.854, 3, 69504
2026/10/03 08:49:51.854, 4, 117617
2026/10/03 08:49:51.854, 5, 118023
2026/10/03 08:49:51.854, 6, 117617
2026/10/03 08:49:51.854, 7, 117377
2026/10/03 08:49:52.854, 0, 77688
2026/10/03 08:49:52.854, 1, 70558
2026/10/03 08:49:52.854, 2, 70560
2026/10/03 08:49:52.854, 3, 69504
2026/10/03 08:49:52.854, 4, 117687
2026/10/03 08:49:52.854, 5, 118023
2026/10/03 08:49:52.854, 6, 117641
2026/10/03 08:49:52.854, 7, 117399
2026/10/03 08:49:53.854, 0, 77688
2026/10/03 08:49:53.854, 1, 70558
2026/10/03 08:49:53.854, 2, 70560
2026/10/03 08:49:53.854, 3, 69504
2026/10/03 08:49:53.854, 4, 117719
2026/10/03 08:49:53.854, 5, 118023
2026/10/03 08:49:53.854, 6, 117689
2026/10/03 08:49:53.854, 7, 117417
2026/10/03 08:49:54.854, 0, 77688
2026/10/03 08:49:54.855, 1, 70558
2026/10/03 08:49:54.855, 2, 70560
2026/10/03 08:49:54.855, 3, 69504
2026/10/03 08:49:54.855, 4, 117719
2026/10/03 08:49:54.855, 5, 118023
2026/10/03 08:49:54.855, 6, 117689
2026/10/03 08:49:54.855, 7, 117449
2026/10/03 08:49:55.855, 0, 77688
2026/10/03 08:49:55.855, 1, 70558
2026/10/03 08:49:55.855, 2, 70560
2026/10/03 08:49:55.855, 3, 69504
2026/10/03 08:49:55.855, 4, 117719
2026/10/03 08:49:55.855, 5, 118023
2026/10/03 08:49:55.855, 6, 117689
2026/10/03 08:49:55.855, 7, 117449
2026/10/03 08:49:56.856, 0, 77688
2026/10/03 08:49:56.856, 1, 70558
2026/10/03 08:49:56.856, 2, 70560
2026/10/03 08:49:56.856, 3, 69504
2026/10/03 08:49:56.856, 4, 117721
2026/10/03 08:49:56.856, 5, 118023
2026/10/03 08:49:56.856, 6, 117689
2026/10/03 08:49:56.856, 7, 117449
2026/10/03 08:49:57.856, 0, 77688
2026/10/03 08:49:57.856, 1, 70558
2026/10/03 08:49:57.856, 2, 70560
2026/10/03 08:49:57.856, 3, 69504
2026/10/03 08:49:57.856, 4, 117721
2026/10/03 08:49:57.856, 5, 118023
2026/10/03 08:49:57.856, 6, 117689
2026/10/03 08:49:57.856, 7, 117449
2026/10/03 08:49:58.856, 0, 77688
2026/10/03 08:49:58.856, 1, 70558
2026/10/03 08:49:58.856, 2, 70560
2026/10/03 08:49:58.856, 3, 69504
2026/10/03 08:49:58.856, 4, 117721
2026/10/03 08:49:58.856, 5, 118023
2026/10/03 08:49:58.856, 6, 117689
2026/10/03 08:49:58.856, 7, 117449
2026/10/03 08:49:59.856, 0, 77688
2026/10/03 08:49:59.857, 1, 70558
2026/10/03 08:49:59.857, 2, 70560
2026/10/03 08:49:59.857, 3, 69504
2026/10/03 08:49:59.857, 4, 117721
2026/10/03 08:49:59.857, 5, 118023
2026/10/03 08:49:59.857, 6, 117689
2026/10/03 08:49:59.857, 7, 117449
2026/10/03 08:50:00.857, 0, 77688
2026/10/03 08:50:00.857, 1, 70558
2026/10/03 08:50:00.857, 2, 70560
2026/10/03 08:50:00.857, 3, 69504
2026/10/03 08:50:00.857, 4, 117721
2026/10/03 08:50:00.857, 5, 118023
2026/10/03 08:50:00.857, 6, 117689
2026/10/03 08:50:00.857, 7, 117449
2026/10/03 08:50:01.857, 0, 77688
2026/10/03 08:50:01.857, 1, 70558
2026/10/03 08:50:01.857, 2, 70560
2026/10/03 08:50:01.857, 3, 69504
2026/10/03 08:50:01.857, 4, 117721
2026/10/03 08:50:01.857, 5, 118023
2026/10/03 08:50:01.857, 6, 117689
2026/10/03 08:50:01.857, 7, 117449
2026/10/03 08:50:02.858, 0, 77688
2026/10/03 08:50:02.858, 1, 70558
2026/10/03 08:50:02.858, 2, 70560
2026/10/03 08:50:02.858, 3, 69504
2026/10/03 08:50:02.858, 4, 117721
2026/10/03 08:50:02.858, 5, 118023
2026/10/03 08:50:02.858, 6, 117689
2026/10/03 08:50:02.858, 7, 117449
2026/10/03 08:50:03.858, 0, 77690
2026/10/03 08:50:03.858, 1, 70562
2026/10/03 08:50:03.858, 2, 70560
2026/10/03 08:50:03.858, 3, 69504
2026/10/03 08:50:03.858, 4, 117721
2026/10/03 08:50:03.858, 5, 118023
2026/10/03 08:50:03.858, 6, 117689
2026/10/03 08:50:03.858, 7, 117449
2026/10/03 08:50:04.858, 0, 77690
2026/10/03 08:50:04.858, 1, 70562
2026/10/03 08:50:04.858, 2, 70560
2026/10/03 08:50:04.858, 3, 69504
2026/10/03 08:50:04.858, 4, 117721
2026/10/03 08:50:04.858, 5, 118023
2026/10/03 08:50:04.859, 6, 117689
2026/10/03 08:50:04.859, 7, 117449
2026/10/03 08:50:05.859, 0, 77690
2026/10/03 08:50:05.859, 1, 70562
2026/10/03 08:50:05.859, 2, 70560
2026/10/03 08:50:05.859, 3, 69504
2026/10/03 08:50:05.859, 4, 117617
2026/10/03 08:50:05.859, 5, 118713
2026/10/03 08:50:05.859, 6, 117617
2026/10/03 08:50:05.859, 7, 117377
2026/10/03 08:50:06.859, 0, 77690
2026/10/03 08:50:06.859, 1, 70562
2026/10/03 08:50:06.859, 2, 70560
2026/10/03 08:50:06.859, 3, 69504
2026/10/03 08:50:06.859, 4, 117617
2026/10/03 08:50:06.859, 5, 118691
2026/10/03 08:50:06.859, 6, 117617
2026/10/03 08:50:06.859, 7, 118007
2026/10/03 08:50:07.859, 0, 77690
2026/10/03 08:50:07.859, 1, 70562
2026/10/03 08:50:07.859, 2, 70560
2026/10/03 08:50:07.859, 3, 69504
2026/10/03 08:50:07.859, 4, 117617
2026/10/03 08:50:07.859, 5, 117617
2026/10/03 08:50:07.859, 6, 117617
2026/10/03 08:50:07.859, 7, 117377
2026/10/03 08:50:08.859, 0, 77690
2026/10/03 08:50:08.860, 1, 70562
2026/10/03 08:50:08.860, 2, 70560
2026/10/03 08:50:08.860, 3, 69504
2026/10/03 08:50:08.860, 4, 117817
2026/10/03 08:50:08.860, 5, 117617
2026/10/03 08:50:08.860, 6, 117867
2026/10/03 08:50:08.860, 7, 117641
2026/10/03 08:50:09.860, 0, 77690
2026/10/03 08:50:09.860, 1, 70562
2026/10/03 08:50:09.860, 2, 70560
2026/10/03 08:50:09.860, 3, 69504
2026/10/03 08:50:09.860, 4, 117933
2026/10/03 08:50:09.860, 5, 117639
2026/10/03 08:50:09.860, 6, 117899
2026/10/03 08:50:09.860, 7, 117673
2026/10/03 08:50:10.860, 0, 77690
2026/10/03 08:50:10.860, 1, 70562
2026/10/03 08:50:10.860, 2, 70560
2026/10/03 08:50:10.860, 3, 69504
2026/10/03 08:50:10.860, 4, 117965
2026/10/03 08:50:10.860, 5, 117639
2026/10/03 08:50:10.860, 6, 117899
2026/10/03 08:50:10.860, 7, 117673
2026/10/03 08:50:11.861, 0, 77690
2026/10/03 08:50:11.861, 1, 70562
2026/10/03 08:50:11.861, 2, 70560
2026/10/03 08:50:11.861, 3, 69504
2026/10/03 08:50:11.861, 4, 117965
2026/10/03 08:50:11.861, 5, 117671
2026/10/03 08:50:11.861, 6, 117899
2026/10/03 08:50:11.861, 7, 117673
2026/10/03 08:50:12.861, 0, 77690
2026/10/03 08:50:12.861, 1, 70562
2026/10/03 08:50:12.861, 2, 70560
2026/10/03 08:50:12.861, 3, 69504
2026/10/03 08:50:12.861, 4, 117965
2026/10/03 08:50:12.861, 5, 117673
2026/10/03 08:50:12.861, 6, 117899
2026/10/03 08:50:12.861, 7, 117673
2026/10/03 08:50:13.862, 0, 77690
2026/10/03 08:50:13.862, 1, 70562
2026/10/03 08:50:13.862, 2, 70560
2026/10/03 08:50:13.862, 3, 69504
2026/10/03 08:50:13.862, 4, 117965
2026/10/03 08:50:13.862, 5, 117673
2026/10/03 08:50:13.862, 6, 117899
2026/10/03 08:50:13.862, 7, 117673
2026/10/03 08:50:14.862, 0, 77690
2026/10/03 08:50:14.862, 1, 70562
2026/10/03 08:50:14.862, 2, 70560
2026/10/03 08:50:14.862, 3, 69504
2026/10/03 08:50:14.862, 4, 117965
2026/10/03 08:50:14.862, 5, 117673
2026/10/03 08:50:14.862, 6, 117899
2026/10/03 08:50:14.862, 7, 117673
2026/10/03 08:50:15.862, 0, 77690
2026/10/03 08:50:15.862, 1, 70562
2026/10/03 08:50:15.862, 2, 70560
2026/10/03 08:50:15.862, 3, 69504
2026/10/03 08:50:15.862, 4, 117965
2026/10/03 08:50:15.862, 5, 117673
2026/10/03 08:50:15.862, 6, 117899
2026/10/03 08:50:15.862, 7, 117673
2026/10/03 08:50:16.862, 0, 77690
2026/10/03 08:50:16.862, 1, 70562
2026/10/03 08:50:16.862, 2, 70560
2026/10/03 08:50:16.862, 3, 69504
2026/10/03 08:50:16.863, 4, 117965
2026/10/03 08:50:16.863, 5, 117673
2026/10/03 08:50:16.863, 6, 117901
2026/10/03 08:50:16.863, 7, 117673
2026/10/03 08:50:17.863, 0, 77690
2026/10/03 08:50:17.866, 1, 70562
2026/10/03 08:50:17.873, 2, 70560
2026/10/03 08:50:17.881, 3, 69504
2026/10/03 08:50:17.882, 4, 117965
2026/10/03 08:50:17.889, 5, 117673
2026/10/03 08:50:17.895, 6, 117901
2026/10/03 08:50:17.904, 7, 117673
2026/10/03 08:50:18.909, 0, 77690
2026/10/03 08:50:18.910, 1, 70562
2026/10/03 08:50:18.910, 2, 70560
2026/10/03 08:50:18.910, 3, 69504
2026/10/03 08:50:18.910, 4, 117965
2026/10/03 08:50:18.910, 5, 117673
2026/10/03 08:50:18.910, 6, 117901
2026/10/03 08:50:18.910, 7, 117673
2026/10/03 08:50:19.910, 0, 77692
2026/10/03 08:50:19.910, 1, 70562
2026/10/03 08:50:19.910, 2, 70560
2026/10/03 08:50:19.910, 3, 69506
2026/10/03 08:50:19.910, 4, 117965
2026/10/03 08:50:19.910, 5, 117673
2026/10/03 08:50:19.910, 6, 117901
2026/10/03 08:50:19.910, 7, 117673
2026/10/03 08:50:20.910, 0, 77692
2026/10/03 08:50:20.910, 1, 70562
2026/10/03 08:50:20.910, 2, 70560
2026/10/03 08:50:20.910, 3, 69506
2026/10/03 08:50:20.910, 4, 117965
2026/10/03 08:50:20.910, 5, 117673
2026/10/03 08:50:20.910, 6, 117901
2026/10/03 08:50:20.910, 7, 117673
2026/10/03 08:50:21.910, 0, 77692
2026/10/03 08:50:21.910, 1, 70562
2026/10/03 08:50:21.910, 2, 70560
2026/10/03 08:50:21.910, 3, 69506
2026/10/03 08:50:21.910, 4, 117965
2026/10/03 08:50:21.910, 5, 117673
2026/10/03 08:50:21.910, 6, 117901
2026/10/03 08:50:21.910, 7, 117673
2026/10/03 08:50:22.910, 0, 77692
2026/10/03 08:50:22.911, 1, 70562
2026/10/03 08:50:22.911, 2, 70560
2026/10/03 08:50:22.911, 3, 69506
2026/10/03 08:50:22.911, 4, 117617
2026/10/03 08:50:22.911, 5, 117617
2026/10/03 08:50:22.911, 6, 118063
2026/10/03 08:50:22.911, 7, 117823
2026/10/03 08:50:23.911, 0, 77692
2026/10/03 08:50:23.911, 1, 70562
2026/10/03 08:50:23.911, 2, 70560
2026/10/03 08:50:23.911, 3, 69506
2026/10/03 08:50:23.911, 4, 117617
2026/10/03 08:50:23.911, 5, 117617
2026/10/03 08:50:23.911, 6, 118063
2026/10/03 08:50:23.911, 7, 117823
2026/10/03 08:50:24.911, 0, 77692
2026/10/03 08:50:24.911, 1, 70562
2026/10/03 08:50:24.911, 2, 70560
2026/10/03 08:50:24.911, 3, 69506
2026/10/03 08:50:24.911, 4, 117617
2026/10/03 08:50:24.911, 5, 117617
2026/10/03 08:50:24.911, 6, 118063
2026/10/03 08:50:24.911, 7, 117823
2026/10/03 08:50:25.911, 0, 77692
2026/10/03 08:50:25.912, 1, 70562
2026/10/03 08:50:25.912, 2, 70560
2026/10/03 08:50:25.912, 3, 69506
2026/10/03 08:50:25.912, 4, 117617
2026/10/03 08:50:25.912, 5, 117701
2026/10/03 08:50:25.912, 6, 118063
2026/10/03 08:50:25.912, 7, 117823
2026/10/03 08:50:26.912, 0, 77692
2026/10/03 08:50:26.912, 1, 70562
2026/10/03 08:50:26.912, 2, 70560
2026/10/03 08:50:26.912, 3, 69506
2026/10/03 08:50:26.912, 4, 117639
2026/10/03 08:50:26.912, 5, 117857
2026/10/03 08:50:26.912, 6, 118107
2026/10/03 08:50:26.912, 7, 117847
2026/10/03 08:50:27.912, 0, 77692
2026/10/03 08:50:27.912, 1, 70562
2026/10/03 08:50:27.912, 2, 70560
2026/10/03 08:50:27.912, 3, 69506
2026/10/03 08:50:27.912, 4, 117639
2026/10/03 08:50:27.912, 5, 118701
2026/10/03 08:50:27.912, 6, 118107
2026/10/03 08:50:27.912, 7, 117847
2026/10/03 08:50:28.912, 0, 77692
2026/10/03 08:50:28.912, 1, 70562
2026/10/03 08:50:28.912, 2, 70560
2026/10/03 08:50:28.912, 3, 69506
2026/10/03 08:50:28.912, 4, 117639
2026/10/03 08:50:28.912, 5, 118701
2026/10/03 08:50:28.912, 6, 118107
2026/10/03 08:50:28.912, 7, 117847
2026/10/03 08:50:29.913, 0, 77692
2026/10/03 08:50:29.913, 1, 70562
2026/10/03 08:50:29.913, 2, 70560
2026/10/03 08:50:29.913, 3, 69506
2026/10/03 08:50:29.913, 4, 117639
2026/10/03 08:50:29.913, 5, 118701
2026/10/03 08:50:29.913, 6, 118107
2026/10/03 08:50:29.913, 7, 117847
2026/10/03 08:50:30.913, 0, 77692
2026/10/03 08:50:30.913, 1, 70562
2026/10/03 08:50:30.913, 2, 70560
2026/10/03 08:50:30.913, 3, 69506
2026/10/03 08:50:30.913, 4, 117641
2026/10/03 08:50:30.913, 5, 118701
2026/10/03 08:50:30.913, 6, 118107
2026/10/03 08:50:30.913, 7, 117847
2026/10/03 08:50:31.913, 0, 77692
2026/10/03 08:50:31.913, 1, 70562
2026/10/03 08:50:31.913, 2, 70560
2026/10/03 08:50:31.913, 3, 69506
2026/10/03 08:50:31.913, 4, 117673
2026/10/03 08:50:31.913, 5, 118701
2026/10/03 08:50:31.913, 6, 118107
2026/10/03 08:50:31.913, 7, 117847
2026/10/03 08:50:32.913, 0, 77692
2026/10/03 08:50:32.913, 1, 70562
2026/10/03 08:50:32.913, 2, 70560
2026/10/03 08:50:32.913, 3, 69506
2026/10/03 08:50:32.914, 4, 117673
2026/10/03 08:50:32.914, 5, 118701
2026/10/03 08:50:32.914, 6, 118153
2026/10/03 08:50:32.914, 7, 117847
2026/10/03 08:50:33.914, 0, 77692
2026/10/03 08:50:33.914, 1, 70562
2026/10/03 08:50:33.914, 2, 70560
2026/10/03 08:50:33.914, 3, 69506
2026/10/03 08:50:33.915, 4, 117673
2026/10/03 08:50:33.915, 5, 118701
2026/10/03 08:50:33.915, 6, 118353
2026/10/03 08:50:33.916, 7, 117847
2026/10/03 08:50:34.916, 0, 77692
2026/10/03 08:50:34.916, 1, 70562
2026/10/03 08:50:34.916, 2, 70560
2026/10/03 08:50:34.916, 3, 69506
2026/10/03 08:50:34.916, 4, 117673
2026/10/03 08:50:34.916, 5, 118701
2026/10/03 08:50:34.916, 6, 118353
2026/10/03 08:50:34.916, 7, 117847
2026/10/03 08:50:35.917, 0, 77692
2026/10/03 08:50:35.917, 1, 70562
2026/10/03 08:50:35.917, 2, 70560
2026/10/03 08:50:35.917, 3, 69506
2026/10/03 08:50:35.917, 4, 117673
2026/10/03 08:50:35.917, 5, 118701
2026/10/03 08:50:35.917, 6, 118353
2026/10/03 08:50:35.917, 7, 117847
2026/10/03 08:50:36.917, 0, 77692
2026/10/03 08:50:36.917, 1, 70562
2026/10/03 08:50:36.917, 2, 70560
2026/10/03 08:50:36.917, 3, 69506
2026/10/03 08:50:36.917, 4, 117673
2026/10/03 08:50:36.917, 5, 118701
2026/10/03 08:50:36.917, 6, 118353
2026/10/03 08:50:36.917, 7, 117847
2026/10/03 08:50:37.917, 0, 77692
2026/10/03 08:50:37.917, 1, 70562
2026/10/03 08:50:37.917, 2, 70560
2026/10/03 08:50:37.917, 3, 69506
2026/10/03 08:50:37.917, 4, 117673
2026/10/03 08:50:37.917, 5, 118701
2026/10/03 08:50:37.917, 6, 118353
2026/10/03 08:50:37.917, 7, 117847
2026/10/03 08:50:38.917, 0, 77692
2026/10/03 08:50:38.918, 1, 70562
2026/10/03 08:50:38.918, 2, 70560
2026/10/03 08:50:38.918, 3, 69506
2026/10/03 08:50:38.918, 4, 117673
2026/10/03 08:50:38.918, 5, 118701
2026/10/03 08:50:38.918, 6, 118353
2026/10/03 08:50:38.918, 7, 117921
2026/10/03 08:50:39.918, 0, 77692
2026/10/03 08:50:39.918, 1, 70562
2026/10/03 08:50:39.918, 2, 70560
2026/10/03 08:50:39.918, 3, 69506
2026/10/03 08:50:39.918, 4, 117673
2026/10/03 08:50:39.918, 5, 118701
2026/10/03 08:50:39.918, 6, 118353
2026/10/03 08:50:39.918, 7, 117921
2026/10/03 08:50:40.918, 0, 77692
2026/10/03 08:50:40.918, 1, 70562
2026/10/03 08:50:40.918, 2, 70560
2026/10/03 08:50:40.918, 3, 69506
2026/10/03 08:50:40.918, 4, 117673
2026/10/03 08:50:40.918, 5, 118701
2026/10/03 08:50:40.918, 6, 118353
2026/10/03 08:50:40.918, 7, 117921
2026/10/03 08:50:41.919, 0, 77692
2026/10/03 08:50:41.919, 1, 70562
2026/10/03 08:50:41.919, 2, 70560
2026/10/03 08:50:41.919, 3, 69506
2026/10/03 08:50:41.919, 4, 117889
2026/10/03 08:50:41.919, 5, 117617
2026/10/03 08:50:41.919, 6, 118031
2026/10/03 08:50:41.919, 7, 117759
2026/10/03 08:50:42.919, 0, 77692
2026/10/03 08:50:42.919, 1, 70562
2026/10/03 08:50:42.919, 2, 70560
2026/10/03 08:50:42.919, 3, 69506
2026/10/03 08:50:42.919, 4, 117923
2026/10/03 08:50:42.919, 5, 117639
2026/10/03 08:50:42.919, 6, 118055
2026/10/03 08:50:42.919, 7, 117831
2026/10/03 08:50:43.919, 0, 77692
2026/10/03 08:50:43.919, 1, 70562
2026/10/03 08:50:43.919, 2, 70560
2026/10/03 08:50:43.919, 3, 69506
2026/10/03 08:50:43.919, 4, 119119
2026/10/03 08:50:43.919, 5, 117639
2026/10/03 08:50:43.919, 6, 118055
2026/10/03 08:50:43.919, 7, 117831
2026/10/03 08:50:44.919, 0, 77692
2026/10/03 08:50:44.919, 1, 70562
2026/10/03 08:50:44.919, 2, 70560
2026/10/03 08:50:44.919, 3, 69506
2026/10/03 08:50:44.919, 4, 119119
2026/10/03 08:50:44.919, 5, 117639
2026/10/03 08:50:44.919, 6, 118055
2026/10/03 08:50:44.920, 7, 117831
2026/10/03 08:50:45.920, 0, 77692
2026/10/03 08:50:45.920, 1, 70562
2026/10/03 08:50:45.920, 2, 70560
2026/10/03 08:50:45.920, 3, 69506
2026/10/03 08:50:45.920, 4, 119119
2026/10/03 08:50:45.920, 5, 117639
2026/10/03 08:50:45.920, 6, 118055
2026/10/03 08:50:45.920, 7, 117861
2026/10/03 08:50:46.920, 0, 77692
2026/10/03 08:50:46.920, 1, 70562
2026/10/03 08:50:46.920, 2, 70560
2026/10/03 08:50:46.920, 3, 69506
2026/10/03 08:50:46.920, 4, 119119
2026/10/03 08:50:46.920, 5, 117641
2026/10/03 08:50:46.920, 6, 118055
2026/10/03 08:50:46.920, 7, 118211
2026/10/03 08:50:47.920, 0, 77692
2026/10/03 08:50:47.921, 1, 70562
2026/10/03 08:50:47.924, 2, 70560
2026/10/03 08:50:47.926, 3, 69506
2026/10/03 08:50:47.928, 4, 119119
2026/10/03 08:50:47.929, 5, 117641
2026/10/03 08:50:47.930, 6, 118055
2026/10/03 08:50:47.951, 7, 118211
2026/10/03 08:50:48.954, 0, 77692
2026/10/03 08:50:49.005, 1, 70562
2026/10/03 08:50:49.005, 2, 70560
2026/10/03 08:50:49.008, 3, 69506
2026/10/03 08:50:49.010, 4, 119119
2026/10/03 08:50:49.010, 5, 117641
2026/10/03 08:50:49.011, 6, 118579
2026/10/03 08:50:49.016, 7, 118211
2026/10/03 08:50:50.017, 0, 77692
2026/10/03 08:50:50.017, 1, 70562
2026/10/03 08:50:50.017, 2, 70560
2026/10/03 08:50:50.017, 3, 69506
2026/10/03 08:50:50.017, 4, 119119
2026/10/03 08:50:50.017, 5, 117641
2026/10/03 08:50:50.017, 6, 118579
2026/10/03 08:50:50.017, 7, 118211
2026/10/03 08:50:51.017, 0, 77692
2026/10/03 08:50:51.017, 1, 70562
2026/10/03 08:50:51.017, 2, 70560
2026/10/03 08:50:51.017, 3, 69506
2026/10/03 08:50:51.017, 4, 119119
2026/10/03 08:50:51.017, 5, 117641
2026/10/03 08:50:51.017, 6, 118579
2026/10/03 08:50:51.017, 7, 118211
2026/10/03 08:50:52.017, 0, 77692
2026/10/03 08:50:52.017, 1, 70562
2026/10/03 08:50:52.017, 2, 70560
2026/10/03 08:50:52.017, 3, 69506
2026/10/03 08:50:52.017, 4, 119119
2026/10/03 08:50:52.017, 5, 117641
2026/10/03 08:50:52.017, 6, 118579
2026/10/03 08:50:52.017, 7, 118211
2026/10/03 08:50:53.017, 0, 77692
2026/10/03 08:50:53.017, 1, 70562
2026/10/03 08:50:53.017, 2, 70560
2026/10/03 08:50:53.017, 3, 69506
2026/10/03 08:50:53.018, 4, 119119
2026/10/03 08:50:53.018, 5, 117641
2026/10/03 08:50:53.018, 6, 118579
2026/10/03 08:50:53.018, 7, 118211
2026/10/03 08:50:54.018, 0, 77692
2026/10/03 08:50:54.019, 1, 70562
2026/10/03 08:50:54.019, 2, 70560
2026/10/03 08:50:54.019, 3, 69506
2026/10/03 08:50:54.019, 4, 119119
2026/10/03 08:50:54.019, 5, 117673
2026/10/03 08:50:54.019, 6, 118579
2026/10/03 08:50:54.019, 7, 118211
2026/10/03 08:50:55.019, 0, 77692
2026/10/03 08:50:55.019, 1, 70562
2026/10/03 08:50:55.019, 2, 70560
2026/10/03 08:50:55.019, 3, 69506
2026/10/03 08:50:55.019, 4, 119119
2026/10/03 08:50:55.019, 5, 117673
2026/10/03 08:50:55.019, 6, 118579
2026/10/03 08:50:55.019, 7, 118211
2026/10/03 08:50:56.019, 0, 77692
2026/10/03 08:50:56.019, 1, 70562
2026/10/03 08:50:56.019, 2, 70564
2026/10/03 08:50:56.019, 3, 69506
2026/10/03 08:50:56.019, 4, 119119
2026/10/03 08:50:56.019, 5, 117673
2026/10/03 08:50:56.019, 6, 118579
2026/10/03 08:50:56.019, 7, 118211
2026/10/03 08:50:57.019, 0, 77692
2026/10/03 08:50:57.020, 1, 70562
2026/10/03 08:50:57.020, 2, 70564
2026/10/03 08:50:57.020, 3, 69506
2026/10/03 08:50:57.020, 4, 118713
2026/10/03 08:50:57.020, 5, 117617
2026/10/03 08:50:57.020, 6, 118643
2026/10/03 08:50:57.020, 7, 118419
2026/10/03 08:50:58.020, 0, 77692
2026/10/03 08:50:58.020, 1, 70562
2026/10/03 08:50:58.020, 2, 70564
2026/10/03 08:50:58.020, 3, 69506
2026/10/03 08:50:58.020, 4, 117617
2026/10/03 08:50:58.020, 5, 117617
2026/10/03 08:50:58.020, 6, 118031
2026/10/03 08:50:58.020, 7, 117759
2026/10/03 08:50:59.020, 0, 77692
2026/10/03 08:50:59.020, 1, 70562
2026/10/03 08:50:59.020, 2, 70564
2026/10/03 08:50:59.020, 3, 69506
2026/10/03 08:50:59.020, 4, 117639
2026/10/03 08:50:59.020, 5, 117827
2026/10/03 08:50:59.020, 6, 118031
2026/10/03 08:50:59.020, 7, 117781
2026/10/03 08:51:00.020, 0, 77692
2026/10/03 08:51:00.020, 1, 70562
2026/10/03 08:51:00.020, 2, 70564
2026/10/03 08:51:00.021, 3, 69506
2026/10/03 08:51:00.021, 4, 117671
2026/10/03 08:51:00.021, 5, 117827
2026/10/03 08:51:00.021, 6, 118055
2026/10/03 08:51:00.021, 7, 117781
2026/10/03 08:51:01.021, 0, 77692
2026/10/03 08:51:01.021, 1, 70562
2026/10/03 08:51:01.021, 2, 70564
2026/10/03 08:51:01.021, 3, 69506
2026/10/03 08:51:01.021, 4, 117671
2026/10/03 08:51:01.021, 5, 117827
2026/10/03 08:51:01.021, 6, 118055
2026/10/03 08:51:01.021, 7, 117781
2026/10/03 08:51:02.021, 0, 77692
2026/10/03 08:51:02.022, 1, 70562
2026/10/03 08:51:02.023, 2, 70564
2026/10/03 08:51:02.025, 3, 69506
2026/10/03 08:51:02.026, 4, 117671
2026/10/03 08:51:02.027, 5, 118033
2026/10/03 08:51:02.029, 6, 118055
2026/10/03 08:51:02.031, 7, 117781
2026/10/03 08:51:03.034, 0, 77692
2026/10/03 08:51:03.034, 1, 70562
2026/10/03 08:51:03.034, 2, 70564
2026/10/03 08:51:03.034, 3, 69506
2026/10/03 08:51:03.034, 4, 117671
2026/10/03 08:51:03.034, 5, 119493
2026/10/03 08:51:03.034, 6, 118055
2026/10/03 08:51:03.034, 7, 117781
2026/10/03 08:51:04.034, 0, 77692
2026/10/03 08:51:04.034, 1, 70562
2026/10/03 08:51:04.034, 2, 70564
2026/10/03 08:51:04.034, 3, 69506
2026/10/03 08:51:04.034, 4, 117671
2026/10/03 08:51:04.034, 5, 119493
2026/10/03 08:51:04.034, 6, 118055
2026/10/03 08:51:04.035, 7, 117781
2026/10/03 08:51:05.035, 0, 77692
2026/10/03 08:51:05.035, 1, 70562
2026/10/03 08:51:05.035, 2, 70564
2026/10/03 08:51:05.035, 3, 69506
2026/10/03 08:51:05.035, 4, 117691
2026/10/03 08:51:05.035, 5, 119493
2026/10/03 08:51:05.035, 6, 118055
2026/10/03 08:51:05.035, 7, 117781
2026/10/03 08:51:06.035, 0, 77692
2026/10/03 08:51:06.035, 1, 70562
2026/10/03 08:51:06.035, 2, 70564
2026/10/03 08:51:06.035, 3, 69506
2026/10/03 08:51:06.035, 4, 117691
2026/10/03 08:51:06.035, 5, 119493
2026/10/03 08:51:06.035, 6, 118055
2026/10/03 08:51:06.035, 7, 117783
2026/10/03 08:51:07.035, 0, 77692
2026/10/03 08:51:07.035, 1, 70562
2026/10/03 08:51:07.035, 2, 70564
2026/10/03 08:51:07.035, 3, 69506
2026/10/03 08:51:07.035, 4, 117691
2026/10/03 08:51:07.035, 5, 119493
2026/10/03 08:51:07.035, 6, 118055
2026/10/03 08:51:07.035, 7, 117783
2026/10/03 08:51:08.035, 0, 77692
2026/10/03 08:51:08.035, 1, 70562
2026/10/03 08:51:08.035, 2, 70564
2026/10/03 08:51:08.036, 3, 69506
2026/10/03 08:51:08.036, 4, 117691
2026/10/03 08:51:08.036, 5, 119493
2026/10/03 08:51:08.036, 6, 118055
2026/10/03 08:51:08.036, 7, 117783
2026/10/03 08:51:09.036, 0, 77692
2026/10/03 08:51:09.036, 1, 70562
2026/10/03 08:51:09.036, 2, 70564
2026/10/03 08:51:09.036, 3, 69506
2026/10/03 08:51:09.036, 4, 117693
2026/10/03 08:51:09.036, 5, 119493
2026/10/03 08:51:09.036, 6, 118055
2026/10/03 08:51:09.036, 7, 117783
2026/10/03 08:51:10.036, 0, 77692
2026/10/03 08:51:10.036, 1, 70562
2026/10/03 08:51:10.036, 2, 70564
2026/10/03 08:51:10.036, 3, 69506
2026/10/03 08:51:10.036, 4, 117693
2026/10/03 08:51:10.036, 5, 119493
2026/10/03 08:51:10.036, 6, 118131
2026/10/03 08:51:10.036, 7, 117783
2026/10/03 08:51:11.037, 0, 77692
2026/10/03 08:51:11.037, 1, 70562
2026/10/03 08:51:11.037, 2, 70564
2026/10/03 08:51:11.037, 3, 69506
2026/10/03 08:51:11.037, 4, 117693
2026/10/03 08:51:11.037, 5, 119493
2026/10/03 08:51:11.037, 6, 118131
2026/10/03 08:51:11.037, 7, 117783
2026/10/03 08:51:12.037, 0, 77692
2026/10/03 08:51:12.037, 1, 70562
2026/10/03 08:51:12.037, 2, 70564
2026/10/03 08:51:12.037, 3, 69506
2026/10/03 08:51:12.037, 4, 117693
2026/10/03 08:51:12.037, 5, 119493
2026/10/03 08:51:12.037, 6, 118131
2026/10/03 08:51:12.037, 7, 117783
2026/10/03 08:51:13.037, 0, 77692
2026/10/03 08:51:13.037, 1, 70562
2026/10/03 08:51:13.037, 2, 70564
2026/10/03 08:51:13.037, 3, 69506
2026/10/03 08:51:13.037, 4, 117693
2026/10/03 08:51:13.037, 5, 119493
2026/10/03 08:51:13.037, 6, 118131
2026/10/03 08:51:13.092, 7, 117783
2026/10/03 08:51:14.092, 0, 77692
2026/10/03 08:51:14.092, 1, 70562
2026/10/03 08:51:14.092, 2, 70564
2026/10/03 08:51:14.092, 3, 69506
2026/10/03 08:51:14.092, 4, 117617
2026/10/03 08:51:14.092, 5, 118713
2026/10/03 08:51:14.092, 6, 118659
2026/10/03 08:51:14.092, 7, 117759
2026/10/03 08:51:15.092, 0, 77692
2026/10/03 08:51:15.092, 1, 70562
2026/10/03 08:51:15.092, 2, 70564
2026/10/03 08:51:15.092, 3, 69506
2026/10/03 08:51:15.092, 4, 117617
2026/10/03 08:51:15.092, 5, 117617
2026/10/03 08:51:15.092, 6, 117999
2026/10/03 08:51:15.092, 7, 117759
2026/10/03 08:51:16.092, 0, 77692
2026/10/03 08:51:16.092, 1, 70562
2026/10/03 08:51:16.092, 2, 70564
2026/10/03 08:51:16.092, 3, 69506
2026/10/03 08:51:16.092, 4, 117639
2026/10/03 08:51:16.092, 5, 117617
2026/10/03 08:51:16.092, 6, 117999
2026/10/03 08:51:16.092, 7, 117783
2026/10/03 08:51:17.093, 0, 77692
2026/10/03 08:51:17.093, 1, 70562
2026/10/03 08:51:17.093, 2, 70564
2026/10/03 08:51:17.093, 3, 69506
2026/10/03 08:51:17.093, 4, 117875
2026/10/03 08:51:17.093, 5, 117639
2026/10/03 08:51:17.093, 6, 118023
2026/10/03 08:51:17.093, 7, 117967
2026/10/03 08:51:18.093, 0, 77692
2026/10/03 08:51:18.093, 1, 70562
2026/10/03 08:51:18.095, 2, 70564
2026/10/03 08:51:18.095, 3, 69506
2026/10/03 08:51:18.096, 4, 118135
2026/10/03 08:51:18.098, 5, 117639
2026/10/03 08:51:18.100, 6, 118023
2026/10/03 08:51:18.103, 7, 117967
2026/10/03 08:51:19.103, 0, 77692
2026/10/03 08:51:19.103, 1, 70562
2026/10/03 08:51:19.103, 2, 70564
2026/10/03 08:51:19.107, 3, 69506
2026/10/03 08:51:19.107, 4, 118135
2026/10/03 08:51:19.107, 5, 117673
2026/10/03 08:51:19.107, 6, 118023
2026/10/03 08:51:19.107, 7, 117967
2026/10/03 08:51:20.108, 0, 77692
2026/10/03 08:51:20.109, 1, 70562
2026/10/03 08:51:20.109, 2, 70564
2026/10/03 08:51:20.109, 3, 69506
2026/10/03 08:51:20.109, 4, 118135
2026/10/03 08:51:20.109, 5, 117673
2026/10/03 08:51:20.109, 6, 118111
2026/10/03 08:51:20.109, 7, 118179
2026/10/03 08:51:21.109, 0, 77692
2026/10/03 08:51:21.109, 1, 70562
2026/10/03 08:51:21.109, 2, 70564
2026/10/03 08:51:21.109, 3, 69506
2026/10/03 08:51:21.109, 4, 118135
2026/10/03 08:51:21.109, 5, 117673
2026/10/03 08:51:21.109, 6, 118403
2026/10/03 08:51:21.109, 7, 118179
2026/10/03 08:51:22.109, 0, 77692
2026/10/03 08:51:22.113, 1, 70562
2026/10/03 08:51:22.115, 2, 70564
2026/10/03 08:51:22.120, 3, 69506
2026/10/03 08:51:22.127, 4, 118135
2026/10/03 08:51:22.130, 5, 117673
2026/10/03 08:51:22.132, 6, 118403
2026/10/03 08:51:22.132, 7, 118179
2026/10/03 08:51:23.132, 0, 77692
2026/10/03 08:51:23.132, 1, 70562
2026/10/03 08:51:23.133, 2, 70564
2026/10/03 08:51:23.133, 3, 69506
2026/10/03 08:51:23.133, 4, 118135
2026/10/03 08:51:23.133, 5, 117673
2026/10/03 08:51:23.133, 6, 118403
2026/10/03 08:51:23.133, 7, 118179
2026/10/03 08:51:24.133, 0, 77692
2026/10/03 08:51:24.133, 1, 70562
2026/10/03 08:51:24.133, 2, 70564
2026/10/03 08:51:24.133, 3, 69506
2026/10/03 08:51:24.133, 4, 118135
2026/10/03 08:51:24.133, 5, 117673
2026/10/03 08:51:24.133, 6, 118403
2026/10/03 08:51:24.133, 7, 118179
2026/10/03 08:51:25.133, 0, 77692
2026/10/03 08:51:25.133, 1, 70562
2026/10/03 08:51:25.133, 2, 70564
2026/10/03 08:51:25.133, 3, 69506
2026/10/03 08:51:25.133, 4, 118135
2026/10/03 08:51:25.133, 5, 117673
2026/10/03 08:51:25.133, 6, 118403
2026/10/03 08:51:25.133, 7, 118179
2026/10/03 08:51:26.133, 0, 77692
2026/10/03 08:51:26.133, 1, 70562
2026/10/03 08:51:26.133, 2, 70564
2026/10/03 08:51:26.133, 3, 69506
2026/10/03 08:51:26.133, 4, 118135
2026/10/03 08:51:26.133, 5, 117673
2026/10/03 08:51:26.133, 6, 118403
2026/10/03 08:51:26.134, 7, 118179
2026/10/03 08:51:27.134, 0, 77692
2026/10/03 08:51:27.134, 1, 70562
2026/10/03 08:51:27.134, 2, 70564
2026/10/03 08:51:27.134, 3, 69506
2026/10/03 08:51:27.134, 4, 118135
2026/10/03 08:51:27.134, 5, 117673
2026/10/03 08:51:27.134, 6, 118403
2026/10/03 08:51:27.134, 7, 118179
2026/10/03 08:51:28.134, 0, 77692
2026/10/03 08:51:28.134, 1, 70562
2026/10/03 08:51:28.134, 2, 70564
2026/10/03 08:51:28.134, 3, 69506
2026/10/03 08:51:28.134, 4, 118135
2026/10/03 08:51:28.134, 5, 117673
2026/10/03 08:51:28.134, 6, 118403
2026/10/03 08:51:28.134, 7, 118179
2026/10/03 08:51:29.134, 0, 77692
2026/10/03 08:51:29.134, 1, 70562
2026/10/03 08:51:29.134, 2, 70564
2026/10/03 08:51:29.134, 3, 69506
2026/10/03 08:51:29.134, 4, 118135
2026/10/03 08:51:29.134, 5, 117673
2026/10/03 08:51:29.134, 6, 118403
2026/10/03 08:51:29.134, 7, 118179
2026/10/03 08:51:30.134, 0, 77692
2026/10/03 08:51:30.135, 1, 70562
2026/10/03 08:51:30.135, 2, 70564
2026/10/03 08:51:30.135, 3, 69506
2026/10/03 08:51:30.135, 4, 117617
2026/10/03 08:51:30.135, 5, 117617
2026/10/03 08:51:30.135, 6, 117999
2026/10/03 08:51:30.135, 7, 117759
2026/10/03 08:51:31.135, 0, 77692
2026/10/03 08:51:31.135, 1, 70562
2026/10/03 08:51:31.135, 2, 70564
2026/10/03 08:51:31.135, 3, 69506
2026/10/03 08:51:31.135, 4, 117617
2026/10/03 08:51:31.135, 5, 117617
2026/10/03 08:51:31.135, 6, 117999
2026/10/03 08:51:31.135, 7, 117759
2026/10/03 08:51:32.135, 0, 77692
2026/10/03 08:51:32.135, 1, 70562
2026/10/03 08:51:32.137, 2, 70564
2026/10/03 08:51:32.137, 3, 69506
2026/10/03 08:51:32.137, 4, 117617
2026/10/03 08:51:32.138, 5, 117641
2026/10/03 08:51:32.138, 6, 117999
2026/10/03 08:51:32.138, 7, 117759
2026/10/03 08:51:33.138, 0, 77692
2026/10/03 08:51:33.138, 1, 70562
2026/10/03 08:51:33.138, 2, 70564
2026/10/03 08:51:33.138, 3, 69506
2026/10/03 08:51:33.138, 4, 117639
2026/10/03 08:51:33.138, 5, 117691
2026/10/03 08:51:33.138, 6, 118021
2026/10/03 08:51:33.138, 7, 117781
2026/10/03 08:51:34.138, 0, 77692
2026/10/03 08:51:34.138, 1, 70562
2026/10/03 08:51:34.138, 2, 70564
2026/10/03 08:51:34.138, 3, 69506
2026/10/03 08:51:34.138, 4, 117639
2026/10/03 08:51:34.138, 5, 117691
2026/10/03 08:51:34.138, 6, 118023
2026/10/03 08:51:34.138, 7, 117781
2026/10/03 08:51:35.138, 0, 77692
2026/10/03 08:51:35.138, 1, 70562
2026/10/03 08:51:35.138, 2, 70564
2026/10/03 08:51:35.138, 3, 69506
2026/10/03 08:51:35.138, 4, 117673
2026/10/03 08:51:35.139, 5, 117691
2026/10/03 08:51:35.139, 6, 118023
2026/10/03 08:51:35.139, 7, 117781
2026/10/03 08:51:36.139, 0, 77692
2026/10/03 08:51:36.139, 1, 70562
2026/10/03 08:51:36.139, 2, 70564
2026/10/03 08:51:36.139, 3, 69506
2026/10/03 08:51:36.139, 4, 117673
2026/10/03 08:51:36.139, 5, 118107
2026/10/03 08:51:36.139, 6, 118023
2026/10/03 08:51:36.139, 7, 117781
2026/10/03 08:51:37.139, 0, 77692
2026/10/03 08:51:37.139, 1, 70562
2026/10/03 08:51:37.139, 2, 70564
2026/10/03 08:51:37.139, 3, 69506
2026/10/03 08:51:37.139, 4, 117673
2026/10/03 08:51:37.139, 5, 119245
2026/10/03 08:51:37.139, 6, 118023
2026/10/03 08:51:37.139, 7, 117781
2026/10/03 08:51:38.139, 0, 77692
2026/10/03 08:51:38.139, 1, 70562
2026/10/03 08:51:38.140, 2, 70564
2026/10/03 08:51:38.140, 3, 69506
2026/10/03 08:51:38.140, 4, 117673
2026/10/03 08:51:38.140, 5, 119247
2026/10/03 08:51:38.140, 6, 118023
2026/10/03 08:51:38.140, 7, 117781
2026/10/03 08:51:39.140, 0, 77692
2026/10/03 08:51:39.140, 1, 70562
2026/10/03 08:51:39.140, 2, 70564
2026/10/03 08:51:39.140, 3, 69506
2026/10/03 08:51:39.140, 4, 117673
2026/10/03 08:51:39.140, 5, 119247
2026/10/03 08:51:39.140, 6, 118023
2026/10/03 08:51:39.140, 7, 117781
2026/10/03 08:51:40.140, 0, 77692
2026/10/03 08:51:40.140, 1, 70562
2026/10/03 08:51:40.140, 2, 70564
2026/10/03 08:51:40.140, 3, 69506
2026/10/03 08:51:40.140, 4, 117673
2026/10/03 08:51:40.140, 5, 119247
2026/10/03 08:51:40.141, 6, 118023
2026/10/03 08:51:40.141, 7, 117783
2026/10/03 08:51:41.141, 0, 77692
2026/10/03 08:51:41.144, 1, 70562
2026/10/03 08:51:41.148, 2, 70564
2026/10/03 08:51:41.148, 3, 69506
2026/10/03 08:51:41.148, 4, 117673
2026/10/03 08:51:41.148, 5, 119247
2026/10/03 08:51:41.148, 6, 118023
2026/10/03 08:51:41.148, 7, 117783
2026/10/03 08:51:42.148, 0, 77692
2026/10/03 08:51:42.151, 1, 70562
2026/10/03 08:51:42.154, 2, 70564
2026/10/03 08:51:42.154, 3, 69506
2026/10/03 08:51:42.157, 4, 117673
2026/10/03 08:51:42.158, 5, 119247
2026/10/03 08:51:42.159, 6, 118023
2026/10/03 08:51:42.159, 7, 117783
2026/10/03 08:51:43.160, 0, 77692
2026/10/03 08:51:43.160, 1, 70562
2026/10/03 08:51:43.160, 2, 70564
2026/10/03 08:51:43.160, 3, 69506
2026/10/03 08:51:43.160, 4, 117673
2026/10/03 08:51:43.160, 5, 119247
2026/10/03 08:51:43.160, 6, 118023
2026/10/03 08:51:43.160, 7, 117783
2026/10/03 08:51:44.160, 0, 77692
2026/10/03 08:51:44.160, 1, 70562
2026/10/03 08:51:44.160, 2, 70564
2026/10/03 08:51:44.160, 3, 69510
2026/10/03 08:51:44.160, 4, 117673
2026/10/03 08:51:44.160, 5, 119247
2026/10/03 08:51:44.161, 6, 118023
2026/10/03 08:51:44.161, 7, 117783
2026/10/03 08:51:45.161, 0, 77692
2026/10/03 08:51:45.161, 1, 70562
2026/10/03 08:51:45.161, 2, 70564
2026/10/03 08:51:45.161, 3, 69510
2026/10/03 08:51:45.161, 4, 117673
2026/10/03 08:51:45.161, 5, 119247
2026/10/03 08:51:45.161, 6, 118023
2026/10/03 08:51:45.161, 7, 117783
2026/10/03 08:51:46.162, 0, 77692
2026/10/03 08:51:46.162, 1, 70562
2026/10/03 08:51:46.162, 2, 70564
2026/10/03 08:51:46.162, 3, 69510
2026/10/03 08:51:46.162, 4, 117673
2026/10/03 08:51:46.162, 5, 119247
2026/10/03 08:51:46.162, 6, 118023
2026/10/03 08:51:46.162, 7, 117783
2026/10/03 08:51:47.162, 0, 77692
2026/10/03 08:51:47.165, 1, 70562
2026/10/03 08:51:47.165, 2, 70564
2026/10/03 08:51:47.166, 3, 69510
2026/10/03 08:51:47.166, 4, 117673
2026/10/03 08:51:47.167, 5, 119247
2026/10/03 08:51:47.167, 6, 118023
2026/10/03 08:51:47.167, 7, 117783
2026/10/03 08:51:48.167, 0, 77692
2026/10/03 08:51:48.169, 1, 70562
2026/10/03 08:51:48.169, 2, 70564
2026/10/03 08:51:48.170, 3, 69510
2026/10/03 08:51:48.171, 4, 118539
2026/10/03 08:51:48.174, 5, 120249
2026/10/03 08:51:48.175, 6, 118649
2026/10/03 08:51:48.175, 7, 118449
2026/10/03 08:51:49.175, 0, 77692
2026/10/03 08:51:49.175, 1, 70562
2026/10/03 08:51:49.175, 2, 70564
2026/10/03 08:51:49.175, 3, 69510
2026/10/03 08:51:49.175, 4, 117617
2026/10/03 08:51:49.175, 5, 117617
2026/10/03 08:51:49.175, 6, 117999
2026/10/03 08:51:49.175, 7, 117759
2026/10/03 08:51:50.176, 0, 77692
2026/10/03 08:51:50.176, 1, 70562
2026/10/03 08:51:50.176, 2, 70564
2026/10/03 08:51:50.176, 3, 69510
2026/10/03 08:51:50.176, 4, 117809
2026/10/03 08:51:50.176, 5, 117617
2026/10/03 08:51:50.176, 6, 118103
2026/10/03 08:51:50.176, 7, 117995
2026/10/03 08:51:51.177, 0, 77692
2026/10/03 08:51:51.177, 1, 70562
2026/10/03 08:51:51.177, 2, 70564
2026/10/03 08:51:51.177, 3, 69510
2026/10/03 08:51:51.177, 4, 118027
2026/10/03 08:51:51.177, 5, 117639
2026/10/03 08:51:51.177, 6, 118105
2026/10/03 08:51:51.177, 7, 117995
2026/10/03 08:51:52.178, 0, 77692
2026/10/03 08:51:52.243, 1, 70562
2026/10/03 08:51:52.245, 2, 70564
2026/10/03 08:51:52.247, 3, 69510
2026/10/03 08:51:52.248, 4, 118187
2026/10/03 08:51:52.248, 5, 117639
2026/10/03 08:51:52.248, 6, 118105
2026/10/03 08:51:52.248, 7, 118659
2026/10/03 08:51:53.248, 0, 77692
2026/10/03 08:51:53.249, 1, 70562
2026/10/03 08:51:53.249, 2, 70564
2026/10/03 08:51:53.251, 3, 69510
2026/10/03 08:51:53.251, 4, 118187
2026/10/03 08:51:53.251, 5, 117639
2026/10/03 08:51:53.251, 6, 118619
2026/10/03 08:51:53.251, 7, 119533
2026/10/03 08:51:54.251, 0, 77692
2026/10/03 08:51:54.251, 1, 70562
2026/10/03 08:51:54.251, 2, 70564
2026/10/03 08:51:54.251, 3, 69510
2026/10/03 08:51:54.251, 4, 118187
2026/10/03 08:51:54.251, 5, 117639
2026/10/03 08:51:54.251, 6, 118619
2026/10/03 08:51:54.251, 7, 119533
2026/10/03 08:51:55.251, 0, 77692
2026/10/03 08:51:55.251, 1, 70562
2026/10/03 08:51:55.251, 2, 70564
2026/10/03 08:51:55.251, 3, 69510
2026/10/03 08:51:55.251, 4, 118187
2026/10/03 08:51:55.251, 5, 117639
2026/10/03 08:51:55.251, 6, 118619
2026/10/03 08:51:55.251, 7, 119533
2026/10/03 08:51:56.251, 0, 77692
2026/10/03 08:51:56.252, 1, 70562
2026/10/03 08:51:56.252, 2, 70564
2026/10/03 08:51:56.252, 3, 69510
2026/10/03 08:51:56.252, 4, 118187
2026/10/03 08:51:56.252, 5, 117639
2026/10/03 08:51:56.252, 6, 118619
2026/10/03 08:51:56.252, 7, 119533
2026/10/03 08:51:57.252, 0, 77692
2026/10/03 08:51:57.252, 1, 70562
2026/10/03 08:51:57.252, 2, 70564
2026/10/03 08:51:57.252, 3, 69510
2026/10/03 08:51:57.252, 4, 118187
2026/10/03 08:51:57.252, 5, 117639
2026/10/03 08:51:57.252, 6, 118619
2026/10/03 08:51:57.252, 7, 119533
2026/10/03 08:51:58.252, 0, 77692
2026/10/03 08:51:58.252, 1, 70562
2026/10/03 08:51:58.252, 2, 70564
2026/10/03 08:51:58.252, 3, 69510
2026/10/03 08:51:58.252, 4, 118187
2026/10/03 08:51:58.252, 5, 117639
2026/10/03 08:51:58.252, 6, 118619
2026/10/03 08:51:58.252, 7, 119533
2026/10/03 08:51:59.252, 0, 77692
2026/10/03 08:51:59.252, 1, 70562
2026/10/03 08:51:59.252, 2, 70564
2026/10/03 08:51:59.252, 3, 69510
2026/10/03 08:51:59.252, 4, 118187
2026/10/03 08:51:59.252, 5, 117639
2026/10/03 08:51:59.252, 6, 118619
2026/10/03 08:51:59.252, 7, 119533
2026/10/03 08:52:00.253, 0, 77692
2026/10/03 08:52:00.253, 1, 70562
2026/10/03 08:52:00.253, 2, 70564
2026/10/03 08:52:00.253, 3, 69510
2026/10/03 08:52:00.253, 4, 118187
2026/10/03 08:52:00.253, 5, 117639
2026/10/03 08:52:00.253, 6, 118619
2026/10/03 08:52:00.253, 7, 119533
2026/10/03 08:52:01.253, 0, 77692
2026/10/03 08:52:01.255, 1, 70562
2026/10/03 08:52:01.255, 2, 70564
2026/10/03 08:52:01.255, 3, 69510
2026/10/03 08:52:01.255, 4, 118187
2026/10/03 08:52:01.255, 5, 117639
2026/10/03 08:52:01.255, 6, 118619
2026/10/03 08:52:01.255, 7, 119533
2026/10/03 08:52:02.255, 0, 77692
2026/10/03 08:52:02.255, 1, 70562
2026/10/03 08:52:02.256, 2, 70564
2026/10/03 08:52:02.256, 3, 69510
2026/10/03 08:52:02.256, 4, 118187
2026/10/03 08:52:02.256, 5, 117639
2026/10/03 08:52:02.256, 6, 118619
2026/10/03 08:52:02.256, 7, 119533
2026/10/03 08:52:03.257, 0, 77692
2026/10/03 08:52:03.257, 1, 70562
2026/10/03 08:52:03.257, 2, 70564
2026/10/03 08:52:03.257, 3, 69510
2026/10/03 08:52:03.257, 4, 118187
2026/10/03 08:52:03.257, 5, 117639
2026/10/03 08:52:03.257, 6, 118619
2026/10/03 08:52:03.257, 7, 119533
2026/10/03 08:52:04.257, 0, 77692
2026/10/03 08:52:04.257, 1, 70562
2026/10/03 08:52:04.257, 2, 70564
2026/10/03 08:52:04.257, 3, 69510
2026/10/03 08:52:04.257, 4, 118187
2026/10/03 08:52:04.257, 5, 117639
2026/10/03 08:52:04.257, 6, 118619
2026/10/03 08:52:04.258, 7, 119533
2026/10/03 08:52:05.258, 0, 77692
2026/10/03 08:52:05.258, 1, 70562
2026/10/03 08:52:05.258, 2, 70564
2026/10/03 08:52:05.258, 3, 69510
2026/10/03 08:52:05.258, 4, 117617
2026/10/03 08:52:05.258, 5, 118031
2026/10/03 08:52:05.258, 6, 117999
2026/10/03 08:52:05.258, 7, 117759
2026/10/03 08:52:06.258, 0, 77692
2026/10/03 08:52:06.258, 1, 70562
2026/10/03 08:52:06.258, 2, 70564
2026/10/03 08:52:06.258, 3, 69510
2026/10/03 08:52:06.258, 4, 117617
2026/10/03 08:52:06.258, 5, 118031
2026/10/03 08:52:06.258, 6, 117999
2026/10/03 08:52:06.258, 7, 117759
2026/10/03 08:52:07.258, 0, 77692
2026/10/03 08:52:07.260, 1, 70562
2026/10/03 08:52:07.260, 2, 70564
2026/10/03 08:52:07.261, 3, 69510
2026/10/03 08:52:07.261, 4, 117641
2026/10/03 08:52:07.261, 5, 118155
2026/10/03 08:52:07.261, 6, 118021
2026/10/03 08:52:07.261, 7, 117783
2026/10/03 08:52:08.261, 0, 77692
2026/10/03 08:52:08.261, 1, 70562
2026/10/03 08:52:08.261, 2, 70564
2026/10/03 08:52:08.261, 3, 69510
2026/10/03 08:52:08.261, 4, 117641
2026/10/03 08:52:08.261, 5, 118155
2026/10/03 08:52:08.261, 6, 118021
2026/10/03 08:52:08.261, 7, 117783
2026/10/03 08:52:09.261, 0, 77692
2026/10/03 08:52:09.261, 1, 70562
2026/10/03 08:52:09.261, 2, 70564
2026/10/03 08:52:09.261, 3, 69510
2026/10/03 08:52:09.261, 4, 117641
2026/10/03 08:52:09.261, 5, 118155
2026/10/03 08:52:09.262, 6, 118021
2026/10/03 08:52:09.262, 7, 117783
2026/10/03 08:52:10.262, 0, 77692
2026/10/03 08:52:10.262, 1, 70562
2026/10/03 08:52:10.262, 2, 70564
2026/10/03 08:52:10.262, 3, 69510
2026/10/03 08:52:10.262, 4, 117673
2026/10/03 08:52:10.262, 5, 118155
2026/10/03 08:52:10.262, 6, 118021
2026/10/03 08:52:10.262, 7, 117783
2026/10/03 08:52:11.262, 0, 77692
2026/10/03 08:52:11.262, 1, 70562
2026/10/03 08:52:11.262, 2, 70564
2026/10/03 08:52:11.262, 3, 69510
2026/10/03 08:52:11.262, 4, 117673
2026/10/03 08:52:11.262, 5, 119139
2026/10/03 08:52:11.262, 6, 118021
2026/10/03 08:52:11.262, 7, 117783
2026/10/03 08:52:12.262, 0, 77692
2026/10/03 08:52:12.263, 1, 70562
2026/10/03 08:52:12.263, 2, 70564
2026/10/03 08:52:12.263, 3, 69510
2026/10/03 08:52:12.263, 4, 117673
2026/10/03 08:52:12.263, 5, 119139
2026/10/03 08:52:12.263, 6, 118021
2026/10/03 08:52:12.263, 7, 117783
2026/10/03 08:52:13.263, 0, 77692
2026/10/03 08:52:13.266, 1, 70562
2026/10/03 08:52:13.272, 2, 70564
2026/10/03 08:52:13.272, 3, 69510
2026/10/03 08:52:13.272, 4, 117673
2026/10/03 08:52:13.272, 5, 119139
2026/10/03 08:52:13.272, 6, 118021
2026/10/03 08:52:13.272, 7, 117783
2026/10/03 08:52:14.272, 0, 77692
2026/10/03 08:52:14.272, 1, 70562
2026/10/03 08:52:14.272, 2, 70564
2026/10/03 08:52:14.272, 3, 69510
2026/10/03 08:52:14.272, 4, 117673
2026/10/03 08:52:14.272, 5, 119139
2026/10/03 08:52:14.272, 6, 118021
2026/10/03 08:52:14.272, 7, 117783
2026/10/03 08:52:15.272, 0, 77692
2026/10/03 08:52:15.274, 1, 70562
2026/10/03 08:52:15.275, 2, 70564
2026/10/03 08:52:15.276, 3, 69510
2026/10/03 08:52:15.276, 4, 117673
2026/10/03 08:52:15.276, 5, 119139
2026/10/03 08:52:15.276, 6, 118021
2026/10/03 08:52:15.277, 7, 117783
2026/10/03 08:52:16.277, 0, 77692
2026/10/03 08:52:16.277, 1, 70562
2026/10/03 08:52:16.277, 2, 70564
2026/10/03 08:52:16.277, 3, 69510
2026/10/03 08:52:16.277, 4, 117673
2026/10/03 08:52:16.277, 5, 119139
2026/10/03 08:52:16.277, 6, 118023
2026/10/03 08:52:16.277, 7, 117783
2026/10/03 08:52:17.277, 0, 77692
2026/10/03 08:52:17.278, 1, 70562
2026/10/03 08:52:17.278, 2, 70564
2026/10/03 08:52:17.347, 3, 69510
2026/10/03 08:52:17.349, 4, 117673
2026/10/03 08:52:17.349, 5, 119139
2026/10/03 08:52:17.349, 6, 118023
2026/10/03 08:52:17.349, 7, 117783
2026/10/03 08:52:18.349, 0, 77692
2026/10/03 08:52:18.351, 1, 70562
2026/10/03 08:52:18.355, 2, 70564
2026/10/03 08:52:18.359, 3, 69510
2026/10/03 08:52:18.365, 4, 117673
2026/10/03 08:52:18.366, 5, 119139
2026/10/03 08:52:18.371, 6, 118023
2026/10/03 08:52:18.377, 7, 117783
2026/10/03 08:52:19.379, 0, 77692
2026/10/03 08:52:19.380, 1, 70562
2026/10/03 08:52:19.380, 2, 70564
2026/10/03 08:52:19.380, 3, 69510
2026/10/03 08:52:19.380, 4, 117673
2026/10/03 08:52:19.380, 5, 119139
2026/10/03 08:52:19.380, 6, 118023
2026/10/03 08:52:19.380, 7, 117783
2026/10/03 08:52:20.380, 0, 77692
2026/10/03 08:52:20.380, 1, 70562
2026/10/03 08:52:20.380, 2, 70564
2026/10/03 08:52:20.380, 3, 69510
2026/10/03 08:52:20.380, 4, 117673
2026/10/03 08:52:20.380, 5, 119139
2026/10/03 08:52:20.380, 6, 118023
2026/10/03 08:52:20.380, 7, 117783
2026/10/03 08:52:21.380, 0, 77692
2026/10/03 08:52:21.380, 1, 70562
2026/10/03 08:52:21.380, 2, 70564
2026/10/03 08:52:21.380, 3, 69510
2026/10/03 08:52:21.380, 4, 117673
2026/10/03 08:52:21.380, 5, 119139
2026/10/03 08:52:21.380, 6, 118023
2026/10/03 08:52:21.380, 7, 117783
2026/10/03 08:52:22.380, 0, 77692
2026/10/03 08:52:22.380, 1, 70562
2026/10/03 08:52:22.380, 2, 70564
2026/10/03 08:52:22.380, 3, 69510
2026/10/03 08:52:22.381, 4, 117673
2026/10/03 08:52:22.381, 5, 119139
2026/10/03 08:52:22.381, 6, 118023
2026/10/03 08:52:22.381, 7, 117783
2026/10/03 08:52:23.381, 0, 77692
2026/10/03 08:52:23.381, 1, 70562
2026/10/03 08:52:23.381, 2, 70564
2026/10/03 08:52:23.381, 3, 69510
2026/10/03 08:52:23.381, 4, 117617
2026/10/03 08:52:23.381, 5, 118031
2026/10/03 08:52:23.381, 6, 117999
2026/10/03 08:52:23.381, 7, 117759
2026/10/03 08:52:24.381, 0, 77692
2026/10/03 08:52:24.381, 1, 70562
2026/10/03 08:52:24.381, 2, 70564
2026/10/03 08:52:24.381, 3, 69510
2026/10/03 08:52:24.381, 4, 117617
2026/10/03 08:52:24.381, 5, 118031
2026/10/03 08:52:24.381, 6, 117999
2026/10/03 08:52:24.381, 7, 117759
2026/10/03 08:52:25.381, 0, 77692
2026/10/03 08:52:25.381, 1, 70562
2026/10/03 08:52:25.381, 2, 70564
2026/10/03 08:52:25.381, 3, 69510
2026/10/03 08:52:25.381, 4, 117971
2026/10/03 08:52:25.381, 5, 118053
2026/10/03 08:52:25.381, 6, 118247
2026/10/03 08:52:25.381, 7, 118001
2026/10/03 08:52:26.381, 0, 77692
2026/10/03 08:52:26.381, 1, 70562
2026/10/03 08:52:26.381, 2, 70564
2026/10/03 08:52:26.381, 3, 69510
2026/10/03 08:52:26.382, 4, 118117
2026/10/03 08:52:26.382, 5, 118053
2026/10/03 08:52:26.382, 6, 118585
2026/10/03 08:52:26.382, 7, 118235
2026/10/03 08:52:27.382, 0, 77692
2026/10/03 08:52:27.383, 1, 70562
2026/10/03 08:52:27.384, 2, 70564
2026/10/03 08:52:27.385, 3, 69510
2026/10/03 08:52:27.386, 4, 118117
2026/10/03 08:52:27.388, 5, 118053
2026/10/03 08:52:27.389, 6, 119237
2026/10/03 08:52:27.390, 7, 118235
2026/10/03 08:52:28.392, 0, 77692
2026/10/03 08:52:28.392, 1, 70562
2026/10/03 08:52:28.392, 2, 70564
2026/10/03 08:52:28.392, 3, 69510
2026/10/03 08:52:28.392, 4, 118117
2026/10/03 08:52:28.392, 5, 118053
2026/10/03 08:52:28.392, 6, 119237
2026/10/03 08:52:28.392, 7, 118235
2026/10/03 08:52:29.392, 0, 77692
2026/10/03 08:52:29.392, 1, 70562
2026/10/03 08:52:29.392, 2, 70564
2026/10/03 08:52:29.392, 3, 69510
2026/10/03 08:52:29.392, 4, 118117
2026/10/03 08:52:29.392, 5, 118053
2026/10/03 08:52:29.392, 6, 119237
2026/10/03 08:52:29.392, 7, 118235
2026/10/03 08:52:30.392, 0, 77692
2026/10/03 08:52:30.392, 1, 70562
2026/10/03 08:52:30.392, 2, 70564
2026/10/03 08:52:30.392, 3, 69510
2026/10/03 08:52:30.392, 4, 118117
2026/10/03 08:52:30.392, 5, 118053
2026/10/03 08:52:30.392, 6, 119237
2026/10/03 08:52:30.392, 7, 118235
2026/10/03 08:52:31.392, 0, 77692
2026/10/03 08:52:31.393, 1, 70562
2026/10/03 08:52:31.393, 2, 70564
2026/10/03 08:52:31.393, 3, 69510
2026/10/03 08:52:31.393, 4, 118117
2026/10/03 08:52:31.393, 5, 118053
2026/10/03 08:52:31.393, 6, 119237
2026/10/03 08:52:31.393, 7, 118235
2026/10/03 08:52:32.393, 0, 77692
2026/10/03 08:52:32.395, 1, 70562
2026/10/03 08:52:32.398, 2, 70564
2026/10/03 08:52:32.399, 3, 69510
2026/10/03 08:52:32.401, 4, 118117
2026/10/03 08:52:32.401, 5, 118055
2026/10/03 08:52:32.403, 6, 119237
2026/10/03 08:52:32.406, 7, 118235
2026/10/03 08:52:33.408, 0, 77692
2026/10/03 08:52:33.408, 1, 70562
2026/10/03 08:52:33.408, 2, 70564
2026/10/03 08:52:33.408, 3, 69510
2026/10/03 08:52:33.408, 4, 118117
2026/10/03 08:52:33.408, 5, 118055
2026/10/03 08:52:33.408, 6, 119237
2026/10/03 08:52:33.408, 7, 118235
2026/10/03 08:52:34.408, 0, 77692
2026/10/03 08:52:34.408, 1, 70562
2026/10/03 08:52:34.408, 2, 70564
2026/10/03 08:52:34.408, 3, 69510
2026/10/03 08:52:34.408, 4, 118117
2026/10/03 08:52:34.408, 5, 118055
2026/10/03 08:52:34.408, 6, 119237
2026/10/03 08:52:34.408, 7, 118235
2026/10/03 08:52:35.409, 0, 77692
2026/10/03 08:52:35.409, 1, 70562
2026/10/03 08:52:35.409, 2, 70564
2026/10/03 08:52:35.409, 3, 69510
2026/10/03 08:52:35.409, 4, 118117
2026/10/03 08:52:35.409, 5, 118055
2026/10/03 08:52:35.409, 6, 119237
2026/10/03 08:52:35.409, 7, 118235
2026/10/03 08:52:36.409, 0, 77692
2026/10/03 08:52:36.409, 1, 70562
2026/10/03 08:52:36.409, 2, 70564
2026/10/03 08:52:36.409, 3, 69510
2026/10/03 08:52:36.409, 4, 118117
2026/10/03 08:52:36.409, 5, 118055
2026/10/03 08:52:36.409, 6, 119237
2026/10/03 08:52:36.409, 7, 118235
2026/10/03 08:52:37.409, 0, 77696
2026/10/03 08:52:37.410, 1, 70562
2026/10/03 08:52:37.411, 2, 70564
2026/10/03 08:52:37.411, 3, 69510
2026/10/03 08:52:37.412, 4, 118117
2026/10/03 08:52:37.413, 5, 118055
2026/10/03 08:52:37.414, 6, 119237
2026/10/03 08:52:37.415, 7, 118235
2026/10/03 08:52:38.416, 0, 77696
2026/10/03 08:52:38.416, 1, 70562
2026/10/03 08:52:38.416, 2, 70564
2026/10/03 08:52:38.416, 3, 69510
2026/10/03 08:52:38.416, 4, 118117
2026/10/03 08:52:38.416, 5, 118055
2026/10/03 08:52:38.416, 6, 119237
2026/10/03 08:52:38.416, 7, 118235
2026/10/03 08:52:39.416, 0, 77696
2026/10/03 08:52:39.416, 1, 70562
2026/10/03 08:52:39.417, 2, 70564
2026/10/03 08:52:39.417, 3, 69510
2026/10/03 08:52:39.417, 4, 117617
2026/10/03 08:52:39.417, 5, 118031
2026/10/03 08:52:39.417, 6, 117999
2026/10/03 08:52:39.417, 7, 117759
2026/10/03 08:52:40.417, 0, 77696
2026/10/03 08:52:40.417, 1, 70562
2026/10/03 08:52:40.417, 2, 70564
2026/10/03 08:52:40.417, 3, 69510
2026/10/03 08:52:40.417, 4, 117617
2026/10/03 08:52:40.417, 5, 118031
2026/10/03 08:52:40.417, 6, 117999
2026/10/03 08:52:40.417, 7, 117759
2026/10/03 08:52:41.417, 0, 77696
2026/10/03 08:52:41.417, 1, 70562
2026/10/03 08:52:41.417, 2, 70564
2026/10/03 08:52:41.417, 3, 69510
2026/10/03 08:52:41.417, 4, 117639
2026/10/03 08:52:41.417, 5, 118243
2026/10/03 08:52:41.417, 6, 118021
2026/10/03 08:52:41.417, 7, 117803
2026/10/03 08:52:42.417, 0, 77696
2026/10/03 08:52:42.418, 1, 70562
2026/10/03 08:52:42.418, 2, 70564
2026/10/03 08:52:42.418, 3, 69510
2026/10/03 08:52:42.418, 4, 117639
2026/10/03 08:52:42.418, 5, 118243
2026/10/03 08:52:42.418, 6, 118021
2026/10/03 08:52:42.418, 7, 117803
2026/10/03 08:52:43.418, 0, 77696
2026/10/03 08:52:43.418, 1, 70562
2026/10/03 08:52:43.418, 2, 70564
2026/10/03 08:52:43.418, 3, 69510
2026/10/03 08:52:43.418, 4, 117641
2026/10/03 08:52:43.418, 5, 118243
2026/10/03 08:52:43.418, 6, 118021
2026/10/03 08:52:43.418, 7, 117803
2026/10/03 08:52:44.418, 0, 77696
2026/10/03 08:52:44.418, 1, 70562
2026/10/03 08:52:44.418, 2, 70564
2026/10/03 08:52:44.418, 3, 69510
2026/10/03 08:52:44.418, 4, 117673
2026/10/03 08:52:44.418, 5, 118243
2026/10/03 08:52:44.418, 6, 118021
2026/10/03 08:52:44.418, 7, 117803
2026/10/03 08:52:45.418, 0, 77696
2026/10/03 08:52:45.418, 1, 70562
2026/10/03 08:52:45.418, 2, 70564
2026/10/03 08:52:45.418, 3, 69510
2026/10/03 08:52:45.418, 4, 117673
2026/10/03 08:52:45.418, 5, 119521
2026/10/03 08:52:45.418, 6, 118021
2026/10/03 08:52:45.418, 7, 117803
2026/10/03 08:52:46.419, 0, 77696
2026/10/03 08:52:46.419, 1, 70562
2026/10/03 08:52:46.419, 2, 70564
2026/10/03 08:52:46.419, 3, 69510
2026/10/03 08:52:46.419, 4, 117673
2026/10/03 08:52:46.419, 5, 119521
2026/10/03 08:52:46.419, 6, 118021
2026/10/03 08:52:46.419, 7, 117803
2026/10/03 08:52:47.419, 0, 77696
2026/10/03 08:52:47.450, 1, 70562
2026/10/03 08:52:47.452, 2, 70564
2026/10/03 08:52:47.454, 3, 69510
2026/10/03 08:52:47.461, 4, 117673
2026/10/03 08:52:47.466, 5, 119521
2026/10/03 08:52:47.471, 6, 118021
2026/10/03 08:52:47.478, 7, 117803
2026/10/03 08:52:48.487, 0, 77696
2026/10/03 08:52:48.492, 1, 70562
2026/10/03 08:52:48.492, 2, 70564
2026/10/03 08:52:48.495, 3, 69510
2026/10/03 08:52:48.496, 4, 117673
2026/10/03 08:52:48.499, 5, 119521
2026/10/03 08:52:48.500, 6, 118021
2026/10/03 08:52:48.503, 7, 117803
2026/10/03 08:52:49.509, 0, 77696
2026/10/03 08:52:49.509, 1, 70562
2026/10/03 08:52:49.509, 2, 70564
2026/10/03 08:52:49.509, 3, 69510
2026/10/03 08:52:49.509, 4, 117673
2026/10/03 08:52:49.509, 5, 119521
2026/10/03 08:52:49.509, 6, 118021
2026/10/03 08:52:49.509, 7, 117803
2026/10/03 08:52:50.509, 0, 77696
2026/10/03 08:52:50.509, 1, 70562
2026/10/03 08:52:50.509, 2, 70564
2026/10/03 08:52:50.509, 3, 69510
2026/10/03 08:52:50.509, 4, 117673
2026/10/03 08:52:50.509, 5, 119521
2026/10/03 08:52:50.509, 6, 118021
2026/10/03 08:52:50.510, 7, 117803
2026/10/03 08:52:51.510, 0, 77696
2026/10/03 08:52:51.510, 1, 70562
2026/10/03 08:52:51.510, 2, 70564
2026/10/03 08:52:51.510, 3, 69510
2026/10/03 08:52:51.510, 4, 117673
2026/10/03 08:52:51.510, 5, 119521
2026/10/03 08:52:51.510, 6, 118021
2026/10/03 08:52:51.510, 7, 117803
2026/10/03 08:52:52.510, 0, 77696
2026/10/03 08:52:52.510, 1, 70562
2026/10/03 08:52:52.510, 2, 70564
2026/10/03 08:52:52.510, 3, 69510
2026/10/03 08:52:52.510, 4, 117673
2026/10/03 08:52:52.510, 5, 119521
2026/10/03 08:52:52.510, 6, 118021
2026/10/03 08:52:52.510, 7, 117803
2026/10/03 08:52:53.510, 0, 77696
2026/10/03 08:52:53.510, 1, 70562
2026/10/03 08:52:53.510, 2, 70564
2026/10/03 08:52:53.510, 3, 69510
2026/10/03 08:52:53.510, 4, 117673
2026/10/03 08:52:53.510, 5, 119521
2026/10/03 08:52:53.510, 6, 118023
2026/10/03 08:52:53.510, 7, 117803
2026/10/03 08:52:54.510, 0, 77696
2026/10/03 08:52:54.510, 1, 70562
2026/10/03 08:52:54.510, 2, 70564
2026/10/03 08:52:54.511, 3, 69510
2026/10/03 08:52:54.511, 4, 117673
2026/10/03 08:52:54.511, 5, 119521
2026/10/03 08:52:54.511, 6, 118023
2026/10/03 08:52:54.511, 7, 117803
2026/10/03 08:52:55.511, 0, 77696
2026/10/03 08:52:55.511, 1, 70564
2026/10/03 08:52:55.511, 2, 70564
2026/10/03 08:52:55.511, 3, 69510
2026/10/03 08:52:55.511, 4, 117673
2026/10/03 08:52:55.511, 5, 119521
2026/10/03 08:52:55.511, 6, 118023
2026/10/03 08:52:55.511, 7, 117803
2026/10/03 08:52:56.511, 0, 77696
2026/10/03 08:52:56.511, 1, 70564
2026/10/03 08:52:56.511, 2, 70564
2026/10/03 08:52:56.511, 3, 69510
2026/10/03 08:52:56.511, 4, 117673
2026/10/03 08:52:56.511, 5, 119521
2026/10/03 08:52:56.511, 6, 118023
2026/10/03 08:52:56.511, 7, 117803
2026/10/03 08:52:57.511, 0, 77696
2026/10/03 08:52:57.511, 1, 70564
2026/10/03 08:52:57.511, 2, 70564
2026/10/03 08:52:57.511, 3, 69510
2026/10/03 08:52:57.511, 4, 117617
2026/10/03 08:52:57.511, 5, 117999
2026/10/03 08:52:57.511, 6, 117999
2026/10/03 08:52:57.511, 7, 117759
2026/10/03 08:52:58.511, 0, 77696
2026/10/03 08:52:58.511, 1, 70564
2026/10/03 08:52:58.511, 2, 70564
2026/10/03 08:52:58.512, 3, 69510
2026/10/03 08:52:58.512, 4, 117639
2026/10/03 08:52:58.512, 5, 117999
2026/10/03 08:52:58.512, 6, 118023
2026/10/03 08:52:58.512, 7, 117783
2026/10/03 08:52:59.512, 0, 77696
2026/10/03 08:52:59.512, 1, 70564
2026/10/03 08:52:59.512, 2, 70564
2026/10/03 08:52:59.512, 3, 69510
2026/10/03 08:52:59.512, 4, 118317
2026/10/03 08:52:59.512, 5, 118021
2026/10/03 08:52:59.512, 6, 118511
2026/10/03 08:52:59.512, 7, 118311
2026/10/03 08:53:00.512, 0, 77696
2026/10/03 08:53:00.512, 1, 70564
2026/10/03 08:53:00.512, 2, 70564
2026/10/03 08:53:00.512, 3, 69510
2026/10/03 08:53:00.512, 4, 118317
2026/10/03 08:53:00.512, 5, 118021
2026/10/03 08:53:00.512, 6, 118643
2026/10/03 08:53:00.512, 7, 118311
2026/10/03 08:53:01.512, 0, 77696
2026/10/03 08:53:01.512, 1, 70564
2026/10/03 08:53:01.512, 2, 70564
2026/10/03 08:53:01.513, 3, 69510
2026/10/03 08:53:01.513, 4, 118317
2026/10/03 08:53:01.513, 5, 118021
2026/10/03 08:53:01.513, 6, 118775
2026/10/03 08:53:01.513, 7, 118311
2026/10/03 08:53:02.513, 0, 77696
2026/10/03 08:53:02.513, 1, 70564
2026/10/03 08:53:02.513, 2, 70564
2026/10/03 08:53:02.513, 3, 69510
2026/10/03 08:53:02.513, 4, 118317
2026/10/03 08:53:02.513, 5, 118021
2026/10/03 08:53:02.513, 6, 118775
2026/10/03 08:53:02.513, 7, 118311
2026/10/03 08:53:03.513, 0, 77696
2026/10/03 08:53:03.513, 1, 70564
2026/10/03 08:53:03.513, 2, 70564
2026/10/03 08:53:03.513, 3, 69510
2026/10/03 08:53:03.513, 4, 118317
2026/10/03 08:53:03.513, 5, 118021
2026/10/03 08:53:03.513, 6, 118775
2026/10/03 08:53:03.513, 7, 118311
2026/10/03 08:53:04.513, 0, 77696
2026/10/03 08:53:04.513, 1, 70564
2026/10/03 08:53:04.513, 2, 70564
2026/10/03 08:53:04.513, 3, 69510
2026/10/03 08:53:04.513, 4, 118317
2026/10/03 08:53:04.513, 5, 118021
2026/10/03 08:53:04.513, 6, 118775
2026/10/03 08:53:04.513, 7, 118311
2026/10/03 08:53:05.513, 0, 77696
2026/10/03 08:53:05.514, 1, 70564
2026/10/03 08:53:05.514, 2, 70564
2026/10/03 08:53:05.514, 3, 69510
2026/10/03 08:53:05.514, 4, 118317
2026/10/03 08:53:05.514, 5, 118023
2026/10/03 08:53:05.514, 6, 118775
2026/10/03 08:53:05.514, 7, 118311
2026/10/03 08:53:06.514, 0, 77696
2026/10/03 08:53:06.514, 1, 70564
2026/10/03 08:53:06.514, 2, 70564
2026/10/03 08:53:06.514, 3, 69510
2026/10/03 08:53:06.514, 4, 118317
2026/10/03 08:53:06.514, 5, 118023
2026/10/03 08:53:06.514, 6, 118775
2026/10/03 08:53:06.514, 7, 118311
2026/10/03 08:53:07.514, 0, 77696
2026/10/03 08:53:07.514, 1, 70564
2026/10/03 08:53:07.514, 2, 70564
2026/10/03 08:53:07.514, 3, 69510
2026/10/03 08:53:07.514, 4, 118317
2026/10/03 08:53:07.514, 5, 118023
2026/10/03 08:53:07.514, 6, 118775
2026/10/03 08:53:07.514, 7, 118311
2026/10/03 08:53:08.515, 0, 77696
2026/10/03 08:53:08.515, 1, 70564
2026/10/03 08:53:08.515, 2, 70564
2026/10/03 08:53:08.515, 3, 69510
2026/10/03 08:53:08.515, 4, 118317
2026/10/03 08:53:08.515, 5, 118023
2026/10/03 08:53:08.515, 6, 118775
2026/10/03 08:53:08.515, 7, 118311
2026/10/03 08:53:09.515, 0, 77696
2026/10/03 08:53:09.515, 1, 70564
2026/10/03 08:53:09.515, 2, 70564
2026/10/03 08:53:09.515, 3, 69510
2026/10/03 08:53:09.516, 4, 118317
2026/10/03 08:53:09.516, 5, 118023
2026/10/03 08:53:09.516, 6, 118775
2026/10/03 08:53:09.516, 7, 118311
2026/10/03 08:53:10.518, 0, 77696
2026/10/03 08:53:10.518, 1, 70564
2026/10/03 08:53:10.518, 2, 70564
2026/10/03 08:53:10.518, 3, 69510
2026/10/03 08:53:10.518, 4, 118317
2026/10/03 08:53:10.518, 5, 118023
2026/10/03 08:53:10.518, 6, 118775
2026/10/03 08:53:10.518, 7, 118311
2026/10/03 08:53:11.518, 0, 77696
2026/10/03 08:53:11.520, 1, 70564
2026/10/03 08:53:11.520, 2, 70564
2026/10/03 08:53:11.521, 3, 69510
2026/10/03 08:53:11.521, 4, 118317
2026/10/03 08:53:11.521, 5, 118023
2026/10/03 08:53:11.521, 6, 118775
2026/10/03 08:53:11.521, 7, 118311
2026/10/03 08:53:12.522, 0, 77696
2026/10/03 08:53:12.522, 1, 70564
2026/10/03 08:53:12.522, 2, 70564
2026/10/03 08:53:12.522, 3, 69510
2026/10/03 08:53:12.522, 4, 118317
2026/10/03 08:53:12.522, 5, 118023
2026/10/03 08:53:12.522, 6, 118775
2026/10/03 08:53:12.522, 7, 118311
2026/10/03 08:53:13.522, 0, 77696
2026/10/03 08:53:13.522, 1, 70564
2026/10/03 08:53:13.522, 2, 70564
2026/10/03 08:53:13.523, 3, 69510
2026/10/03 08:53:13.523, 4, 118713
2026/10/03 08:53:13.523, 5, 118061
2026/10/03 08:53:13.523, 6, 118659
2026/10/03 08:53:13.523, 7, 118419
2026/10/03 08:53:14.523, 0, 77696
2026/10/03 08:53:14.523, 1, 70564
2026/10/03 08:53:14.523, 2, 70564
2026/10/03 08:53:14.523, 3, 69510
2026/10/03 08:53:14.523, 4, 117617
2026/10/03 08:53:14.523, 5, 117999
2026/10/03 08:53:14.523, 6, 117999
2026/10/03 08:53:14.523, 7, 117759
2026/10/03 08:53:15.523, 0, 77696
2026/10/03 08:53:15.523, 1, 70564
2026/10/03 08:53:15.523, 2, 70564
2026/10/03 08:53:15.523, 3, 69510
2026/10/03 08:53:15.523, 4, 117617
2026/10/03 08:53:15.523, 5, 117999
2026/10/03 08:53:15.523, 6, 117999
2026/10/03 08:53:15.523, 7, 117759
2026/10/03 08:53:16.524, 0, 77696
2026/10/03 08:53:16.524, 1, 70564
2026/10/03 08:53:16.524, 2, 70564
2026/10/03 08:53:16.524, 3, 69510
2026/10/03 08:53:16.524, 4, 117617
2026/10/03 08:53:16.524, 5, 117999
2026/10/03 08:53:16.524, 6, 117999
2026/10/03 08:53:16.524, 7, 117759
2026/10/03 08:53:17.524, 0, 77696
2026/10/03 08:53:17.554, 1, 70564
2026/10/03 08:53:17.561, 2, 70564
2026/10/03 08:53:17.567, 3, 69510
2026/10/03 08:53:17.590, 4, 117617
2026/10/03 08:53:17.597, 5, 117999
2026/10/03 08:53:17.603, 6, 117999
2026/10/03 08:53:17.651, 7, 117759
2026/10/03 08:53:18.657, 0, 77696
2026/10/03 08:53:18.657, 1, 70564
2026/10/03 08:53:18.657, 2, 70564
2026/10/03 08:53:18.657, 3, 69510
2026/10/03 08:53:18.657, 4, 117617
2026/10/03 08:53:18.657, 5, 117999
2026/10/03 08:53:18.657, 6, 117999
2026/10/03 08:53:18.657, 7, 117759
2026/10/03 08:53:19.657, 0, 77696
2026/10/03 08:53:19.657, 1, 70564
2026/10/03 08:53:19.657, 2, 70564
2026/10/03 08:53:19.657, 3, 69510
2026/10/03 08:53:19.657, 4, 117641
2026/10/03 08:53:19.657, 5, 118197
2026/10/03 08:53:19.657, 6, 118021
2026/10/03 08:53:19.657, 7, 117781
2026/10/03 08:53:20.657, 0, 77696
2026/10/03 08:53:20.657, 1, 70564
2026/10/03 08:53:20.657, 2, 70564
2026/10/03 08:53:20.657, 3, 69510
2026/10/03 08:53:20.657, 4, 117641
2026/10/03 08:53:20.657, 5, 119785
2026/10/03 08:53:20.658, 6, 118021
2026/10/03 08:53:20.658, 7, 117783
2026/10/03 08:53:21.658, 0, 77696
2026/10/03 08:53:21.658, 1, 70564
2026/10/03 08:53:21.658, 2, 70564
2026/10/03 08:53:21.658, 3, 69510
2026/10/03 08:53:21.658, 4, 117641
2026/10/03 08:53:21.658, 5, 119785
2026/10/03 08:53:21.658, 6, 118021
2026/10/03 08:53:21.658, 7, 117783
2026/10/03 08:53:22.658, 0, 77696
2026/10/03 08:53:22.659, 1, 70564
2026/10/03 08:53:22.659, 2, 70564
2026/10/03 08:53:22.659, 3, 69510
2026/10/03 08:53:22.659, 4, 117641
2026/10/03 08:53:22.659, 5, 119785
2026/10/03 08:53:22.659, 6, 118023
2026/10/03 08:53:22.659, 7, 117783
2026/10/03 08:53:23.659, 0, 77696
2026/10/03 08:53:23.659, 1, 70564
2026/10/03 08:53:23.659, 2, 70564
2026/10/03 08:53:23.659, 3, 69510
2026/10/03 08:53:23.659, 4, 117641
2026/10/03 08:53:23.659, 5, 119785
2026/10/03 08:53:23.659, 6, 118023
2026/10/03 08:53:23.659, 7, 117783
2026/10/03 08:53:24.659, 0, 77696
2026/10/03 08:53:24.659, 1, 70564
2026/10/03 08:53:24.689, 2, 70564
2026/10/03 08:53:24.689, 3, 69510
2026/10/03 08:53:24.689, 4, 117673
2026/10/03 08:53:24.689, 5, 119785
2026/10/03 08:53:24.689, 6, 118023
2026/10/03 08:53:24.689, 7, 117783
2026/10/03 08:53:25.689, 0, 77696
2026/10/03 08:53:25.689, 1, 70564
2026/10/03 08:53:25.689, 2, 70564
2026/10/03 08:53:25.689, 3, 69510
2026/10/03 08:53:25.689, 4, 117673
2026/10/03 08:53:25.689, 5, 119785
2026/10/03 08:53:25.689, 6, 118023
2026/10/03 08:53:25.689, 7, 117783
2026/10/03 08:53:26.689, 0, 77696
2026/10/03 08:53:26.689, 1, 70564
2026/10/03 08:53:26.689, 2, 70564
2026/10/03 08:53:26.689, 3, 69510
2026/10/03 08:53:26.689, 4, 117673
2026/10/03 08:53:26.689, 5, 119785
2026/10/03 08:53:26.690, 6, 118023
2026/10/03 08:53:26.690, 7, 117783
2026/10/03 08:53:27.690, 0, 77696
2026/10/03 08:53:27.690, 1, 70564
2026/10/03 08:53:27.690, 2, 70564
2026/10/03 08:53:27.690, 3, 69510
2026/10/03 08:53:27.690, 4, 117673
2026/10/03 08:53:27.690, 5, 119785
2026/10/03 08:53:27.690, 6, 118023
2026/10/03 08:53:27.690, 7, 117783
2026/10/03 08:53:28.691, 0, 77696
2026/10/03 08:53:28.691, 1, 70564
2026/10/03 08:53:28.691, 2, 70564
2026/10/03 08:53:28.691, 3, 69510
2026/10/03 08:53:28.691, 4, 117673
2026/10/03 08:53:28.691, 5, 119785
2026/10/03 08:53:28.691, 6, 118023
2026/10/03 08:53:28.691, 7, 117783
2026/10/03 08:53:29.691, 0, 77696
2026/10/03 08:53:29.691, 1, 70564
2026/10/03 08:53:29.691, 2, 70564
2026/10/03 08:53:29.691, 3, 69510
2026/10/03 08:53:29.691, 4, 117673
2026/10/03 08:53:29.691, 5, 119785
2026/10/03 08:53:29.691, 6, 118023
2026/10/03 08:53:29.691, 7, 117785
2026/10/03 08:53:30.691, 0, 77696
2026/10/03 08:53:30.691, 1, 70564
2026/10/03 08:53:30.691, 2, 70564
2026/10/03 08:53:30.691, 3, 69510
2026/10/03 08:53:30.691, 4, 117673
2026/10/03 08:53:30.691, 5, 119785
2026/10/03 08:53:30.691, 6, 118023
2026/10/03 08:53:30.691, 7, 117785
2026/10/03 08:53:31.691, 0, 77696
2026/10/03 08:53:31.691, 1, 70564
2026/10/03 08:53:31.691, 2, 70564
2026/10/03 08:53:31.691, 3, 69510
2026/10/03 08:53:31.691, 4, 117891
2026/10/03 08:53:31.692, 5, 119785
2026/10/03 08:53:31.692, 6, 118113
2026/10/03 08:53:31.692, 7, 118027
2026/10/03 08:53:32.692, 0, 77696
2026/10/03 08:53:32.692, 1, 70564
2026/10/03 08:53:32.692, 2, 70564
2026/10/03 08:53:32.692, 3, 69510
2026/10/03 08:53:32.692, 4, 117891
2026/10/03 08:53:32.692, 5, 119785
2026/10/03 08:53:32.692, 6, 118283
2026/10/03 08:53:32.692, 7, 118027
2026/10/03 08:53:33.692, 0, 77696
2026/10/03 08:53:33.692, 1, 70564
2026/10/03 08:53:33.692, 2, 70564
2026/10/03 08:53:33.692, 3, 69510
2026/10/03 08:53:33.692, 4, 118279
2026/10/03 08:53:33.692, 5, 118021
2026/10/03 08:53:33.692, 6, 117999
2026/10/03 08:53:33.692, 7, 119041
2026/10/03 08:53:34.692, 0, 77696
2026/10/03 08:53:34.692, 1, 70564
2026/10/03 08:53:34.694, 2, 70564
2026/10/03 08:53:34.695, 3, 69510
2026/10/03 08:53:34.699, 4, 118279
2026/10/03 08:53:34.699, 5, 118043
2026/10/03 08:53:34.700, 6, 118819
2026/10/03 08:53:34.700, 7, 119041
2026/10/03 08:53:35.701, 0, 77696
2026/10/03 08:53:35.701, 1, 70564
2026/10/03 08:53:35.701, 2, 70564
2026/10/03 08:53:35.701, 3, 69510
2026/10/03 08:53:35.701, 4, 118279
2026/10/03 08:53:35.701, 5, 118043
2026/10/03 08:53:35.701, 6, 118819
2026/10/03 08:53:35.701, 7, 119041
2026/10/03 08:53:36.701, 0, 77696
2026/10/03 08:53:36.701, 1, 70564
2026/10/03 08:53:36.701, 2, 70564
2026/10/03 08:53:36.701, 3, 69510
2026/10/03 08:53:36.701, 4, 118279
2026/10/03 08:53:36.701, 5, 118043
2026/10/03 08:53:36.701, 6, 118819
2026/10/03 08:53:36.701, 7, 119041
2026/10/03 08:53:37.701, 0, 77696
2026/10/03 08:53:37.701, 1, 70564
2026/10/03 08:53:37.701, 2, 70564
2026/10/03 08:53:37.738, 3, 69510
2026/10/03 08:53:37.738, 4, 118279
2026/10/03 08:53:37.738, 5, 118043
2026/10/03 08:53:37.738, 6, 118819
2026/10/03 08:53:37.738, 7, 119041
2026/10/03 08:53:38.738, 0, 77696
2026/10/03 08:53:38.738, 1, 70564
2026/10/03 08:53:38.738, 2, 70564
2026/10/03 08:53:38.738, 3, 69510
2026/10/03 08:53:38.738, 4, 118281
2026/10/03 08:53:38.738, 5, 118043
2026/10/03 08:53:38.738, 6, 118819
2026/10/03 08:53:38.738, 7, 119041
2026/10/03 08:53:39.738, 0, 77696
2026/10/03 08:53:39.738, 1, 70564
2026/10/03 08:53:39.738, 2, 70564
2026/10/03 08:53:39.738, 3, 69510
2026/10/03 08:53:39.738, 4, 118281
2026/10/03 08:53:39.738, 5, 118043
2026/10/03 08:53:39.738, 6, 118819
2026/10/03 08:53:39.738, 7, 119041
2026/10/03 08:53:40.738, 0, 77696
2026/10/03 08:53:40.739, 1, 70564
2026/10/03 08:53:40.739, 2, 70564
2026/10/03 08:53:40.739, 3, 69510
2026/10/03 08:53:40.739, 4, 118281
2026/10/03 08:53:40.739, 5, 118043
2026/10/03 08:53:40.739, 6, 118819
2026/10/03 08:53:40.739, 7, 119041
2026/10/03 08:53:41.739, 0, 77696
2026/10/03 08:53:41.739, 1, 70564
2026/10/03 08:53:41.739, 2, 70564
2026/10/03 08:53:41.739, 3, 69510
2026/10/03 08:53:41.739, 4, 118281
2026/10/03 08:53:41.739, 5, 118043
2026/10/03 08:53:41.739, 6, 118819
2026/10/03 08:53:41.739, 7, 119041
2026/10/03 08:53:42.739, 0, 77696
2026/10/03 08:53:42.740, 1, 70564
2026/10/03 08:53:42.741, 2, 70564
2026/10/03 08:53:42.742, 3, 69510
2026/10/03 08:53:42.742, 4, 118281
2026/10/03 08:53:42.742, 5, 118043
2026/10/03 08:53:42.744, 6, 118819
2026/10/03 08:53:42.745, 7, 119041
2026/10/03 08:53:43.750, 0, 77696
2026/10/03 08:53:43.774, 1, 70564
2026/10/03 08:53:43.776, 2, 70564
2026/10/03 08:53:43.777, 3, 69510
2026/10/03 08:53:43.777, 4, 118281
2026/10/03 08:53:43.777, 5, 118043
2026/10/03 08:53:43.777, 6, 118819
2026/10/03 08:53:43.777, 7, 119041
2026/10/03 08:53:44.777, 0, 77696
2026/10/03 08:53:44.780, 1, 70564
2026/10/03 08:53:44.781, 2, 70564
2026/10/03 08:53:44.783, 3, 69510
2026/10/03 08:53:44.785, 4, 118281
2026/10/03 08:53:44.786, 5, 118043
2026/10/03 08:53:44.788, 6, 118819
2026/10/03 08:53:44.789, 7, 119041
2026/10/03 08:53:45.791, 0, 77696
2026/10/03 08:53:45.791, 1, 70564
2026/10/03 08:53:45.791, 2, 70564
2026/10/03 08:53:45.791, 3, 69510
2026/10/03 08:53:45.791, 4, 118281
2026/10/03 08:53:45.791, 5, 118043
2026/10/03 08:53:45.791, 6, 118819
2026/10/03 08:53:45.791, 7, 119041
2026/10/03 08:53:46.791, 0, 77696
2026/10/03 08:53:46.791, 1, 70564
2026/10/03 08:53:46.791, 2, 70564
2026/10/03 08:53:46.791, 3, 69510
2026/10/03 08:53:46.791, 4, 118281
2026/10/03 08:53:46.791, 5, 118043
2026/10/03 08:53:46.791, 6, 118819
2026/10/03 08:53:46.791, 7, 119041
2026/10/03 08:53:47.791, 0, 77696
2026/10/03 08:53:47.793, 1, 70564
2026/10/03 08:53:47.795, 2, 70564
2026/10/03 08:53:47.797, 3, 69510
2026/10/03 08:53:47.799, 4, 118219
2026/10/03 08:53:47.801, 5, 118467
2026/10/03 08:53:47.803, 6, 118609
2026/10/03 08:53:47.805, 7, 118369
2026/10/03 08:53:48.806, 0, 77696
2026/10/03 08:53:48.806, 1, 70564
2026/10/03 08:53:48.806, 2, 70564
2026/10/03 08:53:48.806, 3, 69510
2026/10/03 08:53:48.806, 4, 117617
2026/10/03 08:53:48.806, 5, 117999
2026/10/03 08:53:48.806, 6, 117999
2026/10/03 08:53:48.806, 7, 117759
2026/10/03 08:53:49.806, 0, 77696
2026/10/03 08:53:49.806, 1, 70564
2026/10/03 08:53:49.807, 2, 70564
2026/10/03 08:53:49.807, 3, 69510
2026/10/03 08:53:49.807, 4, 117617
2026/10/03 08:53:49.807, 5, 117999
2026/10/03 08:53:49.807, 6, 117999
2026/10/03 08:53:49.807, 7, 117759
2026/10/03 08:53:50.807, 0, 77696
2026/10/03 08:53:50.807, 1, 70564
2026/10/03 08:53:50.807, 2, 70564
2026/10/03 08:53:50.807, 3, 69510
2026/10/03 08:53:50.807, 4, 117617
2026/10/03 08:53:50.807, 5, 117999
2026/10/03 08:53:50.807, 6, 117999
2026/10/03 08:53:50.807, 7, 117759
2026/10/03 08:53:51.807, 0, 77696
2026/10/03 08:53:51.807, 1, 70564
2026/10/03 08:53:51.807, 2, 70564
2026/10/03 08:53:51.807, 3, 69510
2026/10/03 08:53:51.807, 4, 117617
2026/10/03 08:53:51.807, 5, 118061
2026/10/03 08:53:51.807, 6, 117999
2026/10/03 08:53:51.807, 7, 117759
2026/10/03 08:53:52.807, 0, 77696
2026/10/03 08:53:52.807, 1, 70564
2026/10/03 08:53:52.807, 2, 70564
2026/10/03 08:53:52.807, 3, 69510
2026/10/03 08:53:52.807, 4, 117641
2026/10/03 08:53:52.807, 5, 118061
2026/10/03 08:53:52.807, 6, 118023
2026/10/03 08:53:52.807, 7, 117783
2026/10/03 08:53:53.807, 0, 77696
2026/10/03 08:53:53.807, 1, 70564
2026/10/03 08:53:53.807, 2, 70564
2026/10/03 08:53:53.807, 3, 69510
2026/10/03 08:53:53.826, 4, 117687
2026/10/03 08:53:53.826, 5, 118061
2026/10/03 08:53:53.826, 6, 118023
2026/10/03 08:53:53.826, 7, 117783
2026/10/03 08:53:54.826, 0, 77696
2026/10/03 08:53:54.826, 1, 70564
2026/10/03 08:53:54.826, 2, 70564
2026/10/03 08:53:54.826, 3, 69510
2026/10/03 08:53:54.826, 4, 117719
2026/10/03 08:53:54.826, 5, 118087
2026/10/03 08:53:54.826, 6, 118023
2026/10/03 08:53:54.826, 7, 117783
2026/10/03 08:53:55.826, 0, 77696
2026/10/03 08:53:55.826, 1, 70564
2026/10/03 08:53:55.827, 2, 70564
2026/10/03 08:53:55.827, 3, 69510
2026/10/03 08:53:55.827, 4, 117719
2026/10/03 08:53:55.827, 5, 119425
2026/10/03 08:53:55.827, 6, 118023
2026/10/03 08:53:55.827, 7, 117783
2026/10/03 08:53:56.827, 0, 77696
2026/10/03 08:53:56.827, 1, 70564
2026/10/03 08:53:56.827, 2, 70564
2026/10/03 08:53:56.827, 3, 69510
2026/10/03 08:53:56.828, 4, 117719
2026/10/03 08:53:56.828, 5, 119425
2026/10/03 08:53:56.828, 6, 118023
2026/10/03 08:53:56.828, 7, 117783
2026/10/03 08:53:57.828, 0, 77696
2026/10/03 08:53:57.828, 1, 70564
2026/10/03 08:53:57.828, 2, 70564
2026/10/03 08:53:57.828, 3, 69510
2026/10/03 08:53:57.828, 4, 117719
2026/10/03 08:53:57.828, 5, 119425
2026/10/03 08:53:57.828, 6, 118023
2026/10/03 08:53:57.828, 7, 117783
2026/10/03 08:53:58.828, 0, 77696
2026/10/03 08:53:58.828, 1, 70564
2026/10/03 08:53:58.828, 2, 70564
2026/10/03 08:53:58.828, 3, 69510
2026/10/03 08:53:58.828, 4, 117719
2026/10/03 08:53:58.828, 5, 119425
2026/10/03 08:53:58.828, 6, 118023
2026/10/03 08:53:58.828, 7, 117783
2026/10/03 08:53:59.828, 0, 77696
2026/10/03 08:53:59.828, 1, 70564
2026/10/03 08:53:59.828, 2, 70564
2026/10/03 08:53:59.828, 3, 69510
2026/10/03 08:53:59.828, 4, 117719
2026/10/03 08:53:59.828, 5, 119425
2026/10/03 08:53:59.828, 6, 118023
2026/10/03 08:53:59.828, 7, 117783
2026/10/03 08:54:00.828, 0, 77696
2026/10/03 08:54:00.829, 1, 70564
2026/10/03 08:54:00.829, 2, 70564
2026/10/03 08:54:00.829, 3, 69510
2026/10/03 08:54:00.829, 4, 117719
2026/10/03 08:54:00.829, 5, 119425
2026/10/03 08:54:00.829, 6, 118023
2026/10/03 08:54:00.829, 7, 117783
2026/10/03 08:54:01.829, 0, 77696
2026/10/03 08:54:01.829, 1, 70564
2026/10/03 08:54:01.829, 2, 70564
2026/10/03 08:54:01.829, 3, 69510
2026/10/03 08:54:01.829, 4, 117719
2026/10/03 08:54:01.829, 5, 119425
2026/10/03 08:54:01.829, 6, 118023
2026/10/03 08:54:01.829, 7, 117783
2026/10/03 08:54:02.829, 0, 77696
2026/10/03 08:54:02.829, 1, 70564
2026/10/03 08:54:02.829, 2, 70564
2026/10/03 08:54:02.829, 3, 69510
2026/10/03 08:54:02.829, 4, 117751
2026/10/03 08:54:02.829, 5, 119425
2026/10/03 08:54:02.829, 6, 118023
2026/10/03 08:54:02.829, 7, 117783
2026/10/03 08:54:03.829, 0, 77696
2026/10/03 08:54:03.829, 1, 70564
2026/10/03 08:54:03.829, 2, 70564
2026/10/03 08:54:03.829, 3, 69510
2026/10/03 08:54:03.829, 4, 117751
2026/10/03 08:54:03.829, 5, 119425
2026/10/03 08:54:03.829, 6, 118023
2026/10/03 08:54:03.829, 7, 117783
2026/10/03 08:54:04.830, 0, 77696
2026/10/03 08:54:04.830, 1, 70564
2026/10/03 08:54:04.830, 2, 70564
2026/10/03 08:54:04.830, 3, 69510
2026/10/03 08:54:04.830, 4, 117751
2026/10/03 08:54:04.830, 5, 119425
2026/10/03 08:54:04.830, 6, 118023
2026/10/03 08:54:04.830, 7, 117783
2026/10/03 08:54:05.830, 0, 77696
2026/10/03 08:54:05.830, 1, 70564
2026/10/03 08:54:05.830, 2, 70564
2026/10/03 08:54:05.830, 3, 69510
2026/10/03 08:54:05.830, 4, 117751
2026/10/03 08:54:05.830, 5, 119425
2026/10/03 08:54:05.830, 6, 118023
2026/10/03 08:54:05.830, 7, 117783
2026/10/03 08:54:06.830, 0, 77696
2026/10/03 08:54:06.830, 1, 70564
2026/10/03 08:54:06.830, 2, 70564
2026/10/03 08:54:06.830, 3, 69510
2026/10/03 08:54:06.830, 4, 117617
2026/10/03 08:54:06.830, 5, 117999
2026/10/03 08:54:06.830, 6, 117999
2026/10/03 08:54:06.830, 7, 117759
2026/10/03 08:54:07.830, 0, 77696
2026/10/03 08:54:07.830, 1, 70564
2026/10/03 08:54:07.830, 2, 70564
2026/10/03 08:54:07.830, 3, 69510
2026/10/03 08:54:07.830, 4, 117641
2026/10/03 08:54:07.830, 5, 118041
2026/10/03 08:54:07.830, 6, 118365
2026/10/03 08:54:07.830, 7, 117949
2026/10/03 08:54:08.831, 0, 77696
2026/10/03 08:54:08.831, 1, 70564
2026/10/03 08:54:08.831, 2, 70564
2026/10/03 08:54:08.831, 3, 69510
2026/10/03 08:54:08.831, 4, 117673
2026/10/03 08:54:08.831, 5, 118041
2026/10/03 08:54:08.831, 6, 118869
2026/10/03 08:54:08.831, 7, 118149
2026/10/03 08:54:09.831, 0, 77696
2026/10/03 08:54:09.831, 1, 70564
2026/10/03 08:54:09.831, 2, 70564
2026/10/03 08:54:09.831, 3, 69510
2026/10/03 08:54:09.831, 4, 117673
2026/10/03 08:54:09.831, 5, 118041
2026/10/03 08:54:09.831, 6, 119411
2026/10/03 08:54:09.831, 7, 118387
2026/10/03 08:54:10.831, 0, 77696
2026/10/03 08:54:10.832, 1, 70564
2026/10/03 08:54:10.832, 2, 70564
2026/10/03 08:54:10.832, 3, 69510
2026/10/03 08:54:10.832, 4, 117947
2026/10/03 08:54:10.832, 5, 118041
2026/10/03 08:54:10.832, 6, 119411
2026/10/03 08:54:10.832, 7, 118387
2026/10/03 08:54:11.832, 0, 77696
2026/10/03 08:54:11.832, 1, 70564
2026/10/03 08:54:11.832, 2, 70564
2026/10/03 08:54:11.832, 3, 69510
2026/10/03 08:54:11.832, 4, 117947
2026/10/03 08:54:11.832, 5, 118041
2026/10/03 08:54:11.832, 6, 119411
2026/10/03 08:54:11.832, 7, 118387
2026/10/03 08:54:12.832, 0, 77696
2026/10/03 08:54:12.832, 1, 70564
2026/10/03 08:54:12.832, 2, 70564
2026/10/03 08:54:12.832, 3, 69510
2026/10/03 08:54:12.832, 4, 117947
2026/10/03 08:54:12.832, 5, 118043
2026/10/03 08:54:12.832, 6, 119411
2026/10/03 08:54:12.832, 7, 118387
2026/10/03 08:54:13.832, 0, 77696
2026/10/03 08:54:13.832, 1, 70564
2026/10/03 08:54:13.832, 2, 70564
2026/10/03 08:54:13.832, 3, 69510
2026/10/03 08:54:13.832, 4, 117947
2026/10/03 08:54:13.832, 5, 118043
2026/10/03 08:54:13.832, 6, 119411
2026/10/03 08:54:13.832, 7, 118387
2026/10/03 08:54:14.833, 0, 77696
2026/10/03 08:54:14.833, 1, 70564
2026/10/03 08:54:14.833, 2, 70564
2026/10/03 08:54:14.833, 3, 69510
2026/10/03 08:54:14.833, 4, 117947
2026/10/03 08:54:14.833, 5, 118043
2026/10/03 08:54:14.833, 6, 119411
2026/10/03 08:54:14.833, 7, 118387
2026/10/03 08:54:15.833, 0, 77696
2026/10/03 08:54:15.833, 1, 70564
2026/10/03 08:54:15.833, 2, 70564
2026/10/03 08:54:15.833, 3, 69510
2026/10/03 08:54:15.833, 4, 117947
2026/10/03 08:54:15.833, 5, 118043
2026/10/03 08:54:15.833, 6, 119411
2026/10/03 08:54:15.833, 7, 118387
2026/10/03 08:54:16.833, 0, 77696
2026/10/03 08:54:16.833, 1, 70564
2026/10/03 08:54:16.833, 2, 70564
2026/10/03 08:54:16.833, 3, 69510
2026/10/03 08:54:16.833, 4, 117947
2026/10/03 08:54:16.833, 5, 118043
2026/10/03 08:54:16.833, 6, 119411
2026/10/03 08:54:16.833, 7, 118387
2026/10/03 08:54:17.833, 0, 77696
2026/10/03 08:54:17.835, 1, 70564
2026/10/03 08:54:17.853, 2, 70564
2026/10/03 08:54:17.861, 3, 69510
2026/10/03 08:54:17.868, 4, 117947
2026/10/03 08:54:17.873, 5, 118043
2026/10/03 08:54:17.879, 6, 119411
2026/10/03 08:54:17.882, 7, 118387
2026/10/03 08:54:18.883, 0, 77696
2026/10/03 08:54:18.883, 1, 70564
2026/10/03 08:54:18.883, 2, 70564
2026/10/03 08:54:18.883, 3, 69510
2026/10/03 08:54:18.883, 4, 117947
2026/10/03 08:54:18.884, 5, 118043
2026/10/03 08:54:18.902, 6, 119411
2026/10/03 08:54:18.902, 7, 118387
2026/10/03 08:54:19.903, 0, 77696
2026/10/03 08:54:19.903, 1, 70564
2026/10/03 08:54:19.903, 2, 70564
2026/10/03 08:54:19.903, 3, 69510
2026/10/03 08:54:19.903, 4, 117947
2026/10/03 08:54:19.903, 5, 118043
2026/10/03 08:54:19.903, 6, 119411
2026/10/03 08:54:19.903, 7, 118387
2026/10/03 08:54:20.903, 0, 77696
2026/10/03 08:54:20.903, 1, 70564
2026/10/03 08:54:20.903, 2, 70564
2026/10/03 08:54:20.903, 3, 69510
2026/10/03 08:54:20.903, 4, 118691
2026/10/03 08:54:20.903, 5, 118253
2026/10/03 08:54:20.903, 6, 118637
2026/10/03 08:54:20.903, 7, 118397
2026/10/03 08:54:21.903, 0, 77696
2026/10/03 08:54:21.903, 1, 70564
2026/10/03 08:54:21.903, 2, 70564
2026/10/03 08:54:21.903, 3, 69510
2026/10/03 08:54:21.903, 4, 117617
2026/10/03 08:54:21.903, 5, 117999
2026/10/03 08:54:21.903, 6, 117999
2026/10/03 08:54:21.903, 7, 117759
2026/10/03 08:54:22.903, 0, 77696
2026/10/03 08:54:22.903, 1, 70564
2026/10/03 08:54:22.903, 2, 70564
2026/10/03 08:54:22.903, 3, 69510
2026/10/03 08:54:22.903, 4, 117617
2026/10/03 08:54:22.903, 5, 117999
2026/10/03 08:54:22.903, 6, 117999
2026/10/03 08:54:22.904, 7, 117759
2026/10/03 08:54:23.904, 0, 77696
2026/10/03 08:54:23.904, 1, 70564
2026/10/03 08:54:23.904, 2, 70564
2026/10/03 08:54:23.904, 3, 69510
2026/10/03 08:54:23.904, 4, 117617
2026/10/03 08:54:23.904, 5, 117999
2026/10/03 08:54:23.904, 6, 117999
2026/10/03 08:54:23.904, 7, 117759
2026/10/03 08:54:24.904, 0, 77696
2026/10/03 08:54:24.904, 1, 70564
2026/10/03 08:54:24.904, 2, 70564
2026/10/03 08:54:24.904, 3, 69510
2026/10/03 08:54:24.904, 4, 117617
2026/10/03 08:54:24.904, 5, 117999
2026/10/03 08:54:24.904, 6, 117999
2026/10/03 08:54:24.904, 7, 117759
2026/10/03 08:54:25.904, 0, 77696
2026/10/03 08:54:25.904, 1, 70564
2026/10/03 08:54:25.904, 2, 70564
2026/10/03 08:54:25.904, 3, 69510
2026/10/03 08:54:25.904, 4, 117617
2026/10/03 08:54:25.904, 5, 117999
2026/10/03 08:54:25.904, 6, 117999
2026/10/03 08:54:25.904, 7, 117759
2026/10/03 08:54:26.904, 0, 77696
2026/10/03 08:54:26.904, 1, 70564
2026/10/03 08:54:26.904, 2, 70564
2026/10/03 08:54:26.904, 3, 69510
2026/10/03 08:54:26.904, 4, 117617
2026/10/03 08:54:26.904, 5, 118209
2026/10/03 08:54:26.904, 6, 117999
2026/10/03 08:54:26.905, 7, 117759
2026/10/03 08:54:27.905, 0, 77696
2026/10/03 08:54:27.905, 1, 70564
2026/10/03 08:54:27.905, 2, 70564
2026/10/03 08:54:27.905, 3, 69510
2026/10/03 08:54:27.905, 4, 117641
2026/10/03 08:54:27.905, 5, 118211
2026/10/03 08:54:27.905, 6, 118023
2026/10/03 08:54:27.905, 7, 117781
2026/10/03 08:54:28.905, 0, 77696
2026/10/03 08:54:28.905, 1, 70564
2026/10/03 08:54:28.905, 2, 70564
2026/10/03 08:54:28.905, 3, 69510
2026/10/03 08:54:28.905, 4, 117641
2026/10/03 08:54:28.905, 5, 118211
2026/10/03 08:54:28.905, 6, 118023
2026/10/03 08:54:28.905, 7, 117781
2026/10/03 08:54:29.905, 0, 77696
2026/10/03 08:54:29.905, 1, 70564
2026/10/03 08:54:29.905, 2, 70564
2026/10/03 08:54:29.905, 3, 69510
2026/10/03 08:54:29.905, 4, 117673
2026/10/03 08:54:29.905, 5, 118211
2026/10/03 08:54:29.905, 6, 118023
2026/10/03 08:54:29.905, 7, 117781
2026/10/03 08:54:30.905, 0, 77696
2026/10/03 08:54:30.905, 1, 70564
2026/10/03 08:54:30.905, 2, 70564
2026/10/03 08:54:30.905, 3, 69510
2026/10/03 08:54:30.906, 4, 117673
2026/10/03 08:54:30.906, 5, 118907
2026/10/03 08:54:30.906, 6, 118023
2026/10/03 08:54:30.906, 7, 117781
2026/10/03 08:54:31.906, 0, 77696
2026/10/03 08:54:31.906, 1, 70564
2026/10/03 08:54:31.906, 2, 70564
2026/10/03 08:54:31.906, 3, 69510
2026/10/03 08:54:31.906, 4, 117673
2026/10/03 08:54:31.906, 5, 118907
2026/10/03 08:54:31.906, 6, 118023
2026/10/03 08:54:31.906, 7, 117781
2026/10/03 08:54:32.906, 0, 77696
2026/10/03 08:54:32.906, 1, 70564
2026/10/03 08:54:32.906, 2, 70564
2026/10/03 08:54:32.906, 3, 69510
2026/10/03 08:54:32.906, 4, 117673
2026/10/03 08:54:32.906, 5, 118907
2026/10/03 08:54:32.906, 6, 118023
2026/10/03 08:54:32.906, 7, 117781
2026/10/03 08:54:33.906, 0, 77696
2026/10/03 08:54:33.906, 1, 70564
2026/10/03 08:54:33.906, 2, 70564
2026/10/03 08:54:33.906, 3, 69510
2026/10/03 08:54:33.906, 4, 117673
2026/10/03 08:54:33.906, 5, 118907
2026/10/03 08:54:33.906, 6, 118023
2026/10/03 08:54:33.906, 7, 117781
2026/10/03 08:54:34.906, 0, 77696
2026/10/03 08:54:34.906, 1, 70564
2026/10/03 08:54:34.907, 2, 70564
2026/10/03 08:54:34.907, 3, 69510
2026/10/03 08:54:34.907, 4, 117673
2026/10/03 08:54:34.907, 5, 118907
2026/10/03 08:54:34.907, 6, 118023
2026/10/03 08:54:34.907, 7, 117781
2026/10/03 08:54:35.907, 0, 77696
2026/10/03 08:54:35.907, 1, 70564
2026/10/03 08:54:35.907, 2, 70564
2026/10/03 08:54:35.907, 3, 69510
2026/10/03 08:54:35.907, 4, 117673
2026/10/03 08:54:35.907, 5, 118907
2026/10/03 08:54:35.907, 6, 118023
2026/10/03 08:54:35.907, 7, 117781
2026/10/03 08:54:36.907, 0, 77696
2026/10/03 08:54:36.907, 1, 70564
2026/10/03 08:54:36.907, 2, 70564
2026/10/03 08:54:36.907, 3, 69510
2026/10/03 08:54:36.907, 4, 117673
2026/10/03 08:54:36.907, 5, 118907
2026/10/03 08:54:36.907, 6, 118023
2026/10/03 08:54:36.907, 7, 117783
2026/10/03 08:54:37.907, 0, 77696
2026/10/03 08:54:37.907, 1, 70564
2026/10/03 08:54:37.907, 2, 70564
2026/10/03 08:54:37.907, 3, 69510
2026/10/03 08:54:37.907, 4, 117673
2026/10/03 08:54:37.907, 5, 118907
2026/10/03 08:54:37.907, 6, 118023
2026/10/03 08:54:37.907, 7, 117783
2026/10/03 08:54:38.907, 0, 77696
2026/10/03 08:54:38.908, 1, 70564
2026/10/03 08:54:38.908, 2, 70564
2026/10/03 08:54:38.908, 3, 69510
2026/10/03 08:54:38.908, 4, 117673
2026/10/03 08:54:38.908, 5, 118907
2026/10/03 08:54:38.908, 6, 118023
2026/10/03 08:54:38.908, 7, 117783
2026/10/03 08:54:39.908, 0, 77696
2026/10/03 08:54:39.908, 1, 70564
2026/10/03 08:54:39.908, 2, 70564
2026/10/03 08:54:39.908, 3, 69510
2026/10/03 08:54:39.908, 4, 117673
2026/10/03 08:54:39.908, 5, 118907
2026/10/03 08:54:39.908, 6, 118023
2026/10/03 08:54:39.908, 7, 117783
2026/10/03 08:54:40.908, 0, 77696
2026/10/03 08:54:40.908, 1, 70564
2026/10/03 08:54:40.908, 2, 70564
2026/10/03 08:54:40.908, 3, 69510
2026/10/03 08:54:40.908, 4, 117673
2026/10/03 08:54:40.908, 5, 118907
2026/10/03 08:54:40.908, 6, 118023
2026/10/03 08:54:40.909, 7, 118011
2026/10/03 08:54:41.909, 0, 77696
2026/10/03 08:54:41.909, 1, 70564
2026/10/03 08:54:41.909, 2, 70564
2026/10/03 08:54:41.909, 3, 69510
2026/10/03 08:54:41.909, 4, 117617
2026/10/03 08:54:41.909, 5, 117999
2026/10/03 08:54:41.909, 6, 117999
2026/10/03 08:54:41.909, 7, 117759
2026/10/03 08:54:42.909, 0, 77696
2026/10/03 08:54:42.909, 1, 70564
2026/10/03 08:54:42.909, 2, 70564
2026/10/03 08:54:42.909, 3, 69510
2026/10/03 08:54:42.909, 4, 117913
2026/10/03 08:54:42.909, 5, 118021
2026/10/03 08:54:42.909, 6, 119117
2026/10/03 08:54:42.909, 7, 118377
2026/10/03 08:54:43.909, 0, 77696
2026/10/03 08:54:43.909, 1, 70564
2026/10/03 08:54:43.909, 2, 70564
2026/10/03 08:54:43.909, 3, 69510
2026/10/03 08:54:43.909, 4, 117913
2026/10/03 08:54:43.909, 5, 118021
2026/10/03 08:54:43.909, 6, 124849
2026/10/03 08:54:43.909, 7, 118379
2026/10/03 08:54:44.909, 0, 77696
2026/10/03 08:54:44.910, 1, 70564
2026/10/03 08:54:44.910, 2, 70564
2026/10/03 08:54:44.910, 3, 69510
2026/10/03 08:54:44.910, 4, 118033
2026/10/03 08:54:44.910, 5, 118021
2026/10/03 08:54:44.910, 6, 127593
2026/10/03 08:54:44.910, 7, 118379
2026/10/03 08:54:45.910, 0, 77696
2026/10/03 08:54:45.910, 1, 70564
2026/10/03 08:54:45.910, 2, 70564
2026/10/03 08:54:45.910, 3, 69510
2026/10/03 08:54:45.910, 4, 118033
2026/10/03 08:54:45.910, 5, 118021
2026/10/03 08:54:45.910, 6, 127593
2026/10/03 08:54:45.910, 7, 118379
2026/10/03 08:54:46.910, 0, 77696
2026/10/03 08:54:46.910, 1, 70564
2026/10/03 08:54:46.910, 2, 70564
2026/10/03 08:54:46.910, 3, 69510
2026/10/03 08:54:46.910, 4, 118033
2026/10/03 08:54:46.910, 5, 118021
2026/10/03 08:54:46.910, 6, 127593
2026/10/03 08:54:46.910, 7, 118379
2026/10/03 08:54:47.910, 0, 77696
2026/10/03 08:54:47.919, 1, 70564
2026/10/03 08:54:47.925, 2, 70564
2026/10/03 08:54:47.935, 3, 69510
2026/10/03 08:54:47.942, 4, 118033
2026/10/03 08:54:47.950, 5, 118023
2026/10/03 08:54:47.956, 6, 127593
2026/10/03 08:54:47.962, 7, 118379
2026/10/03 08:54:48.967, 0, 77696
2026/10/03 08:54:48.968, 1, 70564
2026/10/03 08:54:48.970, 2, 70564
2026/10/03 08:54:48.971, 3, 69510
2026/10/03 08:54:48.972, 4, 118033
2026/10/03 08:54:48.975, 5, 118023
2026/10/03 08:54:48.977, 6, 127593
2026/10/03 08:54:48.978, 7, 118379
2026/10/03 08:54:49.979, 0, 77696
2026/10/03 08:54:49.979, 1, 70564
2026/10/03 08:54:49.979, 2, 70564
2026/10/03 08:54:49.980, 3, 69510
2026/10/03 08:54:49.981, 4, 118033
2026/10/03 08:54:49.981, 5, 118023
2026/10/03 08:54:49.981, 6, 127593
2026/10/03 08:54:49.981, 7, 118379
2026/10/03 08:54:50.982, 0, 77696
2026/10/03 08:54:50.982, 1, 70564
2026/10/03 08:54:50.982, 2, 70564
2026/10/03 08:54:50.982, 3, 69510
2026/10/03 08:54:50.982, 4, 118033
2026/10/03 08:54:50.982, 5, 118023
2026/10/03 08:54:50.982, 6, 127593
2026/10/03 08:54:50.982, 7, 118379
2026/10/03 08:54:51.982, 0, 77696
2026/10/03 08:54:51.982, 1, 70564
2026/10/03 08:54:51.982, 2, 70564
2026/10/03 08:54:51.982, 3, 69510
2026/10/03 08:54:51.982, 4, 118033
2026/10/03 08:54:51.982, 5, 118023
2026/10/03 08:54:51.982, 6, 127593
2026/10/03 08:54:51.982, 7, 118379
2026/10/03 08:54:52.982, 0, 77696
2026/10/03 08:54:52.984, 1, 70564
2026/10/03 08:54:52.985, 2, 70564
2026/10/03 08:54:52.985, 3, 69510
2026/10/03 08:54:52.985, 4, 118033
2026/10/03 08:54:52.986, 5, 118023
2026/10/03 08:54:52.986, 6, 127593
2026/10/03 08:54:52.986, 7, 118379
2026/10/03 08:54:53.986, 0, 77696
2026/10/03 08:54:53.986, 1, 70564
2026/10/03 08:54:53.986, 2, 70564
2026/10/03 08:54:53.986, 3, 69510
2026/10/03 08:54:53.986, 4, 118033
2026/10/03 08:54:53.986, 5, 118023
2026/10/03 08:54:53.986, 6, 127593
2026/10/03 08:54:53.986, 7, 118379
2026/10/03 08:54:54.986, 0, 77696
2026/10/03 08:54:54.986, 1, 70564
2026/10/03 08:54:54.986, 2, 70564
2026/10/03 08:54:54.986, 3, 69510
2026/10/03 08:54:54.986, 4, 118033
2026/10/03 08:54:54.986, 5, 118023
2026/10/03 08:54:54.986, 6, 127593
2026/10/03 08:54:54.986, 7, 118379
2026/10/03 08:54:55.986, 0, 77696
2026/10/03 08:54:55.987, 1, 70564
2026/10/03 08:54:55.987, 2, 70564
2026/10/03 08:54:55.987, 3, 69510
2026/10/03 08:54:55.987, 4, 118033
2026/10/03 08:54:55.987, 5, 118023
2026/10/03 08:54:55.987, 6, 127593
2026/10/03 08:54:55.987, 7, 118379
2026/10/03 08:54:56.987, 0, 77696
2026/10/03 08:54:56.987, 1, 70564
2026/10/03 08:54:56.987, 2, 70564
2026/10/03 08:54:56.987, 3, 69510
2026/10/03 08:54:56.987, 4, 117617
2026/10/03 08:54:56.987, 5, 117999
2026/10/03 08:54:56.987, 6, 117999
2026/10/03 08:54:56.987, 7, 117759
2026/10/03 08:54:57.987, 0, 77696
2026/10/03 08:54:57.987, 1, 70564
2026/10/03 08:54:57.987, 2, 70564
2026/10/03 08:54:57.987, 3, 69510
2026/10/03 08:54:57.987, 4, 117617
2026/10/03 08:54:57.987, 5, 117999
2026/10/03 08:54:57.987, 6, 117999
2026/10/03 08:54:57.987, 7, 117759
2026/10/03 08:54:58.987, 0, 77696
2026/10/03 08:54:58.987, 1, 70564
2026/10/03 08:54:58.987, 2, 70564
2026/10/03 08:54:58.987, 3, 69510
2026/10/03 08:54:58.987, 4, 117617
2026/10/03 08:54:58.987, 5, 117999
2026/10/03 08:54:58.987, 6, 117999
2026/10/03 08:54:58.987, 7, 117759
2026/10/03 08:54:59.987, 0, 77696
2026/10/03 08:54:59.988, 1, 70564
2026/10/03 08:54:59.988, 2, 70564
2026/10/03 08:54:59.988, 3, 69510
2026/10/03 08:54:59.988, 4, 117617
2026/10/03 08:54:59.988, 5, 117999
2026/10/03 08:54:59.988, 6, 117999
2026/10/03 08:54:59.988, 7, 117759
2026/10/03 08:55:00.988, 0, 77696
2026/10/03 08:55:00.988, 1, 70564
2026/10/03 08:55:00.988, 2, 70564
2026/10/03 08:55:00.988, 3, 69510
2026/10/03 08:55:00.988, 4, 117617
2026/10/03 08:55:00.988, 5, 117999
2026/10/03 08:55:00.988, 6, 117999
2026/10/03 08:55:00.988, 7, 117759
2026/10/03 08:55:01.988, 0, 77696
2026/10/03 08:55:01.989, 1, 70564
2026/10/03 08:55:01.989, 2, 70564
2026/10/03 08:55:01.989, 3, 69510
2026/10/03 08:55:01.989, 4, 117617
2026/10/03 08:55:01.989, 5, 117999
2026/10/03 08:55:01.989, 6, 117999
2026/10/03 08:55:01.989, 7, 117759
2026/10/03 08:55:02.989, 0, 77696
2026/10/03 08:55:02.990, 1, 70564
2026/10/03 08:55:02.990, 2, 70564
2026/10/03 08:55:02.990, 3, 69510
2026/10/03 08:55:02.990, 4, 117617
2026/10/03 08:55:02.990, 5, 117999
2026/10/03 08:55:02.990, 6, 117999
2026/10/03 08:55:02.990, 7, 117759
2026/10/03 08:55:03.990, 0, 77696
2026/10/03 08:55:03.990, 1, 70564
2026/10/03 08:55:03.990, 2, 70564
2026/10/03 08:55:03.990, 3, 69510
2026/10/03 08:55:03.990, 4, 117617
2026/10/03 08:55:03.990, 5, 117999
2026/10/03 08:55:03.990, 6, 117999
2026/10/03 08:55:03.990, 7, 117759
2026/10/03 08:55:04.990, 0, 77696
2026/10/03 08:55:04.990, 1, 70564
2026/10/03 08:55:04.990, 2, 70564
2026/10/03 08:55:04.990, 3, 69510
2026/10/03 08:55:04.990, 4, 117639
2026/10/03 08:55:04.990, 5, 118477
2026/10/03 08:55:04.990, 6, 118023
2026/10/03 08:55:04.990, 7, 117781
2026/10/03 08:55:05.990, 0, 77696
2026/10/03 08:55:05.990, 1, 70564
2026/10/03 08:55:05.990, 2, 70564
2026/10/03 08:55:05.990, 3, 69510
2026/10/03 08:55:05.990, 4, 117671
2026/10/03 08:55:05.990, 5, 119079
2026/10/03 08:55:05.990, 6, 118023
2026/10/03 08:55:05.990, 7, 117783
2026/10/03 08:55:06.990, 0, 77696
2026/10/03 08:55:06.990, 1, 70564
2026/10/03 08:55:06.991, 2, 70564
2026/10/03 08:55:06.991, 3, 69510
2026/10/03 08:55:06.991, 4, 117673
2026/10/03 08:55:06.991, 5, 119079
2026/10/03 08:55:06.991, 6, 118023
2026/10/03 08:55:06.991, 7, 117783
2026/10/03 08:55:07.991, 0, 77696
2026/10/03 08:55:07.991, 1, 70564
2026/10/03 08:55:07.991, 2, 70564
2026/10/03 08:55:07.991, 3, 69510
2026/10/03 08:55:07.991, 4, 117673
2026/10/03 08:55:07.991, 5, 119079
2026/10/03 08:55:07.991, 6, 118023
2026/10/03 08:55:07.991, 7, 117783
2026/10/03 08:55:08.991, 0, 77696
2026/10/03 08:55:08.991, 1, 70564
2026/10/03 08:55:08.991, 2, 70564
2026/10/03 08:55:08.991, 3, 69510
2026/10/03 08:55:08.991, 4, 117673
2026/10/03 08:55:08.991, 5, 119079
2026/10/03 08:55:08.991, 6, 118023
2026/10/03 08:55:08.991, 7, 117783
2026/10/03 08:55:09.991, 0, 77696
2026/10/03 08:55:09.991, 1, 70564
2026/10/03 08:55:09.992, 2, 70564
2026/10/03 08:55:09.993, 3, 69510
2026/10/03 08:55:09.993, 4, 117673
2026/10/03 08:55:09.993, 5, 119079
2026/10/03 08:55:09.993, 6, 118023
2026/10/03 08:55:09.993, 7, 117783
2026/10/03 08:55:10.993, 0, 77696
2026/10/03 08:55:10.993, 1, 70564
2026/10/03 08:55:10.993, 2, 70564
2026/10/03 08:55:10.993, 3, 69510
2026/10/03 08:55:10.993, 4, 117673
2026/10/03 08:55:10.993, 5, 119079
2026/10/03 08:55:10.993, 6, 118023
2026/10/03 08:55:10.993, 7, 117783
2026/10/03 08:55:11.993, 0, 77696
2026/10/03 08:55:11.993, 1, 70564
2026/10/03 08:55:11.993, 2, 70564
2026/10/03 08:55:11.993, 3, 69510
2026/10/03 08:55:11.993, 4, 117673
2026/10/03 08:55:11.993, 5, 119079
2026/10/03 08:55:11.993, 6, 118023
2026/10/03 08:55:11.993, 7, 117783
2026/10/03 08:55:12.993, 0, 77696
2026/10/03 08:55:12.994, 1, 70564
2026/10/03 08:55:12.994, 2, 70564
2026/10/03 08:55:12.994, 3, 69510
2026/10/03 08:55:12.994, 4, 117673
2026/10/03 08:55:12.994, 5, 119079
2026/10/03 08:55:12.994, 6, 118023
2026/10/03 08:55:12.994, 7, 117783
2026/10/03 08:55:13.994, 0, 77696
2026/10/03 08:55:13.994, 1, 70564
2026/10/03 08:55:13.994, 2, 70564
2026/10/03 08:55:13.994, 3, 69510
2026/10/03 08:55:13.994, 4, 117673
2026/10/03 08:55:13.994, 5, 119079
2026/10/03 08:55:13.994, 6, 118023
2026/10/03 08:55:13.994, 7, 117783
2026/10/03 08:55:14.994, 0, 77696
2026/10/03 08:55:14.995, 1, 70564
2026/10/03 08:55:14.995, 2, 70564
2026/10/03 08:55:14.996, 3, 69510
2026/10/03 08:55:14.996, 4, 117673
2026/10/03 08:55:14.996, 5, 119079
2026/10/03 08:55:14.997, 6, 118023
2026/10/03 08:55:14.997, 7, 118031
2026/10/03 08:55:15.997, 0, 77696
2026/10/03 08:55:15.997, 1, 70564
2026/10/03 08:55:15.997, 2, 70564
2026/10/03 08:55:15.997, 3, 69510
2026/10/03 08:55:15.997, 4, 117873
2026/10/03 08:55:15.997, 5, 119079
2026/10/03 08:55:15.997, 6, 118023
2026/10/03 08:55:15.997, 7, 118031
2026/10/03 08:55:16.997, 0, 77696
2026/10/03 08:55:16.997, 1, 70564
2026/10/03 08:55:16.997, 2, 70564
2026/10/03 08:55:16.997, 3, 69510
2026/10/03 08:55:16.997, 4, 117873
2026/10/03 08:55:16.997, 5, 119079
2026/10/03 08:55:16.997, 6, 118023
2026/10/03 08:55:16.997, 7, 118031
2026/10/03 08:55:17.997, 0, 77696
2026/10/03 08:55:18.000, 1, 70564
2026/10/03 08:55:18.000, 2, 70564
2026/10/03 08:55:18.001, 3, 69510
2026/10/03 08:55:18.004, 4, 118347
2026/10/03 08:55:18.004, 5, 119527
2026/10/03 08:55:18.010, 6, 118475
2026/10/03 08:55:18.014, 7, 118481
2026/10/03 08:55:19.017, 0, 77696
2026/10/03 08:55:19.017, 1, 70564
2026/10/03 08:55:19.017, 2, 70564
2026/10/03 08:55:19.017, 3, 69510
2026/10/03 08:55:19.017, 4, 117617
2026/10/03 08:55:19.017, 5, 117999
2026/10/03 08:55:19.017, 6, 118183
2026/10/03 08:55:19.017, 7, 117759
2026/10/03 08:55:20.017, 0, 77696
2026/10/03 08:55:20.017, 1, 70564
2026/10/03 08:55:20.017, 2, 70564
2026/10/03 08:55:20.017, 3, 69510
2026/10/03 08:55:20.017, 4, 117641
2026/10/03 08:55:20.017, 5, 118021
2026/10/03 08:55:20.017, 6, 119043
2026/10/03 08:55:20.017, 7, 117783
2026/10/03 08:55:21.017, 0, 77696
2026/10/03 08:55:21.017, 1, 70564
2026/10/03 08:55:21.017, 2, 70564
2026/10/03 08:55:21.017, 3, 69510
2026/10/03 08:55:21.017, 4, 118007
2026/10/03 08:55:21.017, 5, 118023
2026/10/03 08:55:21.017, 6, 119663
2026/10/03 08:55:21.017, 7, 117783
2026/10/03 08:55:22.017, 0, 77696
2026/10/03 08:55:22.018, 1, 70564
2026/10/03 08:55:22.018, 2, 70564
2026/10/03 08:55:22.018, 3, 69510
2026/10/03 08:55:22.018, 4, 118201
2026/10/03 08:55:22.018, 5, 118023
2026/10/03 08:55:22.018, 6, 119663
2026/10/03 08:55:22.018, 7, 117783
2026/10/03 08:55:23.018, 0, 77696
2026/10/03 08:55:23.018, 1, 70564
2026/10/03 08:55:23.018, 2, 70564
2026/10/03 08:55:23.018, 3, 69510
2026/10/03 08:55:23.018, 4, 118201
2026/10/03 08:55:23.018, 5, 118023
2026/10/03 08:55:23.018, 6, 119663
2026/10/03 08:55:23.018, 7, 117783
2026/10/03 08:55:24.018, 0, 77696
2026/10/03 08:55:24.018, 1, 70564
2026/10/03 08:55:24.018, 2, 70564
2026/10/03 08:55:24.018, 3, 69510
2026/10/03 08:55:24.018, 4, 118201
2026/10/03 08:55:24.018, 5, 118023
2026/10/03 08:55:24.018, 6, 119663
2026/10/03 08:55:24.018, 7, 117783
2026/10/03 08:55:25.018, 0, 77696
2026/10/03 08:55:25.018, 1, 70564
2026/10/03 08:55:25.018, 2, 70564
2026/10/03 08:55:25.019, 3, 69510
2026/10/03 08:55:25.019, 4, 118201
2026/10/03 08:55:25.019, 5, 118023
2026/10/03 08:55:25.019, 6, 119663
2026/10/03 08:55:25.019, 7, 117783
2026/10/03 08:55:26.019, 0, 77696
2026/10/03 08:55:26.020, 1, 70564
2026/10/03 08:55:26.020, 2, 70564
2026/10/03 08:55:26.020, 3, 69510
2026/10/03 08:55:26.020, 4, 118201
2026/10/03 08:55:26.020, 5, 118023
2026/10/03 08:55:26.020, 6, 119663
2026/10/03 08:55:26.020, 7, 117783
2026/10/03 08:55:27.020, 0, 77696
2026/10/03 08:55:27.021, 1, 70564
2026/10/03 08:55:27.021, 2, 70564
2026/10/03 08:55:27.021, 3, 69510
2026/10/03 08:55:27.021, 4, 118201
2026/10/03 08:55:27.021, 5, 118023
2026/10/03 08:55:27.021, 6, 119663
2026/10/03 08:55:27.021, 7, 117883
2026/10/03 08:55:28.021, 0, 77696
2026/10/03 08:55:28.021, 1, 70564
2026/10/03 08:55:28.021, 2, 70564
2026/10/03 08:55:28.021, 3, 69510
2026/10/03 08:55:28.021, 4, 118201
2026/10/03 08:55:28.021, 5, 118023
2026/10/03 08:55:28.021, 6, 119663
2026/10/03 08:55:28.021, 7, 117989
2026/10/03 08:55:29.021, 0, 77696
2026/10/03 08:55:29.022, 1, 70564
2026/10/03 08:55:29.022, 2, 70564
2026/10/03 08:55:29.022, 3, 69510
2026/10/03 08:55:29.022, 4, 118201
2026/10/03 08:55:29.022, 5, 118023
2026/10/03 08:55:29.022, 6, 119663
2026/10/03 08:55:29.022, 7, 117989
2026/10/03 08:55:30.022, 0, 77696
2026/10/03 08:55:30.022, 1, 70564
2026/10/03 08:55:30.022, 2, 70564
2026/10/03 08:55:30.024, 3, 69510
2026/10/03 08:55:30.024, 4, 118201
2026/10/03 08:55:30.024, 5, 118023
2026/10/03 08:55:30.024, 6, 119663
2026/10/03 08:55:30.024, 7, 117989
2026/10/03 08:55:31.024, 0, 77696
2026/10/03 08:55:31.024, 1, 70564
2026/10/03 08:55:31.024, 2, 70564
2026/10/03 08:55:31.024, 3, 69510
2026/10/03 08:55:31.024, 4, 118201
2026/10/03 08:55:31.024, 5, 118023
2026/10/03 08:55:31.024, 6, 119663
2026/10/03 08:55:31.024, 7, 117989
2026/10/03 08:55:32.024, 0, 77696
2026/10/03 08:55:32.024, 1, 70564
2026/10/03 08:55:32.024, 2, 70564
2026/10/03 08:55:32.027, 3, 69510
2026/10/03 08:55:32.027, 4, 118201
2026/10/03 08:55:32.027, 5, 118023
2026/10/03 08:55:32.027, 6, 119663
2026/10/03 08:55:32.027, 7, 117989
2026/10/03 08:55:33.027, 0, 77696
2026/10/03 08:55:33.027, 1, 70564
2026/10/03 08:55:33.027, 2, 70564
2026/10/03 08:55:33.027, 3, 69510
2026/10/03 08:55:33.027, 4, 118201
2026/10/03 08:55:33.027, 5, 118023
2026/10/03 08:55:33.027, 6, 119663
2026/10/03 08:55:33.027, 7, 117989
2026/10/03 08:55:34.027, 0, 77696
2026/10/03 08:55:34.027, 1, 70564
2026/10/03 08:55:34.027, 2, 70564
2026/10/03 08:55:34.030, 3, 69510
2026/10/03 08:55:34.030, 4, 118201
2026/10/03 08:55:34.030, 5, 118023
2026/10/03 08:55:34.030, 6, 119663
2026/10/03 08:55:34.030, 7, 117989
2026/10/03 08:55:35.030, 0, 77696
2026/10/03 08:55:35.030, 1, 70564
2026/10/03 08:55:35.030, 2, 70564
2026/10/03 08:55:35.030, 3, 69510
2026/10/03 08:55:35.030, 4, 118201
2026/10/03 08:55:35.030, 5, 118023
2026/10/03 08:55:35.030, 6, 119663
2026/10/03 08:55:35.030, 7, 117989
2026/10/03 08:55:36.030, 0, 77696
2026/10/03 08:55:36.031, 1, 70564
2026/10/03 08:55:36.031, 2, 70564
2026/10/03 08:55:36.036, 3, 69510
2026/10/03 08:55:36.036, 4, 118201
2026/10/03 08:55:36.036, 5, 118023
2026/10/03 08:55:36.036, 6, 119663
2026/10/03 08:55:36.036, 7, 117989
2026/10/03 08:55:37.036, 0, 77696
2026/10/03 08:55:37.036, 1, 70564
2026/10/03 08:55:37.036, 2, 70564
2026/10/03 08:55:37.036, 3, 69510
2026/10/03 08:55:37.036, 4, 117617
2026/10/03 08:55:37.036, 5, 117999
2026/10/03 08:55:37.036, 6, 117999
2026/10/03 08:55:37.036, 7, 117759
2026/10/03 08:55:38.036, 0, 77696
2026/10/03 08:55:38.036, 1, 70564
2026/10/03 08:55:38.036, 2, 70564
2026/10/03 08:55:38.039, 3, 69510
2026/10/03 08:55:38.039, 4, 117639
2026/10/03 08:55:38.039, 5, 118119
2026/10/03 08:55:38.039, 6, 118021
2026/10/03 08:55:38.039, 7, 117783
2026/10/03 08:55:39.039, 0, 77696
2026/10/03 08:55:39.039, 1, 70564
2026/10/03 08:55:39.039, 2, 70564
2026/10/03 08:55:39.039, 3, 69510
2026/10/03 08:55:39.039, 4, 117639
2026/10/03 08:55:39.039, 5, 118119
2026/10/03 08:55:39.039, 6, 118021
2026/10/03 08:55:39.039, 7, 117783
2026/10/03 08:55:40.039, 0, 77696
2026/10/03 08:55:40.039, 1, 70564
2026/10/03 08:55:40.039, 2, 70564
2026/10/03 08:55:40.042, 3, 69510
2026/10/03 08:55:40.042, 4, 117639
2026/10/03 08:55:40.042, 5, 118305
2026/10/03 08:55:40.042, 6, 118021
2026/10/03 08:55:40.042, 7, 117805
2026/10/03 08:55:41.042, 0, 77696
2026/10/03 08:55:41.042, 1, 70564
2026/10/03 08:55:41.042, 2, 70564
2026/10/03 08:55:41.042, 3, 69510
2026/10/03 08:55:41.042, 4, 117671
2026/10/03 08:55:41.042, 5, 119161
2026/10/03 08:55:41.043, 6, 118021
2026/10/03 08:55:41.043, 7, 117805
2026/10/03 08:55:42.043, 0, 77696
2026/10/03 08:55:42.043, 1, 70564
2026/10/03 08:55:42.043, 2, 70564
2026/10/03 08:55:42.045, 3, 69510
2026/10/03 08:55:42.045, 4, 117673
2026/10/03 08:55:42.045, 5, 119161
2026/10/03 08:55:42.045, 6, 118021
2026/10/03 08:55:42.045, 7, 117855
2026/10/03 08:55:43.045, 0, 77696
2026/10/03 08:55:43.045, 1, 70564
2026/10/03 08:55:43.045, 2, 70564
2026/10/03 08:55:43.045, 3, 69510
2026/10/03 08:55:43.045, 4, 117673
2026/10/03 08:55:43.045, 5, 119161
2026/10/03 08:55:43.045, 6, 118023
2026/10/03 08:55:43.101, 7, 117949
2026/10/03 08:55:44.101, 0, 77696
2026/10/03 08:55:44.102, 1, 70564
2026/10/03 08:55:44.103, 2, 70564
2026/10/03 08:55:44.104, 3, 69510
2026/10/03 08:55:44.107, 4, 117675
2026/10/03 08:55:44.107, 5, 119161
2026/10/03 08:55:44.107, 6, 118023
2026/10/03 08:55:44.107, 7, 117949
2026/10/03 08:55:45.107, 0, 77696
2026/10/03 08:55:45.107, 1, 70564
2026/10/03 08:55:45.107, 2, 70564
2026/10/03 08:55:45.107, 3, 69510
2026/10/03 08:55:45.107, 4, 117675
2026/10/03 08:55:45.107, 5, 119161
2026/10/03 08:55:45.107, 6, 118023
2026/10/03 08:55:45.108, 7, 117949
2026/10/03 08:55:46.108, 0, 77696
2026/10/03 08:55:46.108, 1, 70564
2026/10/03 08:55:46.108, 2, 70564
2026/10/03 08:55:46.108, 3, 69510
2026/10/03 08:55:46.108, 4, 117675
2026/10/03 08:55:46.108, 5, 119161
2026/10/03 08:55:46.108, 6, 118023
2026/10/03 08:55:46.108, 7, 117949
2026/10/03 08:55:47.108, 0, 77696
2026/10/03 08:55:47.108, 1, 70564
2026/10/03 08:55:47.108, 2, 70564
2026/10/03 08:55:47.108, 3, 69510
2026/10/03 08:55:47.108, 4, 117675
2026/10/03 08:55:47.108, 5, 119161
2026/10/03 08:55:47.108, 6, 118023
2026/10/03 08:55:47.108, 7, 117949
2026/10/03 08:55:48.108, 0, 77696
2026/10/03 08:55:48.109, 1, 70564
2026/10/03 08:55:48.109, 2, 70564
2026/10/03 08:55:48.111, 3, 69510
2026/10/03 08:55:48.114, 4, 117675
2026/10/03 08:55:48.115, 5, 119161
2026/10/03 08:55:48.117, 6, 118023
2026/10/03 08:55:48.118, 7, 117949
2026/10/03 08:55:49.119, 0, 77696
2026/10/03 08:55:49.119, 1, 70564
2026/10/03 08:55:49.120, 2, 70564
2026/10/03 08:55:49.120, 3, 69510
2026/10/03 08:55:49.121, 4, 117675
2026/10/03 08:55:49.121, 5, 119161
2026/10/03 08:55:49.121, 6, 118023
2026/10/03 08:55:49.122, 7, 117949
2026/10/03 08:55:50.123, 0, 77696
2026/10/03 08:55:50.123, 1, 70564
2026/10/03 08:55:50.123, 2, 70564
2026/10/03 08:55:50.123, 3, 69510
2026/10/03 08:55:50.123, 4, 117675
2026/10/03 08:55:50.123, 5, 119161
2026/10/03 08:55:50.123, 6, 118023
2026/10/03 08:55:50.123, 7, 117949
2026/10/03 08:55:51.123, 0, 77696
2026/10/03 08:55:51.123, 1, 70564
2026/10/03 08:55:51.123, 2, 70564
2026/10/03 08:55:51.123, 3, 69510
2026/10/03 08:55:51.123, 4, 117675
2026/10/03 08:55:51.123, 5, 119161
2026/10/03 08:55:51.123, 6, 118023
2026/10/03 08:55:51.123, 7, 117949
2026/10/03 08:55:52.123, 0, 77696
2026/10/03 08:55:52.124, 1, 70564
2026/10/03 08:55:52.125, 2, 70564
2026/10/03 08:55:52.125, 3, 69510
2026/10/03 08:55:52.126, 4, 117675
2026/10/03 08:55:52.127, 5, 119161
2026/10/03 08:55:52.128, 6, 118023
2026/10/03 08:55:52.129, 7, 117949
2026/10/03 08:55:53.129, 0, 77696
2026/10/03 08:55:53.129, 1, 70564
2026/10/03 08:55:53.129, 2, 70564
2026/10/03 08:55:53.129, 3, 69510
2026/10/03 08:55:53.129, 4, 117617
2026/10/03 08:55:53.129, 5, 117999
2026/10/03 08:55:53.129, 6, 117999
2026/10/03 08:55:53.129, 7, 117759
2026/10/03 08:55:54.129, 0, 77696
2026/10/03 08:55:54.131, 1, 70564
2026/10/03 08:55:54.131, 2, 70564
2026/10/03 08:55:54.131, 3, 69510
2026/10/03 08:55:54.131, 4, 117617
2026/10/03 08:55:54.131, 5, 117999
2026/10/03 08:55:54.131, 6, 117999
2026/10/03 08:55:54.131, 7, 117759
2026/10/03 08:55:55.131, 0, 77696
2026/10/03 08:55:55.131, 1, 70564
2026/10/03 08:55:55.131, 2, 70564
2026/10/03 08:55:55.131, 3, 69510
2026/10/03 08:55:55.131, 4, 117805
2026/10/03 08:55:55.131, 5, 118023
2026/10/03 08:55:55.131, 6, 118319
2026/10/03 08:55:55.131, 7, 117783
2026/10/03 08:55:56.131, 0, 77696
2026/10/03 08:55:56.131, 1, 70564
2026/10/03 08:55:56.132, 2, 70564
2026/10/03 08:55:56.132, 3, 69510
2026/10/03 08:55:56.132, 4, 118389
2026/10/03 08:55:56.132, 5, 118023
2026/10/03 08:55:56.132, 6, 119939
2026/10/03 08:55:56.132, 7, 117829
2026/10/03 08:55:57.132, 0, 77696
2026/10/03 08:55:57.133, 1, 70564
2026/10/03 08:55:57.135, 2, 70564
2026/10/03 08:55:57.136, 3, 69510
2026/10/03 08:55:57.138, 4, 118505
2026/10/03 08:55:57.139, 5, 118023
2026/10/03 08:55:57.140, 6, 121115
2026/10/03 08:55:57.141, 7, 117883
2026/10/03 08:55:58.141, 0, 77696
2026/10/03 08:55:58.141, 1, 70564
2026/10/03 08:55:58.142, 2, 70564
2026/10/03 08:55:58.142, 3, 69510
2026/10/03 08:55:58.142, 4, 118505
2026/10/03 08:55:58.142, 5, 118023
2026/10/03 08:55:58.142, 6, 121115
2026/10/03 08:55:58.142, 7, 117883
2026/10/03 08:55:59.142, 0, 77696
2026/10/03 08:55:59.142, 1, 70564
2026/10/03 08:55:59.142, 2, 70564
2026/10/03 08:55:59.142, 3, 69510
2026/10/03 08:55:59.142, 4, 118505
2026/10/03 08:55:59.142, 5, 118023
2026/10/03 08:55:59.142, 6, 121115
2026/10/03 08:55:59.142, 7, 118249
2026/10/03 08:56:00.142, 0, 77696
2026/10/03 08:56:00.142, 1, 70564
2026/10/03 08:56:00.143, 2, 70564
2026/10/03 08:56:00.143, 3, 69510
2026/10/03 08:56:00.143, 4, 118505
2026/10/03 08:56:00.143, 5, 118023
2026/10/03 08:56:00.143, 6, 121115
2026/10/03 08:56:00.143, 7, 118331
2026/10/03 08:56:01.143, 0, 77696
2026/10/03 08:56:01.143, 1, 70564
2026/10/03 08:56:01.143, 2, 70564
2026/10/03 08:56:01.143, 3, 69510
2026/10/03 08:56:01.143, 4, 118505
2026/10/03 08:56:01.143, 5, 118023
2026/10/03 08:56:01.143, 6, 121115
2026/10/03 08:56:01.143, 7, 118331
2026/10/03 08:56:02.143, 0, 77696
2026/10/03 08:56:02.146, 1, 70564
2026/10/03 08:56:02.146, 2, 70564
2026/10/03 08:56:02.148, 3, 69510
2026/10/03 08:56:02.148, 4, 118505
2026/10/03 08:56:02.148, 5, 118023
2026/10/03 08:56:02.148, 6, 121115
2026/10/03 08:56:02.148, 7, 118331
2026/10/03 08:56:03.149, 0, 77696
2026/10/03 08:56:03.149, 1, 70564
2026/10/03 08:56:03.149, 2, 70564
2026/10/03 08:56:03.149, 3, 69510
2026/10/03 08:56:03.149, 4, 118505
2026/10/03 08:56:03.149, 5, 118023
2026/10/03 08:56:03.149, 6, 121115
2026/10/03 08:56:03.149, 7, 118331
2026/10/03 08:56:04.149, 0, 77696
2026/10/03 08:56:04.149, 1, 70564
2026/10/03 08:56:04.149, 2, 70564
2026/10/03 08:56:04.149, 3, 69510
2026/10/03 08:56:04.149, 4, 118505
2026/10/03 08:56:04.149, 5, 118023
2026/10/03 08:56:04.149, 6, 121115
2026/10/03 08:56:04.149, 7, 118331
2026/10/03 08:56:05.149, 0, 77696
2026/10/03 08:56:05.149, 1, 70564
2026/10/03 08:56:05.149, 2, 70564
2026/10/03 08:56:05.149, 3, 69510
2026/10/03 08:56:05.149, 4, 118505
2026/10/03 08:56:05.149, 5, 118023
2026/10/03 08:56:05.149, 6, 121115
2026/10/03 08:56:05.149, 7, 118331
2026/10/03 08:56:06.149, 0, 77696
2026/10/03 08:56:06.149, 1, 70564
2026/10/03 08:56:06.149, 2, 70564
2026/10/03 08:56:06.149, 3, 69510
2026/10/03 08:56:06.149, 4, 118505
2026/10/03 08:56:06.149, 5, 118023
2026/10/03 08:56:06.149, 6, 121115
2026/10/03 08:56:06.150, 7, 118331
2026/10/03 08:56:07.150, 0, 77696
2026/10/03 08:56:07.150, 1, 70564
2026/10/03 08:56:07.150, 2, 70564
2026/10/03 08:56:07.150, 3, 69510
2026/10/03 08:56:07.150, 4, 118505
2026/10/03 08:56:07.150, 5, 118023
2026/10/03 08:56:07.150, 6, 121115
2026/10/03 08:56:07.150, 7, 118331
2026/10/03 08:56:08.150, 0, 77696
2026/10/03 08:56:08.150, 1, 70564
2026/10/03 08:56:08.150, 2, 70564
2026/10/03 08:56:08.150, 3, 69510
2026/10/03 08:56:08.150, 4, 118505
2026/10/03 08:56:08.150, 5, 118023
2026/10/03 08:56:08.150, 6, 121115
2026/10/03 08:56:08.150, 7, 118331
2026/10/03 08:56:09.151, 0, 77696
2026/10/03 08:56:09.151, 1, 70564
2026/10/03 08:56:09.151, 2, 70564
2026/10/03 08:56:09.151, 3, 69510
2026/10/03 08:56:09.151, 4, 118505
2026/10/03 08:56:09.151, 5, 118023
2026/10/03 08:56:09.151, 6, 121115
2026/10/03 08:56:09.151, 7, 118331
2026/10/03 08:56:10.151, 0, 77696
2026/10/03 08:56:10.151, 1, 70564
2026/10/03 08:56:10.151, 2, 70564
2026/10/03 08:56:10.151, 3, 69510
2026/10/03 08:56:10.151, 4, 117913
2026/10/03 08:56:10.151, 5, 117999
2026/10/03 08:56:10.151, 6, 118111
2026/10/03 08:56:10.151, 7, 117843
2026/10/03 08:56:11.151, 0, 77696
2026/10/03 08:56:11.152, 1, 70564
2026/10/03 08:56:11.152, 2, 70564
2026/10/03 08:56:11.152, 3, 69510
2026/10/03 08:56:11.152, 4, 117617
2026/10/03 08:56:11.152, 5, 117999
2026/10/03 08:56:11.152, 6, 117999
2026/10/03 08:56:11.152, 7, 117759
2026/10/03 08:56:12.152, 0, 77696
2026/10/03 08:56:12.153, 1, 70564
2026/10/03 08:56:12.154, 2, 70564
2026/10/03 08:56:12.156, 3, 69510
2026/10/03 08:56:12.157, 4, 117617
2026/10/03 08:56:12.157, 5, 117999
2026/10/03 08:56:12.158, 6, 117999
2026/10/03 08:56:12.158, 7, 117759
2026/10/03 08:56:13.158, 0, 77696
2026/10/03 08:56:13.158, 1, 70564
2026/10/03 08:56:13.158, 2, 70584
2026/10/03 08:56:13.158, 3, 69510
2026/10/03 08:56:13.158, 4, 117639
2026/10/03 08:56:13.158, 5, 118131
2026/10/03 08:56:13.158, 6, 118021
2026/10/03 08:56:13.158, 7, 117783
2026/10/03 08:56:14.159, 0, 77696
2026/10/03 08:56:14.159, 1, 70564
2026/10/03 08:56:14.160, 2, 70564
2026/10/03 08:56:14.160, 3, 69510
2026/10/03 08:56:14.160, 4, 117639
2026/10/03 08:56:14.160, 5, 118131
2026/10/03 08:56:14.161, 6, 118021
2026/10/03 08:56:14.161, 7, 117783
2026/10/03 08:56:15.161, 0, 77696
2026/10/03 08:56:15.164, 1, 70564
2026/10/03 08:56:15.165, 2, 70564
2026/10/03 08:56:15.167, 3, 69510
2026/10/03 08:56:15.169, 4, 117639
2026/10/03 08:56:15.170, 5, 118529
2026/10/03 08:56:15.171, 6, 118021
2026/10/03 08:56:15.173, 7, 117783
2026/10/03 08:56:16.174, 0, 77696
2026/10/03 08:56:16.176, 1, 70564
2026/10/03 08:56:16.178, 2, 70564
2026/10/03 08:56:16.179, 3, 69510
2026/10/03 08:56:16.181, 4, 117639
2026/10/03 08:56:16.182, 5, 118659
2026/10/03 08:56:16.184, 6, 118021
2026/10/03 08:56:16.186, 7, 117783
2026/10/03 08:56:17.188, 0, 77696
2026/10/03 08:56:17.188, 1, 70564
2026/10/03 08:56:17.188, 2, 70564
2026/10/03 08:56:17.189, 3, 69510
2026/10/03 08:56:17.189, 4, 117641
2026/10/03 08:56:17.189, 5, 118659
2026/10/03 08:56:17.189, 6, 118021
2026/10/03 08:56:17.189, 7, 117783
2026/10/03 08:56:18.189, 0, 77696
2026/10/03 08:56:18.190, 1, 70564
2026/10/03 08:56:18.190, 2, 70564
2026/10/03 08:56:18.190, 3, 69510
2026/10/03 08:56:18.190, 4, 117641
2026/10/03 08:56:18.190, 5, 118659
2026/10/03 08:56:18.190, 6, 118021
2026/10/03 08:56:18.191, 7, 117783
2026/10/03 08:56:19.194, 0, 77696
2026/10/03 08:56:19.195, 1, 70564
2026/10/03 08:56:19.198, 2, 70564
2026/10/03 08:56:19.200, 3, 69510
2026/10/03 08:56:19.200, 4, 117641
2026/10/03 08:56:19.200, 5, 118659
2026/10/03 08:56:19.203, 6, 118021
2026/10/03 08:56:19.205, 7, 117783
2026/10/03 08:56:20.206, 0, 77696
2026/10/03 08:56:20.207, 1, 70564
2026/10/03 08:56:20.207, 2, 70564
2026/10/03 08:56:20.207, 3, 69510
2026/10/03 08:56:20.208, 4, 117641
2026/10/03 08:56:20.212, 5, 118659
2026/10/03 08:56:20.214, 6, 118021
2026/10/03 08:56:20.214, 7, 117783
2026/10/03 08:56:21.214, 0, 77696
2026/10/03 08:56:21.216, 1, 70564
2026/10/03 08:56:21.216, 2, 70564
2026/10/03 08:56:21.218, 3, 69510
2026/10/03 08:56:21.218, 4, 117641
2026/10/03 08:56:21.221, 5, 118659
2026/10/03 08:56:21.223, 6, 118021
2026/10/03 08:56:21.223, 7, 117783
2026/10/03 08:56:22.223, 0, 77696
2026/10/03 08:56:22.285, 1, 70564
2026/10/03 08:56:22.285, 2, 70564
2026/10/03 08:56:22.285, 3, 69510
2026/10/03 08:56:22.285, 4, 117641
2026/10/03 08:56:22.285, 5, 118659
2026/10/03 08:56:22.285, 6, 118021
2026/10/03 08:56:22.285, 7, 117783
2026/10/03 08:56:23.285, 0, 77696
2026/10/03 08:56:23.287, 1, 70564
2026/10/03 08:56:23.287, 2, 70564
2026/10/03 08:56:23.289, 3, 69510
2026/10/03 08:56:23.289, 4, 117641
2026/10/03 08:56:23.289, 5, 118659
2026/10/03 08:56:23.289, 6, 118021
2026/10/03 08:56:23.289, 7, 117783
2026/10/03 08:56:24.289, 0, 77696
2026/10/03 08:56:24.289, 1, 70564
2026/10/03 08:56:24.289, 2, 70564
2026/10/03 08:56:24.289, 3, 69510
2026/10/03 08:56:24.289, 4, 117641
2026/10/03 08:56:24.289, 5, 118659
2026/10/03 08:56:24.289, 6, 118021
2026/10/03 08:56:24.289, 7, 117783
2026/10/03 08:56:25.289, 0, 77696
2026/10/03 08:56:25.289, 1, 70564
2026/10/03 08:56:25.289, 2, 70564
2026/10/03 08:56:25.289, 3, 69510
2026/10/03 08:56:25.289, 4, 117641
2026/10/03 08:56:25.289, 5, 118659
2026/10/03 08:56:25.289, 6, 118021
2026/10/03 08:56:25.289, 7, 117783
2026/10/03 08:56:26.289, 0, 77696
2026/10/03 08:56:26.289, 1, 70564
2026/10/03 08:56:26.289, 2, 70564
2026/10/03 08:56:26.289, 3, 69510
2026/10/03 08:56:26.289, 4, 117641
2026/10/03 08:56:26.290, 5, 118659
2026/10/03 08:56:26.290, 6, 118021
2026/10/03 08:56:26.290, 7, 117807
2026/10/03 08:56:27.290, 0, 77696
2026/10/03 08:56:27.292, 1, 70564
2026/10/03 08:56:27.292, 2, 70564
2026/10/03 08:56:27.293, 3, 69510
2026/10/03 08:56:27.293, 4, 118683
2026/10/03 08:56:27.293, 5, 119285
2026/10/03 08:56:27.293, 6, 118021
2026/10/03 08:56:27.293, 7, 118433
2026/10/03 08:56:28.293, 0, 77696
2026/10/03 08:56:28.294, 1, 70564
2026/10/03 08:56:28.294, 2, 70564
2026/10/03 08:56:28.294, 3, 69510
2026/10/03 08:56:28.294, 4, 118031
2026/10/03 08:56:28.294, 5, 117999
2026/10/03 08:56:28.294, 6, 117999
2026/10/03 08:56:28.294, 7, 117759
2026/10/03 08:56:29.294, 0, 77696
2026/10/03 08:56:29.294, 1, 70564
2026/10/03 08:56:29.294, 2, 70564
2026/10/03 08:56:29.296, 3, 69510
2026/10/03 08:56:29.296, 4, 118031
2026/10/03 08:56:29.296, 5, 117999
2026/10/03 08:56:29.296, 6, 117999
2026/10/03 08:56:29.296, 7, 117759
2026/10/03 08:56:30.296, 0, 77696
2026/10/03 08:56:30.296, 1, 70564
2026/10/03 08:56:30.296, 2, 70564
2026/10/03 08:56:30.296, 3, 69510
2026/10/03 08:56:30.296, 4, 118031
2026/10/03 08:56:30.296, 5, 117999
2026/10/03 08:56:30.296, 6, 117999
2026/10/03 08:56:30.296, 7, 117759
2026/10/03 08:56:31.296, 0, 77696
2026/10/03 08:56:31.297, 1, 70564
2026/10/03 08:56:31.297, 2, 70564
2026/10/03 08:56:31.299, 3, 69510
2026/10/03 08:56:31.299, 4, 118031
2026/10/03 08:56:31.299, 5, 117999
2026/10/03 08:56:31.299, 6, 117999
2026/10/03 08:56:31.299, 7, 117759
2026/10/03 08:56:32.299, 0, 77696
2026/10/03 08:56:32.301, 1, 70564
2026/10/03 08:56:32.301, 2, 70564
2026/10/03 08:56:32.302, 3, 69510
2026/10/03 08:56:32.302, 4, 118031
2026/10/03 08:56:32.303, 5, 117999
2026/10/03 08:56:32.303, 6, 117999
2026/10/03 08:56:32.303, 7, 117759
2026/10/03 08:56:33.303, 0, 77696
2026/10/03 08:56:33.303, 1, 70564
2026/10/03 08:56:33.303, 2, 70564
2026/10/03 08:56:33.303, 3, 69510
2026/10/03 08:56:33.303, 4, 118031
2026/10/03 08:56:33.303, 5, 117999
2026/10/03 08:56:33.303, 6, 117999
2026/10/03 08:56:33.303, 7, 117759
2026/10/03 08:56:34.304, 0, 64738
2026/10/03 08:56:34.327, 1, 22718
2026/10/03 08:56:34.327, 2, 70564
2026/10/03 08:56:34.327, 3, 69480
2026/10/03 08:56:34.327, 4, 118031
2026/10/03 08:56:34.328, 5, 117999
2026/10/03 08:56:34.330, 6, 117999
2026/10/03 08:56:34.330, 7, 117759
2026/10/03 08:56:35.331, 0, 23932
2026/10/03 08:56:35.331, 1, 22718
2026/10/03 08:56:35.331, 2, 22704
2026/10/03 08:56:35.331, 3, 21818
2026/10/03 08:56:35.331, 4, 118031
2026/10/03 08:56:35.331, 5, 117999
2026/10/03 08:56:35.331, 6, 117999
2026/10/03 08:56:35.331, 7, 117759
2026/10/03 08:56:36.331, 0, 23932
2026/10/03 08:56:36.331, 1, 22718
2026/10/03 08:56:36.331, 2, 22704
2026/10/03 08:56:36.331, 3, 21818
2026/10/03 08:56:36.331, 4, 118031
2026/10/03 08:56:36.331, 5, 117999
2026/10/03 08:56:36.331, 6, 117999
2026/10/03 08:56:36.331, 7, 117759
2026/10/03 08:56:37.331, 0, 23932
2026/10/03 08:56:37.339, 1, 22718
2026/10/03 08:56:37.341, 2, 22704
2026/10/03 08:56:37.341, 3, 21818
2026/10/03 08:56:37.341, 4, 118031
2026/10/03 08:56:37.345, 5, 117999
2026/10/03 08:56:37.345, 6, 117999
2026/10/03 08:56:37.345, 7, 117759
2026/10/03 08:56:38.347, 0, 23932
2026/10/03 08:56:38.347, 1, 22718
2026/10/03 08:56:38.347, 2, 22704
2026/10/03 08:56:38.347, 3, 21818
2026/10/03 08:56:38.347, 4, 118031
2026/10/03 08:56:38.347, 5, 118023
2026/10/03 08:56:38.347, 6, 118023
2026/10/03 08:56:38.347, 7, 117759
2026/10/03 08:56:39.347, 0, 23932
2026/10/03 08:56:39.347, 1, 22718
2026/10/03 08:56:39.347, 2, 22704
2026/10/03 08:56:39.347, 3, 21818
2026/10/03 08:56:39.347, 4, 118241
2026/10/03 08:56:39.350, 5, 118091
2026/10/03 08:56:39.350, 6, 118403
2026/10/03 08:56:39.350, 7, 118057
2026/10/03 08:56:40.350, 0, 23932
2026/10/03 08:56:40.350, 1, 22718
2026/10/03 08:56:40.350, 2, 22704
2026/10/03 08:56:40.350, 3, 21818
2026/10/03 08:56:40.350, 4, 118645
2026/10/03 08:56:40.350, 5, 118361
2026/10/03 08:56:40.350, 6, 118661
2026/10/03 08:56:40.350, 7, 118335
2026/10/03 08:56:41.350, 0, 23932
2026/10/03 08:56:41.351, 1, 22718
2026/10/03 08:56:41.351, 2, 22704
2026/10/03 08:56:41.351, 3, 21818
2026/10/03 08:56:41.351, 4, 118645
2026/10/03 08:56:41.353, 5, 118361
2026/10/03 08:56:41.353, 6, 118661
2026/10/03 08:56:41.353, 7, 118335
2026/10/03 08:56:42.353, 0, 23932
2026/10/03 08:56:42.354, 1, 22718
2026/10/03 08:56:42.354, 2, 22704
2026/10/03 08:56:42.354, 3, 21818
2026/10/03 08:56:42.354, 4, 118645
2026/10/03 08:56:42.354, 5, 118361
2026/10/03 08:56:42.354, 6, 118661
2026/10/03 08:56:42.354, 7, 118335
2026/10/03 08:56:43.354, 0, 23932
2026/10/03 08:56:43.354, 1, 22718
2026/10/03 08:56:43.354, 2, 22704
2026/10/03 08:56:43.354, 3, 21818
2026/10/03 08:56:43.354, 4, 118645
2026/10/03 08:56:43.356, 5, 118361
2026/10/03 08:56:43.356, 6, 118661
2026/10/03 08:56:43.356, 7, 118335
2026/10/03 08:56:44.356, 0, 23932
2026/10/03 08:56:44.356, 1, 22718
2026/10/03 08:56:44.356, 2, 22704
2026/10/03 08:56:44.356, 3, 21818
2026/10/03 08:56:44.356, 4, 118645
2026/10/03 08:56:44.356, 5, 118361
2026/10/03 08:56:44.356, 6, 118661
2026/10/03 08:56:44.356, 7, 118335
2026/10/03 08:56:45.356, 0, 23932
2026/10/03 08:56:45.360, 1, 22718
2026/10/03 08:56:45.361, 2, 22704
2026/10/03 08:56:45.363, 3, 21818
2026/10/03 08:56:45.364, 4, 118645
2026/10/03 08:56:45.364, 5, 118361
2026/10/03 08:56:45.368, 6, 118661
2026/10/03 08:56:45.370, 7, 118335
2026/10/03 08:56:46.371, 0, 23932
2026/10/03 08:56:46.371, 1, 22718
2026/10/03 08:56:46.371, 2, 22704
2026/10/03 08:56:46.371, 3, 21818
2026/10/03 08:56:46.371, 4, 118645
2026/10/03 08:56:46.371, 5, 118361
2026/10/03 08:56:46.371, 6, 118661
2026/10/03 08:56:46.372, 7, 118335
2026/10/03 08:56:47.372, 0, 23932
2026/10/03 08:56:47.375, 1, 22718
2026/10/03 08:56:47.380, 2, 22704
2026/10/03 08:56:47.382, 3, 21818
2026/10/03 08:56:47.385, 4, 118645
2026/10/03 08:56:47.385, 5, 118361
2026/10/03 08:56:47.449, 6, 118661
2026/10/03 08:56:47.455, 7, 118335
2026/10/03 08:56:48.455, 0, 23932
2026/10/03 08:56:48.456, 1, 22718
2026/10/03 08:56:48.458, 2, 22704
2026/10/03 08:56:48.461, 3, 21818
2026/10/03 08:56:48.461, 4, 118645
2026/10/03 08:56:48.461, 5, 118361
2026/10/03 08:56:48.461, 6, 118661
2026/10/03 08:56:48.461, 7, 118335
2026/10/03 08:56:49.461, 0, 23932
2026/10/03 08:56:49.461, 1, 22718
2026/10/03 08:56:49.461, 2, 22704
2026/10/03 08:56:49.461, 3, 21818
2026/10/03 08:56:49.461, 4, 118645
2026/10/03 08:56:49.461, 5, 118361
2026/10/03 08:56:49.461, 6, 118661
2026/10/03 08:56:49.461, 7, 118335
2026/10/03 08:56:50.461, 0, 23932
2026/10/03 08:56:50.461, 1, 22718
2026/10/03 08:56:50.461, 2, 22704
2026/10/03 08:56:50.461, 3, 21818
2026/10/03 08:56:50.461, 4, 118645
2026/10/03 08:56:50.461, 5, 118361
2026/10/03 08:56:50.461, 6, 118661
2026/10/03 08:56:50.461, 7, 118335
2026/10/03 08:56:51.462, 0, 23932
2026/10/03 08:56:51.462, 1, 22718
2026/10/03 08:56:51.462, 2, 22704
2026/10/03 08:56:51.462, 3, 21818
2026/10/03 08:56:51.462, 4, 118645
2026/10/03 08:56:51.462, 5, 118361
2026/10/03 08:56:51.462, 6, 118661
2026/10/03 08:56:51.462, 7, 118335
2026/10/03 08:56:52.462, 0, 23932
2026/10/03 08:56:52.462, 1, 22718
2026/10/03 08:56:52.462, 2, 22704
2026/10/03 08:56:52.462, 3, 21818
2026/10/03 08:56:52.462, 4, 118645
2026/10/03 08:56:52.463, 5, 118361
2026/10/03 08:56:52.463, 6, 118661
2026/10/03 08:56:52.463, 7, 118335
2026/10/03 08:56:53.463, 0, 23932
2026/10/03 08:56:53.463, 1, 22718
2026/10/03 08:56:53.463, 2, 22704
2026/10/03 08:56:53.463, 3, 21818
2026/10/03 08:56:53.463, 4, 118645
2026/10/03 08:56:53.463, 5, 118361
2026/10/03 08:56:53.463, 6, 118661
2026/10/03 08:56:53.463, 7, 118335
2026/10/03 08:56:54.463, 0, 23932
2026/10/03 08:56:54.463, 1, 22718
2026/10/03 08:56:54.463, 2, 22704
2026/10/03 08:56:54.463, 3, 21818
2026/10/03 08:56:54.463, 4, 118645
2026/10/03 08:56:54.463, 5, 118361
2026/10/03 08:56:54.463, 6, 118661
2026/10/03 08:56:54.463, 7, 118335
2026/10/03 08:56:55.463, 0, 23932
2026/10/03 08:56:55.463, 1, 22718
2026/10/03 08:56:55.463, 2, 22704
2026/10/03 08:56:55.464, 3, 21818
2026/10/03 08:56:55.464, 4, 118645
2026/10/03 08:56:55.464, 5, 118361
2026/10/03 08:56:55.464, 6, 118661
2026/10/03 08:56:55.464, 7, 118335
2026/10/03 08:56:56.464, 0, 23932
2026/10/03 08:56:56.464, 1, 22718
2026/10/03 08:56:56.464, 2, 22704
2026/10/03 08:56:56.464, 3, 21818
2026/10/03 08:56:56.464, 4, 118645
2026/10/03 08:56:56.464, 5, 118361
2026/10/03 08:56:56.464, 6, 118661
2026/10/03 08:56:56.464, 7, 118335
2026/10/03 08:56:57.464, 0, 23932
2026/10/03 08:56:57.465, 1, 22718
2026/10/03 08:56:57.465, 2, 22704
2026/10/03 08:56:57.466, 3, 21818
2026/10/03 08:56:57.466, 4, 118645
2026/10/03 08:56:57.467, 5, 118361
2026/10/03 08:56:57.467, 6, 118661
2026/10/03 08:56:57.467, 7, 118335
2026/10/03 08:56:58.468, 0, 23932
2026/10/03 08:56:58.468, 1, 22718
2026/10/03 08:56:58.468, 2, 22704
2026/10/03 08:56:58.468, 3, 21818
2026/10/03 08:56:58.468, 4, 118645
2026/10/03 08:56:58.468, 5, 118361
2026/10/03 08:56:58.468, 6, 118661
2026/10/03 08:56:58.468, 7, 118335
2026/10/03 08:56:59.468, 0, 23932
2026/10/03 08:56:59.469, 1, 22718
2026/10/03 08:56:59.469, 2, 22704
2026/10/03 08:56:59.469, 3, 21818
2026/10/03 08:56:59.469, 4, 118645
2026/10/03 08:56:59.469, 5, 118361
2026/10/03 08:56:59.469, 6, 118661
2026/10/03 08:56:59.469, 7, 118335
2026/10/03 08:57:00.469, 0, 23932
2026/10/03 08:57:00.469, 1, 22718
2026/10/03 08:57:00.469, 2, 22704
2026/10/03 08:57:00.469, 3, 21818
2026/10/03 08:57:00.469, 4, 118645
2026/10/03 08:57:00.469, 5, 118361
2026/10/03 08:57:00.469, 6, 118661
2026/10/03 08:57:00.469, 7, 118335
2026/10/03 08:57:01.469, 0, 23932
2026/10/03 08:57:01.469, 1, 22718
2026/10/03 08:57:01.469, 2, 22704
2026/10/03 08:57:01.469, 3, 21818
2026/10/03 08:57:01.469, 4, 118645
2026/10/03 08:57:01.469, 5, 118361
2026/10/03 08:57:01.469, 6, 118661
2026/10/03 08:57:01.469, 7, 118335
2026/10/03 08:57:02.469, 0, 23932
2026/10/03 08:57:02.469, 1, 22718
2026/10/03 08:57:02.469, 2, 22704
2026/10/03 08:57:02.469, 3, 21818
2026/10/03 08:57:02.469, 4, 118645
2026/10/03 08:57:02.469, 5, 118361
2026/10/03 08:57:02.469, 6, 118661
2026/10/03 08:57:02.469, 7, 118335
2026/10/03 08:57:03.469, 0, 23932
2026/10/03 08:57:03.470, 1, 22718
2026/10/03 08:57:03.470, 2, 22704
2026/10/03 08:57:03.470, 3, 21818
2026/10/03 08:57:03.470, 4, 118645
2026/10/03 08:57:03.470, 5, 118361
2026/10/03 08:57:03.470, 6, 118661
2026/10/03 08:57:03.470, 7, 118335
2026/10/03 08:57:04.470, 0, 23932
2026/10/03 08:57:04.470, 1, 22718
2026/10/03 08:57:04.470, 2, 22704
2026/10/03 08:57:04.470, 3, 21818
2026/10/03 08:57:04.470, 4, 118645
2026/10/03 08:57:04.470, 5, 118361
2026/10/03 08:57:04.470, 6, 118661
2026/10/03 08:57:04.470, 7, 118335
2026/10/03 08:57:05.470, 0, 23932
2026/10/03 08:57:05.470, 1, 22718
2026/10/03 08:57:05.470, 2, 22704
2026/10/03 08:57:05.470, 3, 21818
2026/10/03 08:57:05.470, 4, 118645
2026/10/03 08:57:05.470, 5, 118361
2026/10/03 08:57:05.470, 6, 118661
2026/10/03 08:57:05.470, 7, 118335
2026/10/03 08:57:06.470, 0, 23932
2026/10/03 08:57:06.470, 1, 22718
2026/10/03 08:57:06.470, 2, 22704
2026/10/03 08:57:06.470, 3, 21818
2026/10/03 08:57:06.470, 4, 118645
2026/10/03 08:57:06.470, 5, 118361
2026/10/03 08:57:06.470, 6, 118661
2026/10/03 08:57:06.470, 7, 118335
2026/10/03 08:57:07.470, 0, 23932
2026/10/03 08:57:07.477, 1, 22718
2026/10/03 08:57:07.477, 2, 22704
2026/10/03 08:57:07.477, 3, 21818
2026/10/03 08:57:07.477, 4, 118645
2026/10/03 08:57:07.477, 5, 118361
2026/10/03 08:57:07.477, 6, 118661
2026/10/03 08:57:07.477, 7, 118335
2026/10/03 08:57:08.477, 0, 23932
2026/10/03 08:57:08.477, 1, 22718
2026/10/03 08:57:08.477, 2, 22704
2026/10/03 08:57:08.477, 3, 21818
2026/10/03 08:57:08.477, 4, 118645
2026/10/03 08:57:08.477, 5, 118361
2026/10/03 08:57:08.477, 6, 118661
2026/10/03 08:57:08.477, 7, 118335
2026/10/03 08:57:09.477, 0, 23932
2026/10/03 08:57:09.477, 1, 22718
2026/10/03 08:57:09.477, 2, 22704
2026/10/03 08:57:09.477, 3, 21818
2026/10/03 08:57:09.477, 4, 118645
2026/10/03 08:57:09.477, 5, 118361
2026/10/03 08:57:09.477, 6, 118661
2026/10/03 08:57:09.477, 7, 118335
2026/10/03 08:57:10.477, 0, 23932
2026/10/03 08:57:10.478, 1, 22718
2026/10/03 08:57:10.478, 2, 22704
2026/10/03 08:57:10.478, 3, 21818
2026/10/03 08:57:10.478, 4, 118645
2026/10/03 08:57:10.478, 5, 118361
2026/10/03 08:57:10.478, 6, 118661
2026/10/03 08:57:10.478, 7, 118335
2026/10/03 08:57:11.478, 0, 23932
2026/10/03 08:57:11.479, 1, 22718
2026/10/03 08:57:11.479, 2, 22704
2026/10/03 08:57:11.479, 3, 21818
2026/10/03 08:57:11.479, 4, 118645
2026/10/03 08:57:11.479, 5, 118361
2026/10/03 08:57:11.479, 6, 118661
2026/10/03 08:57:11.479, 7, 118335
2026/10/03 08:57:12.479, 0, 23932
2026/10/03 08:57:12.479, 1, 22718
2026/10/03 08:57:12.479, 2, 22704
2026/10/03 08:57:12.479, 3, 21818
2026/10/03 08:57:12.479, 4, 118645
2026/10/03 08:57:12.479, 5, 118361
2026/10/03 08:57:12.479, 6, 118661
2026/10/03 08:57:12.479, 7, 118335
2026/10/03 08:57:13.479, 0, 23932
2026/10/03 08:57:13.479, 1, 22718
2026/10/03 08:57:13.479, 2, 22704
2026/10/03 08:57:13.479, 3, 21818
2026/10/03 08:57:13.479, 4, 118645
2026/10/03 08:57:13.479, 5, 118361
2026/10/03 08:57:13.479, 6, 118661
2026/10/03 08:57:13.479, 7, 118335
2026/10/03 08:57:14.479, 0, 23932
2026/10/03 08:57:14.479, 1, 22718
2026/10/03 08:57:14.479, 2, 22704
2026/10/03 08:57:14.479, 3, 21818
2026/10/03 08:57:14.479, 4, 118645
2026/10/03 08:57:14.479, 5, 118361
2026/10/03 08:57:14.479, 6, 118661
2026/10/03 08:57:14.479, 7, 118335
2026/10/03 08:57:15.479, 0, 23932
2026/10/03 08:57:15.480, 1, 22718
2026/10/03 08:57:15.480, 2, 22704
2026/10/03 08:57:15.480, 3, 21818
2026/10/03 08:57:15.480, 4, 118647
2026/10/03 08:57:15.480, 5, 118363
2026/10/03 08:57:15.480, 6, 118661
2026/10/03 08:57:15.480, 7, 118335
2026/10/03 08:57:16.480, 0, 23932
2026/10/03 08:57:16.480, 1, 22718
2026/10/03 08:57:16.480, 2, 22704
2026/10/03 08:57:16.480, 3, 21818
2026/10/03 08:57:16.480, 4, 118647
2026/10/03 08:57:16.480, 5, 118363
2026/10/03 08:57:16.480, 6, 118945
2026/10/03 08:57:16.480, 7, 118335
2026/10/03 08:57:17.491, 0, 23932
2026/10/03 08:57:17.551, 1, 22718
2026/10/03 08:57:17.554, 2, 22704
2026/10/03 08:57:17.562, 3, 21818
2026/10/03 08:57:17.570, 4, 118647
2026/10/03 08:57:17.577, 5, 118363
2026/10/03 08:57:17.588, 6, 118945
2026/10/03 08:57:17.588, 7, 118335
2026/10/03 08:57:18.596, 0, 23932
2026/10/03 08:57:18.596, 1, 22718
2026/10/03 08:57:18.597, 2, 22704
2026/10/03 08:57:18.598, 3, 21818
2026/10/03 08:57:18.599, 4, 118647
2026/10/03 08:57:18.601, 5, 118363
2026/10/03 08:57:18.602, 6, 118945
2026/10/03 08:57:18.604, 7, 118335
2026/10/03 08:57:19.605, 0, 23932
2026/10/03 08:57:19.607, 1, 22718
2026/10/03 08:57:19.610, 2, 22704
2026/10/03 08:57:19.610, 3, 21818
2026/10/03 08:57:19.614, 4, 118647
2026/10/03 08:57:19.614, 5, 118363
2026/10/03 08:57:19.614, 6, 118945
2026/10/03 08:57:19.614, 7, 118335
2026/10/03 08:57:20.615, 0, 23932
2026/10/03 08:57:20.615, 1, 22718
2026/10/03 08:57:20.615, 2, 22704
2026/10/03 08:57:20.615, 3, 21818
2026/10/03 08:57:20.615, 4, 118647
2026/10/03 08:57:20.615, 5, 118363
2026/10/03 08:57:20.615, 6, 118945
2026/10/03 08:57:20.615, 7, 118335
2026/10/03 08:57:21.615, 0, 23932
2026/10/03 08:57:21.615, 1, 22718
2026/10/03 08:57:21.615, 2, 22704
2026/10/03 08:57:21.615, 3, 21818
2026/10/03 08:57:21.615, 4, 118647
2026/10/03 08:57:21.615, 5, 118363
2026/10/03 08:57:21.615, 6, 118945
2026/10/03 08:57:21.615, 7, 118335
2026/10/03 08:57:22.615, 0, 23932
2026/10/03 08:57:22.615, 1, 22718
2026/10/03 08:57:22.615, 2, 22704
2026/10/03 08:57:22.615, 3, 21818
2026/10/03 08:57:22.615, 4, 118647
2026/10/03 08:57:22.615, 5, 118363
2026/10/03 08:57:22.615, 6, 118945
2026/10/03 08:57:22.615, 7, 118335
2026/10/03 08:57:23.615, 0, 23932
2026/10/03 08:57:23.615, 1, 22718
2026/10/03 08:57:23.616, 2, 22704
2026/10/03 08:57:23.616, 3, 21818
2026/10/03 08:57:23.616, 4, 118647
2026/10/03 08:57:23.616, 5, 118363
2026/10/03 08:57:23.616, 6, 118945
2026/10/03 08:57:23.616, 7, 118335
2026/10/03 08:57:24.616, 0, 23932
2026/10/03 08:57:24.616, 1, 22718
2026/10/03 08:57:24.616, 2, 22704
2026/10/03 08:57:24.616, 3, 21818
2026/10/03 08:57:24.616, 4, 118647
2026/10/03 08:57:24.616, 5, 118363
2026/10/03 08:57:24.616, 6, 118945
2026/10/03 08:57:24.616, 7, 118335
2026/10/03 08:57:25.616, 0, 23932
2026/10/03 08:57:25.616, 1, 22718
2026/10/03 08:57:25.616, 2, 22704
2026/10/03 08:57:25.616, 3, 21818
2026/10/03 08:57:25.616, 4, 118647
2026/10/03 08:57:25.616, 5, 118363
2026/10/03 08:57:25.616, 6, 118945
2026/10/03 08:57:25.616, 7, 118335
2026/10/03 08:57:26.616, 0, 23932
2026/10/03 08:57:26.617, 1, 22718
2026/10/03 08:57:26.617, 2, 22704
2026/10/03 08:57:26.617, 3, 21818
2026/10/03 08:57:26.617, 4, 118647
2026/10/03 08:57:26.617, 5, 118363
2026/10/03 08:57:26.617, 6, 118945
2026/10/03 08:57:26.617, 7, 118335
2026/10/03 08:57:27.617, 0, 23932
2026/10/03 08:57:27.617, 1, 22718
2026/10/03 08:57:27.617, 2, 22704
2026/10/03 08:57:27.617, 3, 21818
2026/10/03 08:57:27.617, 4, 118647
2026/10/03 08:57:27.617, 5, 118363
2026/10/03 08:57:27.617, 6, 118945
2026/10/03 08:57:27.617, 7, 118335
2026/10/03 08:57:28.617, 0, 23932
2026/10/03 08:57:28.617, 1, 22718
2026/10/03 08:57:28.617, 2, 22704
2026/10/03 08:57:28.617, 3, 21818
2026/10/03 08:57:28.617, 4, 118647
2026/10/03 08:57:28.617, 5, 118363
2026/10/03 08:57:28.617, 6, 118945
2026/10/03 08:57:28.617, 7, 118335
2026/10/03 08:57:29.617, 0, 23932
2026/10/03 08:57:29.617, 1, 22718
2026/10/03 08:57:29.617, 2, 22704
2026/10/03 08:57:29.617, 3, 21818
2026/10/03 08:57:29.617, 4, 118647
2026/10/03 08:57:29.617, 5, 118363
2026/10/03 08:57:29.617, 6, 118945
2026/10/03 08:57:29.617, 7, 118335
2026/10/03 08:57:30.617, 0, 23932
2026/10/03 08:57:30.618, 1, 22718
2026/10/03 08:57:30.618, 2, 22704
2026/10/03 08:57:30.618, 3, 21818
2026/10/03 08:57:30.618, 4, 118647
2026/10/03 08:57:30.618, 5, 118363
2026/10/03 08:57:30.618, 6, 118945
2026/10/03 08:57:30.618, 7, 118335
2026/10/03 08:57:31.618, 0, 23932
2026/10/03 08:57:31.618, 1, 22718
2026/10/03 08:57:31.618, 2, 22704
2026/10/03 08:57:31.618, 3, 21818
2026/10/03 08:57:31.618, 4, 118647
2026/10/03 08:57:31.618, 5, 118363
2026/10/03 08:57:31.618, 6, 118945
2026/10/03 08:57:31.618, 7, 118335
2026/10/03 08:57:32.618, 0, 23932
2026/10/03 08:57:32.618, 1, 22718
2026/10/03 08:57:32.618, 2, 22704
2026/10/03 08:57:32.618, 3, 21818
2026/10/03 08:57:32.618, 4, 118647
2026/10/03 08:57:32.618, 5, 118363
2026/10/03 08:57:32.618, 6, 118945
2026/10/03 08:57:32.618, 7, 118335
2026/10/03 08:57:33.618, 0, 23932
2026/10/03 08:57:33.618, 1, 22718
2026/10/03 08:57:33.619, 2, 22704
2026/10/03 08:57:33.619, 3, 21818
2026/10/03 08:57:33.619, 4, 118647
2026/10/03 08:57:33.619, 5, 118363
2026/10/03 08:57:33.619, 6, 118945
2026/10/03 08:57:33.619, 7, 118335
2026/10/03 08:57:34.619, 0, 23932
2026/10/03 08:57:34.619, 1, 22718
2026/10/03 08:57:34.619, 2, 22704
2026/10/03 08:57:34.619, 3, 21818
2026/10/03 08:57:34.619, 4, 118647
2026/10/03 08:57:34.619, 5, 118363
2026/10/03 08:57:34.619, 6, 118945
2026/10/03 08:57:34.619, 7, 118335
2026/10/03 08:57:35.619, 0, 23932
2026/10/03 08:57:35.619, 1, 22718
2026/10/03 08:57:35.619, 2, 22704
2026/10/03 08:57:35.619, 3, 21818
2026/10/03 08:57:35.619, 4, 118647
2026/10/03 08:57:35.619, 5, 118363
2026/10/03 08:57:35.619, 6, 118945
2026/10/03 08:57:35.619, 7, 118335
2026/10/03 08:57:36.619, 0, 23932
2026/10/03 08:57:36.619, 1, 22718
2026/10/03 08:57:36.619, 2, 22704
2026/10/03 08:57:36.619, 3, 21818
2026/10/03 08:57:36.619, 4, 118647
2026/10/03 08:57:36.619, 5, 118363
2026/10/03 08:57:36.619, 6, 118945
2026/10/03 08:57:36.619, 7, 118335
2026/10/03 08:57:37.619, 0, 23932
2026/10/03 08:57:37.620, 1, 22718
2026/10/03 08:57:37.620, 2, 22704
2026/10/03 08:57:37.620, 3, 21818
2026/10/03 08:57:37.620, 4, 118647
2026/10/03 08:57:37.620, 5, 118363
2026/10/03 08:57:37.620, 6, 118945
2026/10/03 08:57:37.620, 7, 118335
2026/10/03 08:57:38.620, 0, 23932
2026/10/03 08:57:38.620, 1, 22718
2026/10/03 08:57:38.620, 2, 22704
2026/10/03 08:57:38.620, 3, 21818
2026/10/03 08:57:38.620, 4, 118647
2026/10/03 08:57:38.620, 5, 118363
2026/10/03 08:57:38.620, 6, 118945
2026/10/03 08:57:38.620, 7, 118335
2026/10/03 08:57:39.620, 0, 23932
2026/10/03 08:57:39.620, 1, 22718
2026/10/03 08:57:39.620, 2, 22704
2026/10/03 08:57:39.620, 3, 21818
2026/10/03 08:57:39.620, 4, 118647
2026/10/03 08:57:39.620, 5, 118363
2026/10/03 08:57:39.620, 6, 118945
2026/10/03 08:57:39.620, 7, 118335
2026/10/03 08:57:40.620, 0, 23932
2026/10/03 08:57:40.620, 1, 22718
2026/10/03 08:57:40.620, 2, 22704
2026/10/03 08:57:40.620, 3, 21818
2026/10/03 08:57:40.620, 4, 118647
2026/10/03 08:57:40.620, 5, 118363
2026/10/03 08:57:40.620, 6, 118945
2026/10/03 08:57:40.620, 7, 118335
2026/10/03 08:57:41.620, 0, 23932
2026/10/03 08:57:41.621, 1, 22718
2026/10/03 08:57:41.621, 2, 22704
2026/10/03 08:57:41.621, 3, 21818
2026/10/03 08:57:41.621, 4, 118647
2026/10/03 08:57:41.621, 5, 118363
2026/10/03 08:57:41.621, 6, 118945
2026/10/03 08:57:41.621, 7, 118335
2026/10/03 08:57:42.621, 0, 23932
2026/10/03 08:57:42.621, 1, 22718
2026/10/03 08:57:42.621, 2, 22704
2026/10/03 08:57:42.621, 3, 21818
2026/10/03 08:57:42.621, 4, 118647
2026/10/03 08:57:42.621, 5, 118363
2026/10/03 08:57:42.621, 6, 118945
2026/10/03 08:57:42.621, 7, 118335
2026/10/03 08:57:43.621, 0, 23932
2026/10/03 08:57:43.621, 1, 22718
2026/10/03 08:57:43.621, 2, 22704
2026/10/03 08:57:43.621, 3, 21818
2026/10/03 08:57:43.621, 4, 118647
2026/10/03 08:57:43.621, 5, 118363
2026/10/03 08:57:43.622, 6, 118945
2026/10/03 08:57:43.622, 7, 118335
2026/10/03 08:57:44.622, 0, 23932
2026/10/03 08:57:44.622, 1, 22718
2026/10/03 08:57:44.622, 2, 22704
2026/10/03 08:57:44.622, 3, 21818
2026/10/03 08:57:44.622, 4, 118647
2026/10/03 08:57:44.622, 5, 118363
2026/10/03 08:57:44.622, 6, 118945
2026/10/03 08:57:44.622, 7, 118335
2026/10/03 08:57:45.622, 0, 23932
2026/10/03 08:57:45.622, 1, 22718
2026/10/03 08:57:45.622, 2, 22704
2026/10/03 08:57:45.622, 3, 21818
2026/10/03 08:57:45.622, 4, 118647
2026/10/03 08:57:45.622, 5, 118363
2026/10/03 08:57:45.622, 6, 118945
2026/10/03 08:57:45.622, 7, 118335
2026/10/03 08:57:46.622, 0, 23932
2026/10/03 08:57:46.622, 1, 22718
2026/10/03 08:57:46.622, 2, 22704
2026/10/03 08:57:46.622, 3, 21818
2026/10/03 08:57:46.622, 4, 118647
2026/10/03 08:57:46.622, 5, 118363
2026/10/03 08:57:46.622, 6, 118945
2026/10/03 08:57:46.622, 7, 118335
2026/10/03 08:57:47.622, 0, 23932
2026/10/03 08:57:47.651, 1, 22718
2026/10/03 08:57:47.658, 2, 22704
2026/10/03 08:57:47.664, 3, 21818
2026/10/03 08:57:47.669, 4, 118647
2026/10/03 08:57:47.677, 5, 118363
2026/10/03 08:57:47.683, 6, 118945
2026/10/03 08:57:47.689, 7, 118335
2026/10/03 08:57:48.697, 0, 23932
2026/10/03 08:57:48.697, 1, 22718
2026/10/03 08:57:48.697, 2, 22704
2026/10/03 08:57:48.697, 3, 21818
2026/10/03 08:57:48.697, 4, 118647
2026/10/03 08:57:48.697, 5, 118363
2026/10/03 08:57:48.697, 6, 118945
2026/10/03 08:57:48.697, 7, 118335
2026/10/03 08:57:49.697, 0, 23932
2026/10/03 08:57:49.697, 1, 22718
2026/10/03 08:57:49.697, 2, 22704
2026/10/03 08:57:49.697, 3, 21818
2026/10/03 08:57:49.697, 4, 118647
2026/10/03 08:57:49.697, 5, 118363
2026/10/03 08:57:49.697, 6, 118945
2026/10/03 08:57:49.697, 7, 118335
2026/10/03 08:57:50.698, 0, 23932
2026/10/03 08:57:50.698, 1, 22718
2026/10/03 08:57:50.698, 2, 22704
2026/10/03 08:57:50.698, 3, 21818
2026/10/03 08:57:50.698, 4, 119261
2026/10/03 08:57:50.698, 5, 118977
2026/10/03 08:57:50.698, 6, 119559
2026/10/03 08:57:50.698, 7, 118949
2026/10/03 08:57:51.698, 0, 41628
2026/10/03 08:57:51.698, 1, 34572
2026/10/03 08:57:51.698, 2, 34568
2026/10/03 08:57:51.698, 3, 33690
2026/10/03 08:57:51.698, 4, 119261
2026/10/03 08:57:51.698, 5, 118977
2026/10/03 08:57:51.698, 6, 119559
2026/10/03 08:57:51.698, 7, 118949
2026/10/03 08:57:52.698, 0, 53462
2026/10/03 08:57:52.698, 1, 40506
2026/10/03 08:57:52.699, 2, 34568
2026/10/03 08:57:52.699, 3, 33690
2026/10/03 08:57:52.699, 4, 119261
2026/10/03 08:57:52.699, 5, 118977
2026/10/03 08:57:52.699, 6, 124961
2026/10/03 08:57:52.699, 7, 118949
2026/10/03 08:57:53.700, 0, 53462
2026/10/03 08:57:53.700, 1, 40506
2026/10/03 08:57:53.700, 2, 34568
2026/10/03 08:57:53.700, 3, 33690
2026/10/03 08:57:53.700, 4, 119261
2026/10/03 08:57:53.700, 5, 118977
2026/10/03 08:57:53.700, 6, 125767
2026/10/03 08:57:53.700, 7, 118951
2026/10/03 08:57:54.700, 0, 53462
2026/10/03 08:57:54.700, 1, 40506
2026/10/03 08:57:54.700, 2, 34774
2026/10/03 08:57:54.701, 3, 33850
2026/10/03 08:57:54.701, 4, 119261
2026/10/03 08:57:54.701, 5, 118977
2026/10/03 08:57:54.701, 6, 125767
2026/10/03 08:57:54.701, 7, 118951
2026/10/03 08:57:55.701, 0, 74186
2026/10/03 08:57:55.701, 1, 70484
2026/10/03 08:57:55.701, 2, 70490
2026/10/03 08:57:55.701, 3, 69488
2026/10/03 08:57:55.701, 4, 119261
2026/10/03 08:57:55.701, 5, 118977
2026/10/03 08:57:55.701, 6, 125767
2026/10/03 08:57:55.701, 7, 118951
2026/10/03 08:57:56.701, 0, 74188
2026/10/03 08:57:56.701, 1, 70486
2026/10/03 08:57:56.701, 2, 70490
2026/10/03 08:57:56.702, 3, 69524
2026/10/03 08:57:56.702, 4, 119261
2026/10/03 08:57:56.702, 5, 118977
2026/10/03 08:57:56.702, 6, 125767
2026/10/03 08:57:56.702, 7, 118951
2026/10/03 08:57:57.702, 0, 74188
2026/10/03 08:57:57.702, 1, 70488
2026/10/03 08:57:57.702, 2, 70494
2026/10/03 08:57:57.702, 3, 69524
2026/10/03 08:57:57.702, 4, 119261
2026/10/03 08:57:57.702, 5, 118977
2026/10/03 08:57:57.702, 6, 125767
2026/10/03 08:57:57.702, 7, 118951
2026/10/03 08:57:58.702, 0, 74192
2026/10/03 08:57:58.702, 1, 70488
2026/10/03 08:57:58.702, 2, 70496
2026/10/03 08:57:58.702, 3, 69524
2026/10/03 08:57:58.702, 4, 119261
2026/10/03 08:57:58.702, 5, 118977
2026/10/03 08:57:58.702, 6, 125767
2026/10/03 08:57:58.702, 7, 118951
2026/10/03 08:57:59.702, 0, 74192
2026/10/03 08:57:59.703, 1, 70498
2026/10/03 08:57:59.703, 2, 70496
2026/10/03 08:57:59.703, 3, 69524
2026/10/03 08:57:59.703, 4, 119261
2026/10/03 08:57:59.703, 5, 118977
2026/10/03 08:57:59.703, 6, 125767
2026/10/03 08:57:59.703, 7, 118951
2026/10/03 08:58:00.703, 0, 74192
2026/10/03 08:58:00.703, 1, 70522
2026/10/03 08:58:00.703, 2, 70526
2026/10/03 08:58:00.703, 3, 69524
2026/10/03 08:58:00.703, 4, 119261
2026/10/03 08:58:00.703, 5, 118977
2026/10/03 08:58:00.703, 6, 125767
2026/10/03 08:58:00.703, 7, 118951
2026/10/03 08:58:01.704, 0, 74220
2026/10/03 08:58:01.704, 1, 70522
2026/10/03 08:58:01.704, 2, 70526
2026/10/03 08:58:01.704, 3, 69524
2026/10/03 08:58:01.704, 4, 119261
2026/10/03 08:58:01.704, 5, 118977
2026/10/03 08:58:01.704, 6, 125767
2026/10/03 08:58:01.704, 7, 118951
2026/10/03 08:58:02.704, 0, 74224
2026/10/03 08:58:02.704, 1, 70526
2026/10/03 08:58:02.704, 2, 70526
2026/10/03 08:58:02.704, 3, 69524
2026/10/03 08:58:02.704, 4, 119261
2026/10/03 08:58:02.704, 5, 118977
2026/10/03 08:58:02.704, 6, 125767
2026/10/03 08:58:02.704, 7, 118951
2026/10/03 08:58:03.704, 0, 74224
2026/10/03 08:58:03.704, 1, 70526
2026/10/03 08:58:03.705, 2, 70526
2026/10/03 08:58:03.705, 3, 69524
2026/10/03 08:58:03.705, 4, 118645
2026/10/03 08:58:03.705, 5, 118613
2026/10/03 08:58:03.705, 6, 118613
2026/10/03 08:58:03.705, 7, 118373
2026/10/03 08:58:04.705, 0, 74224
2026/10/03 08:58:04.705, 1, 70526
2026/10/03 08:58:04.705, 2, 70526
2026/10/03 08:58:04.705, 3, 69524
2026/10/03 08:58:04.705, 4, 118669
2026/10/03 08:58:04.705, 5, 118637
2026/10/03 08:58:04.705, 6, 118635
2026/10/03 08:58:04.705, 7, 118397
2026/10/03 08:58:05.705, 0, 74224
2026/10/03 08:58:05.705, 1, 70526
2026/10/03 08:58:05.705, 2, 70526
2026/10/03 08:58:05.705, 3, 69524
2026/10/03 08:58:05.705, 4, 118669
2026/10/03 08:58:05.705, 5, 118637
2026/10/03 08:58:05.705, 6, 118635
2026/10/03 08:58:05.705, 7, 118397
2026/10/03 08:58:06.705, 0, 74224
2026/10/03 08:58:06.705, 1, 70526
2026/10/03 08:58:06.705, 2, 70526
2026/10/03 08:58:06.705, 3, 69524
2026/10/03 08:58:06.705, 4, 118669
2026/10/03 08:58:06.706, 5, 118637
2026/10/03 08:58:06.706, 6, 118635
2026/10/03 08:58:06.706, 7, 118397
2026/10/03 08:58:07.706, 0, 74224
2026/10/03 08:58:07.706, 1, 70526
2026/10/03 08:58:07.706, 2, 70526
2026/10/03 08:58:07.737, 3, 69524
2026/10/03 08:58:07.737, 4, 118669
2026/10/03 08:58:07.737, 5, 118637
2026/10/03 08:58:07.737, 6, 118635
2026/10/03 08:58:07.737, 7, 118397
2026/10/03 08:58:08.737, 0, 80150
2026/10/03 08:58:08.737, 1, 70526
2026/10/03 08:58:08.737, 2, 70526
2026/10/03 08:58:08.737, 3, 69524
2026/10/03 08:58:08.737, 4, 118669
2026/10/03 08:58:08.737, 5, 118637
2026/10/03 08:58:08.737, 6, 118635
2026/10/03 08:58:08.737, 7, 118397
2026/10/03 08:58:09.737, 0, 80150
2026/10/03 08:58:09.737, 1, 76462
2026/10/03 08:58:09.737, 2, 70526
2026/10/03 08:58:09.737, 3, 69524
2026/10/03 08:58:09.737, 4, 118669
2026/10/03 08:58:09.737, 5, 118637
2026/10/03 08:58:09.737, 6, 118635
2026/10/03 08:58:09.737, 7, 118397
2026/10/03 08:58:10.738, 0, 86078
2026/10/03 08:58:10.738, 1, 76462
2026/10/03 08:58:10.738, 2, 76456
2026/10/03 08:58:10.738, 3, 69524
2026/10/03 08:58:10.738, 4, 118669
2026/10/03 08:58:10.738, 5, 118637
2026/10/03 08:58:10.738, 6, 118637
2026/10/03 08:58:10.738, 7, 118397
2026/10/03 08:58:11.738, 0, 86078
2026/10/03 08:58:11.739, 1, 76462
2026/10/03 08:58:11.739, 2, 76456
2026/10/03 08:58:11.739, 3, 69524
2026/10/03 08:58:11.739, 4, 118669
2026/10/03 08:58:11.739, 5, 118637
2026/10/03 08:58:11.739, 6, 118637
2026/10/03 08:58:11.739, 7, 118397
2026/10/03 08:58:12.739, 0, 86078
2026/10/03 08:58:12.739, 1, 76462
2026/10/03 08:58:12.739, 2, 76456
2026/10/03 08:58:12.739, 3, 69524
2026/10/03 08:58:12.739, 4, 118669
2026/10/03 08:58:12.739, 5, 118637
2026/10/03 08:58:12.739, 6, 118637
2026/10/03 08:58:12.739, 7, 118397
2026/10/03 08:58:13.739, 0, 92010
2026/10/03 08:58:13.739, 1, 76462
2026/10/03 08:58:13.739, 2, 76456
2026/10/03 08:58:13.739, 3, 69524
2026/10/03 08:58:13.739, 4, 118669
2026/10/03 08:58:13.739, 5, 118637
2026/10/03 08:58:13.739, 6, 118637
2026/10/03 08:58:13.739, 7, 118397
2026/10/03 08:58:14.739, 0, 92010
2026/10/03 08:58:14.740, 1, 76462
2026/10/03 08:58:14.740, 2, 76458
2026/10/03 08:58:14.740, 3, 69524
2026/10/03 08:58:14.740, 4, 118669
2026/10/03 08:58:14.740, 5, 118637
2026/10/03 08:58:14.740, 6, 118637
2026/10/03 08:58:14.740, 7, 118397
2026/10/03 08:58:15.740, 0, 92010
2026/10/03 08:58:15.740, 1, 76462
2026/10/03 08:58:15.740, 2, 76460
2026/10/03 08:58:15.740, 3, 69524
2026/10/03 08:58:15.740, 4, 118669
2026/10/03 08:58:15.740, 5, 118637
2026/10/03 08:58:15.740, 6, 118637
2026/10/03 08:58:15.740, 7, 118397
2026/10/03 08:58:16.740, 0, 92010
2026/10/03 08:58:16.740, 1, 76462
2026/10/03 08:58:16.740, 2, 76460
2026/10/03 08:58:16.740, 3, 69528
2026/10/03 08:58:16.740, 4, 118669
2026/10/03 08:58:16.740, 5, 118637
2026/10/03 08:58:16.740, 6, 118637
2026/10/03 08:58:16.740, 7, 118397
2026/10/03 08:58:17.740, 0, 92010
2026/10/03 08:58:17.750, 1, 76462
2026/10/03 08:58:17.756, 2, 76460
2026/10/03 08:58:17.759, 3, 69528
2026/10/03 08:58:17.763, 4, 118669
2026/10/03 08:58:17.764, 5, 118637
2026/10/03 08:58:17.766, 6, 118637
2026/10/03 08:58:17.769, 7, 118397
2026/10/03 08:58:18.771, 0, 92010
2026/10/03 08:58:18.771, 1, 76462
2026/10/03 08:58:18.771, 2, 76460
2026/10/03 08:58:18.771, 3, 69528
2026/10/03 08:58:18.771, 4, 118645
2026/10/03 08:58:18.771, 5, 119279
2026/10/03 08:58:18.771, 6, 119251
2026/10/03 08:58:18.771, 7, 119011
2026/10/03 08:58:19.771, 0, 92010
2026/10/03 08:58:19.771, 1, 76462
2026/10/03 08:58:19.771, 2, 76460
2026/10/03 08:58:19.771, 3, 69528
2026/10/03 08:58:19.771, 4, 118645
2026/10/03 08:58:19.771, 5, 118613
2026/10/03 08:58:19.771, 6, 118613
2026/10/03 08:58:19.771, 7, 118373
2026/10/03 08:58:20.771, 0, 92010
2026/10/03 08:58:20.772, 1, 76462
2026/10/03 08:58:20.772, 2, 76460
2026/10/03 08:58:20.772, 3, 69528
2026/10/03 08:58:20.772, 4, 118645
2026/10/03 08:58:20.772, 5, 118613
2026/10/03 08:58:20.772, 6, 118613
2026/10/03 08:58:20.772, 7, 118373
2026/10/03 08:58:21.772, 0, 92010
2026/10/03 08:58:21.772, 1, 76462
2026/10/03 08:58:21.772, 2, 76460
2026/10/03 08:58:21.772, 3, 69528
2026/10/03 08:58:21.772, 4, 118645
2026/10/03 08:58:21.772, 5, 118613
2026/10/03 08:58:21.772, 6, 118613
2026/10/03 08:58:21.772, 7, 118373
2026/10/03 08:58:22.772, 0, 92010
2026/10/03 08:58:22.773, 1, 76462
2026/10/03 08:58:22.773, 2, 76460
2026/10/03 08:58:22.773, 3, 69528
2026/10/03 08:58:22.773, 4, 118645
2026/10/03 08:58:22.773, 5, 118613
2026/10/03 08:58:22.773, 6, 118613
2026/10/03 08:58:22.773, 7, 118373
2026/10/03 08:58:23.773, 0, 92010
2026/10/03 08:58:23.773, 1, 76462
2026/10/03 08:58:23.773, 2, 76460
2026/10/03 08:58:23.773, 3, 69528
2026/10/03 08:58:23.826, 4, 118645
2026/10/03 08:58:23.827, 5, 118613
2026/10/03 08:58:23.827, 6, 118613
2026/10/03 08:58:23.827, 7, 118373
2026/10/03 08:58:24.828, 0, 92010
2026/10/03 08:58:24.828, 1, 76462
2026/10/03 08:58:24.828, 2, 76460
2026/10/03 08:58:24.828, 3, 69528
2026/10/03 08:58:24.828, 4, 118645
2026/10/03 08:58:24.828, 5, 118613
2026/10/03 08:58:24.828, 6, 118613
2026/10/03 08:58:24.828, 7, 118373
2026/10/03 08:58:25.828, 0, 92010
2026/10/03 08:58:25.828, 1, 76462
2026/10/03 08:58:25.828, 2, 76460
2026/10/03 08:58:25.828, 3, 69528
2026/10/03 08:58:25.828, 4, 118645
2026/10/03 08:58:25.828, 5, 118613
2026/10/03 08:58:25.828, 6, 118613
2026/10/03 08:58:25.828, 7, 118373
2026/10/03 08:58:26.828, 0, 92010
2026/10/03 08:58:26.828, 1, 76462
2026/10/03 08:58:26.828, 2, 76460
2026/10/03 08:58:26.828, 3, 69528
2026/10/03 08:58:26.828, 4, 118667
2026/10/03 08:58:26.828, 5, 118635
2026/10/03 08:58:26.828, 6, 118613
2026/10/03 08:58:26.828, 7, 118395
2026/10/03 08:58:27.829, 0, 92010
2026/10/03 08:58:27.829, 1, 76462
2026/10/03 08:58:27.829, 2, 76460
2026/10/03 08:58:27.829, 3, 69528
2026/10/03 08:58:27.829, 4, 119555
2026/10/03 08:58:27.829, 5, 118833
2026/10/03 08:58:27.829, 6, 119723
2026/10/03 08:58:27.829, 7, 118747
2026/10/03 08:58:28.829, 0, 92010
2026/10/03 08:58:28.829, 1, 76462
2026/10/03 08:58:28.829, 2, 76460
2026/10/03 08:58:28.829, 3, 69528
2026/10/03 08:58:28.829, 4, 119673
2026/10/03 08:58:28.829, 5, 118835
2026/10/03 08:58:28.829, 6, 123155
2026/10/03 08:58:28.829, 7, 118749
2026/10/03 08:58:29.829, 0, 92010
2026/10/03 08:58:29.830, 1, 76462
2026/10/03 08:58:29.830, 2, 76460
2026/10/03 08:58:29.830, 3, 69528
2026/10/03 08:58:29.830, 4, 119673
2026/10/03 08:58:29.830, 5, 118835
2026/10/03 08:58:29.830, 6, 123749
2026/10/03 08:58:29.830, 7, 118749
2026/10/03 08:58:30.830, 0, 92010
2026/10/03 08:58:30.830, 1, 76462
2026/10/03 08:58:30.830, 2, 76460
2026/10/03 08:58:30.830, 3, 69528
2026/10/03 08:58:30.830, 4, 119673
2026/10/03 08:58:30.830, 5, 118835
2026/10/03 08:58:30.830, 6, 124973
2026/10/03 08:58:30.830, 7, 118749
2026/10/03 08:58:31.830, 0, 92010
2026/10/03 08:58:31.831, 1, 76462
2026/10/03 08:58:31.832, 2, 76460
2026/10/03 08:58:31.832, 3, 69528
2026/10/03 08:58:31.832, 4, 119673
2026/10/03 08:58:31.833, 5, 118835
2026/10/03 08:58:31.833, 6, 124973
2026/10/03 08:58:31.833, 7, 118749
2026/10/03 08:58:32.833, 0, 97946
2026/10/03 08:58:32.833, 1, 76462
2026/10/03 08:58:32.834, 2, 76460
2026/10/03 08:58:32.834, 3, 69528
2026/10/03 08:58:32.834, 4, 119673
2026/10/03 08:58:32.834, 5, 118835
2026/10/03 08:58:32.834, 6, 124973
2026/10/03 08:58:32.834, 7, 118749
2026/10/03 08:58:33.834, 0, 97946
2026/10/03 08:58:33.835, 1, 76462
2026/10/03 08:58:33.835, 2, 76460
2026/10/03 08:58:33.835, 3, 69528
2026/10/03 08:58:33.835, 4, 119673
2026/10/03 08:58:33.835, 5, 118835
2026/10/03 08:58:33.835, 6, 124973
2026/10/03 08:58:33.835, 7, 118749
2026/10/03 08:58:34.835, 0, 97946
2026/10/03 08:58:34.835, 1, 76462
2026/10/03 08:58:34.835, 2, 82392
2026/10/03 08:58:34.835, 3, 69528
2026/10/03 08:58:34.835, 4, 119673
2026/10/03 08:58:34.835, 5, 118835
2026/10/03 08:58:34.835, 6, 124973
2026/10/03 08:58:34.835, 7, 118749
2026/10/03 08:58:35.835, 0, 97946
2026/10/03 08:58:35.835, 1, 76462
2026/10/03 08:58:35.835, 2, 82392
2026/10/03 08:58:35.835, 3, 69528
2026/10/03 08:58:35.836, 4, 119673
2026/10/03 08:58:35.836, 5, 118835
2026/10/03 08:58:35.837, 6, 124973
2026/10/03 08:58:35.837, 7, 118749
2026/10/03 08:58:36.837, 0, 97946
2026/10/03 08:58:36.837, 1, 76462
2026/10/03 08:58:36.837, 2, 82392
2026/10/03 08:58:36.837, 3, 69528
2026/10/03 08:58:36.837, 4, 119673
2026/10/03 08:58:36.837, 5, 118835
2026/10/03 08:58:36.837, 6, 124973
2026/10/03 08:58:36.837, 7, 118749
2026/10/03 08:58:37.837, 0, 97946
2026/10/03 08:58:37.837, 1, 76462
2026/10/03 08:58:37.838, 2, 82392
2026/10/03 08:58:37.838, 3, 69528
2026/10/03 08:58:37.838, 4, 119673
2026/10/03 08:58:37.838, 5, 118835
2026/10/03 08:58:37.838, 6, 124973
2026/10/03 08:58:37.838, 7, 118749
2026/10/03 08:58:38.838, 0, 97946
2026/10/03 08:58:38.838, 1, 76462
2026/10/03 08:58:38.838, 2, 82392
2026/10/03 08:58:38.838, 3, 69528
2026/10/03 08:58:38.838, 4, 119673
2026/10/03 08:58:38.838, 5, 118835
2026/10/03 08:58:38.838, 6, 124973
2026/10/03 08:58:38.838, 7, 118749
2026/10/03 08:58:39.838, 0, 97946
2026/10/03 08:58:39.838, 1, 76462
2026/10/03 08:58:39.838, 2, 82392
2026/10/03 08:58:39.838, 3, 69528
2026/10/03 08:58:39.838, 4, 118613
2026/10/03 08:58:39.838, 5, 118613
2026/10/03 08:58:39.838, 6, 118613
2026/10/03 08:58:39.838, 7, 118373
2026/10/03 08:58:40.838, 0, 97946
2026/10/03 08:58:40.838, 1, 76462
2026/10/03 08:58:40.838, 2, 82392
2026/10/03 08:58:40.838, 3, 69528
2026/10/03 08:58:40.838, 4, 118635
2026/10/03 08:58:40.838, 5, 118635
2026/10/03 08:58:40.838, 6, 118635
2026/10/03 08:58:40.838, 7, 118397
2026/10/03 08:58:41.838, 0, 97946
2026/10/03 08:58:41.839, 1, 76462
2026/10/03 08:58:41.839, 2, 82392
2026/10/03 08:58:41.839, 3, 69528
2026/10/03 08:58:41.839, 4, 118657
2026/10/03 08:58:41.839, 5, 118635
2026/10/03 08:58:41.839, 6, 118635
2026/10/03 08:58:41.839, 7, 118397
2026/10/03 08:58:42.839, 0, 97946
2026/10/03 08:58:42.839, 1, 76462
2026/10/03 08:58:42.839, 2, 82392
2026/10/03 08:58:42.839, 3, 69528
2026/10/03 08:58:42.839, 4, 118657
2026/10/03 08:58:42.839, 5, 118635
2026/10/03 08:58:42.839, 6, 118635
2026/10/03 08:58:42.839, 7, 118397
2026/10/03 08:58:43.839, 0, 97946
2026/10/03 08:58:43.839, 1, 76462
2026/10/03 08:58:43.839, 2, 82392
2026/10/03 08:58:43.839, 3, 69528
2026/10/03 08:58:43.839, 4, 118657
2026/10/03 08:58:43.839, 5, 118637
2026/10/03 08:58:43.839, 6, 118635
2026/10/03 08:58:43.840, 7, 118397
2026/10/03 08:58:44.840, 0, 97946
2026/10/03 08:58:44.840, 1, 76462
2026/10/03 08:58:44.840, 2, 88328
2026/10/03 08:58:44.840, 3, 69528
2026/10/03 08:58:44.840, 4, 118657
2026/10/03 08:58:44.840, 5, 118637
2026/10/03 08:58:44.840, 6, 118635
2026/10/03 08:58:44.840, 7, 118439
2026/10/03 08:58:45.840, 0, 97946
2026/10/03 08:58:45.840, 1, 76462
2026/10/03 08:58:45.840, 2, 88328
2026/10/03 08:58:45.840, 3, 69528
2026/10/03 08:58:45.840, 4, 118657
2026/10/03 08:58:45.840, 5, 118637
2026/10/03 08:58:45.840, 6, 118635
2026/10/03 08:58:45.840, 7, 118469
2026/10/03 08:58:46.840, 0, 97946
2026/10/03 08:58:46.840, 1, 76462
2026/10/03 08:58:46.840, 2, 88328
2026/10/03 08:58:46.840, 3, 69528
2026/10/03 08:58:46.840, 4, 118657
2026/10/03 08:58:46.840, 5, 118637
2026/10/03 08:58:46.840, 6, 118635
2026/10/03 08:58:46.840, 7, 118717
2026/10/03 08:58:47.840, 0, 97946
2026/10/03 08:58:47.847, 1, 76462
2026/10/03 08:58:47.862, 2, 88328
2026/10/03 08:58:47.876, 3, 69528
2026/10/03 08:58:47.889, 4, 118657
2026/10/03 08:58:47.898, 5, 118637
2026/10/03 08:58:47.907, 6, 118635
2026/10/03 08:58:47.916, 7, 118717
2026/10/03 08:58:48.923, 0, 97946
2026/10/03 08:58:48.925, 1, 76462
2026/10/03 08:58:48.926, 2, 88328
2026/10/03 08:58:48.927, 3, 69528
2026/10/03 08:58:48.928, 4, 118657
2026/10/03 08:58:48.932, 5, 118637
2026/10/03 08:58:48.932, 6, 118635
2026/10/03 08:58:48.932, 7, 118717
2026/10/03 08:58:49.932, 0, 97946
2026/10/03 08:58:49.932, 1, 76462
2026/10/03 08:58:49.932, 2, 88328
2026/10/03 08:58:49.932, 3, 69528
2026/10/03 08:58:49.932, 4, 118657
2026/10/03 08:58:49.932, 5, 118637
2026/10/03 08:58:49.932, 6, 118635
2026/10/03 08:58:49.932, 7, 118717
2026/10/03 08:58:50.933, 0, 97946
2026/10/03 08:58:50.933, 1, 76462
2026/10/03 08:58:50.933, 2, 88328
2026/10/03 08:58:50.933, 3, 69528
2026/10/03 08:58:50.933, 4, 118657
2026/10/03 08:58:50.933, 5, 118769
2026/10/03 08:58:50.933, 6, 118635
2026/10/03 08:58:50.933, 7, 118717
2026/10/03 08:58:51.933, 0, 97946
2026/10/03 08:58:51.933, 1, 76462
2026/10/03 08:58:51.933, 2, 88328
2026/10/03 08:58:51.933, 3, 69528
2026/10/03 08:58:51.933, 4, 118657
2026/10/03 08:58:51.933, 5, 118769
2026/10/03 08:58:51.933, 6, 118635
2026/10/03 08:58:51.933, 7, 118717
2026/10/03 08:58:52.933, 0, 97946
2026/10/03 08:58:52.933, 1, 76462
2026/10/03 08:58:52.933, 2, 88328
2026/10/03 08:58:52.933, 3, 69528
2026/10/03 08:58:52.933, 4, 118657
2026/10/03 08:58:52.933, 5, 118769
2026/10/03 08:58:52.933, 6, 118635
2026/10/03 08:58:52.933, 7, 118717
2026/10/03 08:58:53.933, 0, 97946
2026/10/03 08:58:53.934, 1, 76462
2026/10/03 08:58:53.934, 2, 88328
2026/10/03 08:58:53.934, 3, 69528
2026/10/03 08:58:53.934, 4, 118613
2026/10/03 08:58:53.934, 5, 118613
2026/10/03 08:58:53.934, 6, 118613
2026/10/03 08:58:53.934, 7, 118373
2026/10/03 08:58:54.934, 0, 97946
2026/10/03 08:58:54.934, 1, 76462
2026/10/03 08:58:54.934, 2, 88328
2026/10/03 08:58:54.934, 3, 69528
2026/10/03 08:58:54.934, 4, 118613
2026/10/03 08:58:54.934, 5, 119251
2026/10/03 08:58:54.934, 6, 119251
2026/10/03 08:58:54.934, 7, 119011
2026/10/03 08:58:55.934, 0, 97946
2026/10/03 08:58:55.934, 1, 76462
2026/10/03 08:58:55.934, 2, 88328
2026/10/03 08:58:55.934, 3, 69528
2026/10/03 08:58:55.934, 4, 118613
2026/10/03 08:58:55.934, 5, 118613
2026/10/03 08:58:55.934, 6, 118613
2026/10/03 08:58:55.934, 7, 118373
2026/10/03 08:58:56.934, 0, 97946
2026/10/03 08:58:56.934, 1, 76462
2026/10/03 08:58:56.934, 2, 88328
2026/10/03 08:58:56.934, 3, 69528
2026/10/03 08:58:56.934, 4, 118613
2026/10/03 08:58:56.934, 5, 118613
2026/10/03 08:58:56.934, 6, 118613
2026/10/03 08:58:56.934, 7, 118373
2026/10/03 08:58:57.934, 0, 97946
2026/10/03 08:58:57.935, 1, 76462
2026/10/03 08:58:57.935, 2, 88328
2026/10/03 08:58:57.935, 3, 69528
2026/10/03 08:58:57.935, 4, 118613
2026/10/03 08:58:57.935, 5, 118613
2026/10/03 08:58:57.935, 6, 118613
2026/10/03 08:58:57.935, 7, 118373
2026/10/03 08:58:58.935, 0, 97946
2026/10/03 08:58:58.935, 1, 76462
2026/10/03 08:58:58.935, 2, 88328
2026/10/03 08:58:58.935, 3, 69528
2026/10/03 08:58:58.935, 4, 118613
2026/10/03 08:58:58.935, 5, 118613
2026/10/03 08:58:58.935, 6, 118613
2026/10/03 08:58:58.935, 7, 118373
2026/10/03 08:58:59.935, 0, 97946
2026/10/03 08:58:59.935, 1, 76462
2026/10/03 08:58:59.935, 2, 88328
2026/10/03 08:58:59.935, 3, 69528
2026/10/03 08:58:59.935, 4, 118613
2026/10/03 08:58:59.935, 5, 118613
2026/10/03 08:58:59.935, 6, 118613
2026/10/03 08:58:59.935, 7, 118373
2026/10/03 08:59:00.935, 0, 97946
2026/10/03 08:59:00.935, 1, 76462
2026/10/03 08:59:00.935, 2, 88328
2026/10/03 08:59:00.935, 3, 69528
2026/10/03 08:59:00.935, 4, 118613
2026/10/03 08:59:00.935, 5, 118613
2026/10/03 08:59:00.935, 6, 118613
2026/10/03 08:59:00.936, 7, 118373
2026/10/03 08:59:01.937, 0, 97946
2026/10/03 08:59:01.937, 1, 76462
2026/10/03 08:59:01.937, 2, 88328
2026/10/03 08:59:01.937, 3, 69528
2026/10/03 08:59:01.937, 4, 118613
2026/10/03 08:59:01.937, 5, 118613
2026/10/03 08:59:01.937, 6, 118613
2026/10/03 08:59:01.937, 7, 118373
2026/10/03 08:59:02.937, 0, 97946
2026/10/03 08:59:02.937, 1, 76462
2026/10/03 08:59:02.937, 2, 88328
2026/10/03 08:59:02.937, 3, 69528
2026/10/03 08:59:02.937, 4, 118613
2026/10/03 08:59:02.937, 5, 118613
2026/10/03 08:59:02.937, 6, 118613
2026/10/03 08:59:02.937, 7, 118373
2026/10/03 08:59:03.937, 0, 97946
2026/10/03 08:59:03.937, 1, 76462
2026/10/03 08:59:03.937, 2, 88328
2026/10/03 08:59:03.937, 3, 69528
2026/10/03 08:59:03.937, 4, 118877
2026/10/03 08:59:03.937, 5, 118637
2026/10/03 08:59:03.937, 6, 118927
2026/10/03 08:59:03.937, 7, 118397
2026/10/03 08:59:04.937, 0, 97946
2026/10/03 08:59:04.937, 1, 76462
2026/10/03 08:59:04.937, 2, 88328
2026/10/03 08:59:04.938, 3, 69528
2026/10/03 08:59:04.938, 4, 119135
2026/10/03 08:59:04.938, 5, 118893
2026/10/03 08:59:04.938, 6, 121567
2026/10/03 08:59:04.938, 7, 118397
2026/10/03 08:59:05.938, 0, 97946
2026/10/03 08:59:05.938, 1, 76462
2026/10/03 08:59:05.938, 2, 88328
2026/10/03 08:59:05.938, 3, 69528
2026/10/03 08:59:05.938, 4, 119135
2026/10/03 08:59:05.938, 5, 119537
2026/10/03 08:59:05.938, 6, 124537
2026/10/03 08:59:05.938, 7, 118443
2026/10/03 08:59:06.938, 0, 97946
2026/10/03 08:59:06.938, 1, 76462
2026/10/03 08:59:06.938, 2, 88328
2026/10/03 08:59:06.938, 3, 69528
2026/10/03 08:59:06.938, 4, 119135
2026/10/03 08:59:06.938, 5, 119537
2026/10/03 08:59:06.938, 6, 124537
2026/10/03 08:59:06.938, 7, 118443
2026/10/03 08:59:07.938, 0, 97946
2026/10/03 08:59:07.938, 1, 76462
2026/10/03 08:59:07.938, 2, 88328
2026/10/03 08:59:07.938, 3, 69528
2026/10/03 08:59:07.938, 4, 119135
2026/10/03 08:59:07.938, 5, 119537
2026/10/03 08:59:07.938, 6, 124537
2026/10/03 08:59:07.938, 7, 118469
2026/10/03 08:59:08.938, 0, 97946
2026/10/03 08:59:08.939, 1, 76462
2026/10/03 08:59:08.939, 2, 88328
2026/10/03 08:59:08.939, 3, 69528
2026/10/03 08:59:08.939, 4, 119135
2026/10/03 08:59:08.939, 5, 119537
2026/10/03 08:59:08.939, 6, 124537
2026/10/03 08:59:08.939, 7, 118497
2026/10/03 08:59:09.939, 0, 97946
2026/10/03 08:59:09.939, 1, 76462
2026/10/03 08:59:09.939, 2, 88328
2026/10/03 08:59:09.939, 3, 69528
2026/10/03 08:59:09.939, 4, 119135
2026/10/03 08:59:09.939, 5, 119537
2026/10/03 08:59:09.939, 6, 124537
2026/10/03 08:59:09.939, 7, 118775
2026/10/03 08:59:10.939, 0, 97946
2026/10/03 08:59:10.939, 1, 76462
2026/10/03 08:59:10.939, 2, 88328
2026/10/03 08:59:10.939, 3, 69528
2026/10/03 08:59:10.939, 4, 119135
2026/10/03 08:59:10.939, 5, 119537
2026/10/03 08:59:10.939, 6, 124537
2026/10/03 08:59:10.939, 7, 118775
2026/10/03 08:59:11.939, 0, 97946
2026/10/03 08:59:11.940, 1, 76462
2026/10/03 08:59:11.940, 2, 88328
2026/10/03 08:59:11.940, 3, 69528
2026/10/03 08:59:11.940, 4, 119135
2026/10/03 08:59:11.940, 5, 119537
2026/10/03 08:59:11.940, 6, 124537
2026/10/03 08:59:11.940, 7, 118775
2026/10/03 08:59:12.940, 0, 97946
2026/10/03 08:59:12.940, 1, 76462
2026/10/03 08:59:12.940, 2, 88328
2026/10/03 08:59:12.940, 3, 69528
2026/10/03 08:59:12.940, 4, 119135
2026/10/03 08:59:12.940, 5, 119537
2026/10/03 08:59:12.940, 6, 124537
2026/10/03 08:59:12.940, 7, 118775
2026/10/03 08:59:13.940, 0, 97946
2026/10/03 08:59:13.940, 1, 76462
2026/10/03 08:59:13.940, 2, 88328
2026/10/03 08:59:13.940, 3, 69528
2026/10/03 08:59:13.940, 4, 119135
2026/10/03 08:59:13.940, 5, 119537
2026/10/03 08:59:13.940, 6, 124537
2026/10/03 08:59:13.940, 7, 118775
2026/10/03 08:59:14.940, 0, 97946
2026/10/03 08:59:14.940, 1, 76462
2026/10/03 08:59:14.940, 2, 88330
2026/10/03 08:59:14.941, 3, 69528
2026/10/03 08:59:14.941, 4, 119135
2026/10/03 08:59:14.941, 5, 119537
2026/10/03 08:59:14.941, 6, 124537
2026/10/03 08:59:14.941, 7, 118775
2026/10/03 08:59:15.941, 0, 97946
2026/10/03 08:59:15.941, 1, 76462
2026/10/03 08:59:15.941, 2, 88330
2026/10/03 08:59:15.941, 3, 69528
2026/10/03 08:59:15.941, 4, 119135
2026/10/03 08:59:15.941, 5, 119537
2026/10/03 08:59:15.941, 6, 124537
2026/10/03 08:59:15.941, 7, 118775
2026/10/03 08:59:16.941, 0, 97946
2026/10/03 08:59:16.941, 1, 76462
2026/10/03 08:59:16.941, 2, 88330
2026/10/03 08:59:16.941, 3, 69528
2026/10/03 08:59:16.941, 4, 118635
2026/10/03 08:59:16.941, 5, 118635
2026/10/03 08:59:16.941, 6, 118635
2026/10/03 08:59:16.941, 7, 118399
2026/10/03 08:59:17.941, 0, 97946
2026/10/03 08:59:17.951, 1, 76462
2026/10/03 08:59:17.953, 2, 88330
2026/10/03 08:59:17.955, 3, 69528
2026/10/03 08:59:17.955, 4, 118637
2026/10/03 08:59:17.956, 5, 118635
2026/10/03 08:59:17.956, 6, 118635
2026/10/03 08:59:17.958, 7, 118399
2026/10/03 08:59:18.961, 0, 97946
2026/10/03 08:59:18.961, 1, 76462
2026/10/03 08:59:18.961, 2, 88330
2026/10/03 08:59:18.961, 3, 69528
2026/10/03 08:59:18.962, 4, 118637
2026/10/03 08:59:18.962, 5, 118635
2026/10/03 08:59:18.962, 6, 118635
2026/10/03 08:59:18.963, 7, 118399
2026/10/03 08:59:19.963, 0, 97946
2026/10/03 08:59:19.963, 1, 76462
2026/10/03 08:59:19.963, 2, 88330
2026/10/03 08:59:19.963, 3, 69528
2026/10/03 08:59:19.963, 4, 118637
2026/10/03 08:59:19.963, 5, 118635
2026/10/03 08:59:19.963, 6, 118635
2026/10/03 08:59:19.963, 7, 118421
2026/10/03 08:59:20.963, 0, 97946
2026/10/03 08:59:20.964, 1, 76462
2026/10/03 08:59:20.964, 2, 88330
2026/10/03 08:59:20.964, 3, 69528
2026/10/03 08:59:20.964, 4, 118637
2026/10/03 08:59:20.964, 5, 118637
2026/10/03 08:59:20.964, 6, 118635
2026/10/03 08:59:20.965, 7, 118421
2026/10/03 08:59:21.965, 0, 97946
2026/10/03 08:59:21.965, 1, 76462
2026/10/03 08:59:21.965, 2, 88330
2026/10/03 08:59:21.965, 3, 69528
2026/10/03 08:59:21.965, 4, 118637
2026/10/03 08:59:21.965, 5, 118637
2026/10/03 08:59:21.965, 6, 118635
2026/10/03 08:59:21.965, 7, 118421
2026/10/03 08:59:22.965, 0, 97946
2026/10/03 08:59:22.965, 1, 76462
2026/10/03 08:59:22.965, 2, 88330
2026/10/03 08:59:22.965, 3, 69528
2026/10/03 08:59:22.965, 4, 118637
2026/10/03 08:59:22.965, 5, 118637
2026/10/03 08:59:22.965, 6, 118635
2026/10/03 08:59:22.967, 7, 118421
2026/10/03 08:59:23.968, 0, 97946
2026/10/03 08:59:23.968, 1, 76462
2026/10/03 08:59:23.968, 2, 88330
2026/10/03 08:59:23.968, 3, 69528
2026/10/03 08:59:23.968, 4, 118637
2026/10/03 08:59:23.968, 5, 118637
2026/10/03 08:59:23.968, 6, 118637
2026/10/03 08:59:23.968, 7, 118731
2026/10/03 08:59:24.968, 0, 97946
2026/10/03 08:59:24.968, 1, 76462
2026/10/03 08:59:24.968, 2, 88330
2026/10/03 08:59:24.968, 3, 69528
2026/10/03 08:59:24.968, 4, 118637
2026/10/03 08:59:24.968, 5, 118637
2026/10/03 08:59:24.968, 6, 118637
2026/10/03 08:59:24.968, 7, 118731
2026/10/03 08:59:25.968, 0, 97946
2026/10/03 08:59:25.968, 1, 76462
2026/10/03 08:59:25.968, 2, 88330
2026/10/03 08:59:25.968, 3, 69528
2026/10/03 08:59:25.968, 4, 118637
2026/10/03 08:59:25.968, 5, 118637
2026/10/03 08:59:25.968, 6, 118637
2026/10/03 08:59:25.968, 7, 118731
2026/10/03 08:59:26.968, 0, 97946
2026/10/03 08:59:26.969, 1, 76462
2026/10/03 08:59:26.969, 2, 88330
2026/10/03 08:59:26.969, 3, 69528
2026/10/03 08:59:26.969, 4, 118637
2026/10/03 08:59:26.970, 5, 118637
2026/10/03 08:59:26.970, 6, 118637
2026/10/03 08:59:26.970, 7, 118731
2026/10/03 08:59:27.970, 0, 97946
2026/10/03 08:59:27.970, 1, 76462
2026/10/03 08:59:27.970, 2, 88330
2026/10/03 08:59:27.970, 3, 69528
2026/10/03 08:59:27.970, 4, 118637
2026/10/03 08:59:27.970, 5, 118637
2026/10/03 08:59:27.970, 6, 118637
2026/10/03 08:59:27.970, 7, 118731
2026/10/03 08:59:28.970, 0, 97948
2026/10/03 08:59:28.970, 1, 76462
2026/10/03 08:59:28.970, 2, 88330
2026/10/03 08:59:28.970, 3, 69528
2026/10/03 08:59:28.970, 4, 118637
2026/10/03 08:59:28.973, 5, 118637
2026/10/03 08:59:28.973, 6, 118637
2026/10/03 08:59:28.973, 7, 118731
2026/10/03 08:59:29.973, 0, 97948
2026/10/03 08:59:29.974, 1, 76462
2026/10/03 08:59:29.974, 2, 88330
2026/10/03 08:59:29.974, 3, 69528
2026/10/03 08:59:29.974, 4, 118655
2026/10/03 08:59:29.974, 5, 118637
2026/10/03 08:59:29.974, 6, 118637
2026/10/03 08:59:29.974, 7, 118731
2026/10/03 08:59:30.974, 0, 97948
2026/10/03 08:59:30.974, 1, 76462
2026/10/03 08:59:30.974, 2, 88330
2026/10/03 08:59:30.974, 3, 69528
2026/10/03 08:59:30.974, 4, 118613
2026/10/03 08:59:30.974, 5, 118613
2026/10/03 08:59:30.974, 6, 118613
2026/10/03 08:59:30.974, 7, 118373
2026/10/03 08:59:31.974, 0, 97948
2026/10/03 08:59:31.974, 1, 76462
2026/10/03 08:59:31.974, 2, 88330
2026/10/03 08:59:31.974, 3, 69528
2026/10/03 08:59:31.974, 4, 118613
2026/10/03 08:59:31.974, 5, 119251
2026/10/03 08:59:31.974, 6, 118613
2026/10/03 08:59:31.974, 7, 119011
2026/10/03 08:59:32.974, 0, 97948
2026/10/03 08:59:32.974, 1, 76462
2026/10/03 08:59:32.974, 2, 88330
2026/10/03 08:59:32.974, 3, 69528
2026/10/03 08:59:32.975, 4, 118613
2026/10/03 08:59:32.975, 5, 118613
2026/10/03 08:59:32.975, 6, 118613
2026/10/03 08:59:32.975, 7, 118373
2026/10/03 08:59:33.975, 0, 97948
2026/10/03 08:59:33.975, 1, 76462
2026/10/03 08:59:33.975, 2, 88330
2026/10/03 08:59:33.975, 3, 69528
2026/10/03 08:59:33.975, 4, 118613
2026/10/03 08:59:33.975, 5, 118613
2026/10/03 08:59:33.975, 6, 118613
2026/10/03 08:59:33.975, 7, 118373
2026/10/03 08:59:34.975, 0, 97948
2026/10/03 08:59:34.975, 1, 76462
2026/10/03 08:59:34.975, 2, 88330
2026/10/03 08:59:34.976, 3, 69528
2026/10/03 08:59:34.976, 4, 118613
2026/10/03 08:59:34.976, 5, 118613
2026/10/03 08:59:34.976, 6, 118613
2026/10/03 08:59:34.976, 7, 118373
2026/10/03 08:59:35.976, 0, 97948
2026/10/03 08:59:35.976, 1, 76462
2026/10/03 08:59:35.976, 2, 88330
2026/10/03 08:59:35.976, 3, 69528
2026/10/03 08:59:35.976, 4, 118613
2026/10/03 08:59:35.976, 5, 118613
2026/10/03 08:59:35.976, 6, 118613
2026/10/03 08:59:35.976, 7, 118373
2026/10/03 08:59:36.976, 0, 97948
2026/10/03 08:59:36.976, 1, 76462
2026/10/03 08:59:36.976, 2, 88330
2026/10/03 08:59:36.979, 3, 69528
2026/10/03 08:59:36.979, 4, 118613
2026/10/03 08:59:36.979, 5, 118613
2026/10/03 08:59:36.979, 6, 118613
2026/10/03 08:59:36.979, 7, 118373
2026/10/03 08:59:37.979, 0, 97948
2026/10/03 08:59:37.979, 1, 76462
2026/10/03 08:59:37.979, 2, 88330
2026/10/03 08:59:37.979, 3, 69528
2026/10/03 08:59:37.979, 4, 118613
2026/10/03 08:59:37.979, 5, 118613
2026/10/03 08:59:37.979, 6, 118613
2026/10/03 08:59:37.979, 7, 118373
2026/10/03 08:59:38.979, 0, 97948
2026/10/03 08:59:38.979, 1, 76462
2026/10/03 08:59:38.979, 2, 88330
2026/10/03 08:59:38.981, 3, 69528
2026/10/03 08:59:38.981, 4, 118801
2026/10/03 08:59:38.981, 5, 118751
2026/10/03 08:59:38.981, 6, 118713
2026/10/03 08:59:38.981, 7, 118373
2026/10/03 08:59:39.982, 0, 97948
2026/10/03 08:59:39.982, 1, 76462
2026/10/03 08:59:39.982, 2, 88330
2026/10/03 08:59:39.982, 3, 69528
2026/10/03 08:59:39.982, 4, 119193
2026/10/03 08:59:39.982, 5, 119017
2026/10/03 08:59:39.982, 6, 120925
2026/10/03 08:59:39.982, 7, 118397
2026/10/03 08:59:40.982, 0, 97948
2026/10/03 08:59:40.982, 1, 76462
2026/10/03 08:59:40.982, 2, 88330
2026/10/03 08:59:40.984, 3, 69528
2026/10/03 08:59:40.984, 4, 119193
2026/10/03 08:59:40.984, 5, 119337
2026/10/03 08:59:40.984, 6, 130521
2026/10/03 08:59:40.984, 7, 118419
2026/10/03 08:59:41.984, 0, 97948
2026/10/03 08:59:41.985, 1, 76462
2026/10/03 08:59:41.985, 2, 88330
2026/10/03 08:59:41.985, 3, 69528
2026/10/03 08:59:42.012, 4, 119193
2026/10/03 08:59:42.012, 5, 119337
2026/10/03 08:59:42.012, 6, 131775
2026/10/03 08:59:42.012, 7, 118521
2026/10/03 08:59:43.012, 0, 97948
2026/10/03 08:59:43.012, 1, 76462
2026/10/03 08:59:43.012, 2, 88330
2026/10/03 08:59:43.012, 3, 69528
2026/10/03 08:59:43.012, 4, 119193
2026/10/03 08:59:43.012, 5, 119337
2026/10/03 08:59:43.012, 6, 131775
2026/10/03 08:59:43.012, 7, 118521
2026/10/03 08:59:44.012, 0, 97948
2026/10/03 08:59:44.012, 1, 76462
2026/10/03 08:59:44.012, 2, 88330
2026/10/03 08:59:44.012, 3, 69528
2026/10/03 08:59:44.012, 4, 119193
2026/10/03 08:59:44.012, 5, 119337
2026/10/03 08:59:44.012, 6, 131775
2026/10/03 08:59:44.012, 7, 118521
2026/10/03 08:59:45.012, 0, 97948
2026/10/03 08:59:45.013, 1, 76462
2026/10/03 08:59:45.013, 2, 88330
2026/10/03 08:59:45.013, 3, 69528
2026/10/03 08:59:45.013, 4, 119193
2026/10/03 08:59:45.013, 5, 119337
2026/10/03 08:59:45.013, 6, 131775
2026/10/03 08:59:45.013, 7, 118599
2026/10/03 08:59:46.014, 0, 97948
2026/10/03 08:59:46.014, 1, 76462
2026/10/03 08:59:46.014, 2, 88330
2026/10/03 08:59:46.014, 3, 69528
2026/10/03 08:59:46.014, 4, 119193
2026/10/03 08:59:46.014, 5, 119337
2026/10/03 08:59:46.014, 6, 131775
2026/10/03 08:59:46.014, 7, 118599
2026/10/03 08:59:47.014, 0, 97948
2026/10/03 08:59:47.014, 1, 76462
2026/10/03 08:59:47.014, 2, 88330
2026/10/03 08:59:47.014, 3, 69528
2026/10/03 08:59:47.016, 4, 119193
2026/10/03 08:59:47.016, 5, 119337
2026/10/03 08:59:47.016, 6, 131775
2026/10/03 08:59:47.016, 7, 118599
2026/10/03 08:59:48.016, 0, 97948
2026/10/03 08:59:48.018, 1, 76462
2026/10/03 08:59:48.020, 2, 88330
2026/10/03 08:59:48.023, 3, 69528
2026/10/03 08:59:48.026, 4, 119193
2026/10/03 08:59:48.029, 5, 119337
2026/10/03 08:59:48.030, 6, 131775
2026/10/03 08:59:48.032, 7, 118599
2026/10/03 08:59:49.034, 0, 97948
2026/10/03 08:59:49.034, 1, 76462
2026/10/03 08:59:49.034, 2, 88330
2026/10/03 08:59:49.034, 3, 69528
2026/10/03 08:59:49.034, 4, 119193
2026/10/03 08:59:49.034, 5, 119337
2026/10/03 08:59:49.034, 6, 131775
2026/10/03 08:59:49.034, 7, 118599
2026/10/03 08:59:50.034, 0, 97948
2026/10/03 08:59:50.034, 1, 76462
2026/10/03 08:59:50.034, 2, 88330
2026/10/03 08:59:50.034, 3, 69528
2026/10/03 08:59:50.034, 4, 119193
2026/10/03 08:59:50.034, 5, 119337
2026/10/03 08:59:50.034, 6, 131775
2026/10/03 08:59:50.035, 7, 118599
2026/10/03 08:59:51.035, 0, 97948
2026/10/03 08:59:51.035, 1, 76462
2026/10/03 08:59:51.035, 2, 88330
2026/10/03 08:59:51.035, 3, 69528
2026/10/03 08:59:51.035, 4, 119193
2026/10/03 08:59:51.035, 5, 119337
2026/10/03 08:59:51.035, 6, 131775
2026/10/03 08:59:51.035, 7, 118599
2026/10/03 08:59:52.035, 0, 97948
2026/10/03 08:59:52.035, 1, 76462
2026/10/03 08:59:52.035, 2, 88330
2026/10/03 08:59:52.035, 3, 69528
2026/10/03 08:59:52.035, 4, 118635
2026/10/03 08:59:52.035, 5, 118635
2026/10/03 08:59:52.035, 6, 118637
2026/10/03 08:59:52.035, 7, 118397
2026/10/03 08:59:53.035, 0, 97948
2026/10/03 08:59:53.035, 1, 76462
2026/10/03 08:59:53.035, 2, 88330
2026/10/03 08:59:53.035, 3, 69528
2026/10/03 08:59:53.037, 4, 118635
2026/10/03 08:59:53.037, 5, 118635
2026/10/03 08:59:53.037, 6, 118637
2026/10/03 08:59:53.037, 7, 118397
2026/10/03 08:59:54.037, 0, 97948
2026/10/03 08:59:54.037, 1, 76462
2026/10/03 08:59:54.037, 2, 88330
2026/10/03 08:59:54.037, 3, 69528
2026/10/03 08:59:54.037, 4, 118635
2026/10/03 08:59:54.037, 5, 118635
2026/10/03 08:59:54.037, 6, 118637
2026/10/03 08:59:54.037, 7, 118397
2026/10/03 08:59:55.038, 0, 97948
2026/10/03 08:59:55.038, 1, 76462
2026/10/03 08:59:55.038, 2, 88330
2026/10/03 08:59:55.040, 3, 69528
2026/10/03 08:59:55.041, 4, 118637
2026/10/03 08:59:55.041, 5, 118635
2026/10/03 08:59:55.041, 6, 118637
2026/10/03 08:59:55.041, 7, 118397
2026/10/03 08:59:56.041, 0, 97948
2026/10/03 08:59:56.042, 1, 76462
2026/10/03 08:59:56.044, 2, 88330
2026/10/03 08:59:56.045, 3, 69528
2026/10/03 08:59:56.046, 4, 118637
2026/10/03 08:59:56.047, 5, 118635
2026/10/03 08:59:56.049, 6, 118637
2026/10/03 08:59:56.050, 7, 118397
2026/10/03 08:59:57.052, 0, 97948
2026/10/03 08:59:57.052, 1, 76462
2026/10/03 08:59:57.052, 2, 88330
2026/10/03 08:59:57.052, 3, 69528
2026/10/03 08:59:57.052, 4, 118637
2026/10/03 08:59:57.052, 5, 118635
2026/10/03 08:59:57.052, 6, 118637
2026/10/03 08:59:57.052, 7, 118397
2026/10/03 08:59:58.052, 0, 97948
2026/10/03 08:59:58.052, 1, 76462
2026/10/03 08:59:58.052, 2, 88330
2026/10/03 08:59:58.052, 3, 69528
2026/10/03 08:59:58.052, 4, 118637
2026/10/03 08:59:58.052, 5, 118635
2026/10/03 08:59:58.052, 6, 118637
2026/10/03 08:59:58.052, 7, 118397
2026/10/03 08:59:59.052, 0, 97948
2026/10/03 08:59:59.053, 1, 76462
2026/10/03 08:59:59.053, 2, 88330
2026/10/03 08:59:59.053, 3, 69528
2026/10/03 08:59:59.053, 4, 118637
2026/10/03 08:59:59.053, 5, 118635
2026/10/03 08:59:59.053, 6, 118637
2026/10/03 08:59:59.053, 7, 118397
2026/10/03 09:00:00.053, 0, 97948
2026/10/03 09:00:00.053, 1, 76462
2026/10/03 09:00:00.053, 2, 88330
2026/10/03 09:00:00.053, 3, 69528
2026/10/03 09:00:00.053, 4, 118637
2026/10/03 09:00:00.053, 5, 118635
2026/10/03 09:00:00.053, 6, 118637
2026/10/03 09:00:00.053, 7, 118397
2026/10/03 09:00:01.053, 0, 97948
2026/10/03 09:00:01.053, 1, 76462
2026/10/03 09:00:01.053, 2, 88330
2026/10/03 09:00:01.053, 3, 69528
2026/10/03 09:00:01.053, 4, 118637
2026/10/03 09:00:01.053, 5, 118637
2026/10/03 09:00:01.054, 6, 118637
2026/10/03 09:00:01.054, 7, 118497
2026/10/03 09:00:02.054, 0, 97948
2026/10/03 09:00:02.054, 1, 76462
2026/10/03 09:00:02.056, 2, 88330
2026/10/03 09:00:02.058, 3, 69528
2026/10/03 09:00:02.059, 4, 118637
2026/10/03 09:00:02.061, 5, 118637
2026/10/03 09:00:02.064, 6, 118637
2026/10/03 09:00:02.066, 7, 118597
2026/10/03 09:00:03.067, 0, 97948
2026/10/03 09:00:03.067, 1, 76462
2026/10/03 09:00:03.068, 2, 88330
2026/10/03 09:00:03.068, 3, 69528
2026/10/03 09:00:03.068, 4, 118637
2026/10/03 09:00:03.068, 5, 118637
2026/10/03 09:00:03.068, 6, 118637
2026/10/03 09:00:03.068, 7, 118597
2026/10/03 09:00:04.068, 0, 97948
2026/10/03 09:00:04.068, 1, 76462
2026/10/03 09:00:04.068, 2, 88330
2026/10/03 09:00:04.068, 3, 69528
2026/10/03 09:00:04.068, 4, 118637
2026/10/03 09:00:04.068, 5, 118637
2026/10/03 09:00:04.068, 6, 118637
2026/10/03 09:00:04.068, 7, 118597
2026/10/03 09:00:05.068, 0, 97948
2026/10/03 09:00:05.068, 1, 76462
2026/10/03 09:00:05.068, 2, 88330
2026/10/03 09:00:05.068, 3, 69528
2026/10/03 09:00:05.069, 4, 118637
2026/10/03 09:00:05.069, 5, 118637
2026/10/03 09:00:05.069, 6, 118637
2026/10/03 09:00:05.069, 7, 118597
2026/10/03 09:00:06.069, 0, 97948
2026/10/03 09:00:06.070, 1, 76462
2026/10/03 09:00:06.070, 2, 88330
2026/10/03 09:00:06.070, 3, 69528
2026/10/03 09:00:06.070, 4, 118613
2026/10/03 09:00:06.070, 5, 118613
2026/10/03 09:00:06.070, 6, 118615
2026/10/03 09:00:06.070, 7, 118373
2026/10/03 09:00:07.070, 0, 97948
2026/10/03 09:00:07.071, 1, 76462
2026/10/03 09:00:07.071, 2, 88330
2026/10/03 09:00:07.074, 3, 69528
2026/10/03 09:00:07.074, 4, 119251
2026/10/03 09:00:07.075, 5, 119251
2026/10/03 09:00:07.075, 6, 118697
2026/10/03 09:00:07.075, 7, 119011
2026/10/03 09:00:08.075, 0, 97948
2026/10/03 09:00:08.075, 1, 76462
2026/10/03 09:00:08.075, 2, 88330
2026/10/03 09:00:08.075, 3, 69528
2026/10/03 09:00:08.075, 4, 118613
2026/10/03 09:00:08.075, 5, 118613
2026/10/03 09:00:08.075, 6, 118615
2026/10/03 09:00:08.075, 7, 118373
2026/10/03 09:00:09.075, 0, 97948
2026/10/03 09:00:09.075, 1, 76462
2026/10/03 09:00:09.075, 2, 88330
2026/10/03 09:00:09.075, 3, 69528
2026/10/03 09:00:09.077, 4, 118613
2026/10/03 09:00:09.077, 5, 118613
2026/10/03 09:00:09.077, 6, 118615
2026/10/03 09:00:09.077, 7, 118373
2026/10/03 09:00:10.077, 0, 97948
2026/10/03 09:00:10.077, 1, 76462
2026/10/03 09:00:10.077, 2, 88330
2026/10/03 09:00:10.077, 3, 69528
2026/10/03 09:00:10.077, 4, 118613
2026/10/03 09:00:10.077, 5, 118613
2026/10/03 09:00:10.077, 6, 118615
2026/10/03 09:00:10.077, 7, 118373
2026/10/03 09:00:11.077, 0, 97948
2026/10/03 09:00:11.077, 1, 76462
2026/10/03 09:00:11.077, 2, 88330
2026/10/03 09:00:11.077, 3, 69528
2026/10/03 09:00:11.078, 4, 118613
2026/10/03 09:00:11.078, 5, 118613
2026/10/03 09:00:11.078, 6, 118615
2026/10/03 09:00:11.078, 7, 118373
2026/10/03 09:00:12.078, 0, 97948
2026/10/03 09:00:12.079, 1, 76462
2026/10/03 09:00:12.079, 2, 88330
2026/10/03 09:00:12.079, 3, 69528
2026/10/03 09:00:12.079, 4, 118613
2026/10/03 09:00:12.079, 5, 118613
2026/10/03 09:00:12.079, 6, 118615
2026/10/03 09:00:12.079, 7, 118373
2026/10/03 09:00:13.079, 0, 97948
2026/10/03 09:00:13.079, 1, 76462
2026/10/03 09:00:13.079, 2, 88330
2026/10/03 09:00:13.079, 3, 69528
2026/10/03 09:00:13.079, 4, 118613
2026/10/03 09:00:13.079, 5, 118613
2026/10/03 09:00:13.079, 6, 118615
2026/10/03 09:00:13.129, 7, 118373
2026/10/03 09:00:14.129, 0, 97948
2026/10/03 09:00:14.129, 1, 76462
2026/10/03 09:00:14.129, 2, 88330
2026/10/03 09:00:14.129, 3, 69528
2026/10/03 09:00:14.129, 4, 118613
2026/10/03 09:00:14.129, 5, 118613
2026/10/03 09:00:14.129, 6, 118615
2026/10/03 09:00:14.129, 7, 118373
2026/10/03 09:00:15.129, 0, 97948
2026/10/03 09:00:15.129, 1, 76462
2026/10/03 09:00:15.129, 2, 88330
2026/10/03 09:00:15.129, 3, 69528
2026/10/03 09:00:15.129, 4, 118861
2026/10/03 09:00:15.129, 5, 118797
2026/10/03 09:00:15.129, 6, 118615
2026/10/03 09:00:15.129, 7, 118373
2026/10/03 09:00:16.129, 0, 97948
2026/10/03 09:00:16.129, 1, 76462
2026/10/03 09:00:16.129, 2, 88330
2026/10/03 09:00:16.129, 3, 69528
2026/10/03 09:00:16.129, 4, 118861
2026/10/03 09:00:16.129, 5, 118797
2026/10/03 09:00:16.130, 6, 118771
2026/10/03 09:00:16.130, 7, 118417
2026/10/03 09:00:17.130, 0, 97948
2026/10/03 09:00:17.130, 1, 76462
2026/10/03 09:00:17.130, 2, 88330
2026/10/03 09:00:17.130, 3, 69528
2026/10/03 09:00:17.130, 4, 118861
2026/10/03 09:00:17.130, 5, 118797
2026/10/03 09:00:17.130, 6, 119689
2026/10/03 09:00:17.130, 7, 118707
2026/10/03 09:00:18.130, 0, 97948
2026/10/03 09:00:18.131, 1, 76462
2026/10/03 09:00:18.134, 2, 88330
2026/10/03 09:00:18.135, 3, 69528
2026/10/03 09:00:18.135, 4, 118963
2026/10/03 09:00:18.137, 5, 119101
2026/10/03 09:00:18.140, 6, 122019
2026/10/03 09:00:18.141, 7, 118707
2026/10/03 09:00:19.141, 0, 97948
2026/10/03 09:00:19.141, 1, 76462
2026/10/03 09:00:19.141, 2, 88330
2026/10/03 09:00:19.142, 3, 69528
2026/10/03 09:00:19.143, 4, 118963
2026/10/03 09:00:19.143, 5, 119101
2026/10/03 09:00:19.143, 6, 122019
2026/10/03 09:00:19.143, 7, 118707
2026/10/03 09:00:20.143, 0, 97948
2026/10/03 09:00:20.143, 1, 76462
2026/10/03 09:00:20.143, 2, 88330
2026/10/03 09:00:20.143, 3, 69528
2026/10/03 09:00:20.143, 4, 118963
2026/10/03 09:00:20.143, 5, 119101
2026/10/03 09:00:20.143, 6, 123657
2026/10/03 09:00:20.143, 7, 118707
2026/10/03 09:00:21.144, 0, 97948
2026/10/03 09:00:21.144, 1, 76462
2026/10/03 09:00:21.144, 2, 88330
2026/10/03 09:00:21.144, 3, 69528
2026/10/03 09:00:21.144, 4, 118963
2026/10/03 09:00:21.144, 5, 119101
2026/10/03 09:00:21.144, 6, 123657
2026/10/03 09:00:21.144, 7, 118707
2026/10/03 09:00:22.145, 0, 97948
2026/10/03 09:00:22.145, 1, 76462
2026/10/03 09:00:22.145, 2, 88330
2026/10/03 09:00:22.145, 3, 69528
2026/10/03 09:00:22.145, 4, 118963
2026/10/03 09:00:22.145, 5, 119101
2026/10/03 09:00:22.145, 6, 123657
2026/10/03 09:00:22.145, 7, 118707
2026/10/03 09:00:23.145, 0, 97948
2026/10/03 09:00:23.145, 1, 76462
2026/10/03 09:00:23.145, 2, 88330
2026/10/03 09:00:23.147, 3, 69528
2026/10/03 09:00:23.147, 4, 118963
2026/10/03 09:00:23.147, 5, 119101
2026/10/03 09:00:23.147, 6, 123657
2026/10/03 09:00:23.147, 7, 118707
2026/10/03 09:00:24.147, 0, 97948
2026/10/03 09:00:24.148, 1, 76462
2026/10/03 09:00:24.148, 2, 88330
2026/10/03 09:00:24.148, 3, 69528
2026/10/03 09:00:24.148, 4, 118963
2026/10/03 09:00:24.148, 5, 119101
2026/10/03 09:00:24.148, 6, 123657
2026/10/03 09:00:24.148, 7, 118707
2026/10/03 09:00:25.148, 0, 97948
2026/10/03 09:00:25.148, 1, 76462
2026/10/03 09:00:25.148, 2, 88330
2026/10/03 09:00:25.152, 3, 69528
2026/10/03 09:00:25.152, 4, 118963
2026/10/03 09:00:25.153, 5, 119101
2026/10/03 09:00:25.153, 6, 123657
2026/10/03 09:00:25.153, 7, 118707
2026/10/03 09:00:26.153, 0, 97948
2026/10/03 09:00:26.153, 1, 76462
2026/10/03 09:00:26.153, 2, 88330
2026/10/03 09:00:26.153, 3, 69528
2026/10/03 09:00:26.153, 4, 118963
2026/10/03 09:00:26.153, 5, 119101
2026/10/03 09:00:26.153, 6, 123657
2026/10/03 09:00:26.153, 7, 118707
2026/10/03 09:00:27.153, 0, 97948
2026/10/03 09:00:27.153, 1, 76462
2026/10/03 09:00:27.153, 2, 88330
2026/10/03 09:00:27.167, 3, 69528
2026/10/03 09:00:27.169, 4, 118963
2026/10/03 09:00:27.170, 5, 119101
2026/10/03 09:00:27.171, 6, 123657
2026/10/03 09:00:27.172, 7, 118707
2026/10/03 09:00:28.173, 0, 97948
2026/10/03 09:00:28.173, 1, 76462
2026/10/03 09:00:28.173, 2, 88330
2026/10/03 09:00:28.173, 3, 69528
2026/10/03 09:00:28.173, 4, 118963
2026/10/03 09:00:28.173, 5, 119101
2026/10/03 09:00:28.173, 6, 123657
2026/10/03 09:00:28.173, 7, 118707
2026/10/03 09:00:29.173, 0, 97948
2026/10/03 09:00:29.173, 1, 76462
2026/10/03 09:00:29.173, 2, 88330
2026/10/03 09:00:29.174, 3, 69528
2026/10/03 09:00:29.174, 4, 118613
2026/10/03 09:00:29.174, 5, 118613
2026/10/03 09:00:29.174, 6, 118615
2026/10/03 09:00:29.174, 7, 118373
2026/10/03 09:00:30.174, 0, 97948
2026/10/03 09:00:30.174, 1, 76462
2026/10/03 09:00:30.174, 2, 88330
2026/10/03 09:00:30.174, 3, 69528
2026/10/03 09:00:30.174, 4, 118637
2026/10/03 09:00:30.174, 5, 118635
2026/10/03 09:00:30.174, 6, 118639
2026/10/03 09:00:30.174, 7, 118397
2026/10/03 09:00:31.174, 0, 97948
2026/10/03 09:00:31.174, 1, 76462
2026/10/03 09:00:31.174, 2, 88330
2026/10/03 09:00:31.176, 3, 69528
2026/10/03 09:00:31.176, 4, 118637
2026/10/03 09:00:31.176, 5, 118635
2026/10/03 09:00:31.176, 6, 118639
2026/10/03 09:00:31.176, 7, 118397
2026/10/03 09:00:32.178, 0, 97948
2026/10/03 09:00:32.178, 1, 76462
2026/10/03 09:00:32.180, 2, 88330
2026/10/03 09:00:32.181, 3, 69528
2026/10/03 09:00:32.182, 4, 118637
2026/10/03 09:00:32.184, 5, 118635
2026/10/03 09:00:32.184, 6, 118639
2026/10/03 09:00:32.184, 7, 118397
2026/10/03 09:00:33.184, 0, 97948
2026/10/03 09:00:33.184, 1, 76462
2026/10/03 09:00:33.185, 2, 88330
2026/10/03 09:00:33.185, 3, 69528
2026/10/03 09:00:33.186, 4, 118637
2026/10/03 09:00:33.186, 5, 118635
2026/10/03 09:00:33.186, 6, 118639
2026/10/03 09:00:33.186, 7, 118397
2026/10/03 09:00:34.187, 0, 97948
2026/10/03 09:00:34.187, 1, 76462
2026/10/03 09:00:34.187, 2, 88330
2026/10/03 09:00:34.187, 3, 69528
2026/10/03 09:00:34.187, 4, 118637
2026/10/03 09:00:34.187, 5, 118635
2026/10/03 09:00:34.187, 6, 118639
2026/10/03 09:00:34.187, 7, 118397
2026/10/03 09:00:35.187, 0, 97948
2026/10/03 09:00:35.187, 1, 76462
2026/10/03 09:00:35.187, 2, 88330
2026/10/03 09:00:35.188, 3, 69528
2026/10/03 09:00:35.188, 4, 118637
2026/10/03 09:00:35.188, 5, 118637
2026/10/03 09:00:35.188, 6, 118639
2026/10/03 09:00:35.188, 7, 118397
2026/10/03 09:00:36.188, 0, 97948
2026/10/03 09:00:36.189, 1, 76462
2026/10/03 09:00:36.189, 2, 88330
2026/10/03 09:00:36.189, 3, 69528
2026/10/03 09:00:36.189, 4, 118637
2026/10/03 09:00:36.189, 5, 118637
2026/10/03 09:00:36.189, 6, 118639
2026/10/03 09:00:36.189, 7, 118397
2026/10/03 09:00:37.189, 0, 97948
2026/10/03 09:00:37.191, 1, 76462
2026/10/03 09:00:37.191, 2, 88330
2026/10/03 09:00:37.192, 3, 69528
2026/10/03 09:00:37.193, 4, 118653
2026/10/03 09:00:37.193, 5, 118637
2026/10/03 09:00:37.193, 6, 118639
2026/10/03 09:00:37.193, 7, 118397
2026/10/03 09:00:38.193, 0, 97948
2026/10/03 09:00:38.193, 1, 76462
2026/10/03 09:00:38.193, 2, 88330
2026/10/03 09:00:38.193, 3, 69528
2026/10/03 09:00:38.193, 4, 118653
2026/10/03 09:00:38.193, 5, 118637
2026/10/03 09:00:38.193, 6, 118639
2026/10/03 09:00:38.193, 7, 118397
2026/10/03 09:00:39.193, 0, 97948
2026/10/03 09:00:39.194, 1, 76462
2026/10/03 09:00:39.194, 2, 88330
2026/10/03 09:00:39.194, 3, 69528
2026/10/03 09:00:39.195, 4, 118653
2026/10/03 09:00:39.195, 5, 118637
2026/10/03 09:00:39.195, 6, 118639
2026/10/03 09:00:39.195, 7, 118397
2026/10/03 09:00:40.195, 0, 97948
2026/10/03 09:00:40.196, 1, 76462
2026/10/03 09:00:40.196, 2, 88330
2026/10/03 09:00:40.196, 3, 69528
2026/10/03 09:00:40.196, 4, 118653
2026/10/03 09:00:40.196, 5, 118637
2026/10/03 09:00:40.196, 6, 118639
2026/10/03 09:00:40.196, 7, 118397
2026/10/03 09:00:41.196, 0, 97948
2026/10/03 09:00:41.201, 1, 76462
2026/10/03 09:00:41.202, 2, 88330
2026/10/03 09:00:41.203, 3, 69528
2026/10/03 09:00:41.203, 4, 118653
2026/10/03 09:00:41.203, 5, 118637
2026/10/03 09:00:41.203, 6, 118639
2026/10/03 09:00:41.203, 7, 118397
2026/10/03 09:00:42.203, 0, 97948
2026/10/03 09:00:42.205, 1, 76462
2026/10/03 09:00:42.206, 2, 88330
2026/10/03 09:00:42.207, 3, 69528
2026/10/03 09:00:42.209, 4, 118653
2026/10/03 09:00:42.212, 5, 118637
2026/10/03 09:00:42.213, 6, 118639
2026/10/03 09:00:42.215, 7, 118397
2026/10/03 09:00:43.217, 0, 97948
2026/10/03 09:00:43.217, 1, 76462
2026/10/03 09:00:43.217, 2, 88330
2026/10/03 09:00:43.217, 3, 69530
2026/10/03 09:00:43.217, 4, 118653
2026/10/03 09:00:43.217, 5, 118637
2026/10/03 09:00:43.217, 6, 118639
2026/10/03 09:00:43.217, 7, 118397
2026/10/03 09:00:44.217, 0, 97948
2026/10/03 09:00:44.217, 1, 76462
2026/10/03 09:00:44.217, 2, 88330
2026/10/03 09:00:44.217, 3, 69530
2026/10/03 09:00:44.217, 4, 118653
2026/10/03 09:00:44.217, 5, 118637
2026/10/03 09:00:44.217, 6, 118639
2026/10/03 09:00:44.217, 7, 118397
2026/10/03 09:00:45.217, 0, 97948
2026/10/03 09:00:45.217, 1, 76462
2026/10/03 09:00:45.217, 2, 88330
2026/10/03 09:00:45.217, 3, 69530
2026/10/03 09:00:45.217, 4, 119251
2026/10/03 09:00:45.217, 5, 119251
2026/10/03 09:00:45.217, 6, 118615
2026/10/03 09:00:45.217, 7, 119011
2026/10/03 09:00:46.217, 0, 97948
2026/10/03 09:00:46.217, 1, 76462
2026/10/03 09:00:46.217, 2, 88330
2026/10/03 09:00:46.217, 3, 69530
2026/10/03 09:00:46.217, 4, 118613
2026/10/03 09:00:46.217, 5, 118613
2026/10/03 09:00:46.217, 6, 118615
2026/10/03 09:00:46.217, 7, 118373
2026/10/03 09:00:47.218, 0, 97948
2026/10/03 09:00:47.218, 1, 76462
2026/10/03 09:00:47.219, 2, 88330
2026/10/03 09:00:47.220, 3, 69530
2026/10/03 09:00:47.221, 4, 118613
2026/10/03 09:00:47.221, 5, 118613
2026/10/03 09:00:47.222, 6, 118615
2026/10/03 09:00:47.222, 7, 118373
2026/10/03 09:00:48.222, 0, 97948
2026/10/03 09:00:48.224, 1, 76462
2026/10/03 09:00:48.224, 2, 88330
2026/10/03 09:00:48.225, 3, 69530
2026/10/03 09:00:48.225, 4, 118613
2026/10/03 09:00:48.225, 5, 118613
2026/10/03 09:00:48.225, 6, 118615
2026/10/03 09:00:48.225, 7, 118373
2026/10/03 09:00:49.225, 0, 97948
2026/10/03 09:00:49.225, 1, 76462
2026/10/03 09:00:49.225, 2, 88330
2026/10/03 09:00:49.226, 3, 69530
2026/10/03 09:00:49.226, 4, 118613
2026/10/03 09:00:49.226, 5, 118613
2026/10/03 09:00:49.226, 6, 118615
2026/10/03 09:00:49.226, 7, 118373
2026/10/03 09:00:50.226, 0, 97948
2026/10/03 09:00:50.226, 1, 76462
2026/10/03 09:00:50.226, 2, 88330
2026/10/03 09:00:50.226, 3, 69530
2026/10/03 09:00:50.226, 4, 118613
2026/10/03 09:00:50.226, 5, 118613
2026/10/03 09:00:50.226, 6, 118615
2026/10/03 09:00:50.226, 7, 118373
2026/10/03 09:00:51.226, 0, 97948
2026/10/03 09:00:51.226, 1, 76462
2026/10/03 09:00:51.226, 2, 88330
2026/10/03 09:00:51.226, 3, 69530
2026/10/03 09:00:51.226, 4, 118613
2026/10/03 09:00:51.226, 5, 118613
2026/10/03 09:00:51.226, 6, 118615
2026/10/03 09:00:51.226, 7, 118373
2026/10/03 09:00:52.226, 0, 97948
2026/10/03 09:00:52.287, 1, 76462
2026/10/03 09:00:52.287, 2, 88330
2026/10/03 09:00:52.288, 3, 69530
2026/10/03 09:00:52.288, 4, 118613
2026/10/03 09:00:52.288, 5, 118613
2026/10/03 09:00:52.288, 6, 118615
2026/10/03 09:00:52.289, 7, 118373
2026/10/03 09:00:53.289, 0, 97948
2026/10/03 09:00:53.289, 1, 76462
2026/10/03 09:00:53.289, 2, 88330
2026/10/03 09:00:53.289, 3, 69530
2026/10/03 09:00:53.289, 4, 118935
2026/10/03 09:00:53.289, 5, 118819
2026/10/03 09:00:53.289, 6, 119123
2026/10/03 09:00:53.289, 7, 118793
2026/10/03 09:00:54.289, 0, 97948
2026/10/03 09:00:54.289, 1, 76462
2026/10/03 09:00:54.289, 2, 88330
2026/10/03 09:00:54.289, 3, 69530
2026/10/03 09:00:54.289, 4, 118937
2026/10/03 09:00:54.289, 5, 119357
2026/10/03 09:00:54.289, 6, 123963
2026/10/03 09:00:54.289, 7, 118795
2026/10/03 09:00:55.290, 0, 97948
2026/10/03 09:00:55.290, 1, 76462
2026/10/03 09:00:55.290, 2, 88330
2026/10/03 09:00:55.290, 3, 69530
2026/10/03 09:00:55.290, 4, 118937
2026/10/03 09:00:55.290, 5, 119357
2026/10/03 09:00:55.290, 6, 128931
2026/10/03 09:00:55.290, 7, 118795
2026/10/03 09:00:56.290, 0, 97948
2026/10/03 09:00:56.290, 1, 76462
2026/10/03 09:00:56.290, 2, 88330
2026/10/03 09:00:56.290, 3, 69530
2026/10/03 09:00:56.290, 4, 118937
2026/10/03 09:00:56.290, 5, 119357
2026/10/03 09:00:56.290, 6, 130033
2026/10/03 09:00:56.290, 7, 118795
2026/10/03 09:00:57.290, 0, 97948
2026/10/03 09:00:57.291, 1, 76462
2026/10/03 09:00:57.292, 2, 88330
2026/10/03 09:00:57.293, 3, 69530
2026/10/03 09:00:57.295, 4, 118937
2026/10/03 09:00:57.296, 5, 119357
2026/10/03 09:00:57.298, 6, 130033
2026/10/03 09:00:57.299, 7, 118795
2026/10/03 09:00:58.300, 0, 97948
2026/10/03 09:00:58.300, 1, 76462
2026/10/03 09:00:58.300, 2, 88330
2026/10/03 09:00:58.300, 3, 69530
2026/10/03 09:00:58.300, 4, 118937
2026/10/03 09:00:58.300, 5, 119357
2026/10/03 09:00:58.300, 6, 130033
2026/10/03 09:00:58.300, 7, 118795
2026/10/03 09:00:59.300, 0, 97948
2026/10/03 09:00:59.301, 1, 76462
2026/10/03 09:00:59.301, 2, 88330
2026/10/03 09:00:59.301, 3, 69530
2026/10/03 09:00:59.301, 4, 118937
2026/10/03 09:00:59.301, 5, 119357
2026/10/03 09:00:59.301, 6, 130033
2026/10/03 09:00:59.301, 7, 118795
2026/10/03 09:01:00.301, 0, 97948
2026/10/03 09:01:00.301, 1, 76462
2026/10/03 09:01:00.301, 2, 88330
2026/10/03 09:01:00.301, 3, 69530
2026/10/03 09:01:00.301, 4, 118937
2026/10/03 09:01:00.301, 5, 119357
2026/10/03 09:01:00.301, 6, 130033
2026/10/03 09:01:00.301, 7, 118795
2026/10/03 09:01:01.301, 0, 97948
2026/10/03 09:01:01.301, 1, 76462
2026/10/03 09:01:01.301, 2, 88330
2026/10/03 09:01:01.301, 3, 69530
2026/10/03 09:01:01.301, 4, 118937
2026/10/03 09:01:01.301, 5, 119357
2026/10/03 09:01:01.301, 6, 130033
2026/10/03 09:01:01.301, 7, 118795
2026/10/03 09:01:02.301, 0, 97948
2026/10/03 09:01:02.303, 1, 76462
2026/10/03 09:01:02.304, 2, 88330
2026/10/03 09:01:02.304, 3, 69530
2026/10/03 09:01:02.304, 4, 118937
2026/10/03 09:01:02.304, 5, 119357
2026/10/03 09:01:02.304, 6, 130033
2026/10/03 09:01:02.304, 7, 118795
2026/10/03 09:01:03.304, 0, 97948
2026/10/03 09:01:03.304, 1, 76462
2026/10/03 09:01:03.304, 2, 88330
2026/10/03 09:01:03.304, 3, 69530
2026/10/03 09:01:03.304, 4, 118937
2026/10/03 09:01:03.304, 5, 119357
2026/10/03 09:01:03.304, 6, 130033
2026/10/03 09:01:03.304, 7, 118795
2026/10/03 09:01:04.304, 0, 97948
2026/10/03 09:01:04.304, 1, 76462
2026/10/03 09:01:04.304, 2, 88330
2026/10/03 09:01:04.304, 3, 69530
2026/10/03 09:01:04.304, 4, 118937
2026/10/03 09:01:04.304, 5, 119357
2026/10/03 09:01:04.327, 6, 130033
2026/10/03 09:01:04.327, 7, 118795
2026/10/03 09:01:05.327, 0, 97948
2026/10/03 09:01:05.327, 1, 76462
2026/10/03 09:01:05.327, 2, 88330
2026/10/03 09:01:05.327, 3, 69530
2026/10/03 09:01:05.327, 4, 118613
2026/10/03 09:01:05.327, 5, 118613
2026/10/03 09:01:05.327, 6, 118615
2026/10/03 09:01:05.328, 7, 118373
2026/10/03 09:01:06.328, 0, 97948
2026/10/03 09:01:06.328, 1, 76462
2026/10/03 09:01:06.328, 2, 88330
2026/10/03 09:01:06.328, 3, 69530
2026/10/03 09:01:06.328, 4, 118637
2026/10/03 09:01:06.328, 5, 118635
2026/10/03 09:01:06.328, 6, 118637
2026/10/03 09:01:06.329, 7, 118397
2026/10/03 09:01:07.329, 0, 97948
2026/10/03 09:01:07.329, 1, 76462
2026/10/03 09:01:07.329, 2, 88330
2026/10/03 09:01:07.329, 3, 69530
2026/10/03 09:01:07.329, 4, 118637
2026/10/03 09:01:07.329, 5, 118635
2026/10/03 09:01:07.330, 6, 118637
2026/10/03 09:01:07.330, 7, 118397
2026/10/03 09:01:08.330, 0, 97948
2026/10/03 09:01:08.330, 1, 76462
2026/10/03 09:01:08.330, 2, 88330
2026/10/03 09:01:08.330, 3, 69530
2026/10/03 09:01:08.330, 4, 118637
2026/10/03 09:01:08.330, 5, 118635
2026/10/03 09:01:08.330, 6, 118637
2026/10/03 09:01:08.330, 7, 118397
2026/10/03 09:01:09.330, 0, 97948
2026/10/03 09:01:09.330, 1, 76462
2026/10/03 09:01:09.330, 2, 88330
2026/10/03 09:01:09.330, 3, 69530
2026/10/03 09:01:09.330, 4, 118637
2026/10/03 09:01:09.330, 5, 118635
2026/10/03 09:01:09.330, 6, 118637
2026/10/03 09:01:09.330, 7, 118397
2026/10/03 09:01:10.330, 0, 97948
2026/10/03 09:01:10.330, 1, 76462
2026/10/03 09:01:10.330, 2, 88330
2026/10/03 09:01:10.330, 3, 69530
2026/10/03 09:01:10.330, 4, 118637
2026/10/03 09:01:10.331, 5, 118637
2026/10/03 09:01:10.331, 6, 118637
2026/10/03 09:01:10.331, 7, 118397
2026/10/03 09:01:11.331, 0, 97948
2026/10/03 09:01:11.331, 1, 76462
2026/10/03 09:01:11.331, 2, 88330
2026/10/03 09:01:11.338, 3, 69530
2026/10/03 09:01:11.338, 4, 118637
2026/10/03 09:01:11.338, 5, 118637
2026/10/03 09:01:11.338, 6, 118637
2026/10/03 09:01:11.338, 7, 118397
2026/10/03 09:01:12.338, 0, 97948
2026/10/03 09:01:12.339, 1, 76462
2026/10/03 09:01:12.339, 2, 88330
2026/10/03 09:01:12.339, 3, 69530
2026/10/03 09:01:12.339, 4, 118637
2026/10/03 09:01:12.339, 5, 118637
2026/10/03 09:01:12.339, 6, 118639
2026/10/03 09:01:12.339, 7, 118397
2026/10/03 09:01:13.339, 0, 97948
2026/10/03 09:01:13.339, 1, 76462
2026/10/03 09:01:13.339, 2, 88330
2026/10/03 09:01:13.340, 3, 69530
2026/10/03 09:01:13.340, 4, 118637
2026/10/03 09:01:13.340, 5, 118637
2026/10/03 09:01:13.340, 6, 118639
2026/10/03 09:01:13.340, 7, 118397
2026/10/03 09:01:14.340, 0, 97948
2026/10/03 09:01:14.340, 1, 76462
2026/10/03 09:01:14.340, 2, 88330
2026/10/03 09:01:14.340, 3, 69530
2026/10/03 09:01:14.340, 4, 118637
2026/10/03 09:01:14.340, 5, 118637
2026/10/03 09:01:14.340, 6, 118639
2026/10/03 09:01:14.340, 7, 118397
2026/10/03 09:01:15.340, 0, 97948
2026/10/03 09:01:15.340, 1, 76462
2026/10/03 09:01:15.340, 2, 88330
2026/10/03 09:01:15.340, 3, 69530
2026/10/03 09:01:15.341, 4, 118637
2026/10/03 09:01:15.341, 5, 118637
2026/10/03 09:01:15.341, 6, 118639
2026/10/03 09:01:15.341, 7, 118397
2026/10/03 09:01:16.341, 0, 97948
2026/10/03 09:01:16.341, 1, 76462
2026/10/03 09:01:16.341, 2, 88330
2026/10/03 09:01:16.341, 3, 69530
2026/10/03 09:01:16.341, 4, 118637
2026/10/03 09:01:16.341, 5, 118637
2026/10/03 09:01:16.341, 6, 118639
2026/10/03 09:01:16.341, 7, 118397
2026/10/03 09:01:17.341, 0, 97948
2026/10/03 09:01:17.350, 1, 76462
2026/10/03 09:01:17.354, 2, 88330
2026/10/03 09:01:17.357, 3, 69530
2026/10/03 09:01:17.359, 4, 118709
2026/10/03 09:01:17.362, 5, 118637
2026/10/03 09:01:17.364, 6, 118639
2026/10/03 09:01:17.366, 7, 118497
2026/10/03 09:01:18.366, 0, 97948
2026/10/03 09:01:18.369, 1, 76462
2026/10/03 09:01:18.369, 2, 88330
2026/10/03 09:01:18.375, 3, 69530
2026/10/03 09:01:18.377, 4, 118709
2026/10/03 09:01:18.379, 5, 118637
2026/10/03 09:01:18.380, 6, 118639
2026/10/03 09:01:18.390, 7, 118497
2026/10/03 09:01:19.395, 0, 97948
2026/10/03 09:01:19.395, 1, 76462
2026/10/03 09:01:19.395, 2, 88330
2026/10/03 09:01:19.395, 3, 69530
2026/10/03 09:01:19.395, 4, 118709
2026/10/03 09:01:19.395, 5, 118637
2026/10/03 09:01:19.395, 6, 118639
2026/10/03 09:01:19.395, 7, 118497
2026/10/03 09:01:20.395, 0, 97948
2026/10/03 09:01:20.395, 1, 76462
2026/10/03 09:01:20.395, 2, 88330
2026/10/03 09:01:20.395, 3, 69530
2026/10/03 09:01:20.395, 4, 118709
2026/10/03 09:01:20.395, 5, 118637
2026/10/03 09:01:20.395, 6, 118639
2026/10/03 09:01:20.395, 7, 118497
2026/10/03 09:01:21.396, 0, 97948
2026/10/03 09:01:21.396, 1, 76462
2026/10/03 09:01:21.396, 2, 88330
2026/10/03 09:01:21.396, 3, 69530
2026/10/03 09:01:21.396, 4, 118613
2026/10/03 09:01:21.396, 5, 118613
2026/10/03 09:01:21.396, 6, 118615
2026/10/03 09:01:21.396, 7, 118373
2026/10/03 09:01:22.396, 0, 97948
2026/10/03 09:01:22.396, 1, 76462
2026/10/03 09:01:22.396, 2, 88330
2026/10/03 09:01:22.396, 3, 69530
2026/10/03 09:01:22.396, 4, 118613
2026/10/03 09:01:22.396, 5, 118613
2026/10/03 09:01:22.396, 6, 118615
2026/10/03 09:01:22.396, 7, 118373
2026/10/03 09:01:23.396, 0, 97948
2026/10/03 09:01:23.396, 1, 76462
2026/10/03 09:01:23.396, 2, 88330
2026/10/03 09:01:23.396, 3, 69530
2026/10/03 09:01:23.396, 4, 118613
2026/10/03 09:01:23.396, 5, 118613
2026/10/03 09:01:23.396, 6, 118615
2026/10/03 09:01:23.396, 7, 118373
2026/10/03 09:01:24.396, 0, 97948
2026/10/03 09:01:24.396, 1, 76462
2026/10/03 09:01:24.396, 2, 88330
2026/10/03 09:01:24.396, 3, 69530
2026/10/03 09:01:24.396, 4, 118613
2026/10/03 09:01:24.396, 5, 118613
2026/10/03 09:01:24.396, 6, 118615
2026/10/03 09:01:24.396, 7, 118373
2026/10/03 09:01:25.397, 0, 97948
2026/10/03 09:01:25.397, 1, 76462
2026/10/03 09:01:25.397, 2, 88330
2026/10/03 09:01:25.397, 3, 69530
2026/10/03 09:01:25.397, 4, 118613
2026/10/03 09:01:25.397, 5, 118613
2026/10/03 09:01:25.397, 6, 118615
2026/10/03 09:01:25.397, 7, 118373
2026/10/03 09:01:26.397, 0, 97948
2026/10/03 09:01:26.397, 1, 76462
2026/10/03 09:01:26.397, 2, 88330
2026/10/03 09:01:26.397, 3, 69530
2026/10/03 09:01:26.397, 4, 118613
2026/10/03 09:01:26.397, 5, 118613
2026/10/03 09:01:26.397, 6, 118615
2026/10/03 09:01:26.397, 7, 118373
2026/10/03 09:01:27.397, 0, 97948
2026/10/03 09:01:27.397, 1, 76462
2026/10/03 09:01:27.397, 2, 88330
2026/10/03 09:01:27.397, 3, 69530
2026/10/03 09:01:27.397, 4, 118613
2026/10/03 09:01:27.397, 5, 118613
2026/10/03 09:01:27.397, 6, 118615
2026/10/03 09:01:27.397, 7, 118373
2026/10/03 09:01:28.397, 0, 97948
2026/10/03 09:01:28.397, 1, 76462
2026/10/03 09:01:28.397, 2, 88330
2026/10/03 09:01:28.397, 3, 69530
2026/10/03 09:01:28.397, 4, 118613
2026/10/03 09:01:28.397, 5, 118613
2026/10/03 09:01:28.397, 6, 118615
2026/10/03 09:01:28.397, 7, 118373
2026/10/03 09:01:29.397, 0, 97948
2026/10/03 09:01:29.398, 1, 76462
2026/10/03 09:01:29.398, 2, 88330
2026/10/03 09:01:29.398, 3, 69530
2026/10/03 09:01:29.398, 4, 118613
2026/10/03 09:01:29.398, 5, 118737
2026/10/03 09:01:29.398, 6, 118615
2026/10/03 09:01:29.398, 7, 118373
2026/10/03 09:01:30.398, 0, 97948
2026/10/03 09:01:30.398, 1, 76462
2026/10/03 09:01:30.398, 2, 88330
2026/10/03 09:01:30.398, 3, 69530
2026/10/03 09:01:30.398, 4, 118925
2026/10/03 09:01:30.398, 5, 118737
2026/10/03 09:01:30.398, 6, 118951
2026/10/03 09:01:30.398, 7, 118399
2026/10/03 09:01:31.398, 0, 97948
2026/10/03 09:01:31.398, 1, 76462
2026/10/03 09:01:31.398, 2, 88330
2026/10/03 09:01:31.398, 3, 69530
2026/10/03 09:01:31.398, 4, 118925
2026/10/03 09:01:31.398, 5, 119359
2026/10/03 09:01:31.398, 6, 119099
2026/10/03 09:01:31.398, 7, 119209
2026/10/03 09:01:32.398, 0, 97948
2026/10/03 09:01:32.398, 1, 76462
2026/10/03 09:01:32.398, 2, 88330
2026/10/03 09:01:32.398, 3, 69530
2026/10/03 09:01:32.398, 4, 118925
2026/10/03 09:01:32.398, 5, 119359
2026/10/03 09:01:32.398, 6, 119099
2026/10/03 09:01:32.398, 7, 119209
2026/10/03 09:01:33.399, 0, 97948
2026/10/03 09:01:33.399, 1, 76462
2026/10/03 09:01:33.399, 2, 88330
2026/10/03 09:01:33.399, 3, 69530
2026/10/03 09:01:33.399, 4, 118925
2026/10/03 09:01:33.399, 5, 119359
2026/10/03 09:01:33.399, 6, 119099
2026/10/03 09:01:33.399, 7, 119209
2026/10/03 09:01:34.399, 0, 97948
2026/10/03 09:01:34.399, 1, 76462
2026/10/03 09:01:34.399, 2, 88330
2026/10/03 09:01:34.399, 3, 69530
2026/10/03 09:01:34.399, 4, 118925
2026/10/03 09:01:34.399, 5, 119359
2026/10/03 09:01:34.399, 6, 119099
2026/10/03 09:01:34.399, 7, 119209
2026/10/03 09:01:35.399, 0, 97948
2026/10/03 09:01:35.399, 1, 76462
2026/10/03 09:01:35.399, 2, 88330
2026/10/03 09:01:35.399, 3, 69530
2026/10/03 09:01:35.399, 4, 118925
2026/10/03 09:01:35.399, 5, 119359
2026/10/03 09:01:35.399, 6, 119099
2026/10/03 09:01:35.399, 7, 119209
2026/10/03 09:01:36.399, 0, 97948
2026/10/03 09:01:36.400, 1, 76462
2026/10/03 09:01:36.400, 2, 88330
2026/10/03 09:01:36.400, 3, 69530
2026/10/03 09:01:36.400, 4, 118925
2026/10/03 09:01:36.400, 5, 119359
2026/10/03 09:01:36.400, 6, 119099
2026/10/03 09:01:36.400, 7, 119209
2026/10/03 09:01:37.400, 0, 97948
2026/10/03 09:01:37.400, 1, 76462
2026/10/03 09:01:37.403, 2, 88330
2026/10/03 09:01:37.404, 3, 69530
2026/10/03 09:01:37.406, 4, 118925
2026/10/03 09:01:37.408, 5, 119359
2026/10/03 09:01:37.409, 6, 119099
2026/10/03 09:01:37.409, 7, 119209
2026/10/03 09:01:38.411, 0, 97948
2026/10/03 09:01:38.411, 1, 76462
2026/10/03 09:01:38.411, 2, 88330
2026/10/03 09:01:38.411, 3, 69530
2026/10/03 09:01:38.411, 4, 118925
2026/10/03 09:01:38.411, 5, 119359
2026/10/03 09:01:38.411, 6, 119099
2026/10/03 09:01:38.411, 7, 119209
2026/10/03 09:01:39.411, 0, 97948
2026/10/03 09:01:39.411, 1, 76462
2026/10/03 09:01:39.411, 2, 88330
2026/10/03 09:01:39.411, 3, 69530
2026/10/03 09:01:39.411, 4, 118925
2026/10/03 09:01:39.411, 5, 119359
2026/10/03 09:01:39.411, 6, 119099
2026/10/03 09:01:39.411, 7, 119209
2026/10/03 09:01:40.411, 0, 97948
2026/10/03 09:01:40.411, 1, 76462
2026/10/03 09:01:40.411, 2, 88330
2026/10/03 09:01:40.411, 3, 69530
2026/10/03 09:01:40.411, 4, 118925
2026/10/03 09:01:40.411, 5, 119359
2026/10/03 09:01:40.411, 6, 119099
2026/10/03 09:01:40.411, 7, 119209
2026/10/03 09:01:41.411, 0, 97948
2026/10/03 09:01:41.412, 1, 76462
2026/10/03 09:01:41.412, 2, 88330
2026/10/03 09:01:41.412, 3, 69530
2026/10/03 09:01:41.412, 4, 118925
2026/10/03 09:01:41.412, 5, 119359
2026/10/03 09:01:41.412, 6, 119099
2026/10/03 09:01:41.412, 7, 119209
2026/10/03 09:01:42.412, 0, 97948
2026/10/03 09:01:42.412, 1, 76462
2026/10/03 09:01:42.412, 2, 88330
2026/10/03 09:01:42.412, 3, 69530
2026/10/03 09:01:42.412, 4, 118637
2026/10/03 09:01:42.412, 5, 118637
2026/10/03 09:01:42.412, 6, 118637
2026/10/03 09:01:42.412, 7, 118395
2026/10/03 09:01:43.412, 0, 97948
2026/10/03 09:01:43.412, 1, 76462
2026/10/03 09:01:43.412, 2, 88330
2026/10/03 09:01:43.412, 3, 69530
2026/10/03 09:01:43.412, 4, 118683
2026/10/03 09:01:43.412, 5, 118639
2026/10/03 09:01:43.412, 6, 118659
2026/10/03 09:01:43.413, 7, 118395
2026/10/03 09:01:44.413, 0, 97948
2026/10/03 09:01:44.413, 1, 76462
2026/10/03 09:01:44.413, 2, 88330
2026/10/03 09:01:44.413, 3, 69530
2026/10/03 09:01:44.413, 4, 118683
2026/10/03 09:01:44.413, 5, 118639
2026/10/03 09:01:44.413, 6, 118659
2026/10/03 09:01:44.413, 7, 118395
2026/10/03 09:01:45.413, 0, 97948
2026/10/03 09:01:45.413, 1, 76462
2026/10/03 09:01:45.413, 2, 88330
2026/10/03 09:01:45.413, 3, 69530
2026/10/03 09:01:45.413, 4, 118683
2026/10/03 09:01:45.413, 5, 118639
2026/10/03 09:01:45.413, 6, 118659
2026/10/03 09:01:45.413, 7, 118395
2026/10/03 09:01:46.413, 0, 97948
2026/10/03 09:01:46.413, 1, 76462
2026/10/03 09:01:46.413, 2, 88330
2026/10/03 09:01:46.413, 3, 69530
2026/10/03 09:01:46.413, 4, 118683
2026/10/03 09:01:46.413, 5, 118639
2026/10/03 09:01:46.413, 6, 118659
2026/10/03 09:01:46.413, 7, 118395
2026/10/03 09:01:47.413, 0, 97948
2026/10/03 09:01:47.413, 1, 76462
2026/10/03 09:01:47.413, 2, 88330
2026/10/03 09:01:47.414, 3, 69530
2026/10/03 09:01:47.417, 4, 118683
2026/10/03 09:01:47.417, 5, 118639
2026/10/03 09:01:47.417, 6, 118659
2026/10/03 09:01:47.417, 7, 118395
2026/10/03 09:01:48.418, 0, 97948
2026/10/03 09:01:48.421, 1, 76462
2026/10/03 09:01:48.425, 2, 88330
2026/10/03 09:01:48.427, 3, 69530
2026/10/03 09:01:48.431, 4, 118683
2026/10/03 09:01:48.438, 5, 118639
2026/10/03 09:01:48.439, 6, 118659
2026/10/03 09:01:48.445, 7, 118395
2026/10/03 09:01:49.449, 0, 97948
2026/10/03 09:01:49.449, 1, 76462
2026/10/03 09:01:49.449, 2, 88330
2026/10/03 09:01:49.449, 3, 69530
2026/10/03 09:01:49.451, 4, 118683
2026/10/03 09:01:49.451, 5, 118639
2026/10/03 09:01:49.451, 6, 118659
2026/10/03 09:01:49.452, 7, 118395
2026/10/03 09:01:50.452, 0, 97948
2026/10/03 09:01:50.452, 1, 76462
2026/10/03 09:01:50.452, 2, 88330
2026/10/03 09:01:50.452, 3, 69530
2026/10/03 09:01:50.452, 4, 118683
2026/10/03 09:01:50.452, 5, 118639
2026/10/03 09:01:50.452, 6, 118659
2026/10/03 09:01:50.452, 7, 118395
2026/10/03 09:01:51.452, 0, 97948
2026/10/03 09:01:51.452, 1, 76462
2026/10/03 09:01:51.455, 2, 88330
2026/10/03 09:01:51.455, 3, 69530
2026/10/03 09:01:51.455, 4, 118683
2026/10/03 09:01:51.455, 5, 118639
2026/10/03 09:01:51.455, 6, 118659
2026/10/03 09:01:51.455, 7, 118395
2026/10/03 09:01:52.455, 0, 97948
2026/10/03 09:01:52.455, 1, 76462
2026/10/03 09:01:52.456, 2, 88330
2026/10/03 09:01:52.456, 3, 69530
2026/10/03 09:01:52.456, 4, 118683
2026/10/03 09:01:52.456, 5, 118639
2026/10/03 09:01:52.456, 6, 118659
2026/10/03 09:01:52.456, 7, 118395
2026/10/03 09:01:53.456, 0, 97950
2026/10/03 09:01:53.456, 1, 76462
2026/10/03 09:01:53.461, 2, 88330
2026/10/03 09:01:53.461, 3, 69530
2026/10/03 09:01:53.461, 4, 118683
2026/10/03 09:01:53.461, 5, 118639
2026/10/03 09:01:53.461, 6, 118659
2026/10/03 09:01:53.461, 7, 118395
2026/10/03 09:01:54.461, 0, 97950
2026/10/03 09:01:54.461, 1, 76462
2026/10/03 09:01:54.461, 2, 88330
2026/10/03 09:01:54.462, 3, 69530
2026/10/03 09:01:54.462, 4, 118683
2026/10/03 09:01:54.462, 5, 118639
2026/10/03 09:01:54.462, 6, 118659
2026/10/03 09:01:54.462, 7, 118395
2026/10/03 09:01:55.462, 0, 97950
2026/10/03 09:01:55.462, 1, 76462
2026/10/03 09:01:55.465, 2, 88330
2026/10/03 09:01:55.465, 3, 69530
2026/10/03 09:01:55.465, 4, 118683
2026/10/03 09:01:55.465, 5, 118639
2026/10/03 09:01:55.465, 6, 118659
2026/10/03 09:01:55.465, 7, 118395
2026/10/03 09:01:56.465, 0, 97950
2026/10/03 09:01:56.465, 1, 76462
2026/10/03 09:01:56.465, 2, 88330
2026/10/03 09:01:56.465, 3, 69530
2026/10/03 09:01:56.465, 4, 119309
2026/10/03 09:01:56.465, 5, 119265
2026/10/03 09:01:56.465, 6, 119285
2026/10/03 09:01:56.465, 7, 118395
2026/10/03 09:01:57.465, 0, 97950
2026/10/03 09:01:57.465, 1, 76462
2026/10/03 09:01:57.468, 2, 88330
2026/10/03 09:01:57.468, 3, 69530
2026/10/03 09:01:57.468, 4, 119251
2026/10/03 09:01:57.468, 5, 118613
2026/10/03 09:01:57.468, 6, 119253
2026/10/03 09:01:57.468, 7, 118373
2026/10/03 09:01:58.468, 0, 97950
2026/10/03 09:01:58.468, 1, 76462
2026/10/03 09:01:58.468, 2, 88330
2026/10/03 09:01:58.468, 3, 69530
2026/10/03 09:01:58.468, 4, 118613
2026/10/03 09:01:58.468, 5, 118613
2026/10/03 09:01:58.468, 6, 118615
2026/10/03 09:01:58.468, 7, 118373
2026/10/03 09:01:59.468, 0, 97950
2026/10/03 09:01:59.468, 1, 76462
2026/10/03 09:01:59.470, 2, 88330
2026/10/03 09:01:59.470, 3, 69530
2026/10/03 09:01:59.470, 4, 118613
2026/10/03 09:01:59.470, 5, 118613
2026/10/03 09:01:59.470, 6, 118615
2026/10/03 09:01:59.470, 7, 118373
2026/10/03 09:02:00.471, 0, 97950
2026/10/03 09:02:00.471, 1, 76462
2026/10/03 09:02:00.471, 2, 88330
2026/10/03 09:02:00.471, 3, 69530
2026/10/03 09:02:00.471, 4, 118613
2026/10/03 09:02:00.471, 5, 118613
2026/10/03 09:02:00.471, 6, 118615
2026/10/03 09:02:00.471, 7, 118373
2026/10/03 09:02:01.471, 0, 97950
2026/10/03 09:02:01.471, 1, 76462
2026/10/03 09:02:01.473, 2, 88330
2026/10/03 09:02:01.473, 3, 69530
2026/10/03 09:02:01.473, 4, 118613
2026/10/03 09:02:01.473, 5, 118613
2026/10/03 09:02:01.473, 6, 118615
2026/10/03 09:02:01.473, 7, 118373
2026/10/03 09:02:02.473, 0, 97950
2026/10/03 09:02:02.473, 1, 76462
2026/10/03 09:02:02.473, 2, 88330
2026/10/03 09:02:02.473, 3, 69530
2026/10/03 09:02:02.474, 4, 118613
2026/10/03 09:02:02.474, 5, 118613
2026/10/03 09:02:02.474, 6, 118615
2026/10/03 09:02:02.474, 7, 118373
2026/10/03 09:02:03.474, 0, 97950
2026/10/03 09:02:03.474, 1, 76462
2026/10/03 09:02:03.476, 2, 88330
2026/10/03 09:02:03.476, 3, 69530
2026/10/03 09:02:03.476, 4, 118613
2026/10/03 09:02:03.476, 5, 118657
2026/10/03 09:02:03.476, 6, 118615
2026/10/03 09:02:03.476, 7, 118397
2026/10/03 09:02:04.476, 0, 97950
2026/10/03 09:02:04.476, 1, 76462
2026/10/03 09:02:04.476, 2, 88330
2026/10/03 09:02:04.476, 3, 69530
2026/10/03 09:02:04.476, 4, 118759
2026/10/03 09:02:04.476, 5, 118903
2026/10/03 09:02:04.476, 6, 118973
2026/10/03 09:02:04.476, 7, 118629
2026/10/03 09:02:05.476, 0, 97950
2026/10/03 09:02:05.476, 1, 76462
2026/10/03 09:02:05.480, 2, 88330
2026/10/03 09:02:05.481, 3, 69530
2026/10/03 09:02:05.481, 4, 119037
2026/10/03 09:02:05.481, 5, 118903
2026/10/03 09:02:05.481, 6, 124167
2026/10/03 09:02:05.481, 7, 118629
2026/10/03 09:02:06.481, 0, 97950
2026/10/03 09:02:06.481, 1, 76462
2026/10/03 09:02:06.481, 2, 88330
2026/10/03 09:02:06.481, 3, 69530
2026/10/03 09:02:06.481, 4, 119237
2026/10/03 09:02:06.481, 5, 119309
2026/10/03 09:02:06.481, 6, 125361
2026/10/03 09:02:06.481, 7, 118629
2026/10/03 09:02:07.482, 0, 97950
2026/10/03 09:02:07.484, 1, 76462
2026/10/03 09:02:07.484, 2, 88330
2026/10/03 09:02:07.485, 3, 69530
2026/10/03 09:02:07.486, 4, 119237
2026/10/03 09:02:07.487, 5, 119309
2026/10/03 09:02:07.487, 6, 125361
2026/10/03 09:02:07.487, 7, 118631
2026/10/03 09:02:08.487, 0, 97950
2026/10/03 09:02:08.487, 1, 76462
2026/10/03 09:02:08.487, 2, 88330
2026/10/03 09:02:08.488, 3, 69530
2026/10/03 09:02:08.488, 4, 119237
2026/10/03 09:02:08.488, 5, 119309
2026/10/03 09:02:08.488, 6, 125361
2026/10/03 09:02:08.488, 7, 118745
2026/10/03 09:02:09.488, 0, 97950
2026/10/03 09:02:09.488, 1, 76462
2026/10/03 09:02:09.488, 2, 88330
2026/10/03 09:02:09.488, 3, 69530
2026/10/03 09:02:09.488, 4, 119237
2026/10/03 09:02:09.488, 5, 119309
2026/10/03 09:02:09.488, 6, 125361
2026/10/03 09:02:09.488, 7, 118745
2026/10/03 09:02:10.488, 0, 97950
2026/10/03 09:02:10.488, 1, 76462
2026/10/03 09:02:10.488, 2, 88330
2026/10/03 09:02:10.488, 3, 69530
2026/10/03 09:02:10.488, 4, 119237
2026/10/03 09:02:10.488, 5, 119309
2026/10/03 09:02:10.488, 6, 125361
2026/10/03 09:02:10.488, 7, 118745
2026/10/03 09:02:11.488, 0, 97950
2026/10/03 09:02:11.488, 1, 76462
2026/10/03 09:02:11.488, 2, 88330
2026/10/03 09:02:11.489, 3, 69530
2026/10/03 09:02:11.489, 4, 119237
2026/10/03 09:02:11.489, 5, 119309
2026/10/03 09:02:11.489, 6, 125361
2026/10/03 09:02:11.489, 7, 118745
2026/10/03 09:02:12.489, 0, 97950
2026/10/03 09:02:12.489, 1, 76462
2026/10/03 09:02:12.490, 2, 88330
2026/10/03 09:02:12.491, 3, 69530
2026/10/03 09:02:12.491, 4, 119237
2026/10/03 09:02:12.491, 5, 119309
2026/10/03 09:02:12.492, 6, 125361
2026/10/03 09:02:12.492, 7, 118745
2026/10/03 09:02:13.492, 0, 97950
2026/10/03 09:02:13.492, 1, 76462
2026/10/03 09:02:13.492, 2, 88330
2026/10/03 09:02:13.492, 3, 69530
2026/10/03 09:02:13.492, 4, 119237
2026/10/03 09:02:13.492, 5, 119309
2026/10/03 09:02:13.493, 6, 125361
2026/10/03 09:02:13.493, 7, 118745
2026/10/03 09:02:14.493, 0, 97950
2026/10/03 09:02:14.493, 1, 76462
2026/10/03 09:02:14.493, 2, 88330
2026/10/03 09:02:14.493, 3, 69530
2026/10/03 09:02:14.493, 4, 119237
2026/10/03 09:02:14.493, 5, 119309
2026/10/03 09:02:14.493, 6, 125361
2026/10/03 09:02:14.493, 7, 118745
2026/10/03 09:02:15.493, 0, 97950
2026/10/03 09:02:15.493, 1, 76462
2026/10/03 09:02:15.494, 2, 88330
2026/10/03 09:02:15.495, 3, 69530
2026/10/03 09:02:15.495, 4, 119237
2026/10/03 09:02:15.495, 5, 119309
2026/10/03 09:02:15.495, 6, 125361
2026/10/03 09:02:15.495, 7, 118745
2026/10/03 09:02:16.495, 0, 97950
2026/10/03 09:02:16.495, 1, 76462
2026/10/03 09:02:16.495, 2, 88330
2026/10/03 09:02:16.495, 3, 69530
2026/10/03 09:02:16.495, 4, 118613
2026/10/03 09:02:16.495, 5, 118613
2026/10/03 09:02:16.495, 6, 118615
2026/10/03 09:02:16.495, 7, 118373
2026/10/03 09:02:17.495, 0, 97950
2026/10/03 09:02:17.553, 1, 76462
2026/10/03 09:02:17.560, 2, 88330
2026/10/03 09:02:17.567, 3, 69530
2026/10/03 09:02:17.574, 4, 118663
2026/10/03 09:02:17.581, 5, 118663
2026/10/03 09:02:17.589, 6, 118639
2026/10/03 09:02:17.596, 7, 118425
2026/10/03 09:02:18.653, 0, 97950
2026/10/03 09:02:18.654, 1, 76462
2026/10/03 09:02:18.659, 2, 88330
2026/10/03 09:02:18.666, 3, 69530
2026/10/03 09:02:18.667, 4, 118677
2026/10/03 09:02:18.669, 5, 118679
2026/10/03 09:02:18.670, 6, 118639
2026/10/03 09:02:18.670, 7, 118441
2026/10/03 09:02:19.676, 0, 97950
2026/10/03 09:02:19.676, 1, 76462
2026/10/03 09:02:19.676, 2, 88330
2026/10/03 09:02:19.676, 3, 69530
2026/10/03 09:02:19.676, 4, 118677
2026/10/03 09:02:19.676, 5, 118679
2026/10/03 09:02:19.676, 6, 118639
2026/10/03 09:02:19.676, 7, 118441
2026/10/03 09:02:20.676, 0, 97950
2026/10/03 09:02:20.677, 1, 76462
2026/10/03 09:02:20.677, 2, 88330
2026/10/03 09:02:20.679, 3, 69530
2026/10/03 09:02:20.679, 4, 118679
2026/10/03 09:02:20.679, 5, 118679
2026/10/03 09:02:20.679, 6, 118639
2026/10/03 09:02:20.679, 7, 118441
2026/10/03 09:02:21.679, 0, 97950
2026/10/03 09:02:21.679, 1, 76462
2026/10/03 09:02:21.679, 2, 88330
2026/10/03 09:02:21.679, 3, 69530
2026/10/03 09:02:21.679, 4, 118679
2026/10/03 09:02:21.679, 5, 118679
2026/10/03 09:02:21.679, 6, 118639
2026/10/03 09:02:21.679, 7, 118443
2026/10/03 09:02:22.679, 0, 97950
2026/10/03 09:02:22.681, 1, 76462
2026/10/03 09:02:22.681, 2, 88330
2026/10/03 09:02:22.683, 3, 69530
2026/10/03 09:02:22.683, 4, 118679
2026/10/03 09:02:22.683, 5, 118679
2026/10/03 09:02:22.683, 6, 118639
2026/10/03 09:02:22.683, 7, 118443
2026/10/03 09:02:23.683, 0, 97950
2026/10/03 09:02:23.683, 1, 76462
2026/10/03 09:02:23.683, 2, 88330
2026/10/03 09:02:23.683, 3, 69530
2026/10/03 09:02:23.683, 4, 118679
2026/10/03 09:02:23.683, 5, 118679
2026/10/03 09:02:23.683, 6, 118639
2026/10/03 09:02:23.683, 7, 118443
2026/10/03 09:02:24.683, 0, 97950
2026/10/03 09:02:24.683, 1, 76462
2026/10/03 09:02:24.691, 2, 88330
2026/10/03 09:02:24.691, 3, 69530
2026/10/03 09:02:24.692, 4, 118679
2026/10/03 09:02:24.692, 5, 118679
2026/10/03 09:02:24.692, 6, 118639
2026/10/03 09:02:24.693, 7, 118443
2026/10/03 09:02:25.693, 0, 97950
2026/10/03 09:02:25.693, 1, 76462
2026/10/03 09:02:25.693, 2, 88330
2026/10/03 09:02:25.693, 3, 69530
2026/10/03 09:02:25.693, 4, 118679
2026/10/03 09:02:25.693, 5, 118679
2026/10/03 09:02:25.693, 6, 118639
2026/10/03 09:02:25.693, 7, 118443
2026/10/03 09:02:26.693, 0, 97950
2026/10/03 09:02:26.693, 1, 76462
2026/10/03 09:02:26.693, 2, 88330
2026/10/03 09:02:26.693, 3, 69530
2026/10/03 09:02:26.693, 4, 118679
2026/10/03 09:02:26.693, 5, 118679
2026/10/03 09:02:26.693, 6, 118639
2026/10/03 09:02:26.693, 7, 118443
2026/10/03 09:02:27.694, 0, 97950
2026/10/03 09:02:27.694, 1, 76462
2026/10/03 09:02:27.694, 2, 88330
2026/10/03 09:02:27.694, 3, 69530
2026/10/03 09:02:27.694, 4, 118679
2026/10/03 09:02:27.694, 5, 118679
2026/10/03 09:02:27.694, 6, 118639
2026/10/03 09:02:27.694, 7, 118443
2026/10/03 09:02:28.694, 0, 97950
2026/10/03 09:02:28.694, 1, 76464
2026/10/03 09:02:28.694, 2, 88330
2026/10/03 09:02:28.694, 3, 69530
2026/10/03 09:02:28.694, 4, 118679
2026/10/03 09:02:28.694, 5, 118679
2026/10/03 09:02:28.695, 6, 118639
2026/10/03 09:02:28.695, 7, 118443
2026/10/03 09:02:29.695, 0, 97950
2026/10/03 09:02:29.695, 1, 76464
2026/10/03 09:02:29.695, 2, 88330
2026/10/03 09:02:29.695, 3, 69530
2026/10/03 09:02:29.695, 4, 118679
2026/10/03 09:02:29.695, 5, 118679
2026/10/03 09:02:29.695, 6, 118639
2026/10/03 09:02:29.695, 7, 118443
2026/10/03 09:02:30.695, 0, 97950
2026/10/03 09:02:30.695, 1, 76464
2026/10/03 09:02:30.695, 2, 88330
2026/10/03 09:02:30.695, 3, 69530
2026/10/03 09:02:30.695, 4, 118679
2026/10/03 09:02:30.695, 5, 118679
2026/10/03 09:02:30.695, 6, 118639
2026/10/03 09:02:30.696, 7, 118443
2026/10/03 09:02:31.696, 0, 97950
2026/10/03 09:02:31.696, 1, 76464
2026/10/03 09:02:31.696, 2, 88330
2026/10/03 09:02:31.696, 3, 69530
2026/10/03 09:02:31.696, 4, 119305
2026/10/03 09:02:31.696, 5, 118679
2026/10/03 09:02:31.696, 6, 119265
2026/10/03 09:02:31.696, 7, 119069
2026/10/03 09:02:32.696, 0, 97950
2026/10/03 09:02:32.696, 1, 76464
2026/10/03 09:02:32.696, 2, 88330
2026/10/03 09:02:32.696, 3, 69530
2026/10/03 09:02:32.696, 4, 119251
2026/10/03 09:02:32.696, 5, 119251
2026/10/03 09:02:32.696, 6, 118615
2026/10/03 09:02:32.697, 7, 119011
2026/10/03 09:02:33.697, 0, 97950
2026/10/03 09:02:33.697, 1, 76464
2026/10/03 09:02:33.697, 2, 88330
2026/10/03 09:02:33.697, 3, 69530
2026/10/03 09:02:33.697, 4, 118613
2026/10/03 09:02:33.697, 5, 118613
2026/10/03 09:02:33.697, 6, 118615
2026/10/03 09:02:33.697, 7, 118373
2026/10/03 09:02:34.697, 0, 97950
2026/10/03 09:02:34.697, 1, 76464
2026/10/03 09:02:34.697, 2, 88330
2026/10/03 09:02:34.697, 3, 69530
2026/10/03 09:02:34.698, 4, 118613
2026/10/03 09:02:34.698, 5, 118613
2026/10/03 09:02:34.698, 6, 118615
2026/10/03 09:02:34.698, 7, 118373
2026/10/03 09:02:35.698, 0, 97950
2026/10/03 09:02:35.698, 1, 76464
2026/10/03 09:02:35.698, 2, 88330
2026/10/03 09:02:35.698, 3, 69530
2026/10/03 09:02:35.698, 4, 118613
2026/10/03 09:02:35.698, 5, 118613
2026/10/03 09:02:35.698, 6, 118615
2026/10/03 09:02:35.698, 7, 118373
2026/10/03 09:02:36.698, 0, 97950
2026/10/03 09:02:36.698, 1, 76464
2026/10/03 09:02:36.698, 2, 88330
2026/10/03 09:02:36.698, 3, 69530
2026/10/03 09:02:36.698, 4, 118613
2026/10/03 09:02:36.698, 5, 118613
2026/10/03 09:02:36.698, 6, 118615
2026/10/03 09:02:36.698, 7, 118373
2026/10/03 09:02:37.698, 0, 97950
2026/10/03 09:02:37.698, 1, 76464
2026/10/03 09:02:37.698, 2, 88330
2026/10/03 09:02:37.738, 3, 69530
2026/10/03 09:02:37.738, 4, 118613
2026/10/03 09:02:37.738, 5, 118613
2026/10/03 09:02:37.738, 6, 118615
2026/10/03 09:02:37.738, 7, 118373
2026/10/03 09:02:38.738, 0, 97950
2026/10/03 09:02:38.738, 1, 76464
2026/10/03 09:02:38.738, 2, 88330
2026/10/03 09:02:38.738, 3, 69530
2026/10/03 09:02:38.738, 4, 118613
2026/10/03 09:02:38.738, 5, 118613
2026/10/03 09:02:38.738, 6, 118615
2026/10/03 09:02:38.738, 7, 118373
2026/10/03 09:02:39.738, 0, 97950
2026/10/03 09:02:39.738, 1, 76464
2026/10/03 09:02:39.738, 2, 88330
2026/10/03 09:02:39.738, 3, 69530
2026/10/03 09:02:39.738, 4, 118613
2026/10/03 09:02:39.738, 5, 118613
2026/10/03 09:02:39.738, 6, 118615
2026/10/03 09:02:39.738, 7, 118373
2026/10/03 09:02:40.739, 0, 97950
2026/10/03 09:02:40.739, 1, 76464
2026/10/03 09:02:40.740, 2, 88330
2026/10/03 09:02:40.740, 3, 69530
2026/10/03 09:02:40.740, 4, 118945
2026/10/03 09:02:40.740, 5, 118801
2026/10/03 09:02:40.740, 6, 118703
2026/10/03 09:02:40.740, 7, 118557
2026/10/03 09:02:41.740, 0, 97950
2026/10/03 09:02:41.740, 1, 76464
2026/10/03 09:02:41.740, 2, 88330
2026/10/03 09:02:41.740, 3, 69530
2026/10/03 09:02:41.740, 4, 118949
2026/10/03 09:02:41.740, 5, 119113
2026/10/03 09:02:41.740, 6, 123539
2026/10/03 09:02:41.741, 7, 119041
2026/10/03 09:02:42.741, 0, 97950
2026/10/03 09:02:42.741, 1, 76464
2026/10/03 09:02:42.754, 2, 88330
2026/10/03 09:02:42.754, 3, 69530
2026/10/03 09:02:42.754, 4, 118949
2026/10/03 09:02:42.754, 5, 119335
2026/10/03 09:02:42.754, 6, 132761
2026/10/03 09:02:42.754, 7, 119359
2026/10/03 09:02:43.754, 0, 97950
2026/10/03 09:02:43.755, 1, 76464
2026/10/03 09:02:43.755, 2, 88330
2026/10/03 09:02:43.755, 3, 69530
2026/10/03 09:02:43.755, 4, 118949
2026/10/03 09:02:43.755, 5, 119335
2026/10/03 09:02:43.755, 6, 134723
2026/10/03 09:02:43.755, 7, 119359
2026/10/03 09:02:44.755, 0, 97950
2026/10/03 09:02:44.757, 1, 76464
2026/10/03 09:02:44.759, 2, 88330
2026/10/03 09:02:44.759, 3, 69530
2026/10/03 09:02:44.759, 4, 118949
2026/10/03 09:02:44.759, 5, 119335
2026/10/03 09:02:44.759, 6, 134723
2026/10/03 09:02:44.759, 7, 119359
2026/10/03 09:02:45.759, 0, 97950
2026/10/03 09:02:45.760, 1, 76464
2026/10/03 09:02:45.760, 2, 88330
2026/10/03 09:02:45.760, 3, 69530
2026/10/03 09:02:45.760, 4, 118949
2026/10/03 09:02:45.760, 5, 119335
2026/10/03 09:02:45.760, 6, 134723
2026/10/03 09:02:45.760, 7, 119359
2026/10/03 09:02:46.760, 0, 97950
2026/10/03 09:02:46.760, 1, 76464
2026/10/03 09:02:46.760, 2, 88330
2026/10/03 09:02:46.760, 3, 69530
2026/10/03 09:02:46.760, 4, 118949
2026/10/03 09:02:46.760, 5, 119335
2026/10/03 09:02:46.760, 6, 134723
2026/10/03 09:02:46.761, 7, 119359
2026/10/03 09:02:47.761, 0, 97950
2026/10/03 09:02:47.767, 1, 76464
2026/10/03 09:02:47.776, 2, 88330
2026/10/03 09:02:47.785, 3, 69530
2026/10/03 09:02:47.798, 4, 118949
2026/10/03 09:02:47.807, 5, 119335
2026/10/03 09:02:47.816, 6, 134723
2026/10/03 09:02:47.849, 7, 119359
2026/10/03 09:02:48.862, 0, 97950
2026/10/03 09:02:48.881, 1, 76464
2026/10/03 09:02:48.881, 2, 88330
2026/10/03 09:02:48.881, 3, 69530
2026/10/03 09:02:48.881, 4, 118949
2026/10/03 09:02:48.881, 5, 119335
2026/10/03 09:02:48.881, 6, 134723
2026/10/03 09:02:48.881, 7, 119359
2026/10/03 09:02:49.881, 0, 97950
2026/10/03 09:02:49.881, 1, 76464
2026/10/03 09:02:49.881, 2, 88330
2026/10/03 09:02:49.881, 3, 69530
2026/10/03 09:02:49.881, 4, 118949
2026/10/03 09:02:49.881, 5, 119335
2026/10/03 09:02:49.889, 6, 134723
2026/10/03 09:02:49.889, 7, 119359
2026/10/03 09:02:50.889, 0, 97950
2026/10/03 09:02:50.889, 1, 76464
2026/10/03 09:02:50.889, 2, 88330
2026/10/03 09:02:50.889, 3, 69530
2026/10/03 09:02:50.889, 4, 118949
2026/10/03 09:02:50.889, 5, 119335
2026/10/03 09:02:50.889, 6, 134723
2026/10/03 09:02:50.889, 7, 119359
2026/10/03 09:02:51.890, 0, 97950
2026/10/03 09:02:51.890, 1, 76464
2026/10/03 09:02:51.890, 2, 88330
2026/10/03 09:02:51.890, 3, 69530
2026/10/03 09:02:51.890, 4, 118949
2026/10/03 09:02:51.890, 5, 119335
2026/10/03 09:02:51.890, 6, 134723
2026/10/03 09:02:51.890, 7, 119359
2026/10/03 09:02:52.890, 0, 97950
2026/10/03 09:02:52.890, 1, 76464
2026/10/03 09:02:52.890, 2, 88330
2026/10/03 09:02:52.890, 3, 69530
2026/10/03 09:02:52.890, 4, 118613
2026/10/03 09:02:52.890, 5, 118613
2026/10/03 09:02:52.890, 6, 118615
2026/10/03 09:02:52.890, 7, 118373
2026/10/03 09:02:53.890, 0, 97950
2026/10/03 09:02:53.890, 1, 76464
2026/10/03 09:02:53.890, 2, 88330
2026/10/03 09:02:53.890, 3, 69530
2026/10/03 09:02:53.890, 4, 118635
2026/10/03 09:02:53.890, 5, 118637
2026/10/03 09:02:53.890, 6, 118639
2026/10/03 09:02:53.890, 7, 118395
2026/10/03 09:02:54.890, 0, 97950
2026/10/03 09:02:54.890, 1, 76464
2026/10/03 09:02:54.890, 2, 88330
2026/10/03 09:02:54.890, 3, 69530
2026/10/03 09:02:54.890, 4, 118635
2026/10/03 09:02:54.891, 5, 118637
2026/10/03 09:02:54.891, 6, 118639
2026/10/03 09:02:54.891, 7, 118395
2026/10/03 09:02:55.891, 0, 97950
2026/10/03 09:02:55.891, 1, 76464
2026/10/03 09:02:55.891, 2, 88330
2026/10/03 09:02:55.891, 3, 69530
2026/10/03 09:02:55.891, 4, 118635
2026/10/03 09:02:55.891, 5, 118637
2026/10/03 09:02:55.891, 6, 118639
2026/10/03 09:02:55.891, 7, 118417
2026/10/03 09:02:56.891, 0, 97950
2026/10/03 09:02:56.891, 1, 76464
2026/10/03 09:02:56.891, 2, 88330
2026/10/03 09:02:56.891, 3, 69530
2026/10/03 09:02:56.891, 4, 118637
2026/10/03 09:02:56.891, 5, 118637
2026/10/03 09:02:56.891, 6, 118639
2026/10/03 09:02:56.891, 7, 118417
2026/10/03 09:02:57.891, 0, 97950
2026/10/03 09:02:57.891, 1, 76464
2026/10/03 09:02:57.891, 2, 88330
2026/10/03 09:02:57.891, 3, 69530
2026/10/03 09:02:57.891, 4, 118637
2026/10/03 09:02:57.891, 5, 118637
2026/10/03 09:02:57.891, 6, 118639
2026/10/03 09:02:57.891, 7, 118417
2026/10/03 09:02:58.891, 0, 97950
2026/10/03 09:02:58.891, 1, 76464
2026/10/03 09:02:58.891, 2, 88330
2026/10/03 09:02:58.891, 3, 69530
2026/10/03 09:02:58.891, 4, 118637
2026/10/03 09:02:58.891, 5, 118637
2026/10/03 09:02:58.892, 6, 118639
2026/10/03 09:02:58.892, 7, 118419
2026/10/03 09:02:59.892, 0, 97950
2026/10/03 09:02:59.892, 1, 76464
2026/10/03 09:02:59.892, 2, 88330
2026/10/03 09:02:59.892, 3, 69530
2026/10/03 09:02:59.892, 4, 118637
2026/10/03 09:02:59.892, 5, 118637
2026/10/03 09:02:59.892, 6, 118639
2026/10/03 09:02:59.892, 7, 118419
2026/10/03 09:03:00.892, 0, 97950
2026/10/03 09:03:00.892, 1, 76464
2026/10/03 09:03:00.892, 2, 88330
2026/10/03 09:03:00.892, 3, 69530
2026/10/03 09:03:00.892, 4, 118637
2026/10/03 09:03:00.892, 5, 118637
2026/10/03 09:03:00.892, 6, 118639
2026/10/03 09:03:00.892, 7, 118419
2026/10/03 09:03:01.892, 0, 97950
2026/10/03 09:03:01.892, 1, 76464
2026/10/03 09:03:01.892, 2, 88330
2026/10/03 09:03:01.892, 3, 69530
2026/10/03 09:03:01.892, 4, 118637
2026/10/03 09:03:01.892, 5, 118637
2026/10/03 09:03:01.892, 6, 118639
2026/10/03 09:03:01.892, 7, 118419
2026/10/03 09:03:02.892, 0, 97950
2026/10/03 09:03:02.893, 1, 76464
2026/10/03 09:03:02.893, 2, 88330
2026/10/03 09:03:02.893, 3, 69530
2026/10/03 09:03:02.893, 4, 118637
2026/10/03 09:03:02.893, 5, 118637
2026/10/03 09:03:02.893, 6, 118639
2026/10/03 09:03:02.893, 7, 118419
2026/10/03 09:03:03.893, 0, 97950
2026/10/03 09:03:03.893, 1, 76464
2026/10/03 09:03:03.893, 2, 88330
2026/10/03 09:03:03.893, 3, 69530
2026/10/03 09:03:03.893, 4, 118637
2026/10/03 09:03:03.893, 5, 118637
2026/10/03 09:03:03.893, 6, 118639
2026/10/03 09:03:03.893, 7, 118419
2026/10/03 09:03:04.893, 0, 97950
2026/10/03 09:03:04.893, 1, 76464
2026/10/03 09:03:04.893, 2, 88330
2026/10/03 09:03:04.893, 3, 69530
2026/10/03 09:03:04.893, 4, 118637
2026/10/03 09:03:04.893, 5, 118637
2026/10/03 09:03:04.893, 6, 118639
2026/10/03 09:03:04.893, 7, 118419
2026/10/03 09:03:05.893, 0, 97950
2026/10/03 09:03:05.893, 1, 76464
2026/10/03 09:03:05.893, 2, 88330
2026/10/03 09:03:05.893, 3, 69530
2026/10/03 09:03:05.893, 4, 118637
2026/10/03 09:03:05.893, 5, 118637
2026/10/03 09:03:05.893, 6, 118639
2026/10/03 09:03:05.893, 7, 118419
2026/10/03 09:03:06.893, 0, 97950
2026/10/03 09:03:06.894, 1, 76464
2026/10/03 09:03:06.894, 2, 88330
2026/10/03 09:03:06.894, 3, 69530
2026/10/03 09:03:06.894, 4, 118659
2026/10/03 09:03:06.894, 5, 118637
2026/10/03 09:03:06.894, 6, 118639
2026/10/03 09:03:06.894, 7, 118419
2026/10/03 09:03:07.894, 0, 97950
2026/10/03 09:03:07.894, 1, 76464
2026/10/03 09:03:07.894, 2, 88330
2026/10/03 09:03:07.894, 3, 69530
2026/10/03 09:03:07.894, 4, 118659
2026/10/03 09:03:07.894, 5, 118637
2026/10/03 09:03:07.894, 6, 118639
2026/10/03 09:03:07.894, 7, 118419
2026/10/03 09:03:08.894, 0, 97950
2026/10/03 09:03:08.895, 1, 76464
2026/10/03 09:03:08.895, 2, 88330
2026/10/03 09:03:08.895, 3, 69530
2026/10/03 09:03:08.895, 4, 118613
2026/10/03 09:03:08.895, 5, 118613
2026/10/03 09:03:08.895, 6, 118615
2026/10/03 09:03:08.895, 7, 118373
2026/10/03 09:03:09.895, 0, 97950
2026/10/03 09:03:09.895, 1, 76464
2026/10/03 09:03:09.895, 2, 88330
2026/10/03 09:03:09.895, 3, 69530
2026/10/03 09:03:09.895, 4, 118613
2026/10/03 09:03:09.895, 5, 118613
2026/10/03 09:03:09.895, 6, 118615
2026/10/03 09:03:09.895, 7, 118373
2026/10/03 09:03:10.895, 0, 97950
2026/10/03 09:03:10.895, 1, 76464
2026/10/03 09:03:10.895, 2, 88330
2026/10/03 09:03:10.895, 3, 69530
2026/10/03 09:03:10.895, 4, 118613
2026/10/03 09:03:10.895, 5, 118613
2026/10/03 09:03:10.895, 6, 118615
2026/10/03 09:03:10.895, 7, 118373
2026/10/03 09:03:11.895, 0, 97950
2026/10/03 09:03:11.895, 1, 76464
2026/10/03 09:03:11.895, 2, 88330
2026/10/03 09:03:11.895, 3, 69530
2026/10/03 09:03:11.895, 4, 118613
2026/10/03 09:03:11.895, 5, 118613
2026/10/03 09:03:11.895, 6, 118615
2026/10/03 09:03:11.895, 7, 118373
2026/10/03 09:03:12.895, 0, 97950
2026/10/03 09:03:12.896, 1, 76464
2026/10/03 09:03:12.896, 2, 88330
2026/10/03 09:03:12.896, 3, 69530
2026/10/03 09:03:12.896, 4, 118613
2026/10/03 09:03:12.896, 5, 118613
2026/10/03 09:03:12.896, 6, 118615
2026/10/03 09:03:12.896, 7, 118373
2026/10/03 09:03:13.896, 0, 97950
2026/10/03 09:03:13.896, 1, 76464
2026/10/03 09:03:13.896, 2, 88330
2026/10/03 09:03:13.896, 3, 69530
2026/10/03 09:03:13.896, 4, 118613
2026/10/03 09:03:13.896, 5, 118613
2026/10/03 09:03:13.896, 6, 118615
2026/10/03 09:03:13.896, 7, 118373
2026/10/03 09:03:14.896, 0, 97950
2026/10/03 09:03:14.897, 1, 76464
2026/10/03 09:03:14.897, 2, 88330
2026/10/03 09:03:14.897, 3, 69530
2026/10/03 09:03:14.897, 4, 118613
2026/10/03 09:03:14.897, 5, 118613
2026/10/03 09:03:14.897, 6, 118615
2026/10/03 09:03:14.897, 7, 118373
2026/10/03 09:03:15.897, 0, 97950
2026/10/03 09:03:15.897, 1, 76464
2026/10/03 09:03:15.897, 2, 88330
2026/10/03 09:03:15.897, 3, 69530
2026/10/03 09:03:15.897, 4, 118613
2026/10/03 09:03:15.897, 5, 118613
2026/10/03 09:03:15.897, 6, 118615
2026/10/03 09:03:15.897, 7, 118373
2026/10/03 09:03:16.897, 0, 97950
2026/10/03 09:03:16.897, 1, 76464
2026/10/03 09:03:16.897, 2, 88330
2026/10/03 09:03:16.897, 3, 69530
2026/10/03 09:03:16.897, 4, 118999
2026/10/03 09:03:16.897, 5, 118727
2026/10/03 09:03:16.897, 6, 118615
2026/10/03 09:03:16.897, 7, 118633
2026/10/03 09:03:17.897, 0, 97950
2026/10/03 09:03:17.898, 1, 76464
2026/10/03 09:03:17.899, 2, 88330
2026/10/03 09:03:17.904, 3, 69530
2026/10/03 09:03:17.906, 4, 118999
2026/10/03 09:03:17.908, 5, 118729
2026/10/03 09:03:17.910, 6, 119457
2026/10/03 09:03:17.913, 7, 118633
2026/10/03 09:03:18.918, 0, 97950
2026/10/03 09:03:18.918, 1, 76464
2026/10/03 09:03:18.918, 2, 88330
2026/10/03 09:03:18.918, 3, 69530
2026/10/03 09:03:18.918, 4, 119001
2026/10/03 09:03:18.918, 5, 118729
2026/10/03 09:03:18.918, 6, 119457
2026/10/03 09:03:18.918, 7, 118683
2026/10/03 09:03:19.918, 0, 97950
2026/10/03 09:03:19.918, 1, 76464
2026/10/03 09:03:19.918, 2, 88330
2026/10/03 09:03:19.918, 3, 69530
2026/10/03 09:03:19.918, 4, 119001
2026/10/03 09:03:19.918, 5, 119009
2026/10/03 09:03:19.918, 6, 119457
2026/10/03 09:03:19.919, 7, 118683
2026/10/03 09:03:20.919, 0, 97950
2026/10/03 09:03:20.919, 1, 76464
2026/10/03 09:03:20.919, 2, 88330
2026/10/03 09:03:20.919, 3, 69530
2026/10/03 09:03:20.919, 4, 119001
2026/10/03 09:03:20.919, 5, 119009
2026/10/03 09:03:20.919, 6, 119457
2026/10/03 09:03:20.919, 7, 118683
2026/10/03 09:03:21.919, 0, 97950
2026/10/03 09:03:21.919, 1, 76464
2026/10/03 09:03:21.919, 2, 88330
2026/10/03 09:03:21.919, 3, 69530
2026/10/03 09:03:21.919, 4, 119001
2026/10/03 09:03:21.919, 5, 119009
2026/10/03 09:03:21.919, 6, 119457
2026/10/03 09:03:21.919, 7, 118683
2026/10/03 09:03:22.919, 0, 97950
2026/10/03 09:03:22.919, 1, 76464
2026/10/03 09:03:22.919, 2, 88330
2026/10/03 09:03:22.919, 3, 69530
2026/10/03 09:03:22.919, 4, 119001
2026/10/03 09:03:22.919, 5, 119009
2026/10/03 09:03:22.919, 6, 119457
2026/10/03 09:03:22.919, 7, 118683
2026/10/03 09:03:23.919, 0, 97950
2026/10/03 09:03:23.919, 1, 76464
2026/10/03 09:03:23.919, 2, 88330
2026/10/03 09:03:23.919, 3, 69530
2026/10/03 09:03:23.919, 4, 119001
2026/10/03 09:03:23.919, 5, 119009
2026/10/03 09:03:23.920, 6, 119457
2026/10/03 09:03:23.920, 7, 118683
2026/10/03 09:03:24.920, 0, 97950
2026/10/03 09:03:24.920, 1, 76464
2026/10/03 09:03:24.920, 2, 88330
2026/10/03 09:03:24.920, 3, 69530
2026/10/03 09:03:24.920, 4, 119001
2026/10/03 09:03:24.920, 5, 119009
2026/10/03 09:03:24.920, 6, 119457
2026/10/03 09:03:24.920, 7, 118683
2026/10/03 09:03:25.920, 0, 97950
2026/10/03 09:03:25.920, 1, 76464
2026/10/03 09:03:25.920, 2, 88330
2026/10/03 09:03:25.920, 3, 69530
2026/10/03 09:03:25.920, 4, 119001
2026/10/03 09:03:25.920, 5, 119009
2026/10/03 09:03:25.920, 6, 119457
2026/10/03 09:03:25.920, 7, 118683
2026/10/03 09:03:26.920, 0, 97950
2026/10/03 09:03:26.920, 1, 76464
2026/10/03 09:03:26.920, 2, 88330
2026/10/03 09:03:26.920, 3, 69530
2026/10/03 09:03:26.920, 4, 119001
2026/10/03 09:03:26.920, 5, 119009
2026/10/03 09:03:26.920, 6, 119457
2026/10/03 09:03:26.920, 7, 118683
2026/10/03 09:03:27.920, 0, 97950
2026/10/03 09:03:27.920, 1, 76464
2026/10/03 09:03:27.920, 2, 88330
2026/10/03 09:03:27.920, 3, 69530
2026/10/03 09:03:27.921, 4, 119001
2026/10/03 09:03:27.921, 5, 119009
2026/10/03 09:03:27.921, 6, 119457
2026/10/03 09:03:27.921, 7, 118683
2026/10/03 09:03:28.921, 0, 97950
2026/10/03 09:03:28.921, 1, 76464
2026/10/03 09:03:28.921, 2, 88330
2026/10/03 09:03:28.921, 3, 69530
2026/10/03 09:03:28.921, 4, 119001
2026/10/03 09:03:28.921, 5, 119009
2026/10/03 09:03:28.921, 6, 119457
2026/10/03 09:03:28.921, 7, 118683
2026/10/03 09:03:29.921, 0, 97950
2026/10/03 09:03:29.921, 1, 76464
2026/10/03 09:03:29.921, 2, 88330
2026/10/03 09:03:29.921, 3, 69530
2026/10/03 09:03:29.921, 4, 119001
2026/10/03 09:03:29.921, 5, 119009
2026/10/03 09:03:29.921, 6, 119457
2026/10/03 09:03:29.922, 7, 118683
2026/10/03 09:03:30.922, 0, 97950
2026/10/03 09:03:30.922, 1, 76464
2026/10/03 09:03:30.922, 2, 88330
2026/10/03 09:03:30.922, 3, 69530
2026/10/03 09:03:30.922, 4, 119001
2026/10/03 09:03:30.922, 5, 119009
2026/10/03 09:03:30.922, 6, 119457
2026/10/03 09:03:30.922, 7, 118683
2026/10/03 09:03:31.922, 0, 97950
2026/10/03 09:03:31.922, 1, 76464
2026/10/03 09:03:31.922, 2, 88330
2026/10/03 09:03:31.922, 3, 69530
2026/10/03 09:03:31.922, 4, 119001
2026/10/03 09:03:31.922, 5, 119009
2026/10/03 09:03:31.922, 6, 119457
2026/10/03 09:03:31.922, 7, 118683
2026/10/03 09:03:32.922, 0, 97950
2026/10/03 09:03:32.922, 1, 76464
2026/10/03 09:03:32.923, 2, 88330
2026/10/03 09:03:32.923, 3, 69530
2026/10/03 09:03:32.923, 4, 118613
2026/10/03 09:03:32.923, 5, 118613
2026/10/03 09:03:32.923, 6, 118615
2026/10/03 09:03:32.923, 7, 118373
2026/10/03 09:03:33.923, 0, 97950
2026/10/03 09:03:33.923, 1, 76464
2026/10/03 09:03:33.923, 2, 88330
2026/10/03 09:03:33.923, 3, 69530
2026/10/03 09:03:33.923, 4, 118637
2026/10/03 09:03:33.923, 5, 118639
2026/10/03 09:03:33.923, 6, 118687
2026/10/03 09:03:33.923, 7, 118395
2026/10/03 09:03:34.923, 0, 97950
2026/10/03 09:03:34.923, 1, 76464
2026/10/03 09:03:34.923, 2, 88330
2026/10/03 09:03:34.923, 3, 69530
2026/10/03 09:03:34.923, 4, 118657
2026/10/03 09:03:34.923, 5, 118675
2026/10/03 09:03:34.923, 6, 118687
2026/10/03 09:03:34.923, 7, 118395
2026/10/03 09:03:35.923, 0, 97950
2026/10/03 09:03:35.923, 1, 76464
2026/10/03 09:03:35.923, 2, 88330
2026/10/03 09:03:35.923, 3, 69530
2026/10/03 09:03:35.923, 4, 118657
2026/10/03 09:03:35.923, 5, 118675
2026/10/03 09:03:35.923, 6, 118687
2026/10/03 09:03:35.923, 7, 118397
2026/10/03 09:03:36.923, 0, 97950
2026/10/03 09:03:36.924, 1, 76464
2026/10/03 09:03:36.924, 2, 88330
2026/10/03 09:03:36.924, 3, 69530
2026/10/03 09:03:36.924, 4, 118657
2026/10/03 09:03:36.924, 5, 118675
2026/10/03 09:03:36.924, 6, 118687
2026/10/03 09:03:36.924, 7, 118397
2026/10/03 09:03:37.924, 0, 97950
2026/10/03 09:03:37.924, 1, 76464
2026/10/03 09:03:37.924, 2, 88330
2026/10/03 09:03:37.924, 3, 69530
2026/10/03 09:03:37.924, 4, 118657
2026/10/03 09:03:37.924, 5, 118675
2026/10/03 09:03:37.924, 6, 118687
2026/10/03 09:03:37.924, 7, 118397
2026/10/03 09:03:38.924, 0, 97950
2026/10/03 09:03:38.924, 1, 76464
2026/10/03 09:03:38.924, 2, 88330
2026/10/03 09:03:38.924, 3, 69530
2026/10/03 09:03:38.924, 4, 118657
2026/10/03 09:03:38.924, 5, 118675
2026/10/03 09:03:38.924, 6, 118687
2026/10/03 09:03:38.924, 7, 118397
2026/10/03 09:03:39.924, 0, 97950
2026/10/03 09:03:39.924, 1, 76464
2026/10/03 09:03:39.924, 2, 88330
2026/10/03 09:03:39.924, 3, 69530
2026/10/03 09:03:39.924, 4, 118657
2026/10/03 09:03:39.924, 5, 118675
2026/10/03 09:03:39.924, 6, 118687
2026/10/03 09:03:39.924, 7, 118397
2026/10/03 09:03:40.925, 0, 97950
2026/10/03 09:03:40.925, 1, 76464
2026/10/03 09:03:40.925, 2, 88330
2026/10/03 09:03:40.925, 3, 69530
2026/10/03 09:03:40.925, 4, 118657
2026/10/03 09:03:40.925, 5, 118675
2026/10/03 09:03:40.925, 6, 118687
2026/10/03 09:03:40.925, 7, 118397
2026/10/03 09:03:41.925, 0, 97950
2026/10/03 09:03:41.926, 1, 76464
2026/10/03 09:03:41.926, 2, 88330
2026/10/03 09:03:41.926, 3, 69530
2026/10/03 09:03:41.926, 4, 118657
2026/10/03 09:03:41.926, 5, 118675
2026/10/03 09:03:41.926, 6, 118687
2026/10/03 09:03:41.926, 7, 118397
2026/10/03 09:03:42.926, 0, 97950
2026/10/03 09:03:42.938, 1, 76464
2026/10/03 09:03:42.938, 2, 88330
2026/10/03 09:03:42.938, 3, 69530
2026/10/03 09:03:42.938, 4, 118657
2026/10/03 09:03:42.938, 5, 118675
2026/10/03 09:03:42.938, 6, 118687
2026/10/03 09:03:42.938, 7, 118397
2026/10/03 09:03:43.938, 0, 97950
2026/10/03 09:03:43.940, 1, 76464
2026/10/03 09:03:43.941, 2, 88330
2026/10/03 09:03:43.941, 3, 69530
2026/10/03 09:03:43.943, 4, 118657
2026/10/03 09:03:43.943, 5, 118675
2026/10/03 09:03:43.946, 6, 118687
2026/10/03 09:03:43.947, 7, 118397
2026/10/03 09:03:44.948, 0, 97950
2026/10/03 09:03:44.948, 1, 76464
2026/10/03 09:03:44.948, 2, 88330
2026/10/03 09:03:44.948, 3, 69530
2026/10/03 09:03:44.948, 4, 118657
2026/10/03 09:03:44.948, 5, 118675
2026/10/03 09:03:44.948, 6, 118687
2026/10/03 09:03:44.948, 7, 118397
2026/10/03 09:03:45.949, 0, 97950
2026/10/03 09:03:45.949, 1, 76464
2026/10/03 09:03:45.949, 2, 88330
2026/10/03 09:03:45.949, 3, 69530
2026/10/03 09:03:45.949, 4, 118657
2026/10/03 09:03:45.949, 5, 118675
2026/10/03 09:03:45.949, 6, 118687
2026/10/03 09:03:45.949, 7, 118397
2026/10/03 09:03:46.949, 0, 97950
2026/10/03 09:03:46.949, 1, 76464
2026/10/03 09:03:46.949, 2, 88330
2026/10/03 09:03:46.949, 3, 69530
2026/10/03 09:03:46.949, 4, 118657
2026/10/03 09:03:46.949, 5, 118675
2026/10/03 09:03:46.949, 6, 118687
2026/10/03 09:03:46.949, 7, 118397
2026/10/03 09:03:47.949, 0, 97950
2026/10/03 09:03:47.950, 1, 76464
2026/10/03 09:03:47.950, 2, 88330
2026/10/03 09:03:47.951, 3, 69530
2026/10/03 09:03:47.951, 4, 118657
2026/10/03 09:03:47.953, 5, 118675
2026/10/03 09:03:47.953, 6, 119313
2026/10/03 09:03:47.953, 7, 118397
2026/10/03 09:03:48.954, 0, 97950
2026/10/03 09:03:48.954, 1, 76464
2026/10/03 09:03:48.954, 2, 88330
2026/10/03 09:03:48.954, 3, 69530
2026/10/03 09:03:48.954, 4, 118613
2026/10/03 09:03:48.954, 5, 118613
2026/10/03 09:03:48.954, 6, 118615
2026/10/03 09:03:48.954, 7, 118373
2026/10/03 09:03:49.954, 0, 97950
2026/10/03 09:03:49.955, 1, 76464
2026/10/03 09:03:49.955, 2, 88330
2026/10/03 09:03:49.955, 3, 69530
2026/10/03 09:03:49.955, 4, 118823
2026/10/03 09:03:49.955, 5, 118803
2026/10/03 09:03:49.955, 6, 118841
2026/10/03 09:03:49.955, 7, 118413
2026/10/03 09:03:50.955, 0, 97950
2026/10/03 09:03:50.955, 1, 76464
2026/10/03 09:03:50.955, 2, 88330
2026/10/03 09:03:50.955, 3, 69530
2026/10/03 09:03:50.955, 4, 118823
2026/10/03 09:03:50.955, 5, 119183
2026/10/03 09:03:50.955, 6, 118845
2026/10/03 09:03:50.955, 7, 118667
2026/10/03 09:03:51.955, 0, 97950
2026/10/03 09:03:51.955, 1, 76464
2026/10/03 09:03:51.955, 2, 88330
2026/10/03 09:03:51.955, 3, 69530
2026/10/03 09:03:51.955, 4, 118825
2026/10/03 09:03:51.955, 5, 120547
2026/10/03 09:03:51.955, 6, 118845
2026/10/03 09:03:51.955, 7, 118667
2026/10/03 09:03:52.955, 0, 97950
2026/10/03 09:03:52.955, 1, 76464
2026/10/03 09:03:52.955, 2, 88330
2026/10/03 09:03:52.955, 3, 69530
2026/10/03 09:03:52.955, 4, 118825
2026/10/03 09:03:52.955, 5, 120955
2026/10/03 09:03:52.955, 6, 118845
2026/10/03 09:03:52.955, 7, 118667
2026/10/03 09:03:53.955, 0, 97950
2026/10/03 09:03:53.956, 1, 76464
2026/10/03 09:03:53.956, 2, 88330
2026/10/03 09:03:53.956, 3, 69530
2026/10/03 09:03:53.956, 4, 118825
2026/10/03 09:03:53.956, 5, 120955
2026/10/03 09:03:53.956, 6, 118845
2026/10/03 09:03:53.956, 7, 118667
2026/10/03 09:03:54.956, 0, 97950
2026/10/03 09:03:54.956, 1, 76464
2026/10/03 09:03:54.956, 2, 88330
2026/10/03 09:03:54.956, 3, 69530
2026/10/03 09:03:54.956, 4, 118825
2026/10/03 09:03:54.956, 5, 120955
2026/10/03 09:03:54.956, 6, 118845
2026/10/03 09:03:54.956, 7, 118667
2026/10/03 09:03:55.956, 0, 97950
2026/10/03 09:03:55.956, 1, 76464
2026/10/03 09:03:55.956, 2, 88330
2026/10/03 09:03:55.956, 3, 69530
2026/10/03 09:03:55.956, 4, 118825
2026/10/03 09:03:55.956, 5, 120955
2026/10/03 09:03:55.956, 6, 118845
2026/10/03 09:03:55.956, 7, 118667
2026/10/03 09:03:56.956, 0, 97950
2026/10/03 09:03:56.956, 1, 76464
2026/10/03 09:03:56.956, 2, 88330
2026/10/03 09:03:56.956, 3, 69530
2026/10/03 09:03:56.956, 4, 118825
2026/10/03 09:03:56.956, 5, 120955
2026/10/03 09:03:56.956, 6, 118845
2026/10/03 09:03:56.956, 7, 118667
2026/10/03 09:03:57.957, 0, 97950
2026/10/03 09:03:57.957, 1, 76464
2026/10/03 09:03:57.957, 2, 88330
2026/10/03 09:03:57.957, 3, 69530
2026/10/03 09:03:57.957, 4, 118825
2026/10/03 09:03:57.957, 5, 120955
2026/10/03 09:03:57.957, 6, 118845
2026/10/03 09:03:57.957, 7, 118667
2026/10/03 09:03:58.957, 0, 97950
2026/10/03 09:03:58.957, 1, 76464
2026/10/03 09:03:58.957, 2, 88330
2026/10/03 09:03:58.957, 3, 69530
2026/10/03 09:03:58.957, 4, 118825
2026/10/03 09:03:58.957, 5, 120955
2026/10/03 09:03:58.957, 6, 118845
2026/10/03 09:03:58.957, 7, 118667
2026/10/03 09:03:59.957, 0, 97950
2026/10/03 09:03:59.957, 1, 76464
2026/10/03 09:03:59.957, 2, 88330
2026/10/03 09:03:59.957, 3, 69530
2026/10/03 09:03:59.957, 4, 118825
2026/10/03 09:03:59.957, 5, 120955
2026/10/03 09:03:59.957, 6, 118845
2026/10/03 09:03:59.957, 7, 118667
2026/10/03 09:04:00.957, 0, 97950
2026/10/03 09:04:00.957, 1, 76464
2026/10/03 09:04:00.957, 2, 88330
2026/10/03 09:04:00.957, 3, 69530
2026/10/03 09:04:00.957, 4, 118825
2026/10/03 09:04:00.957, 5, 120955
2026/10/03 09:04:00.957, 6, 118845
2026/10/03 09:04:00.958, 7, 118667
2026/10/03 09:04:01.958, 0, 97950
2026/10/03 09:04:01.958, 1, 76464
2026/10/03 09:04:01.958, 2, 88330
2026/10/03 09:04:01.958, 3, 69530
2026/10/03 09:04:01.958, 4, 118825
2026/10/03 09:04:01.958, 5, 120955
2026/10/03 09:04:01.958, 6, 118845
2026/10/03 09:04:01.958, 7, 118667
2026/10/03 09:04:02.958, 0, 97950
2026/10/03 09:04:02.958, 1, 76464
2026/10/03 09:04:02.958, 2, 88330
2026/10/03 09:04:02.958, 3, 69530
2026/10/03 09:04:02.958, 4, 118637
2026/10/03 09:04:02.958, 5, 118635
2026/10/03 09:04:02.958, 6, 118641
2026/10/03 09:04:02.958, 7, 118397
2026/10/03 09:04:03.958, 0, 97950
2026/10/03 09:04:03.959, 1, 76464
2026/10/03 09:04:03.959, 2, 88330
2026/10/03 09:04:03.959, 3, 69530
2026/10/03 09:04:03.959, 4, 118637
2026/10/03 09:04:03.959, 5, 118635
2026/10/03 09:04:03.959, 6, 118641
2026/10/03 09:04:03.959, 7, 118397
2026/10/03 09:04:04.959, 0, 97950
2026/10/03 09:04:04.959, 1, 76464
2026/10/03 09:04:04.960, 2, 88330
2026/10/03 09:04:04.960, 3, 69530
2026/10/03 09:04:04.960, 4, 118637
2026/10/03 09:04:04.960, 5, 118635
2026/10/03 09:04:04.960, 6, 118641
2026/10/03 09:04:04.960, 7, 118397
2026/10/03 09:04:05.960, 0, 97950
2026/10/03 09:04:05.960, 1, 76464
2026/10/03 09:04:05.960, 2, 88330
2026/10/03 09:04:05.960, 3, 69530
2026/10/03 09:04:05.960, 4, 118637
2026/10/03 09:04:05.960, 5, 118635
2026/10/03 09:04:05.960, 6, 118641
2026/10/03 09:04:05.960, 7, 118397
2026/10/03 09:04:06.960, 0, 97950
2026/10/03 09:04:06.961, 1, 76464
2026/10/03 09:04:06.961, 2, 88330
2026/10/03 09:04:06.961, 3, 69530
2026/10/03 09:04:06.961, 4, 118637
2026/10/03 09:04:06.961, 5, 118635
2026/10/03 09:04:06.961, 6, 118641
2026/10/03 09:04:06.961, 7, 118397
2026/10/03 09:04:07.961, 0, 97950
2026/10/03 09:04:07.961, 1, 76464
2026/10/03 09:04:07.961, 2, 88330
2026/10/03 09:04:07.961, 3, 69530
2026/10/03 09:04:07.961, 4, 118637
2026/10/03 09:04:07.961, 5, 118635
2026/10/03 09:04:07.961, 6, 118641
2026/10/03 09:04:07.961, 7, 118397
2026/10/03 09:04:08.961, 0, 97950
2026/10/03 09:04:08.962, 1, 76464
2026/10/03 09:04:08.962, 2, 88330
2026/10/03 09:04:08.962, 3, 69530
2026/10/03 09:04:08.962, 4, 118637
2026/10/03 09:04:08.962, 5, 118635
2026/10/03 09:04:08.962, 6, 118641
2026/10/03 09:04:08.962, 7, 118397
2026/10/03 09:04:09.962, 0, 97950
2026/10/03 09:04:09.962, 1, 76464
2026/10/03 09:04:09.962, 2, 88330
2026/10/03 09:04:09.962, 3, 69530
2026/10/03 09:04:09.962, 4, 118637
2026/10/03 09:04:09.962, 5, 118635
2026/10/03 09:04:09.962, 6, 118641
2026/10/03 09:04:09.962, 7, 118397
2026/10/03 09:04:10.962, 0, 97950
2026/10/03 09:04:10.963, 1, 76464
2026/10/03 09:04:10.963, 2, 88330
2026/10/03 09:04:10.963, 3, 69530
2026/10/03 09:04:10.963, 4, 118637
2026/10/03 09:04:10.963, 5, 118635
2026/10/03 09:04:10.963, 6, 118713
2026/10/03 09:04:10.963, 7, 118397
2026/10/03 09:04:11.963, 0, 97950
2026/10/03 09:04:11.963, 1, 76464
2026/10/03 09:04:11.963, 2, 88330
2026/10/03 09:04:11.964, 3, 69530
2026/10/03 09:04:11.964, 4, 118637
2026/10/03 09:04:11.964, 5, 118637
2026/10/03 09:04:11.964, 6, 118843
2026/10/03 09:04:11.964, 7, 118397
2026/10/03 09:04:12.964, 0, 97950
2026/10/03 09:04:12.965, 1, 76464
2026/10/03 09:04:12.965, 2, 88330
2026/10/03 09:04:12.965, 3, 69530
2026/10/03 09:04:12.965, 4, 118637
2026/10/03 09:04:12.965, 5, 118637
2026/10/03 09:04:12.965, 6, 118843
2026/10/03 09:04:12.965, 7, 118397
2026/10/03 09:04:13.965, 0, 97950
2026/10/03 09:04:13.965, 1, 76464
2026/10/03 09:04:13.965, 2, 88330
2026/10/03 09:04:13.965, 3, 69530
2026/10/03 09:04:13.965, 4, 118637
2026/10/03 09:04:13.965, 5, 118637
2026/10/03 09:04:13.965, 6, 118843
2026/10/03 09:04:13.965, 7, 118397
2026/10/03 09:04:14.965, 0, 97950
2026/10/03 09:04:14.965, 1, 76464
2026/10/03 09:04:14.965, 2, 88330
2026/10/03 09:04:14.965, 3, 69530
2026/10/03 09:04:14.965, 4, 118637
2026/10/03 09:04:14.965, 5, 118637
2026/10/03 09:04:14.965, 6, 118843
2026/10/03 09:04:14.965, 7, 118397
2026/10/03 09:04:15.965, 0, 97950
2026/10/03 09:04:15.965, 1, 76464
2026/10/03 09:04:15.965, 2, 88330
2026/10/03 09:04:15.966, 3, 69530
2026/10/03 09:04:15.966, 4, 118637
2026/10/03 09:04:15.966, 5, 118637
2026/10/03 09:04:15.966, 6, 118843
2026/10/03 09:04:15.966, 7, 118397
2026/10/03 09:04:16.966, 0, 97950
2026/10/03 09:04:16.966, 1, 76464
2026/10/03 09:04:16.966, 2, 88330
2026/10/03 09:04:16.966, 3, 69530
2026/10/03 09:04:16.966, 4, 118613
2026/10/03 09:04:16.967, 5, 118613
2026/10/03 09:04:16.967, 6, 118615
2026/10/03 09:04:16.967, 7, 118373
2026/10/03 09:04:17.968, 0, 97950
2026/10/03 09:04:17.969, 1, 76464
2026/10/03 09:04:17.973, 2, 88330
2026/10/03 09:04:17.974, 3, 69530
2026/10/03 09:04:17.975, 4, 118613
2026/10/03 09:04:17.976, 5, 118613
2026/10/03 09:04:17.978, 6, 118615
2026/10/03 09:04:17.980, 7, 118373
2026/10/03 09:04:18.981, 0, 97950
2026/10/03 09:04:18.981, 1, 76464
2026/10/03 09:04:18.981, 2, 88330
2026/10/03 09:04:18.981, 3, 69530
2026/10/03 09:04:18.981, 4, 118613
2026/10/03 09:04:18.981, 5, 118613
2026/10/03 09:04:18.981, 6, 118615
2026/10/03 09:04:18.981, 7, 118373
2026/10/03 09:04:19.981, 0, 97950
2026/10/03 09:04:19.981, 1, 76464
2026/10/03 09:04:19.982, 2, 88330
2026/10/03 09:04:19.982, 3, 69530
2026/10/03 09:04:19.982, 4, 118613
2026/10/03 09:04:19.982, 5, 118613
2026/10/03 09:04:19.982, 6, 118615
2026/10/03 09:04:19.982, 7, 118373
2026/10/03 09:04:20.982, 0, 97950
2026/10/03 09:04:20.983, 1, 76464
2026/10/03 09:04:20.983, 2, 88330
2026/10/03 09:04:20.983, 3, 69530
2026/10/03 09:04:20.983, 4, 118613
2026/10/03 09:04:20.983, 5, 118613
2026/10/03 09:04:20.983, 6, 118615
2026/10/03 09:04:20.983, 7, 118373
2026/10/03 09:04:21.983, 0, 97950
2026/10/03 09:04:21.983, 1, 76464
2026/10/03 09:04:21.983, 2, 88330
2026/10/03 09:04:21.983, 3, 69530
2026/10/03 09:04:21.983, 4, 119041
2026/10/03 09:04:21.983, 5, 118963
2026/10/03 09:04:21.983, 6, 118639
2026/10/03 09:04:21.983, 7, 118673
2026/10/03 09:04:22.983, 0, 97950
2026/10/03 09:04:22.983, 1, 76464
2026/10/03 09:04:22.983, 2, 88330
2026/10/03 09:04:22.983, 3, 69530
2026/10/03 09:04:22.983, 4, 119041
2026/10/03 09:04:22.983, 5, 118963
2026/10/03 09:04:22.983, 6, 118895
2026/10/03 09:04:22.983, 7, 118673
2026/10/03 09:04:23.983, 0, 97950
2026/10/03 09:04:23.983, 1, 76464
2026/10/03 09:04:23.983, 2, 88330
2026/10/03 09:04:23.983, 3, 69530
2026/10/03 09:04:23.983, 4, 119043
2026/10/03 09:04:23.983, 5, 118963
2026/10/03 09:04:23.983, 6, 119291
2026/10/03 09:04:23.983, 7, 118673
2026/10/03 09:04:24.983, 0, 97950
2026/10/03 09:04:24.984, 1, 76464
2026/10/03 09:04:24.984, 2, 88330
2026/10/03 09:04:24.984, 3, 69530
2026/10/03 09:04:24.984, 4, 119045
2026/10/03 09:04:24.984, 5, 118963
2026/10/03 09:04:24.984, 6, 119381
2026/10/03 09:04:24.984, 7, 118673
2026/10/03 09:04:25.984, 0, 97950
2026/10/03 09:04:25.986, 1, 76464
2026/10/03 09:04:25.989, 2, 88330
2026/10/03 09:04:25.991, 3, 69530
2026/10/03 09:04:25.993, 4, 119045
2026/10/03 09:04:25.993, 5, 118963
2026/10/03 09:04:25.993, 6, 119381
2026/10/03 09:04:25.993, 7, 118673
2026/10/03 09:04:26.993, 0, 97950
2026/10/03 09:04:26.993, 1, 76464
2026/10/03 09:04:26.993, 2, 88330
2026/10/03 09:04:26.993, 3, 69530
2026/10/03 09:04:26.993, 4, 119045
2026/10/03 09:04:26.993, 5, 118963
2026/10/03 09:04:26.993, 6, 119381
2026/10/03 09:04:26.993, 7, 118789
2026/10/03 09:04:27.993, 0, 97950
2026/10/03 09:04:27.993, 1, 76464
2026/10/03 09:04:27.993, 2, 88330
2026/10/03 09:04:27.993, 3, 69530
2026/10/03 09:04:27.993, 4, 119045
2026/10/03 09:04:27.993, 5, 118963
2026/10/03 09:04:27.994, 6, 119381
2026/10/03 09:04:27.994, 7, 118789
2026/10/03 09:04:28.994, 0, 97950
2026/10/03 09:04:28.994, 1, 76464
2026/10/03 09:04:28.994, 2, 88330
2026/10/03 09:04:28.994, 3, 69530
2026/10/03 09:04:28.994, 4, 119045
2026/10/03 09:04:28.994, 5, 118963
2026/10/03 09:04:28.994, 6, 119381
2026/10/03 09:04:28.994, 7, 118789
2026/10/03 09:04:29.994, 0, 97950
2026/10/03 09:04:29.994, 1, 76464
2026/10/03 09:04:29.994, 2, 88330
2026/10/03 09:04:29.994, 3, 69530
2026/10/03 09:04:29.994, 4, 119045
2026/10/03 09:04:29.994, 5, 118963
2026/10/03 09:04:29.994, 6, 119381
2026/10/03 09:04:29.994, 7, 118789
2026/10/03 09:04:30.994, 0, 97950
2026/10/03 09:04:30.994, 1, 76464
2026/10/03 09:04:30.994, 2, 88330
2026/10/03 09:04:30.994, 3, 69530
2026/10/03 09:04:30.994, 4, 119045
2026/10/03 09:04:30.994, 5, 118963
2026/10/03 09:04:30.994, 6, 119381
2026/10/03 09:04:30.994, 7, 118789
2026/10/03 09:04:31.995, 0, 97950
2026/10/03 09:04:31.995, 1, 76464
2026/10/03 09:04:31.995, 2, 88330
2026/10/03 09:04:31.995, 3, 69530
2026/10/03 09:04:31.995, 4, 119045
2026/10/03 09:04:31.995, 5, 118963
2026/10/03 09:04:31.995, 6, 119381
2026/10/03 09:04:31.995, 7, 118789
2026/10/03 09:04:32.995, 0, 97950
2026/10/03 09:04:32.995, 1, 76464
2026/10/03 09:04:32.995, 2, 88330
2026/10/03 09:04:32.995, 3, 69530
2026/10/03 09:04:32.995, 4, 119045
2026/10/03 09:04:32.995, 5, 118963
2026/10/03 09:04:32.995, 6, 119381
2026/10/03 09:04:32.995, 7, 118789
2026/10/03 09:04:33.995, 0, 97950
2026/10/03 09:04:33.995, 1, 76464
2026/10/03 09:04:33.995, 2, 88330
2026/10/03 09:04:33.995, 3, 69530
2026/10/03 09:04:33.995, 4, 119045
2026/10/03 09:04:33.995, 5, 118963
2026/10/03 09:04:33.995, 6, 119381
2026/10/03 09:04:33.995, 7, 118789
2026/10/03 09:04:34.995, 0, 97950
2026/10/03 09:04:34.996, 1, 76464
2026/10/03 09:04:34.996, 2, 88330
2026/10/03 09:04:34.996, 3, 69530
2026/10/03 09:04:34.996, 4, 118637
2026/10/03 09:04:34.996, 5, 118635
2026/10/03 09:04:34.996, 6, 118641
2026/10/03 09:04:34.996, 7, 118397
2026/10/03 09:04:35.996, 0, 97950
2026/10/03 09:04:35.996, 1, 76464
2026/10/03 09:04:35.996, 2, 88330
2026/10/03 09:04:35.996, 3, 69530
2026/10/03 09:04:35.996, 4, 118637
2026/10/03 09:04:35.996, 5, 118635
2026/10/03 09:04:35.996, 6, 118641
2026/10/03 09:04:35.996, 7, 118397
2026/10/03 09:04:36.996, 0, 97950
2026/10/03 09:04:36.996, 1, 76464
2026/10/03 09:04:36.996, 2, 88330
2026/10/03 09:04:36.996, 3, 69530
2026/10/03 09:04:36.996, 4, 118637
2026/10/03 09:04:36.996, 5, 118635
2026/10/03 09:04:36.996, 6, 118641
2026/10/03 09:04:36.997, 7, 118397
2026/10/03 09:04:37.997, 0, 97950
2026/10/03 09:04:37.997, 1, 76464
2026/10/03 09:04:37.997, 2, 88330
2026/10/03 09:04:37.997, 3, 69530
2026/10/03 09:04:37.997, 4, 118637
2026/10/03 09:04:37.997, 5, 118637
2026/10/03 09:04:37.997, 6, 118641
2026/10/03 09:04:37.997, 7, 118397
2026/10/03 09:04:38.997, 0, 97950
2026/10/03 09:04:38.997, 1, 76464
2026/10/03 09:04:38.997, 2, 88330
2026/10/03 09:04:38.997, 3, 69530
2026/10/03 09:04:38.997, 4, 118637
2026/10/03 09:04:38.997, 5, 118637
2026/10/03 09:04:38.997, 6, 118641
2026/10/03 09:04:38.997, 7, 118397
2026/10/03 09:04:39.997, 0, 97950
2026/10/03 09:04:39.997, 1, 76464
2026/10/03 09:04:39.997, 2, 88330
2026/10/03 09:04:39.997, 3, 69530
2026/10/03 09:04:39.997, 4, 118639
2026/10/03 09:04:39.997, 5, 118637
2026/10/03 09:04:39.997, 6, 118641
2026/10/03 09:04:39.997, 7, 118397
2026/10/03 09:04:40.998, 0, 97950
2026/10/03 09:04:40.998, 1, 76464
2026/10/03 09:04:40.998, 2, 88330
2026/10/03 09:04:40.998, 3, 69530
2026/10/03 09:04:40.998, 4, 118639
2026/10/03 09:04:40.998, 5, 118637
2026/10/03 09:04:40.998, 6, 118641
2026/10/03 09:04:40.998, 7, 118397
2026/10/03 09:04:41.998, 0, 97950
2026/10/03 09:04:41.998, 1, 76464
2026/10/03 09:04:41.998, 2, 88330
2026/10/03 09:04:41.998, 3, 69530
2026/10/03 09:04:41.998, 4, 118639
2026/10/03 09:04:41.998, 5, 118637
2026/10/03 09:04:41.998, 6, 118641
2026/10/03 09:04:41.998, 7, 118397
2026/10/03 09:04:42.998, 0, 97950
2026/10/03 09:04:42.998, 1, 76464
2026/10/03 09:04:42.999, 2, 88330
2026/10/03 09:04:42.999, 3, 69530
2026/10/03 09:04:42.999, 4, 118639
2026/10/03 09:04:42.999, 5, 118637
2026/10/03 09:04:42.999, 6, 118641
2026/10/03 09:04:42.999, 7, 118397
2026/10/03 09:04:43.999, 0, 97950
2026/10/03 09:04:43.999, 1, 76464
2026/10/03 09:04:43.999, 2, 88330
2026/10/03 09:04:43.999, 3, 69530
2026/10/03 09:04:43.999, 4, 118639
2026/10/03 09:04:43.999, 5, 118637
2026/10/03 09:04:43.999, 6, 118641
2026/10/03 09:04:43.999, 7, 118397
2026/10/03 09:04:44.999, 0, 97950
2026/10/03 09:04:44.999, 1, 76464
2026/10/03 09:04:44.999, 2, 88330
2026/10/03 09:04:44.999, 3, 69530
2026/10/03 09:04:44.999, 4, 118639
2026/10/03 09:04:44.999, 5, 118637
2026/10/03 09:04:44.999, 6, 118641
2026/10/03 09:04:44.999, 7, 118397
2026/10/03 09:04:45.999, 0, 97950
2026/10/03 09:04:45.999, 1, 76464
2026/10/03 09:04:45.999, 2, 88330
2026/10/03 09:04:46.000, 3, 69530
2026/10/03 09:04:46.000, 4, 118639
2026/10/03 09:04:46.000, 5, 118709
2026/10/03 09:04:46.000, 6, 118773
2026/10/03 09:04:46.000, 7, 118397
2026/10/03 09:04:47.000, 0, 97950
2026/10/03 09:04:47.000, 1, 76464
2026/10/03 09:04:47.000, 2, 88330
2026/10/03 09:04:47.000, 3, 69530
2026/10/03 09:04:47.000, 4, 118639
2026/10/03 09:04:47.000, 5, 118709
2026/10/03 09:04:47.000, 6, 118773
2026/10/03 09:04:47.000, 7, 118397
2026/10/03 09:04:48.000, 0, 97950
2026/10/03 09:04:48.001, 1, 76464
2026/10/03 09:04:48.001, 2, 88330
2026/10/03 09:04:48.002, 3, 69530
2026/10/03 09:04:48.004, 4, 118639
2026/10/03 09:04:48.005, 5, 118709
2026/10/03 09:04:48.007, 6, 118773
2026/10/03 09:04:48.009, 7, 118397
2026/10/03 09:04:49.010, 0, 97950
2026/10/03 09:04:49.010, 1, 76464
2026/10/03 09:04:49.010, 2, 88330
2026/10/03 09:04:49.010, 3, 69530
2026/10/03 09:04:49.010, 4, 118615
2026/10/03 09:04:49.010, 5, 118613
2026/10/03 09:04:49.010, 6, 118615
2026/10/03 09:04:49.011, 7, 118373
2026/10/03 09:04:50.011, 0, 97950
2026/10/03 09:04:50.011, 1, 76464
2026/10/03 09:04:50.011, 2, 88330
2026/10/03 09:04:50.011, 3, 69530
2026/10/03 09:04:50.011, 4, 118891
2026/10/03 09:04:50.011, 5, 118637
2026/10/03 09:04:50.011, 6, 118639
2026/10/03 09:04:50.011, 7, 118547
2026/10/03 09:04:51.011, 0, 97950
2026/10/03 09:04:51.011, 1, 76464
2026/10/03 09:04:51.011, 2, 88330
2026/10/03 09:04:51.011, 3, 69530
2026/10/03 09:04:51.011, 4, 118891
2026/10/03 09:04:51.011, 5, 118637
2026/10/03 09:04:51.011, 6, 118639
2026/10/03 09:04:51.011, 7, 118547
2026/10/03 09:04:52.011, 0, 97950
2026/10/03 09:04:52.011, 1, 76464
2026/10/03 09:04:52.011, 2, 88330
2026/10/03 09:04:52.011, 3, 69530
2026/10/03 09:04:52.011, 4, 118891
2026/10/03 09:04:52.011, 5, 118637
2026/10/03 09:04:52.011, 6, 118639
2026/10/03 09:04:52.011, 7, 118547
2026/10/03 09:04:53.011, 0, 97950
2026/10/03 09:04:53.011, 1, 76464
2026/10/03 09:04:53.011, 2, 88330
2026/10/03 09:04:53.011, 3, 69530
2026/10/03 09:04:53.011, 4, 118891
2026/10/03 09:04:53.011, 5, 118637
2026/10/03 09:04:53.012, 6, 118639
2026/10/03 09:04:53.012, 7, 118547
2026/10/03 09:04:54.012, 0, 97950
2026/10/03 09:04:54.012, 1, 76464
2026/10/03 09:04:54.012, 2, 88330
2026/10/03 09:04:54.012, 3, 69530
2026/10/03 09:04:54.012, 4, 118891
2026/10/03 09:04:54.012, 5, 118637
2026/10/03 09:04:54.012, 6, 118639
2026/10/03 09:04:54.012, 7, 118547
2026/10/03 09:04:55.012, 0, 97950
2026/10/03 09:04:55.012, 1, 76464
2026/10/03 09:04:55.012, 2, 88330
2026/10/03 09:04:55.012, 3, 69530
2026/10/03 09:04:55.012, 4, 118891
2026/10/03 09:04:55.012, 5, 118637
2026/10/03 09:04:55.012, 6, 118639
2026/10/03 09:04:55.012, 7, 118547
2026/10/03 09:04:56.012, 0, 97950
2026/10/03 09:04:56.012, 1, 76464
2026/10/03 09:04:56.012, 2, 88330
2026/10/03 09:04:56.012, 3, 69530
2026/10/03 09:04:56.012, 4, 118891
2026/10/03 09:04:56.012, 5, 118637
2026/10/03 09:04:56.012, 6, 118967
2026/10/03 09:04:56.012, 7, 118547
2026/10/03 09:04:57.012, 0, 97950
2026/10/03 09:04:57.012, 1, 76464
2026/10/03 09:04:57.013, 2, 88330
2026/10/03 09:04:57.013, 3, 69530
2026/10/03 09:04:57.013, 4, 119029
2026/10/03 09:04:57.013, 5, 118637
2026/10/03 09:04:57.013, 6, 118967
2026/10/03 09:04:57.013, 7, 118547
2026/10/03 09:04:58.013, 0, 97950
2026/10/03 09:04:58.013, 1, 76464
2026/10/03 09:04:58.013, 2, 88330
2026/10/03 09:04:58.013, 3, 69530
2026/10/03 09:04:58.013, 4, 119029
2026/10/03 09:04:58.013, 5, 118637
2026/10/03 09:04:58.013, 6, 118967
2026/10/03 09:04:58.013, 7, 118547
2026/10/03 09:04:59.013, 0, 97950
2026/10/03 09:04:59.013, 1, 76464
2026/10/03 09:04:59.013, 2, 88330
2026/10/03 09:04:59.013, 3, 69530
2026/10/03 09:04:59.013, 4, 119029
2026/10/03 09:04:59.013, 5, 118637
2026/10/03 09:04:59.013, 6, 118967
2026/10/03 09:04:59.013, 7, 118651
2026/10/03 09:05:00.013, 0, 97950
2026/10/03 09:05:00.013, 1, 76464
2026/10/03 09:05:00.013, 2, 88330
2026/10/03 09:05:00.013, 3, 69530
2026/10/03 09:05:00.013, 4, 119029
2026/10/03 09:05:00.013, 5, 118687
2026/10/03 09:05:00.013, 6, 118967
2026/10/03 09:05:00.013, 7, 118651
2026/10/03 09:05:01.013, 0, 97950
2026/10/03 09:05:01.014, 1, 76464
2026/10/03 09:05:01.014, 2, 88330
2026/10/03 09:05:01.014, 3, 69530
2026/10/03 09:05:01.014, 4, 119029
2026/10/03 09:05:01.014, 5, 118823
2026/10/03 09:05:01.014, 6, 118967
2026/10/03 09:05:01.014, 7, 118651
2026/10/03 09:05:02.014, 0, 97950
2026/10/03 09:05:02.014, 1, 76464
2026/10/03 09:05:02.014, 2, 88330
2026/10/03 09:05:02.014, 3, 69530
2026/10/03 09:05:02.014, 4, 119253
2026/10/03 09:05:02.014, 5, 119259
2026/10/03 09:05:02.014, 6, 119233
2026/10/03 09:05:02.014, 7, 118991
2026/10/03 09:05:03.015, 0, 97950
2026/10/03 09:05:03.015, 1, 76464
2026/10/03 09:05:03.015, 2, 88330
2026/10/03 09:05:03.015, 3, 69530
2026/10/03 09:05:03.015, 4, 118637
2026/10/03 09:05:03.015, 5, 118637
2026/10/03 09:05:03.015, 6, 118639
2026/10/03 09:05:03.015, 7, 118397
2026/10/03 09:05:04.015, 0, 97950
2026/10/03 09:05:04.015, 1, 76464
2026/10/03 09:05:04.015, 2, 88330
2026/10/03 09:05:04.015, 3, 69530
2026/10/03 09:05:04.015, 4, 118637
2026/10/03 09:05:04.015, 5, 118637
2026/10/03 09:05:04.015, 6, 118679
2026/10/03 09:05:04.015, 7, 118397
2026/10/03 09:05:05.015, 0, 97950
2026/10/03 09:05:05.015, 1, 76464
2026/10/03 09:05:05.015, 2, 88330
2026/10/03 09:05:05.015, 3, 69530
2026/10/03 09:05:05.015, 4, 118637
2026/10/03 09:05:05.015, 5, 119135
2026/10/03 09:05:05.015, 6, 118679
2026/10/03 09:05:05.015, 7, 118397
2026/10/03 09:05:06.015, 0, 97950
2026/10/03 09:05:06.015, 1, 76464
2026/10/03 09:05:06.016, 2, 88330
2026/10/03 09:05:06.016, 3, 69530
2026/10/03 09:05:06.016, 4, 118637
2026/10/03 09:05:06.016, 5, 119277
2026/10/03 09:05:06.016, 6, 118679
2026/10/03 09:05:06.016, 7, 118397
2026/10/03 09:05:07.016, 0, 97950
2026/10/03 09:05:07.016, 1, 76464
2026/10/03 09:05:07.016, 2, 88330
2026/10/03 09:05:07.016, 3, 69530
2026/10/03 09:05:07.016, 4, 118639
2026/10/03 09:05:07.016, 5, 119277
2026/10/03 09:05:07.016, 6, 118679
2026/10/03 09:05:07.016, 7, 118397
2026/10/03 09:05:08.016, 0, 97950
2026/10/03 09:05:08.016, 1, 76464
2026/10/03 09:05:08.016, 2, 88330
2026/10/03 09:05:08.016, 3, 69530
2026/10/03 09:05:08.016, 4, 118639
2026/10/03 09:05:08.016, 5, 119277
2026/10/03 09:05:08.016, 6, 118679
2026/10/03 09:05:08.016, 7, 118397
2026/10/03 09:05:09.016, 0, 97950
2026/10/03 09:05:09.016, 1, 76464
2026/10/03 09:05:09.016, 2, 88330
2026/10/03 09:05:09.016, 3, 69530
2026/10/03 09:05:09.016, 4, 118639
2026/10/03 09:05:09.016, 5, 119277
2026/10/03 09:05:09.016, 6, 118679
2026/10/03 09:05:09.016, 7, 118397
2026/10/03 09:05:10.016, 0, 97950
2026/10/03 09:05:10.017, 1, 76464
2026/10/03 09:05:10.017, 2, 88330
2026/10/03 09:05:10.017, 3, 69530
2026/10/03 09:05:10.017, 4, 118639
2026/10/03 09:05:10.017, 5, 119277
2026/10/03 09:05:10.017, 6, 118679
2026/10/03 09:05:10.017, 7, 118397
2026/10/03 09:05:11.017, 0, 97950
2026/10/03 09:05:11.017, 1, 76464
2026/10/03 09:05:11.017, 2, 88330
2026/10/03 09:05:11.017, 3, 69530
2026/10/03 09:05:11.017, 4, 118639
2026/10/03 09:05:11.017, 5, 119277
2026/10/03 09:05:11.017, 6, 118679
2026/10/03 09:05:11.017, 7, 118397
2026/10/03 09:05:12.017, 0, 97950
2026/10/03 09:05:12.017, 1, 76464
2026/10/03 09:05:12.017, 2, 88330
2026/10/03 09:05:12.017, 3, 69530
2026/10/03 09:05:12.017, 4, 118639
2026/10/03 09:05:12.017, 5, 119277
2026/10/03 09:05:12.017, 6, 118679
2026/10/03 09:05:12.017, 7, 118397
2026/10/03 09:05:13.017, 0, 97950
2026/10/03 09:05:13.018, 1, 76464
2026/10/03 09:05:13.018, 2, 88330
2026/10/03 09:05:13.018, 3, 69530
2026/10/03 09:05:13.018, 4, 118639
2026/10/03 09:05:13.018, 5, 119277
2026/10/03 09:05:13.018, 6, 118679
2026/10/03 09:05:13.018, 7, 118417
2026/10/03 09:05:14.018, 0, 97950
2026/10/03 09:05:14.018, 1, 76464
2026/10/03 09:05:14.018, 2, 88330
2026/10/03 09:05:14.018, 3, 69530
2026/10/03 09:05:14.018, 4, 118639
2026/10/03 09:05:14.018, 5, 119277
2026/10/03 09:05:14.018, 6, 118679
2026/10/03 09:05:14.018, 7, 118439
2026/10/03 09:05:15.018, 0, 97950
2026/10/03 09:05:15.018, 1, 76464
2026/10/03 09:05:15.018, 2, 88330
2026/10/03 09:05:15.018, 3, 69530
2026/10/03 09:05:15.018, 4, 118639
2026/10/03 09:05:15.018, 5, 119277
2026/10/03 09:05:15.018, 6, 118679
2026/10/03 09:05:15.018, 7, 118491
2026/10/03 09:05:16.018, 0, 97950
2026/10/03 09:05:16.019, 1, 76464
2026/10/03 09:05:16.019, 2, 88330
2026/10/03 09:05:16.019, 3, 69530
2026/10/03 09:05:16.019, 4, 118639
2026/10/03 09:05:16.019, 5, 119277
2026/10/03 09:05:16.019, 6, 118709
2026/10/03 09:05:16.019, 7, 118491
2026/10/03 09:05:17.019, 0, 97950
2026/10/03 09:05:17.019, 1, 76464
2026/10/03 09:05:17.019, 2, 88330
2026/10/03 09:05:17.019, 3, 69530
2026/10/03 09:05:17.019, 4, 118639
2026/10/03 09:05:17.019, 5, 119277
2026/10/03 09:05:17.019, 6, 118709
2026/10/03 09:05:17.019, 7, 118491
2026/10/03 09:05:18.019, 0, 97950
2026/10/03 09:05:18.021, 1, 76464
2026/10/03 09:05:18.022, 2, 88330
2026/10/03 09:05:18.022, 3, 69530
2026/10/03 09:05:18.022, 4, 118659
2026/10/03 09:05:18.022, 5, 119277
2026/10/03 09:05:18.023, 6, 118709
2026/10/03 09:05:18.023, 7, 118491
2026/10/03 09:05:19.023, 0, 97950
2026/10/03 09:05:19.023, 1, 76464
2026/10/03 09:05:19.023, 2, 88330
2026/10/03 09:05:19.023, 3, 69530
2026/10/03 09:05:19.023, 4, 118615
2026/10/03 09:05:19.023, 5, 118613
2026/10/03 09:05:19.023, 6, 118615
2026/10/03 09:05:19.023, 7, 118373
2026/10/03 09:05:20.023, 0, 97950
2026/10/03 09:05:20.023, 1, 76464
2026/10/03 09:05:20.023, 2, 88330
2026/10/03 09:05:20.023, 3, 69530
2026/10/03 09:05:20.023, 4, 118773
2026/10/03 09:05:20.023, 5, 118635
2026/10/03 09:05:20.023, 6, 118639
2026/10/03 09:05:20.023, 7, 118397
2026/10/03 09:05:21.023, 0, 97950
2026/10/03 09:05:21.023, 1, 76464
2026/10/03 09:05:21.023, 2, 88330
2026/10/03 09:05:21.023, 3, 69530
2026/10/03 09:05:21.023, 4, 118773
2026/10/03 09:05:21.023, 5, 118635
2026/10/03 09:05:21.023, 6, 118639
2026/10/03 09:05:21.023, 7, 118397
2026/10/03 09:05:22.024, 0, 97950
2026/10/03 09:05:22.024, 1, 76464
2026/10/03 09:05:22.024, 2, 88330
2026/10/03 09:05:22.024, 3, 69530
2026/10/03 09:05:22.024, 4, 118773
2026/10/03 09:05:22.024, 5, 118635
2026/10/03 09:05:22.024, 6, 118639
2026/10/03 09:05:22.024, 7, 118397
2026/10/03 09:05:23.024, 0, 97950
2026/10/03 09:05:23.024, 1, 76464
2026/10/03 09:05:23.024, 2, 88330
2026/10/03 09:05:23.024, 3, 69530
2026/10/03 09:05:23.024, 4, 118773
2026/10/03 09:05:23.024, 5, 118635
2026/10/03 09:05:23.024, 6, 118639
2026/10/03 09:05:23.024, 7, 118397
2026/10/03 09:05:24.024, 0, 97950
2026/10/03 09:05:24.024, 1, 76464
2026/10/03 09:05:24.024, 2, 88330
2026/10/03 09:05:24.024, 3, 69530
2026/10/03 09:05:24.024, 4, 118773
2026/10/03 09:05:24.024, 5, 118635
2026/10/03 09:05:24.024, 6, 118639
2026/10/03 09:05:24.024, 7, 118397
2026/10/03 09:05:25.024, 0, 97950
2026/10/03 09:05:25.024, 1, 76464
2026/10/03 09:05:25.025, 2, 88330
2026/10/03 09:05:25.025, 3, 69530
2026/10/03 09:05:25.025, 4, 118773
2026/10/03 09:05:25.025, 5, 118635
2026/10/03 09:05:25.025, 6, 118639
2026/10/03 09:05:25.025, 7, 118397
2026/10/03 09:05:26.025, 0, 97950
2026/10/03 09:05:26.025, 1, 76464
2026/10/03 09:05:26.025, 2, 88330
2026/10/03 09:05:26.025, 3, 69530
2026/10/03 09:05:26.025, 4, 118773
2026/10/03 09:05:26.025, 5, 118635
2026/10/03 09:05:26.025, 6, 118639
2026/10/03 09:05:26.025, 7, 118397
2026/10/03 09:05:27.025, 0, 97950
2026/10/03 09:05:27.025, 1, 76464
2026/10/03 09:05:27.025, 2, 88330
2026/10/03 09:05:27.025, 3, 69530
2026/10/03 09:05:27.025, 4, 118773
2026/10/03 09:05:27.025, 5, 118635
2026/10/03 09:05:27.025, 6, 118685
2026/10/03 09:05:27.025, 7, 118397
2026/10/03 09:05:28.026, 0, 97950
2026/10/03 09:05:28.026, 1, 76464
2026/10/03 09:05:28.026, 2, 88330
2026/10/03 09:05:28.026, 3, 69530
2026/10/03 09:05:28.026, 4, 118871
2026/10/03 09:05:28.026, 5, 118637
2026/10/03 09:05:28.026, 6, 118857
2026/10/03 09:05:28.026, 7, 118397
2026/10/03 09:05:29.026, 0, 97950
2026/10/03 09:05:29.026, 1, 76464
2026/10/03 09:05:29.026, 2, 88330
2026/10/03 09:05:29.026, 3, 69530
2026/10/03 09:05:29.026, 4, 118871
2026/10/03 09:05:29.026, 5, 118637
2026/10/03 09:05:29.026, 6, 118857
2026/10/03 09:05:29.026, 7, 118397
2026/10/03 09:05:30.026, 0, 97950
2026/10/03 09:05:30.026, 1, 76464
2026/10/03 09:05:30.026, 2, 88330
2026/10/03 09:05:30.026, 3, 69530
2026/10/03 09:05:30.026, 4, 118871
2026/10/03 09:05:30.026, 5, 118637
2026/10/03 09:05:30.045, 6, 118857
2026/10/03 09:05:30.113, 7, 118487
2026/10/03 09:05:31.183, 0, 97950
2026/10/03 09:05:31.183, 1, 76464
2026/10/03 09:05:31.183, 2, 88330
2026/10/03 09:05:31.183, 3, 69530
2026/10/03 09:05:31.183, 4, 118871
2026/10/03 09:05:31.183, 5, 118637
2026/10/03 09:05:31.183, 6, 118857
2026/10/03 09:05:31.183, 7, 118487
2026/10/03 09:05:32.183, 0, 97950
2026/10/03 09:05:32.183, 1, 76464
2026/10/03 09:05:32.183, 2, 88330
2026/10/03 09:05:32.183, 3, 69530
2026/10/03 09:05:32.184, 4, 118871
2026/10/03 09:05:32.184, 5, 118637
2026/10/03 09:05:32.184, 6, 118857
2026/10/03 09:05:32.184, 7, 118487
2026/10/03 09:05:33.184, 0, 97950
2026/10/03 09:05:33.184, 1, 76464
2026/10/03 09:05:33.184, 2, 88330
2026/10/03 09:05:33.184, 3, 69530
2026/10/03 09:05:33.184, 4, 118615
2026/10/03 09:05:33.184, 5, 118613
2026/10/03 09:05:33.184, 6, 118615
2026/10/03 09:05:33.184, 7, 118373
2026/10/03 09:05:34.184, 0, 97950
2026/10/03 09:05:34.184, 1, 76464
2026/10/03 09:05:34.184, 2, 88330
2026/10/03 09:05:34.184, 3, 69530
2026/10/03 09:05:34.184, 4, 118615
2026/10/03 09:05:34.184, 5, 118613
2026/10/03 09:05:34.184, 6, 118615
2026/10/03 09:05:34.186, 7, 118373
2026/10/03 09:05:35.186, 0, 97950
2026/10/03 09:05:35.186, 1, 76464
2026/10/03 09:05:35.186, 2, 88330
2026/10/03 09:05:35.186, 3, 69530
2026/10/03 09:05:35.186, 4, 118615
2026/10/03 09:05:35.186, 5, 118613
2026/10/03 09:05:35.186, 6, 118615
2026/10/03 09:05:35.186, 7, 118373
2026/10/03 09:05:36.187, 0, 97950
2026/10/03 09:05:36.187, 1, 76464
2026/10/03 09:05:36.187, 2, 88330
2026/10/03 09:05:36.187, 3, 69530
2026/10/03 09:05:36.187, 4, 118615
2026/10/03 09:05:36.187, 5, 118613
2026/10/03 09:05:36.187, 6, 118615
2026/10/03 09:05:36.187, 7, 118373
2026/10/03 09:05:37.187, 0, 97950
2026/10/03 09:05:37.188, 1, 76464
2026/10/03 09:05:37.189, 2, 88330
2026/10/03 09:05:37.190, 3, 69530
2026/10/03 09:05:37.192, 4, 118639
2026/10/03 09:05:37.193, 5, 118869
2026/10/03 09:05:37.194, 6, 118639
2026/10/03 09:05:37.195, 7, 118399
2026/10/03 09:05:38.197, 0, 97950
2026/10/03 09:05:38.197, 1, 76464
2026/10/03 09:05:38.197, 2, 88330
2026/10/03 09:05:38.197, 3, 69530
2026/10/03 09:05:38.197, 4, 118681
2026/10/03 09:05:38.197, 5, 118869
2026/10/03 09:05:38.197, 6, 118639
2026/10/03 09:05:38.197, 7, 118445
2026/10/03 09:05:39.197, 0, 97950
2026/10/03 09:05:39.197, 1, 76464
2026/10/03 09:05:39.197, 2, 88330
2026/10/03 09:05:39.197, 3, 69530
2026/10/03 09:05:39.197, 4, 118681
2026/10/03 09:05:39.197, 5, 118869
2026/10/03 09:05:39.197, 6, 118639
2026/10/03 09:05:39.197, 7, 119019
2026/10/03 09:05:40.197, 0, 97950
2026/10/03 09:05:40.197, 1, 76464
2026/10/03 09:05:40.197, 2, 88330
2026/10/03 09:05:40.197, 3, 69530
2026/10/03 09:05:40.197, 4, 118681
2026/10/03 09:05:40.197, 5, 118869
2026/10/03 09:05:40.197, 6, 118639
2026/10/03 09:05:40.197, 7, 119019
2026/10/03 09:05:41.197, 0, 97950
2026/10/03 09:05:41.198, 1, 76464
2026/10/03 09:05:41.198, 2, 88330
2026/10/03 09:05:41.198, 3, 69530
2026/10/03 09:05:41.198, 4, 118681
2026/10/03 09:05:41.198, 5, 118869
2026/10/03 09:05:41.198, 6, 118639
2026/10/03 09:05:41.198, 7, 119019
2026/10/03 09:05:42.198, 0, 97950
2026/10/03 09:05:42.198, 1, 76464
2026/10/03 09:05:42.200, 2, 88330
2026/10/03 09:05:42.202, 3, 69530
2026/10/03 09:05:42.204, 4, 118681
2026/10/03 09:05:42.206, 5, 118869
2026/10/03 09:05:42.208, 6, 118639
2026/10/03 09:05:42.212, 7, 119019
2026/10/03 09:05:43.213, 0, 97950
2026/10/03 09:05:43.214, 1, 76464
2026/10/03 09:05:43.214, 2, 88330
2026/10/03 09:05:43.214, 3, 69530
2026/10/03 09:05:43.214, 4, 118681
2026/10/03 09:05:43.214, 5, 118869
2026/10/03 09:05:43.214, 6, 118639
2026/10/03 09:05:43.214, 7, 119019
2026/10/03 09:05:44.214, 0, 97950
2026/10/03 09:05:44.214, 1, 76464
2026/10/03 09:05:44.214, 2, 88330
2026/10/03 09:05:44.214, 3, 69530
2026/10/03 09:05:44.214, 4, 118681
2026/10/03 09:05:44.214, 5, 118869
2026/10/03 09:05:44.214, 6, 118639
2026/10/03 09:05:44.214, 7, 119019
2026/10/03 09:05:45.214, 0, 97950
2026/10/03 09:05:45.214, 1, 76464
2026/10/03 09:05:45.214, 2, 88330
2026/10/03 09:05:45.214, 3, 69530
2026/10/03 09:05:45.214, 4, 118681
2026/10/03 09:05:45.214, 5, 118869
2026/10/03 09:05:45.214, 6, 118639
2026/10/03 09:05:45.214, 7, 119019
2026/10/03 09:05:46.214, 0, 97950
2026/10/03 09:05:46.214, 1, 76464
2026/10/03 09:05:46.214, 2, 88330
2026/10/03 09:05:46.214, 3, 69530
2026/10/03 09:05:46.214, 4, 118681
2026/10/03 09:05:46.214, 5, 118869
2026/10/03 09:05:46.214, 6, 118639
2026/10/03 09:05:46.214, 7, 119019
2026/10/03 09:05:47.215, 0, 97950
2026/10/03 09:05:47.215, 1, 76464
2026/10/03 09:05:47.215, 2, 88330
2026/10/03 09:05:47.215, 3, 69530
2026/10/03 09:05:47.215, 4, 118747
2026/10/03 09:05:47.215, 5, 118869
2026/10/03 09:05:47.215, 6, 118711
2026/10/03 09:05:47.215, 7, 119019
2026/10/03 09:05:48.215, 0, 97950
2026/10/03 09:05:48.221, 1, 76464
2026/10/03 09:05:48.228, 2, 88330
2026/10/03 09:05:48.236, 3, 69530
2026/10/03 09:05:48.238, 4, 118747
2026/10/03 09:05:48.247, 5, 118869
2026/10/03 09:05:48.256, 6, 118743
2026/10/03 09:05:48.263, 7, 119019
2026/10/03 09:05:49.267, 0, 97950
2026/10/03 09:05:49.267, 1, 76464
2026/10/03 09:05:49.267, 2, 88330
2026/10/03 09:05:49.267, 3, 69530
2026/10/03 09:05:49.267, 4, 118747
2026/10/03 09:05:49.267, 5, 118869
2026/10/03 09:05:49.267, 6, 118743
2026/10/03 09:05:49.267, 7, 119019
2026/10/03 09:05:50.267, 0, 97950
2026/10/03 09:05:50.267, 1, 76464
2026/10/03 09:05:50.268, 2, 88330
2026/10/03 09:05:50.268, 3, 69530
2026/10/03 09:05:50.268, 4, 118747
2026/10/03 09:05:50.268, 5, 118869
2026/10/03 09:05:50.268, 6, 118743
2026/10/03 09:05:50.268, 7, 119019
2026/10/03 09:05:51.268, 0, 97950
2026/10/03 09:05:51.268, 1, 76464
2026/10/03 09:05:51.268, 2, 88330
2026/10/03 09:05:51.268, 3, 69530
2026/10/03 09:05:51.268, 4, 118655
2026/10/03 09:05:51.268, 5, 118807
2026/10/03 09:05:51.268, 6, 118639
2026/10/03 09:05:51.268, 7, 118397
2026/10/03 09:05:52.268, 0, 97950
2026/10/03 09:05:52.268, 1, 76464
2026/10/03 09:05:52.269, 2, 88330
2026/10/03 09:05:52.269, 3, 69530
2026/10/03 09:05:52.269, 4, 118655
2026/10/03 09:05:52.269, 5, 118807
2026/10/03 09:05:52.269, 6, 118639
2026/10/03 09:05:52.269, 7, 118397
2026/10/03 09:05:53.269, 0, 97950
2026/10/03 09:05:53.269, 1, 76464
2026/10/03 09:05:53.269, 2, 88330
2026/10/03 09:05:53.269, 3, 69530
2026/10/03 09:05:53.269, 4, 118657
2026/10/03 09:05:53.269, 5, 118807
2026/10/03 09:05:53.269, 6, 118693
2026/10/03 09:05:53.269, 7, 118397
2026/10/03 09:05:54.269, 0, 97950
2026/10/03 09:05:54.269, 1, 76464
2026/10/03 09:05:54.269, 2, 88330
2026/10/03 09:05:54.269, 3, 69530
2026/10/03 09:05:54.269, 4, 118657
2026/10/03 09:05:54.269, 5, 118807
2026/10/03 09:05:54.269, 6, 118693
2026/10/03 09:05:54.269, 7, 118397
2026/10/03 09:05:55.269, 0, 97950
2026/10/03 09:05:55.269, 1, 76464
2026/10/03 09:05:55.269, 2, 88330
2026/10/03 09:05:55.269, 3, 69530
2026/10/03 09:05:55.269, 4, 118657
2026/10/03 09:05:55.270, 5, 118807
2026/10/03 09:05:55.270, 6, 118693
2026/10/03 09:05:55.270, 7, 118397
2026/10/03 09:05:56.270, 0, 97950
2026/10/03 09:05:56.270, 1, 76464
2026/10/03 09:05:56.270, 2, 88330
2026/10/03 09:05:56.270, 3, 69530
2026/10/03 09:05:56.273, 4, 118657
2026/10/03 09:05:56.273, 5, 118807
2026/10/03 09:05:56.273, 6, 118693
2026/10/03 09:05:56.273, 7, 118397
2026/10/03 09:05:57.273, 0, 97950
2026/10/03 09:05:57.273, 1, 76464
2026/10/03 09:05:57.273, 2, 88330
2026/10/03 09:05:57.273, 3, 69530
2026/10/03 09:05:57.273, 4, 118657
2026/10/03 09:05:57.273, 5, 118807
2026/10/03 09:05:57.273, 6, 118693
2026/10/03 09:05:57.273, 7, 118397
2026/10/03 09:05:58.273, 0, 97950
2026/10/03 09:05:58.273, 1, 76464
2026/10/03 09:05:58.273, 2, 88330
2026/10/03 09:05:58.273, 3, 69530
2026/10/03 09:05:58.273, 4, 118657
2026/10/03 09:05:58.273, 5, 118807
2026/10/03 09:05:58.274, 6, 118693
2026/10/03 09:05:58.274, 7, 118397
2026/10/03 09:05:59.274, 0, 97950
2026/10/03 09:05:59.274, 1, 76464
2026/10/03 09:05:59.274, 2, 88330
2026/10/03 09:05:59.274, 3, 69530
2026/10/03 09:05:59.274, 4, 118695
2026/10/03 09:05:59.274, 5, 118807
2026/10/03 09:05:59.274, 6, 118907
2026/10/03 09:05:59.274, 7, 118397
2026/10/03 09:06:00.274, 0, 97950
2026/10/03 09:06:00.274, 1, 76464
2026/10/03 09:06:00.274, 2, 88330
2026/10/03 09:06:00.274, 3, 69530
2026/10/03 09:06:00.274, 4, 118839
2026/10/03 09:06:00.274, 5, 118807
2026/10/03 09:06:00.274, 6, 118907
2026/10/03 09:06:00.274, 7, 118397
2026/10/03 09:06:01.274, 0, 97950
2026/10/03 09:06:01.274, 1, 76464
2026/10/03 09:06:01.274, 2, 88330
2026/10/03 09:06:01.274, 3, 69530
2026/10/03 09:06:01.274, 4, 118839
2026/10/03 09:06:01.274, 5, 118807
2026/10/03 09:06:01.274, 6, 118907
2026/10/03 09:06:01.274, 7, 118397
2026/10/03 09:06:02.274, 0, 97950
2026/10/03 09:06:02.274, 1, 76464
2026/10/03 09:06:02.274, 2, 88330
2026/10/03 09:06:02.274, 3, 69530
2026/10/03 09:06:02.275, 4, 118839
2026/10/03 09:06:02.275, 5, 118807
2026/10/03 09:06:02.275, 6, 118907
2026/10/03 09:06:02.275, 7, 118397
2026/10/03 09:06:03.275, 0, 97950
2026/10/03 09:06:03.275, 1, 76464
2026/10/03 09:06:03.275, 2, 88330
2026/10/03 09:06:03.275, 3, 69530
2026/10/03 09:06:03.275, 4, 118839
2026/10/03 09:06:03.275, 5, 118807
2026/10/03 09:06:03.275, 6, 118907
2026/10/03 09:06:03.275, 7, 118397
2026/10/03 09:06:04.275, 0, 97950
2026/10/03 09:06:04.275, 1, 76464
2026/10/03 09:06:04.275, 2, 88330
2026/10/03 09:06:04.275, 3, 69530
2026/10/03 09:06:04.275, 4, 118839
2026/10/03 09:06:04.275, 5, 118807
2026/10/03 09:06:04.335, 6, 118907
2026/10/03 09:06:04.335, 7, 118397
2026/10/03 09:06:05.336, 0, 97950
2026/10/03 09:06:05.336, 1, 76464
2026/10/03 09:06:05.336, 2, 88330
2026/10/03 09:06:05.336, 3, 69530
2026/10/03 09:06:05.336, 4, 118615
2026/10/03 09:06:05.336, 5, 118613
2026/10/03 09:06:05.336, 6, 118615
2026/10/03 09:06:05.336, 7, 118373
2026/10/03 09:06:06.336, 0, 97950
2026/10/03 09:06:06.336, 1, 76464
2026/10/03 09:06:06.336, 2, 88330
2026/10/03 09:06:06.336, 3, 69530
2026/10/03 09:06:06.336, 4, 119253
2026/10/03 09:06:06.336, 5, 118613
2026/10/03 09:06:06.336, 6, 119253
2026/10/03 09:06:06.336, 7, 119011
2026/10/03 09:06:07.336, 0, 97950
2026/10/03 09:06:07.337, 1, 76464
2026/10/03 09:06:07.338, 2, 88330
2026/10/03 09:06:07.339, 3, 69530
2026/10/03 09:06:07.340, 4, 118615
2026/10/03 09:06:07.340, 5, 118613
2026/10/03 09:06:07.342, 6, 118615
2026/10/03 09:06:07.343, 7, 118373
2026/10/03 09:06:08.344, 0, 97950
2026/10/03 09:06:08.344, 1, 76464
2026/10/03 09:06:08.344, 2, 88330
2026/10/03 09:06:08.344, 3, 69530
2026/10/03 09:06:08.344, 4, 118615
2026/10/03 09:06:08.344, 5, 118613
2026/10/03 09:06:08.344, 6, 118615
2026/10/03 09:06:08.344, 7, 118373
2026/10/03 09:06:09.344, 0, 97950
2026/10/03 09:06:09.344, 1, 76464
2026/10/03 09:06:09.344, 2, 88330
2026/10/03 09:06:09.344, 3, 69530
2026/10/03 09:06:09.344, 4, 118615
2026/10/03 09:06:09.344, 5, 118613
2026/10/03 09:06:09.344, 6, 118615
2026/10/03 09:06:09.344, 7, 118373
2026/10/03 09:06:10.344, 0, 97950
2026/10/03 09:06:10.344, 1, 76464
2026/10/03 09:06:10.344, 2, 88330
2026/10/03 09:06:10.344, 3, 69530
2026/10/03 09:06:10.344, 4, 118615
2026/10/03 09:06:10.344, 5, 118613
2026/10/03 09:06:10.345, 6, 118615
2026/10/03 09:06:10.345, 7, 118373
2026/10/03 09:06:11.345, 0, 97950
2026/10/03 09:06:11.345, 1, 76464
2026/10/03 09:06:11.345, 2, 88330
2026/10/03 09:06:11.345, 3, 69530
2026/10/03 09:06:11.345, 4, 118615
2026/10/03 09:06:11.345, 5, 118613
2026/10/03 09:06:11.345, 6, 118615
2026/10/03 09:06:11.345, 7, 118373
2026/10/03 09:06:12.345, 0, 97950
2026/10/03 09:06:12.346, 1, 76464
2026/10/03 09:06:12.347, 2, 88330
2026/10/03 09:06:12.348, 3, 69530
2026/10/03 09:06:12.348, 4, 118615
2026/10/03 09:06:12.349, 5, 118613
2026/10/03 09:06:12.351, 6, 118615
2026/10/03 09:06:12.351, 7, 118373
2026/10/03 09:06:13.351, 0, 97950
2026/10/03 09:06:13.352, 1, 76464
2026/10/03 09:06:13.352, 2, 88330
2026/10/03 09:06:13.352, 3, 69530
2026/10/03 09:06:13.352, 4, 118615
2026/10/03 09:06:13.352, 5, 118613
2026/10/03 09:06:13.352, 6, 118615
2026/10/03 09:06:13.352, 7, 118373
2026/10/03 09:06:14.352, 0, 23920
2026/10/03 09:06:14.352, 1, 22736
2026/10/03 09:06:14.352, 2, 22758
2026/10/03 09:06:14.352, 3, 21790
2026/10/03 09:06:14.352, 4, 118615
2026/10/03 09:06:14.352, 5, 118613
2026/10/03 09:06:14.352, 6, 118615
2026/10/03 09:06:14.352, 7, 118373
2026/10/03 09:06:15.352, 0, 23920
2026/10/03 09:06:15.352, 1, 22736
2026/10/03 09:06:15.352, 2, 22758
2026/10/03 09:06:15.352, 3, 21790
2026/10/03 09:06:15.352, 4, 118615
2026/10/03 09:06:15.352, 5, 118613
2026/10/03 09:06:15.352, 6, 118615
2026/10/03 09:06:15.352, 7, 118373
2026/10/03 09:06:16.352, 0, 23920
2026/10/03 09:06:16.352, 1, 22736
2026/10/03 09:06:16.352, 2, 22758
2026/10/03 09:06:16.352, 3, 21790
2026/10/03 09:06:16.352, 4, 118615
2026/10/03 09:06:16.352, 5, 118613
2026/10/03 09:06:16.352, 6, 118615
2026/10/03 09:06:16.352, 7, 118373
2026/10/03 09:06:17.353, 0, 23920
2026/10/03 09:06:17.354, 1, 22736
2026/10/03 09:06:17.354, 2, 22758
2026/10/03 09:06:17.354, 3, 21790
2026/10/03 09:06:17.354, 4, 118615
2026/10/03 09:06:17.354, 5, 118613
2026/10/03 09:06:17.354, 6, 118615
2026/10/03 09:06:17.354, 7, 118373
2026/10/03 09:06:18.354, 0, 23920
2026/10/03 09:06:18.359, 1, 22736
2026/10/03 09:06:18.360, 2, 22758
2026/10/03 09:06:18.360, 3, 21790
2026/10/03 09:06:18.360, 4, 118615
2026/10/03 09:06:18.361, 5, 118613
2026/10/03 09:06:18.361, 6, 118615
2026/10/03 09:06:18.361, 7, 118373
2026/10/03 09:06:19.362, 0, 23920
2026/10/03 09:06:19.362, 1, 22736
2026/10/03 09:06:19.362, 2, 22758
2026/10/03 09:06:19.362, 3, 21790
2026/10/03 09:06:19.362, 4, 118615
2026/10/03 09:06:19.362, 5, 118613
2026/10/03 09:06:19.362, 6, 118615
2026/10/03 09:06:19.362, 7, 118373
2026/10/03 09:06:20.362, 0, 23920
2026/10/03 09:06:20.362, 1, 22736
2026/10/03 09:06:20.362, 2, 22758
2026/10/03 09:06:20.362, 3, 21790
2026/10/03 09:06:20.362, 4, 118615
2026/10/03 09:06:20.362, 5, 118613
2026/10/03 09:06:20.362, 6, 118615
2026/10/03 09:06:20.362, 7, 118373
2026/10/03 09:06:21.362, 0, 23920
2026/10/03 09:06:21.362, 1, 22736
2026/10/03 09:06:21.362, 2, 22758
2026/10/03 09:06:21.362, 3, 21790
2026/10/03 09:06:21.362, 4, 118615
2026/10/03 09:06:21.362, 5, 118613
2026/10/03 09:06:21.362, 6, 118615
2026/10/03 09:06:21.362, 7, 118373
2026/10/03 09:06:22.362, 0, 23920
2026/10/03 09:06:22.364, 1, 22736
2026/10/03 09:06:22.365, 2, 22758
2026/10/03 09:06:22.366, 3, 21790
2026/10/03 09:06:22.367, 4, 118615
2026/10/03 09:06:22.369, 5, 118613
2026/10/03 09:06:22.369, 6, 118615
2026/10/03 09:06:22.370, 7, 118373
2026/10/03 09:06:23.371, 0, 23920
2026/10/03 09:06:23.371, 1, 22736
2026/10/03 09:06:23.371, 2, 22758
2026/10/03 09:06:23.371, 3, 21790
2026/10/03 09:06:23.371, 4, 118615
2026/10/03 09:06:23.371, 5, 118613
2026/10/03 09:06:23.371, 6, 118615
2026/10/03 09:06:23.371, 7, 118373
2026/10/03 09:06:24.371, 0, 23920
2026/10/03 09:06:24.371, 1, 22736
2026/10/03 09:06:24.371, 2, 22758
2026/10/03 09:06:24.371, 3, 21790
2026/10/03 09:06:24.371, 4, 118615
2026/10/03 09:06:24.371, 5, 118613
2026/10/03 09:06:24.371, 6, 118615
2026/10/03 09:06:24.371, 7, 118373
2026/10/03 09:06:25.371, 0, 23920
2026/10/03 09:06:25.371, 1, 22736
2026/10/03 09:06:25.371, 2, 22758
2026/10/03 09:06:25.371, 3, 21790
2026/10/03 09:06:25.371, 4, 118615
2026/10/03 09:06:25.371, 5, 118613
2026/10/03 09:06:25.371, 6, 118615
2026/10/03 09:06:25.371, 7, 118373
2026/10/03 09:06:26.371, 0, 23920
2026/10/03 09:06:26.371, 1, 22736
2026/10/03 09:06:26.371, 2, 22758
2026/10/03 09:06:26.371, 3, 21790
2026/10/03 09:06:26.371, 4, 118615
2026/10/03 09:06:26.371, 5, 118613
2026/10/03 09:06:26.371, 6, 118615
2026/10/03 09:06:26.371, 7, 118373
2026/10/03 09:06:27.372, 0, 23920
2026/10/03 09:06:27.372, 1, 22736
2026/10/03 09:06:27.372, 2, 22758
2026/10/03 09:06:27.373, 3, 21790
2026/10/03 09:06:27.373, 4, 118615
2026/10/03 09:06:27.373, 5, 118613
2026/10/03 09:06:27.374, 6, 118615
2026/10/03 09:06:27.374, 7, 118373
2026/10/03 09:06:28.375, 0, 23920
2026/10/03 09:06:28.375, 1, 22736
2026/10/03 09:06:28.375, 2, 22758
2026/10/03 09:06:28.375, 3, 21790
2026/10/03 09:06:28.375, 4, 118657
2026/10/03 09:06:28.375, 5, 118637
2026/10/03 09:06:28.375, 6, 118639
2026/10/03 09:06:28.375, 7, 118595
2026/10/03 09:06:29.375, 0, 23920
2026/10/03 09:06:29.375, 1, 22736
2026/10/03 09:06:29.375, 2, 22758
2026/10/03 09:06:29.375, 3, 21790
2026/10/03 09:06:29.375, 4, 119229
2026/10/03 09:06:29.375, 5, 119171
2026/10/03 09:06:29.375, 6, 118997
2026/10/03 09:06:29.375, 7, 119061
2026/10/03 09:06:30.375, 0, 23920
2026/10/03 09:06:30.376, 1, 22736
2026/10/03 09:06:30.376, 2, 22758
2026/10/03 09:06:30.376, 3, 21790
2026/10/03 09:06:30.376, 4, 119229
2026/10/03 09:06:30.376, 5, 119171
2026/10/03 09:06:30.376, 6, 119147
2026/10/03 09:06:30.376, 7, 119061
2026/10/03 09:06:31.376, 0, 23920
2026/10/03 09:06:31.376, 1, 22736
2026/10/03 09:06:31.376, 2, 22758
2026/10/03 09:06:31.376, 3, 21790
2026/10/03 09:06:31.376, 4, 119229
2026/10/03 09:06:31.376, 5, 119171
2026/10/03 09:06:31.376, 6, 119147
2026/10/03 09:06:31.376, 7, 119061
2026/10/03 09:06:32.376, 0, 23920
2026/10/03 09:06:32.377, 1, 22736
2026/10/03 09:06:32.379, 2, 22758
2026/10/03 09:06:32.383, 3, 21790
2026/10/03 09:06:32.384, 4, 119229
2026/10/03 09:06:32.385, 5, 119171
2026/10/03 09:06:32.385, 6, 119147
2026/10/03 09:06:32.386, 7, 119061
2026/10/03 09:06:33.386, 0, 23920
2026/10/03 09:06:33.386, 1, 22736
2026/10/03 09:06:33.386, 2, 22758
2026/10/03 09:06:33.386, 3, 21790
2026/10/03 09:06:33.386, 4, 119229
2026/10/03 09:06:33.386, 5, 119171
2026/10/03 09:06:33.386, 6, 119147
2026/10/03 09:06:33.386, 7, 119061
2026/10/03 09:06:34.386, 0, 23920
2026/10/03 09:06:34.386, 1, 22736
2026/10/03 09:06:34.386, 2, 22758
2026/10/03 09:06:34.389, 3, 21790
2026/10/03 09:06:34.389, 4, 119229
2026/10/03 09:06:34.389, 5, 119171
2026/10/03 09:06:34.389, 6, 119147
2026/10/03 09:06:34.389, 7, 119061
2026/10/03 09:06:35.389, 0, 23920
2026/10/03 09:06:35.423, 1, 22736
2026/10/03 09:06:35.423, 2, 22758
2026/10/03 09:06:35.423, 3, 21790
2026/10/03 09:06:35.423, 4, 119229
2026/10/03 09:06:35.423, 5, 119171
2026/10/03 09:06:35.423, 6, 119147
2026/10/03 09:06:35.423, 7, 119061
2026/10/03 09:06:36.423, 0, 23920
2026/10/03 09:06:36.423, 1, 22736
2026/10/03 09:06:36.424, 2, 22758
2026/10/03 09:06:36.424, 3, 22316
2026/10/03 09:06:36.425, 4, 119229
2026/10/03 09:06:36.426, 5, 119171
2026/10/03 09:06:36.427, 6, 119147
2026/10/03 09:06:36.428, 7, 119061
2026/10/03 09:06:37.429, 0, 23920
2026/10/03 09:06:37.439, 1, 22736
2026/10/03 09:06:37.440, 2, 22758
2026/10/03 09:06:37.440, 3, 21790
2026/10/03 09:06:37.440, 4, 119229
2026/10/03 09:06:37.440, 5, 119171
2026/10/03 09:06:37.440, 6, 119147
2026/10/03 09:06:37.440, 7, 119061
2026/10/03 09:06:38.440, 0, 23920
2026/10/03 09:06:38.469, 1, 22736
2026/10/03 09:06:38.469, 2, 22758
2026/10/03 09:06:38.469, 3, 21790
2026/10/03 09:06:38.469, 4, 119229
2026/10/03 09:06:38.469, 5, 119171
2026/10/03 09:06:38.469, 6, 119147
2026/10/03 09:06:38.469, 7, 119061
2026/10/03 09:06:39.469, 0, 23920
2026/10/03 09:06:39.469, 1, 22736
2026/10/03 09:06:39.469, 2, 22758
2026/10/03 09:06:39.469, 3, 21790
2026/10/03 09:06:39.469, 4, 119229
2026/10/03 09:06:39.469, 5, 119171
2026/10/03 09:06:39.470, 6, 119147
2026/10/03 09:06:39.470, 7, 119061
2026/10/03 09:06:40.470, 0, 23920
2026/10/03 09:06:40.470, 1, 22736
2026/10/03 09:06:40.470, 2, 22758
2026/10/03 09:06:40.470, 3, 21790
2026/10/03 09:06:40.470, 4, 119229
2026/10/03 09:06:40.470, 5, 119171
2026/10/03 09:06:40.470, 6, 119147
2026/10/03 09:06:40.470, 7, 119061
2026/10/03 09:06:41.470, 0, 23920
2026/10/03 09:06:41.470, 1, 22736
2026/10/03 09:06:41.470, 2, 22758
2026/10/03 09:06:41.470, 3, 21790
2026/10/03 09:06:41.470, 4, 119229
2026/10/03 09:06:41.471, 5, 119171
2026/10/03 09:06:41.471, 6, 119147
2026/10/03 09:06:41.471, 7, 119061
2026/10/03 09:06:42.471, 0, 23920
2026/10/03 09:06:42.472, 1, 22736
2026/10/03 09:06:42.472, 2, 22758
2026/10/03 09:06:42.472, 3, 21790
2026/10/03 09:06:42.472, 4, 119229
2026/10/03 09:06:42.474, 5, 119171
2026/10/03 09:06:42.474, 6, 119147
2026/10/03 09:06:42.474, 7, 119061
2026/10/03 09:06:43.474, 0, 23920
2026/10/03 09:06:43.474, 1, 22736
2026/10/03 09:06:43.474, 2, 22758
2026/10/03 09:06:43.474, 3, 21790
2026/10/03 09:06:43.474, 4, 119229
2026/10/03 09:06:43.474, 5, 119171
2026/10/03 09:06:43.474, 6, 119147
2026/10/03 09:06:43.474, 7, 119061
2026/10/03 09:06:44.474, 0, 23920
2026/10/03 09:06:44.475, 1, 22736
2026/10/03 09:06:44.475, 2, 22758
2026/10/03 09:06:44.475, 3, 21790
2026/10/03 09:06:44.475, 4, 119229
2026/10/03 09:06:44.475, 5, 119171
2026/10/03 09:06:44.475, 6, 119147
2026/10/03 09:06:44.475, 7, 119061
2026/10/03 09:06:45.475, 0, 23920
2026/10/03 09:06:45.475, 1, 22736
2026/10/03 09:06:45.475, 2, 22758
2026/10/03 09:06:45.475, 3, 21790
2026/10/03 09:06:45.475, 4, 119229
2026/10/03 09:06:45.475, 5, 119171
2026/10/03 09:06:45.475, 6, 119147
2026/10/03 09:06:45.475, 7, 119061
2026/10/03 09:06:46.475, 0, 23920
2026/10/03 09:06:46.481, 1, 22736
2026/10/03 09:06:46.481, 2, 22758
2026/10/03 09:06:46.482, 3, 21790
2026/10/03 09:06:46.484, 4, 119229
2026/10/03 09:06:46.485, 5, 119171
2026/10/03 09:06:46.485, 6, 119147
2026/10/03 09:06:46.485, 7, 119061
2026/10/03 09:06:47.485, 0, 23920
2026/10/03 09:06:47.486, 1, 22736
2026/10/03 09:06:47.553, 2, 22758
2026/10/03 09:06:47.562, 3, 21790
2026/10/03 09:06:47.571, 4, 119229
2026/10/03 09:06:47.581, 5, 119171
2026/10/03 09:06:47.590, 6, 119147
2026/10/03 09:06:47.598, 7, 119061
2026/10/03 09:06:48.653, 0, 23920
2026/10/03 09:06:48.654, 1, 22736
2026/10/03 09:06:48.657, 2, 22758
2026/10/03 09:06:48.658, 3, 21790
2026/10/03 09:06:48.660, 4, 119229
2026/10/03 09:06:48.662, 5, 119171
2026/10/03 09:06:48.663, 6, 119147
2026/10/03 09:06:48.663, 7, 119061
2026/10/03 09:06:49.665, 0, 23920
2026/10/03 09:06:49.665, 1, 22736
2026/10/03 09:06:49.665, 2, 22758
2026/10/03 09:06:49.665, 3, 21790
2026/10/03 09:06:49.665, 4, 119229
2026/10/03 09:06:49.665, 5, 119171
2026/10/03 09:06:49.665, 6, 119147
2026/10/03 09:06:49.665, 7, 119061
2026/10/03 09:06:50.665, 0, 23920
2026/10/03 09:06:50.665, 1, 22736
2026/10/03 09:06:50.665, 2, 22758
2026/10/03 09:06:50.665, 3, 21790
2026/10/03 09:06:50.665, 4, 119229
2026/10/03 09:06:50.665, 5, 119171
2026/10/03 09:06:50.665, 6, 119147
2026/10/03 09:06:50.665, 7, 119061
2026/10/03 09:06:51.665, 0, 23920
2026/10/03 09:06:51.665, 1, 22736
2026/10/03 09:06:51.665, 2, 22758
2026/10/03 09:06:51.665, 3, 21790
2026/10/03 09:06:51.666, 4, 119229
2026/10/03 09:06:51.666, 5, 119171
2026/10/03 09:06:51.666, 6, 119147
2026/10/03 09:06:51.666, 7, 119061
2026/10/03 09:06:52.666, 0, 23920
2026/10/03 09:06:52.666, 1, 22736
2026/10/03 09:06:52.666, 2, 22758
2026/10/03 09:06:52.666, 3, 21790
2026/10/03 09:06:52.666, 4, 119229
2026/10/03 09:06:52.666, 5, 119171
2026/10/03 09:06:52.666, 6, 119147
2026/10/03 09:06:52.666, 7, 119061
2026/10/03 09:06:53.666, 0, 23920
2026/10/03 09:06:53.666, 1, 22736
2026/10/03 09:06:53.666, 2, 22758
2026/10/03 09:06:53.666, 3, 21790
2026/10/03 09:06:53.666, 4, 119229
2026/10/03 09:06:53.666, 5, 119171
2026/10/03 09:06:53.666, 6, 119147
2026/10/03 09:06:53.666, 7, 119061
2026/10/03 09:06:54.666, 0, 23920
2026/10/03 09:06:54.666, 1, 22736
2026/10/03 09:06:54.691, 2, 22758
2026/10/03 09:06:54.691, 3, 21790
2026/10/03 09:06:54.691, 4, 119229
2026/10/03 09:06:54.691, 5, 119171
2026/10/03 09:06:54.691, 6, 119147
2026/10/03 09:06:54.693, 7, 119061
2026/10/03 09:06:55.694, 0, 23920
2026/10/03 09:06:55.694, 1, 22736
2026/10/03 09:06:55.694, 2, 22758
2026/10/03 09:06:55.694, 3, 21790
2026/10/03 09:06:55.694, 4, 119229
2026/10/03 09:06:55.694, 5, 119171
2026/10/03 09:06:55.694, 6, 119147
2026/10/03 09:06:55.694, 7, 119061
2026/10/03 09:06:56.694, 0, 23920
2026/10/03 09:06:56.694, 1, 22736
2026/10/03 09:06:56.694, 2, 22758
2026/10/03 09:06:56.695, 3, 21790
2026/10/03 09:06:56.695, 4, 119229
2026/10/03 09:06:56.695, 5, 119171
2026/10/03 09:06:56.695, 6, 119147
2026/10/03 09:06:56.696, 7, 119061
2026/10/03 09:06:57.696, 0, 23920
2026/10/03 09:06:57.696, 1, 22736
2026/10/03 09:06:57.696, 2, 22758
2026/10/03 09:06:57.696, 3, 21790
2026/10/03 09:06:57.696, 4, 119229
2026/10/03 09:06:57.696, 5, 119171
2026/10/03 09:06:57.696, 6, 119147
2026/10/03 09:06:57.696, 7, 119061
2026/10/03 09:06:58.696, 0, 23920
2026/10/03 09:06:58.696, 1, 22736
2026/10/03 09:06:58.697, 2, 22758
2026/10/03 09:06:58.698, 3, 21790
2026/10/03 09:06:58.698, 4, 119229
2026/10/03 09:06:58.698, 5, 119171
2026/10/03 09:06:58.698, 6, 119147
2026/10/03 09:06:58.698, 7, 119061
2026/10/03 09:06:59.698, 0, 23920
2026/10/03 09:06:59.699, 1, 22736
2026/10/03 09:06:59.699, 2, 22758
2026/10/03 09:06:59.699, 3, 21790
2026/10/03 09:06:59.699, 4, 119229
2026/10/03 09:06:59.699, 5, 119171
2026/10/03 09:06:59.699, 6, 119147
2026/10/03 09:06:59.699, 7, 119061
2026/10/03 09:07:00.699, 0, 23920
2026/10/03 09:07:00.699, 1, 22736
2026/10/03 09:07:00.699, 2, 22758
2026/10/03 09:07:00.699, 3, 21790
2026/10/03 09:07:00.699, 4, 119229
2026/10/03 09:07:00.699, 5, 119171
2026/10/03 09:07:00.699, 6, 119147
2026/10/03 09:07:00.699, 7, 119061
2026/10/03 09:07:01.699, 0, 23920
2026/10/03 09:07:01.699, 1, 22736
2026/10/03 09:07:01.699, 2, 22758
2026/10/03 09:07:01.699, 3, 21790
2026/10/03 09:07:01.699, 4, 119229
2026/10/03 09:07:01.699, 5, 119175
2026/10/03 09:07:01.699, 6, 119147
2026/10/03 09:07:01.699, 7, 119063
2026/10/03 09:07:02.699, 0, 23920
2026/10/03 09:07:02.699, 1, 22736
2026/10/03 09:07:02.699, 2, 22758
2026/10/03 09:07:02.699, 3, 21790
2026/10/03 09:07:02.699, 4, 119229
2026/10/03 09:07:02.699, 5, 119175
2026/10/03 09:07:02.699, 6, 119147
2026/10/03 09:07:02.699, 7, 119063
2026/10/03 09:07:03.700, 0, 23920
2026/10/03 09:07:03.700, 1, 22736
2026/10/03 09:07:03.700, 2, 22758
2026/10/03 09:07:03.700, 3, 21790
2026/10/03 09:07:03.700, 4, 119229
2026/10/03 09:07:03.700, 5, 119175
2026/10/03 09:07:03.700, 6, 119147
2026/10/03 09:07:03.700, 7, 119063
2026/10/03 09:07:04.700, 0, 23920
2026/10/03 09:07:04.700, 1, 22736
2026/10/03 09:07:04.700, 2, 22758
2026/10/03 09:07:04.700, 3, 21790
2026/10/03 09:07:04.700, 4, 119229
2026/10/03 09:07:04.700, 5, 119175
2026/10/03 09:07:04.700, 6, 119147
2026/10/03 09:07:04.700, 7, 119063
2026/10/03 09:07:05.700, 0, 23920
2026/10/03 09:07:05.700, 1, 22736
2026/10/03 09:07:05.700, 2, 22758
2026/10/03 09:07:05.700, 3, 21790
2026/10/03 09:07:05.700, 4, 119229
2026/10/03 09:07:05.700, 5, 119175
2026/10/03 09:07:05.700, 6, 119147
2026/10/03 09:07:05.700, 7, 119063
2026/10/03 09:07:06.700, 0, 23920
2026/10/03 09:07:06.700, 1, 22736
2026/10/03 09:07:06.700, 2, 22758
2026/10/03 09:07:06.700, 3, 21790
2026/10/03 09:07:06.701, 4, 119229
2026/10/03 09:07:06.701, 5, 119175
2026/10/03 09:07:06.701, 6, 119147
2026/10/03 09:07:06.701, 7, 119063
2026/10/03 09:07:07.701, 0, 23920
2026/10/03 09:07:07.701, 1, 22736
2026/10/03 09:07:07.701, 2, 22758
2026/10/03 09:07:07.738, 3, 21790
2026/10/03 09:07:07.738, 4, 119229
2026/10/03 09:07:07.738, 5, 119175
2026/10/03 09:07:07.738, 6, 119147
2026/10/03 09:07:07.738, 7, 119063
2026/10/03 09:07:08.738, 0, 23920
2026/10/03 09:07:08.738, 1, 22736
2026/10/03 09:07:08.738, 2, 22758
2026/10/03 09:07:08.738, 3, 21790
2026/10/03 09:07:08.739, 4, 119229
2026/10/03 09:07:08.739, 5, 119175
2026/10/03 09:07:08.739, 6, 119147
2026/10/03 09:07:08.739, 7, 119063
2026/10/03 09:07:09.739, 0, 23920
2026/10/03 09:07:09.739, 1, 22736
2026/10/03 09:07:09.739, 2, 22758
2026/10/03 09:07:09.739, 3, 21790
2026/10/03 09:07:09.739, 4, 119229
2026/10/03 09:07:09.739, 5, 119175
2026/10/03 09:07:09.739, 6, 119147
2026/10/03 09:07:09.739, 7, 119063
2026/10/03 09:07:10.739, 0, 23920
2026/10/03 09:07:10.739, 1, 22736
2026/10/03 09:07:10.739, 2, 22758
2026/10/03 09:07:10.739, 3, 21790
2026/10/03 09:07:10.739, 4, 119229
2026/10/03 09:07:10.739, 5, 119175
2026/10/03 09:07:10.739, 6, 119147
2026/10/03 09:07:10.739, 7, 119063
2026/10/03 09:07:11.739, 0, 23920
2026/10/03 09:07:11.739, 1, 22736
2026/10/03 09:07:11.739, 2, 22758
2026/10/03 09:07:11.739, 3, 21790
2026/10/03 09:07:11.739, 4, 119229
2026/10/03 09:07:11.739, 5, 119175
2026/10/03 09:07:11.739, 6, 119147
2026/10/03 09:07:11.739, 7, 119063
2026/10/03 09:07:12.739, 0, 23920
2026/10/03 09:07:12.739, 1, 22736
2026/10/03 09:07:12.740, 2, 22758
2026/10/03 09:07:12.740, 3, 21790
2026/10/03 09:07:12.740, 4, 119229
2026/10/03 09:07:12.740, 5, 119175
2026/10/03 09:07:12.740, 6, 119147
2026/10/03 09:07:12.740, 7, 119063
2026/10/03 09:07:13.740, 0, 23920
2026/10/03 09:07:13.740, 1, 22736
2026/10/03 09:07:13.740, 2, 22758
2026/10/03 09:07:13.740, 3, 21790
2026/10/03 09:07:13.740, 4, 119229
2026/10/03 09:07:13.740, 5, 119175
2026/10/03 09:07:13.740, 6, 119147
2026/10/03 09:07:13.740, 7, 119063
2026/10/03 09:07:14.740, 0, 23920
2026/10/03 09:07:14.740, 1, 22736
2026/10/03 09:07:14.740, 2, 22758
2026/10/03 09:07:14.740, 3, 21790
2026/10/03 09:07:14.740, 4, 119229
2026/10/03 09:07:14.740, 5, 119175
2026/10/03 09:07:14.740, 6, 119147
2026/10/03 09:07:14.740, 7, 119063
2026/10/03 09:07:15.741, 0, 23920
2026/10/03 09:07:15.741, 1, 22736
2026/10/03 09:07:15.741, 2, 22758
2026/10/03 09:07:15.741, 3, 21790
2026/10/03 09:07:15.741, 4, 119229
2026/10/03 09:07:15.741, 5, 119175
2026/10/03 09:07:15.741, 6, 119147
2026/10/03 09:07:15.741, 7, 119063
2026/10/03 09:07:16.741, 0, 23920
2026/10/03 09:07:16.741, 1, 22736
2026/10/03 09:07:16.741, 2, 22758
2026/10/03 09:07:16.741, 3, 21790
2026/10/03 09:07:16.741, 4, 119229
2026/10/03 09:07:16.741, 5, 119175
2026/10/03 09:07:16.741, 6, 119147
2026/10/03 09:07:16.741, 7, 119063
2026/10/03 09:07:17.741, 0, 23920
2026/10/03 09:07:17.750, 1, 22736
2026/10/03 09:07:17.757, 2, 22758
2026/10/03 09:07:17.762, 3, 21790
2026/10/03 09:07:17.768, 4, 119229
2026/10/03 09:07:17.774, 5, 119175
2026/10/03 09:07:17.779, 6, 119147
2026/10/03 09:07:17.786, 7, 119063
2026/10/03 09:07:18.790, 0, 23920
2026/10/03 09:07:18.790, 1, 22736
2026/10/03 09:07:18.790, 2, 22758
2026/10/03 09:07:18.790, 3, 21790
2026/10/03 09:07:18.790, 4, 119229
2026/10/03 09:07:18.790, 5, 119175
2026/10/03 09:07:18.790, 6, 119147
2026/10/03 09:07:18.790, 7, 119063
2026/10/03 09:07:19.790, 0, 23920
2026/10/03 09:07:19.790, 1, 22736
2026/10/03 09:07:19.790, 2, 22758
2026/10/03 09:07:19.790, 3, 21790
2026/10/03 09:07:19.790, 4, 119229
2026/10/03 09:07:19.790, 5, 119175
2026/10/03 09:07:19.791, 6, 119147
2026/10/03 09:07:19.791, 7, 119063
2026/10/03 09:07:20.791, 0, 23920
2026/10/03 09:07:20.791, 1, 22736
2026/10/03 09:07:20.791, 2, 22758
2026/10/03 09:07:20.791, 3, 21790
2026/10/03 09:07:20.791, 4, 119229
2026/10/03 09:07:20.791, 5, 119175
2026/10/03 09:07:20.791, 6, 119147
2026/10/03 09:07:20.791, 7, 119063
2026/10/03 09:07:21.791, 0, 23920
2026/10/03 09:07:21.791, 1, 22736
2026/10/03 09:07:21.791, 2, 22758
2026/10/03 09:07:21.791, 3, 21790
2026/10/03 09:07:21.791, 4, 119229
2026/10/03 09:07:21.791, 5, 119175
2026/10/03 09:07:21.791, 6, 119147
2026/10/03 09:07:21.791, 7, 119063
2026/10/03 09:07:22.791, 0, 23920
2026/10/03 09:07:22.791, 1, 22736
2026/10/03 09:07:22.791, 2, 22758
2026/10/03 09:07:22.791, 3, 21790
2026/10/03 09:07:22.791, 4, 119229
2026/10/03 09:07:22.791, 5, 119175
2026/10/03 09:07:22.791, 6, 119147
2026/10/03 09:07:22.791, 7, 119063
2026/10/03 09:07:23.791, 0, 23920
2026/10/03 09:07:23.791, 1, 22736
2026/10/03 09:07:23.791, 2, 22758
2026/10/03 09:07:23.792, 3, 21790
2026/10/03 09:07:23.826, 4, 119229
2026/10/03 09:07:23.826, 5, 119175
2026/10/03 09:07:23.826, 6, 119147
2026/10/03 09:07:23.826, 7, 119063
2026/10/03 09:07:24.826, 0, 23920
2026/10/03 09:07:24.826, 1, 22736
2026/10/03 09:07:24.826, 2, 22758
2026/10/03 09:07:24.826, 3, 21790
2026/10/03 09:07:24.826, 4, 119229
2026/10/03 09:07:24.826, 5, 119175
2026/10/03 09:07:24.826, 6, 119147
2026/10/03 09:07:24.826, 7, 119063
2026/10/03 09:07:25.827, 0, 23920
2026/10/03 09:07:25.827, 1, 22736
2026/10/03 09:07:25.827, 2, 22758
2026/10/03 09:07:25.828, 3, 21790
2026/10/03 09:07:25.828, 4, 119229
2026/10/03 09:07:25.828, 5, 119175
2026/10/03 09:07:25.828, 6, 119147
2026/10/03 09:07:25.828, 7, 119063
2026/10/03 09:07:26.828, 0, 23920
2026/10/03 09:07:26.828, 1, 22736
2026/10/03 09:07:26.828, 2, 22758
2026/10/03 09:07:26.828, 3, 21790
2026/10/03 09:07:26.828, 4, 119229
2026/10/03 09:07:26.828, 5, 119175
2026/10/03 09:07:26.828, 6, 119147
2026/10/03 09:07:26.828, 7, 119063
2026/10/03 09:07:27.828, 0, 23920
2026/10/03 09:07:27.828, 1, 22736
2026/10/03 09:07:27.828, 2, 22758
2026/10/03 09:07:27.828, 3, 21790
2026/10/03 09:07:27.828, 4, 119229
2026/10/03 09:07:27.828, 5, 119175
2026/10/03 09:07:27.828, 6, 119147
2026/10/03 09:07:27.828, 7, 119063
2026/10/03 09:07:28.828, 0, 23920
2026/10/03 09:07:28.828, 1, 22736
2026/10/03 09:07:28.828, 2, 22758
2026/10/03 09:07:28.828, 3, 21790
2026/10/03 09:07:28.828, 4, 119229
2026/10/03 09:07:28.828, 5, 119175
2026/10/03 09:07:28.828, 6, 119147
2026/10/03 09:07:28.828, 7, 119063
2026/10/03 09:07:29.828, 0, 23920
2026/10/03 09:07:29.828, 1, 22736
2026/10/03 09:07:29.828, 2, 22758
2026/10/03 09:07:29.829, 3, 21790
2026/10/03 09:07:29.829, 4, 119229
2026/10/03 09:07:29.829, 5, 119175
2026/10/03 09:07:29.829, 6, 119147
2026/10/03 09:07:29.829, 7, 119063
2026/10/03 09:07:30.829, 0, 23920
2026/10/03 09:07:30.829, 1, 22736
2026/10/03 09:07:30.829, 2, 22758
2026/10/03 09:07:30.829, 3, 21790
2026/10/03 09:07:30.829, 4, 119229
2026/10/03 09:07:30.829, 5, 119175
2026/10/03 09:07:30.829, 6, 119147
2026/10/03 09:07:30.829, 7, 119063
2026/10/03 09:07:31.829, 0, 23920
2026/10/03 09:07:31.829, 1, 22736
2026/10/03 09:07:31.829, 2, 22758
2026/10/03 09:07:31.829, 3, 21790
2026/10/03 09:07:31.829, 4, 119229
2026/10/03 09:07:31.829, 5, 119175
2026/10/03 09:07:31.829, 6, 119147
2026/10/03 09:07:31.829, 7, 119063
2026/10/03 09:07:32.829, 0, 23920
2026/10/03 09:07:32.829, 1, 22736
2026/10/03 09:07:32.829, 2, 22758
2026/10/03 09:07:32.829, 3, 21790
2026/10/03 09:07:32.829, 4, 119229
2026/10/03 09:07:32.829, 5, 119175
2026/10/03 09:07:32.829, 6, 119147
2026/10/03 09:07:32.829, 7, 119063
2026/10/03 09:07:33.829, 0, 23920
2026/10/03 09:07:33.829, 1, 22736
2026/10/03 09:07:33.829, 2, 22758
2026/10/03 09:07:33.829, 3, 21790
2026/10/03 09:07:33.830, 4, 119229
2026/10/03 09:07:33.830, 5, 119175
2026/10/03 09:07:33.830, 6, 119147
2026/10/03 09:07:33.830, 7, 119063
2026/10/03 09:07:34.830, 0, 23920
2026/10/03 09:07:34.830, 1, 22736
2026/10/03 09:07:34.830, 2, 22758
2026/10/03 09:07:34.830, 3, 21790
2026/10/03 09:07:34.830, 4, 119229
2026/10/03 09:07:34.830, 5, 119175
2026/10/03 09:07:34.830, 6, 119147
2026/10/03 09:07:34.830, 7, 119063
2026/10/03 09:07:35.830, 0, 23920
2026/10/03 09:07:35.830, 1, 22736
2026/10/03 09:07:35.830, 2, 22758
2026/10/03 09:07:35.830, 3, 21790
2026/10/03 09:07:35.830, 4, 119229
2026/10/03 09:07:35.830, 5, 119175
2026/10/03 09:07:35.830, 6, 119147
2026/10/03 09:07:35.830, 7, 119063
2026/10/03 09:07:36.830, 0, 35792
2026/10/03 09:07:36.830, 1, 34602
2026/10/03 09:07:36.830, 2, 34624
2026/10/03 09:07:36.830, 3, 33662
2026/10/03 09:07:36.830, 4, 119229
2026/10/03 09:07:36.830, 5, 119175
2026/10/03 09:07:36.830, 6, 119147
2026/10/03 09:07:36.830, 7, 119063
2026/10/03 09:07:37.830, 0, 35792
2026/10/03 09:07:37.831, 1, 34602
2026/10/03 09:07:37.831, 2, 34624
2026/10/03 09:07:37.831, 3, 33662
2026/10/03 09:07:37.831, 4, 119229
2026/10/03 09:07:37.831, 5, 120743
2026/10/03 09:07:37.831, 6, 119147
2026/10/03 09:07:37.831, 7, 119063
2026/10/03 09:07:38.831, 0, 35792
2026/10/03 09:07:38.831, 1, 34602
2026/10/03 09:07:38.831, 2, 34624
2026/10/03 09:07:38.831, 3, 33662
2026/10/03 09:07:38.831, 4, 119229
2026/10/03 09:07:38.831, 5, 121241
2026/10/03 09:07:38.831, 6, 119147
2026/10/03 09:07:38.831, 7, 119063
2026/10/03 09:07:39.831, 0, 35792
2026/10/03 09:07:39.831, 1, 34602
2026/10/03 09:07:39.831, 2, 34624
2026/10/03 09:07:39.831, 3, 33662
2026/10/03 09:07:39.831, 4, 119229
2026/10/03 09:07:39.831, 5, 121241
2026/10/03 09:07:39.831, 6, 119147
2026/10/03 09:07:39.831, 7, 119201
2026/10/03 09:07:40.831, 0, 71714
2026/10/03 09:07:40.831, 1, 70502
2026/10/03 09:07:40.831, 2, 70492
2026/10/03 09:07:40.831, 3, 69508
2026/10/03 09:07:40.831, 4, 119229
2026/10/03 09:07:40.831, 5, 121241
2026/10/03 09:07:40.831, 6, 119147
2026/10/03 09:07:40.831, 7, 119201
2026/10/03 09:07:41.831, 0, 71716
2026/10/03 09:07:41.832, 1, 70502
2026/10/03 09:07:41.832, 2, 70492
2026/10/03 09:07:41.832, 3, 69508
2026/10/03 09:07:41.832, 4, 119229
2026/10/03 09:07:41.832, 5, 121241
2026/10/03 09:07:41.832, 6, 119147
2026/10/03 09:07:41.832, 7, 119201
2026/10/03 09:07:42.832, 0, 71716
2026/10/03 09:07:42.832, 1, 70502
2026/10/03 09:07:42.832, 2, 70498
2026/10/03 09:07:42.832, 3, 69508
2026/10/03 09:07:42.832, 4, 119229
2026/10/03 09:07:42.832, 5, 121241
2026/10/03 09:07:42.832, 6, 119147
2026/10/03 09:07:42.832, 7, 119201
2026/10/03 09:07:43.832, 0, 71720
2026/10/03 09:07:43.833, 1, 70502
2026/10/03 09:07:43.833, 2, 70498
2026/10/03 09:07:43.833, 3, 69508
2026/10/03 09:07:43.833, 4, 119229
2026/10/03 09:07:43.833, 5, 121241
2026/10/03 09:07:43.833, 6, 119147
2026/10/03 09:07:43.833, 7, 119201
2026/10/03 09:07:44.833, 0, 71724
2026/10/03 09:07:44.833, 1, 70502
2026/10/03 09:07:44.833, 2, 70498
2026/10/03 09:07:44.833, 3, 69508
2026/10/03 09:07:44.833, 4, 119229
2026/10/03 09:07:44.833, 5, 121241
2026/10/03 09:07:44.833, 6, 119147
2026/10/03 09:07:44.833, 7, 119201
2026/10/03 09:07:45.833, 0, 71738
2026/10/03 09:07:45.833, 1, 70534
2026/10/03 09:07:45.833, 2, 70524
2026/10/03 09:07:45.833, 3, 69508
2026/10/03 09:07:45.833, 4, 119229
2026/10/03 09:07:45.833, 5, 121241
2026/10/03 09:07:45.833, 6, 119147
2026/10/03 09:07:45.833, 7, 119201
2026/10/03 09:07:46.833, 0, 71750
2026/10/03 09:07:46.833, 1, 70534
2026/10/03 09:07:46.833, 2, 70532
2026/10/03 09:07:46.833, 3, 69528
2026/10/03 09:07:46.833, 4, 119229
2026/10/03 09:07:46.833, 5, 121241
2026/10/03 09:07:46.833, 6, 119147
2026/10/03 09:07:46.833, 7, 119201
2026/10/03 09:07:47.833, 0, 71754
2026/10/03 09:07:47.850, 1, 70536
2026/10/03 09:07:47.857, 2, 70532
2026/10/03 09:07:47.865, 3, 69528
2026/10/03 09:07:47.870, 4, 119229
2026/10/03 09:07:47.877, 5, 121241
2026/10/03 09:07:47.884, 6, 119147
2026/10/03 09:07:47.891, 7, 119201
2026/10/03 09:07:48.896, 0, 71754
2026/10/03 09:07:48.902, 1, 70536
2026/10/03 09:07:48.902, 2, 70532
2026/10/03 09:07:48.902, 3, 69528
2026/10/03 09:07:48.902, 4, 118615
2026/10/03 09:07:48.902, 5, 118615
2026/10/03 09:07:48.902, 6, 118615
2026/10/03 09:07:48.902, 7, 118373
2026/10/03 09:07:49.902, 0, 71754
2026/10/03 09:07:49.902, 1, 70536
2026/10/03 09:07:49.902, 2, 70532
2026/10/03 09:07:49.902, 3, 69528
2026/10/03 09:07:49.902, 4, 118637
2026/10/03 09:07:49.902, 5, 118637
2026/10/03 09:07:49.902, 6, 118637
2026/10/03 09:07:49.902, 7, 118395
2026/10/03 09:07:50.902, 0, 71754
2026/10/03 09:07:50.902, 1, 70536
2026/10/03 09:07:50.902, 2, 70532
2026/10/03 09:07:50.902, 3, 69528
2026/10/03 09:07:50.902, 4, 118637
2026/10/03 09:07:50.902, 5, 118637
2026/10/03 09:07:50.902, 6, 118637
2026/10/03 09:07:50.902, 7, 118395
2026/10/03 09:07:51.903, 0, 71754
2026/10/03 09:07:51.903, 1, 70536
2026/10/03 09:07:51.903, 2, 70532
2026/10/03 09:07:51.903, 3, 69528
2026/10/03 09:07:51.903, 4, 118637
2026/10/03 09:07:51.903, 5, 118637
2026/10/03 09:07:51.903, 6, 118639
2026/10/03 09:07:51.903, 7, 118395
2026/10/03 09:07:52.903, 0, 71754
2026/10/03 09:07:52.903, 1, 70536
2026/10/03 09:07:52.903, 2, 70532
2026/10/03 09:07:52.903, 3, 69528
2026/10/03 09:07:52.903, 4, 118639
2026/10/03 09:07:52.903, 5, 118637
2026/10/03 09:07:52.903, 6, 118639
2026/10/03 09:07:52.903, 7, 118395
2026/10/03 09:07:53.903, 0, 71754
2026/10/03 09:07:53.903, 1, 70536
2026/10/03 09:07:53.903, 2, 76468
2026/10/03 09:07:53.903, 3, 69528
2026/10/03 09:07:53.903, 4, 118639
2026/10/03 09:07:53.903, 5, 118637
2026/10/03 09:07:53.903, 6, 118639
2026/10/03 09:07:53.903, 7, 118395
2026/10/03 09:07:54.903, 0, 71754
2026/10/03 09:07:54.903, 1, 70536
2026/10/03 09:07:54.903, 2, 76468
2026/10/03 09:07:54.903, 3, 69528
2026/10/03 09:07:54.903, 4, 118639
2026/10/03 09:07:54.904, 5, 118637
2026/10/03 09:07:54.904, 6, 118639
2026/10/03 09:07:54.904, 7, 118395
2026/10/03 09:07:55.904, 0, 71754
2026/10/03 09:07:55.904, 1, 70536
2026/10/03 09:07:55.904, 2, 76468
2026/10/03 09:07:55.904, 3, 69528
2026/10/03 09:07:55.904, 4, 118639
2026/10/03 09:07:55.904, 5, 118637
2026/10/03 09:07:55.904, 6, 118639
2026/10/03 09:07:55.904, 7, 118395
2026/10/03 09:07:56.904, 0, 71754
2026/10/03 09:07:56.904, 1, 70536
2026/10/03 09:07:56.904, 2, 76468
2026/10/03 09:07:56.904, 3, 69528
2026/10/03 09:07:56.904, 4, 118639
2026/10/03 09:07:56.904, 5, 118637
2026/10/03 09:07:56.904, 6, 118641
2026/10/03 09:07:56.904, 7, 118395
2026/10/03 09:07:57.904, 0, 71754
2026/10/03 09:07:57.904, 1, 70536
2026/10/03 09:07:57.904, 2, 76468
2026/10/03 09:07:57.904, 3, 69528
2026/10/03 09:07:57.904, 4, 118639
2026/10/03 09:07:57.904, 5, 118637
2026/10/03 09:07:57.904, 6, 118641
2026/10/03 09:07:57.904, 7, 118395
2026/10/03 09:07:58.904, 0, 71754
2026/10/03 09:07:58.904, 1, 70536
2026/10/03 09:07:58.905, 2, 76468
2026/10/03 09:07:58.905, 3, 69528
2026/10/03 09:07:58.905, 4, 118639
2026/10/03 09:07:58.905, 5, 118637
2026/10/03 09:07:58.905, 6, 118641
2026/10/03 09:07:58.905, 7, 118395
2026/10/03 09:07:59.905, 0, 71754
2026/10/03 09:07:59.906, 1, 70536
2026/10/03 09:07:59.906, 2, 76468
2026/10/03 09:07:59.906, 3, 69528
2026/10/03 09:07:59.906, 4, 118639
2026/10/03 09:07:59.906, 5, 118637
2026/10/03 09:07:59.906, 6, 118641
2026/10/03 09:07:59.906, 7, 118395
2026/10/03 09:08:00.906, 0, 71754
2026/10/03 09:08:00.906, 1, 70536
2026/10/03 09:08:00.906, 2, 76468
2026/10/03 09:08:00.906, 3, 69528
2026/10/03 09:08:00.906, 4, 118639
2026/10/03 09:08:00.906, 5, 118637
2026/10/03 09:08:00.906, 6, 118641
2026/10/03 09:08:00.906, 7, 118397
2026/10/03 09:08:01.906, 0, 71756
2026/10/03 09:08:01.906, 1, 70540
2026/10/03 09:08:01.907, 2, 76468
2026/10/03 09:08:01.907, 3, 69528
2026/10/03 09:08:01.907, 4, 118685
2026/10/03 09:08:01.907, 5, 118637
2026/10/03 09:08:01.907, 6, 118761
2026/10/03 09:08:01.907, 7, 118397
2026/10/03 09:08:02.907, 0, 71756
2026/10/03 09:08:02.907, 1, 70540
2026/10/03 09:08:02.907, 2, 76468
2026/10/03 09:08:02.907, 3, 69528
2026/10/03 09:08:02.907, 4, 118685
2026/10/03 09:08:02.907, 5, 118637
2026/10/03 09:08:02.907, 6, 118761
2026/10/03 09:08:02.907, 7, 118397
2026/10/03 09:08:03.907, 0, 71756
2026/10/03 09:08:03.907, 1, 70540
2026/10/03 09:08:03.907, 2, 76468
2026/10/03 09:08:03.907, 3, 69528
2026/10/03 09:08:03.908, 4, 119253
2026/10/03 09:08:03.908, 5, 119253
2026/10/03 09:08:03.908, 6, 119253
2026/10/03 09:08:03.908, 7, 118373
2026/10/03 09:08:04.908, 0, 71756
2026/10/03 09:08:04.908, 1, 70540
2026/10/03 09:08:04.908, 2, 76468
2026/10/03 09:08:04.908, 3, 69528
2026/10/03 09:08:04.908, 4, 118615
2026/10/03 09:08:04.908, 5, 118615
2026/10/03 09:08:04.908, 6, 118615
2026/10/03 09:08:04.908, 7, 118373
2026/10/03 09:08:05.908, 0, 71756
2026/10/03 09:08:05.908, 1, 70540
2026/10/03 09:08:05.908, 2, 76468
2026/10/03 09:08:05.908, 3, 69528
2026/10/03 09:08:05.908, 4, 118615
2026/10/03 09:08:05.908, 5, 118615
2026/10/03 09:08:05.908, 6, 118615
2026/10/03 09:08:05.908, 7, 118373
2026/10/03 09:08:06.908, 0, 71756
2026/10/03 09:08:06.908, 1, 70540
2026/10/03 09:08:06.908, 2, 76468
2026/10/03 09:08:06.908, 3, 69528
2026/10/03 09:08:06.908, 4, 118615
2026/10/03 09:08:06.908, 5, 118615
2026/10/03 09:08:06.908, 6, 118615
2026/10/03 09:08:06.908, 7, 118373
2026/10/03 09:08:07.908, 0, 71756
2026/10/03 09:08:07.908, 1, 70540
2026/10/03 09:08:07.908, 2, 76468
2026/10/03 09:08:07.908, 3, 69528
2026/10/03 09:08:07.908, 4, 118615
2026/10/03 09:08:07.908, 5, 118615
2026/10/03 09:08:07.908, 6, 118615
2026/10/03 09:08:07.909, 7, 118373
2026/10/03 09:08:08.909, 0, 71756
2026/10/03 09:08:08.909, 1, 70540
2026/10/03 09:08:08.909, 2, 76468
2026/10/03 09:08:08.909, 3, 69528
2026/10/03 09:08:08.909, 4, 118615
2026/10/03 09:08:08.909, 5, 118615
2026/10/03 09:08:08.909, 6, 118615
2026/10/03 09:08:08.909, 7, 118373
2026/10/03 09:08:09.909, 0, 71756
2026/10/03 09:08:09.909, 1, 70540
2026/10/03 09:08:09.909, 2, 76468
2026/10/03 09:08:09.909, 3, 69528
2026/10/03 09:08:09.909, 4, 118615
2026/10/03 09:08:09.909, 5, 118615
2026/10/03 09:08:09.909, 6, 118615
2026/10/03 09:08:09.909, 7, 118373
2026/10/03 09:08:10.909, 0, 71756
2026/10/03 09:08:10.909, 1, 70540
2026/10/03 09:08:10.909, 2, 76468
2026/10/03 09:08:10.909, 3, 69528
2026/10/03 09:08:10.909, 4, 118937
2026/10/03 09:08:10.909, 5, 118969
2026/10/03 09:08:10.909, 6, 118733
2026/10/03 09:08:10.909, 7, 118649
2026/10/03 09:08:11.909, 0, 71756
2026/10/03 09:08:11.909, 1, 70540
2026/10/03 09:08:11.909, 2, 76468
2026/10/03 09:08:11.910, 3, 69528
2026/10/03 09:08:11.910, 4, 118939
2026/10/03 09:08:11.910, 5, 120447
2026/10/03 09:08:11.910, 6, 119063
2026/10/03 09:08:11.910, 7, 118925
2026/10/03 09:08:12.910, 0, 71756
2026/10/03 09:08:12.910, 1, 70540
2026/10/03 09:08:12.910, 2, 76468
2026/10/03 09:08:12.910, 3, 69528
2026/10/03 09:08:12.910, 4, 118939
2026/10/03 09:08:12.910, 5, 125589
2026/10/03 09:08:12.910, 6, 119063
2026/10/03 09:08:12.910, 7, 118925
2026/10/03 09:08:13.910, 0, 71756
2026/10/03 09:08:13.910, 1, 70540
2026/10/03 09:08:13.910, 2, 76468
2026/10/03 09:08:13.910, 3, 69528
2026/10/03 09:08:13.910, 4, 118939
2026/10/03 09:08:13.910, 5, 125589
2026/10/03 09:08:13.910, 6, 119063
2026/10/03 09:08:13.910, 7, 118925
2026/10/03 09:08:14.910, 0, 71756
2026/10/03 09:08:14.911, 1, 70540
2026/10/03 09:08:14.911, 2, 76468
2026/10/03 09:08:14.911, 3, 69528
2026/10/03 09:08:14.911, 4, 118939
2026/10/03 09:08:14.911, 5, 125589
2026/10/03 09:08:14.911, 6, 119063
2026/10/03 09:08:14.911, 7, 118925
2026/10/03 09:08:15.911, 0, 71756
2026/10/03 09:08:15.911, 1, 70540
2026/10/03 09:08:15.911, 2, 76468
2026/10/03 09:08:15.911, 3, 69528
2026/10/03 09:08:15.911, 4, 118939
2026/10/03 09:08:15.911, 5, 125589
2026/10/03 09:08:15.911, 6, 119063
2026/10/03 09:08:15.911, 7, 118925
2026/10/03 09:08:16.911, 0, 71756
2026/10/03 09:08:16.911, 1, 70540
2026/10/03 09:08:16.911, 2, 76468
2026/10/03 09:08:16.911, 3, 69528
2026/10/03 09:08:16.911, 4, 118939
2026/10/03 09:08:16.911, 5, 125589
2026/10/03 09:08:16.911, 6, 119063
2026/10/03 09:08:16.911, 7, 118925
2026/10/03 09:08:17.911, 0, 71756
2026/10/03 09:08:17.919, 1, 70540
2026/10/03 09:08:17.927, 2, 76468
2026/10/03 09:08:17.934, 3, 69528
2026/10/03 09:08:17.944, 4, 118939
2026/10/03 09:08:17.951, 5, 125589
2026/10/03 09:08:17.959, 6, 119063
2026/10/03 09:08:17.967, 7, 118925
2026/10/03 09:08:18.973, 0, 71756
2026/10/03 09:08:18.974, 1, 70540
2026/10/03 09:08:18.975, 2, 76468
2026/10/03 09:08:18.977, 3, 69528
2026/10/03 09:08:18.977, 4, 118939
2026/10/03 09:08:18.978, 5, 125589
2026/10/03 09:08:18.979, 6, 119063
2026/10/03 09:08:18.979, 7, 118925
2026/10/03 09:08:19.980, 0, 71756
2026/10/03 09:08:19.980, 1, 70540
2026/10/03 09:08:19.980, 2, 76468
2026/10/03 09:08:19.980, 3, 69528
2026/10/03 09:08:19.980, 4, 118939
2026/10/03 09:08:19.980, 5, 125589
2026/10/03 09:08:19.981, 6, 119063
2026/10/03 09:08:19.981, 7, 118925
2026/10/03 09:08:20.981, 0, 71756
2026/10/03 09:08:20.981, 1, 70540
2026/10/03 09:08:20.981, 2, 76468
2026/10/03 09:08:20.981, 3, 69528
2026/10/03 09:08:20.981, 4, 118939
2026/10/03 09:08:20.981, 5, 125589
2026/10/03 09:08:20.981, 6, 119063
2026/10/03 09:08:20.981, 7, 118925
2026/10/03 09:08:21.981, 0, 71756
2026/10/03 09:08:21.981, 1, 76472
2026/10/03 09:08:21.981, 2, 76472
2026/10/03 09:08:21.981, 3, 69528
2026/10/03 09:08:21.981, 4, 118939
2026/10/03 09:08:21.981, 5, 125589
2026/10/03 09:08:21.981, 6, 119063
2026/10/03 09:08:21.981, 7, 118925
2026/10/03 09:08:22.981, 0, 71756
2026/10/03 09:08:22.981, 1, 76472
2026/10/03 09:08:22.981, 2, 76472
2026/10/03 09:08:22.981, 3, 69528
2026/10/03 09:08:22.982, 4, 118615
2026/10/03 09:08:22.982, 5, 118615
2026/10/03 09:08:22.982, 6, 118615
2026/10/03 09:08:22.982, 7, 118373
2026/10/03 09:08:23.982, 0, 71756
2026/10/03 09:08:23.982, 1, 76472
2026/10/03 09:08:23.982, 2, 76472
2026/10/03 09:08:23.982, 3, 69528
2026/10/03 09:08:23.982, 4, 118639
2026/10/03 09:08:23.982, 5, 118637
2026/10/03 09:08:23.982, 6, 118637
2026/10/03 09:08:23.982, 7, 118395
2026/10/03 09:08:24.982, 0, 71756
2026/10/03 09:08:24.982, 1, 76472
2026/10/03 09:08:24.982, 2, 76472
2026/10/03 09:08:24.982, 3, 69528
2026/10/03 09:08:24.982, 4, 118655
2026/10/03 09:08:24.982, 5, 118637
2026/10/03 09:08:24.982, 6, 118637
2026/10/03 09:08:24.982, 7, 118395
2026/10/03 09:08:25.982, 0, 71756
2026/10/03 09:08:25.982, 1, 76472
2026/10/03 09:08:25.982, 2, 76472
2026/10/03 09:08:25.982, 3, 69528
2026/10/03 09:08:25.982, 4, 118655
2026/10/03 09:08:25.983, 5, 118639
2026/10/03 09:08:25.983, 6, 118637
2026/10/03 09:08:25.983, 7, 118397
2026/10/03 09:08:26.983, 0, 71756
2026/10/03 09:08:26.983, 1, 76472
2026/10/03 09:08:26.983, 2, 76472
2026/10/03 09:08:26.983, 3, 69528
2026/10/03 09:08:26.983, 4, 118655
2026/10/03 09:08:26.983, 5, 118639
2026/10/03 09:08:26.983, 6, 118637
2026/10/03 09:08:26.983, 7, 118397
2026/10/03 09:08:27.983, 0, 71756
2026/10/03 09:08:27.983, 1, 76472
2026/10/03 09:08:27.983, 2, 76472
2026/10/03 09:08:27.983, 3, 69528
2026/10/03 09:08:27.983, 4, 118655
2026/10/03 09:08:27.983, 5, 118639
2026/10/03 09:08:27.983, 6, 118637
2026/10/03 09:08:27.983, 7, 118397
2026/10/03 09:08:28.983, 0, 71756
2026/10/03 09:08:28.983, 1, 82408
2026/10/03 09:08:28.983, 2, 76472
2026/10/03 09:08:28.983, 3, 69528
2026/10/03 09:08:28.983, 4, 118655
2026/10/03 09:08:28.984, 5, 118639
2026/10/03 09:08:28.984, 6, 118637
2026/10/03 09:08:28.984, 7, 118397
2026/10/03 09:08:29.984, 0, 71756
2026/10/03 09:08:29.984, 1, 82408
2026/10/03 09:08:29.984, 2, 76472
2026/10/03 09:08:29.984, 3, 69528
2026/10/03 09:08:29.984, 4, 118655
2026/10/03 09:08:29.984, 5, 118639
2026/10/03 09:08:29.984, 6, 118637
2026/10/03 09:08:29.984, 7, 118397
2026/10/03 09:08:30.984, 0, 71756
2026/10/03 09:08:30.984, 1, 82408
2026/10/03 09:08:30.984, 2, 76472
2026/10/03 09:08:30.984, 3, 69528
2026/10/03 09:08:30.984, 4, 118655
2026/10/03 09:08:30.984, 5, 118639
2026/10/03 09:08:30.984, 6, 118637
2026/10/03 09:08:30.984, 7, 118397
2026/10/03 09:08:31.984, 0, 71756
2026/10/03 09:08:31.984, 1, 82408
2026/10/03 09:08:31.984, 2, 76472
2026/10/03 09:08:31.984, 3, 69528
2026/10/03 09:08:31.984, 4, 118655
2026/10/03 09:08:31.984, 5, 118639
2026/10/03 09:08:31.984, 6, 118637
2026/10/03 09:08:31.984, 7, 118397
2026/10/03 09:08:32.984, 0, 71756
2026/10/03 09:08:32.985, 1, 82408
2026/10/03 09:08:32.985, 2, 76472
2026/10/03 09:08:32.985, 3, 69528
2026/10/03 09:08:32.985, 4, 118655
2026/10/03 09:08:32.985, 5, 118639
2026/10/03 09:08:32.985, 6, 118637
2026/10/03 09:08:32.985, 7, 118397
2026/10/03 09:08:33.985, 0, 71758
2026/10/03 09:08:33.985, 1, 82408
2026/10/03 09:08:33.985, 2, 76472
2026/10/03 09:08:33.985, 3, 69528
2026/10/03 09:08:33.987, 4, 118655
2026/10/03 09:08:33.987, 5, 118639
2026/10/03 09:08:33.987, 6, 118639
2026/10/03 09:08:33.987, 7, 118397
2026/10/03 09:08:34.987, 0, 71758
2026/10/03 09:08:34.987, 1, 82408
2026/10/03 09:08:34.987, 2, 76472
2026/10/03 09:08:34.987, 3, 69528
2026/10/03 09:08:34.987, 4, 118755
2026/10/03 09:08:34.987, 5, 118639
2026/10/03 09:08:34.987, 6, 118711
2026/10/03 09:08:34.987, 7, 118397
2026/10/03 09:08:35.987, 0, 71758
2026/10/03 09:08:35.987, 1, 82408
2026/10/03 09:08:35.987, 2, 76472
2026/10/03 09:08:35.987, 3, 69528
2026/10/03 09:08:35.987, 4, 118755
2026/10/03 09:08:35.988, 5, 118639
2026/10/03 09:08:35.988, 6, 118711
2026/10/03 09:08:35.988, 7, 118397
2026/10/03 09:08:36.988, 0, 71758
2026/10/03 09:08:36.988, 1, 82408
2026/10/03 09:08:36.988, 2, 76472
2026/10/03 09:08:36.988, 3, 69528
2026/10/03 09:08:36.988, 4, 118615
2026/10/03 09:08:36.988, 5, 118615
2026/10/03 09:08:36.988, 6, 118615
2026/10/03 09:08:36.988, 7, 118373
2026/10/03 09:08:37.988, 0, 71758
2026/10/03 09:08:37.988, 1, 82408
2026/10/03 09:08:37.988, 2, 76472
2026/10/03 09:08:37.988, 3, 69528
2026/10/03 09:08:37.988, 4, 118615
2026/10/03 09:08:37.988, 5, 118615
2026/10/03 09:08:37.988, 6, 118615
2026/10/03 09:08:37.988, 7, 118373
2026/10/03 09:08:38.988, 0, 71758
2026/10/03 09:08:38.988, 1, 82408
2026/10/03 09:08:38.988, 2, 76472
2026/10/03 09:08:38.988, 3, 69528
2026/10/03 09:08:38.988, 4, 118615
2026/10/03 09:08:38.988, 5, 118615
2026/10/03 09:08:38.988, 6, 118615
2026/10/03 09:08:38.988, 7, 118373
2026/10/03 09:08:39.988, 0, 71758
2026/10/03 09:08:39.988, 1, 82408
2026/10/03 09:08:39.988, 2, 76472
2026/10/03 09:08:39.988, 3, 69528
2026/10/03 09:08:39.988, 4, 118615
2026/10/03 09:08:39.988, 5, 118615
2026/10/03 09:08:39.989, 6, 118615
2026/10/03 09:08:39.989, 7, 118373
2026/10/03 09:08:40.989, 0, 71758
2026/10/03 09:08:40.989, 1, 82408
2026/10/03 09:08:40.989, 2, 76472
2026/10/03 09:08:40.989, 3, 69528
2026/10/03 09:08:40.989, 4, 118615
2026/10/03 09:08:40.989, 5, 118615
2026/10/03 09:08:40.989, 6, 118615
2026/10/03 09:08:40.989, 7, 118373
2026/10/03 09:08:41.989, 0, 71758
2026/10/03 09:08:41.989, 1, 82408
2026/10/03 09:08:41.989, 2, 76472
2026/10/03 09:08:41.989, 3, 69528
2026/10/03 09:08:41.989, 4, 118615
2026/10/03 09:08:41.989, 5, 118615
2026/10/03 09:08:41.989, 6, 118615
2026/10/03 09:08:41.989, 7, 118373
2026/10/03 09:08:42.989, 0, 71758
2026/10/03 09:08:42.989, 1, 82408
2026/10/03 09:08:42.989, 2, 76472
2026/10/03 09:08:42.989, 3, 69528
2026/10/03 09:08:42.989, 4, 118615
2026/10/03 09:08:42.989, 5, 118615
2026/10/03 09:08:42.989, 6, 118615
2026/10/03 09:08:42.989, 7, 118373
2026/10/03 09:08:43.989, 0, 71758
2026/10/03 09:08:43.990, 1, 82408
2026/10/03 09:08:43.990, 2, 76472
2026/10/03 09:08:43.990, 3, 69528
2026/10/03 09:08:43.990, 4, 118615
2026/10/03 09:08:43.990, 5, 118615
2026/10/03 09:08:43.990, 6, 118615
2026/10/03 09:08:43.990, 7, 118373
2026/10/03 09:08:44.990, 0, 71758
2026/10/03 09:08:44.990, 1, 82408
2026/10/03 09:08:44.990, 2, 76472
2026/10/03 09:08:44.990, 3, 69528
2026/10/03 09:08:44.990, 4, 118615
2026/10/03 09:08:44.990, 5, 118615
2026/10/03 09:08:44.990, 6, 118615
2026/10/03 09:08:44.990, 7, 118373
2026/10/03 09:08:45.990, 0, 71758
2026/10/03 09:08:45.990, 1, 82408
2026/10/03 09:08:45.990, 2, 76472
2026/10/03 09:08:45.990, 3, 69528
2026/10/03 09:08:45.990, 4, 118615
2026/10/03 09:08:45.990, 5, 118685
2026/10/03 09:08:45.990, 6, 118679
2026/10/03 09:08:45.990, 7, 118523
2026/10/03 09:08:46.991, 0, 71758
2026/10/03 09:08:46.991, 1, 82408
2026/10/03 09:08:46.991, 2, 76472
2026/10/03 09:08:46.991, 3, 69528
2026/10/03 09:08:46.991, 4, 118719
2026/10/03 09:08:46.991, 5, 119873
2026/10/03 09:08:46.991, 6, 118909
2026/10/03 09:08:46.991, 7, 118991
2026/10/03 09:08:47.991, 0, 71758
2026/10/03 09:08:47.992, 1, 82408
2026/10/03 09:08:47.992, 2, 76472
2026/10/03 09:08:47.992, 3, 69528
2026/10/03 09:08:47.992, 4, 118953
2026/10/03 09:08:47.992, 5, 122113
2026/10/03 09:08:47.995, 6, 118911
2026/10/03 09:08:47.996, 7, 118991
2026/10/03 09:08:49.000, 0, 71758
2026/10/03 09:08:49.000, 1, 82408
2026/10/03 09:08:49.000, 2, 76472
2026/10/03 09:08:49.000, 3, 69528
2026/10/03 09:08:49.000, 4, 118953
2026/10/03 09:08:49.000, 5, 122695
2026/10/03 09:08:49.000, 6, 118911
2026/10/03 09:08:49.000, 7, 118991
2026/10/03 09:08:50.000, 0, 71758
2026/10/03 09:08:50.000, 1, 82408
2026/10/03 09:08:50.000, 2, 76472
2026/10/03 09:08:50.000, 3, 69528
2026/10/03 09:08:50.000, 4, 118953
2026/10/03 09:08:50.000, 5, 122695
2026/10/03 09:08:50.000, 6, 118911
2026/10/03 09:08:50.000, 7, 118991
2026/10/03 09:08:51.000, 0, 71758
2026/10/03 09:08:51.001, 1, 82408
2026/10/03 09:08:51.001, 2, 76472
2026/10/03 09:08:51.001, 3, 69528
2026/10/03 09:08:51.001, 4, 118953
2026/10/03 09:08:51.001, 5, 122695
2026/10/03 09:08:51.001, 6, 118911
2026/10/03 09:08:51.001, 7, 118991
2026/10/03 09:08:52.001, 0, 71758
2026/10/03 09:08:52.001, 1, 82408
2026/10/03 09:08:52.001, 2, 76472
2026/10/03 09:08:52.001, 3, 69528
2026/10/03 09:08:52.001, 4, 118953
2026/10/03 09:08:52.001, 5, 122695
2026/10/03 09:08:52.001, 6, 118911
2026/10/03 09:08:52.001, 7, 118991
2026/10/03 09:08:53.001, 0, 71758
2026/10/03 09:08:53.001, 1, 82408
2026/10/03 09:08:53.001, 2, 76472
2026/10/03 09:08:53.001, 3, 69528
2026/10/03 09:08:53.001, 4, 118953
2026/10/03 09:08:53.001, 5, 122695
2026/10/03 09:08:53.001, 6, 118911
2026/10/03 09:08:53.001, 7, 118991
2026/10/03 09:08:54.001, 0, 71758
2026/10/03 09:08:54.001, 1, 82408
2026/10/03 09:08:54.001, 2, 76472
2026/10/03 09:08:54.001, 3, 69528
2026/10/03 09:08:54.002, 4, 118953
2026/10/03 09:08:54.002, 5, 122695
2026/10/03 09:08:54.002, 6, 118911
2026/10/03 09:08:54.002, 7, 118991
2026/10/03 09:08:55.002, 0, 71758
2026/10/03 09:08:55.002, 1, 82408
2026/10/03 09:08:55.002, 2, 76472
2026/10/03 09:08:55.002, 3, 69528
2026/10/03 09:08:55.002, 4, 118953
2026/10/03 09:08:55.002, 5, 122695
2026/10/03 09:08:55.002, 6, 118911
2026/10/03 09:08:55.002, 7, 118991
2026/10/03 09:08:56.002, 0, 71758
2026/10/03 09:08:56.002, 1, 82408
2026/10/03 09:08:56.002, 2, 76472
2026/10/03 09:08:56.002, 3, 69528
2026/10/03 09:08:56.002, 4, 118953
2026/10/03 09:08:56.002, 5, 122695
2026/10/03 09:08:56.002, 6, 118911
2026/10/03 09:08:56.002, 7, 118991
2026/10/03 09:08:57.002, 0, 71762
2026/10/03 09:08:57.002, 1, 82408
2026/10/03 09:08:57.002, 2, 76472
2026/10/03 09:08:57.002, 3, 69528
2026/10/03 09:08:57.002, 4, 118953
2026/10/03 09:08:57.002, 5, 122695
2026/10/03 09:08:57.002, 6, 118911
2026/10/03 09:08:57.002, 7, 118991
2026/10/03 09:08:58.002, 0, 71762
2026/10/03 09:08:58.003, 1, 82408
2026/10/03 09:08:58.003, 2, 76472
2026/10/03 09:08:58.003, 3, 69528
2026/10/03 09:08:58.003, 4, 118615
2026/10/03 09:08:58.003, 5, 118615
2026/10/03 09:08:58.003, 6, 118615
2026/10/03 09:08:58.003, 7, 118373
2026/10/03 09:08:59.003, 0, 71762
2026/10/03 09:08:59.003, 1, 82408
2026/10/03 09:08:59.003, 2, 76472
2026/10/03 09:08:59.003, 3, 69528
2026/10/03 09:08:59.003, 4, 118639
2026/10/03 09:08:59.003, 5, 118639
2026/10/03 09:08:59.003, 6, 118639
2026/10/03 09:08:59.003, 7, 118395
2026/10/03 09:09:00.003, 0, 71762
2026/10/03 09:09:00.003, 1, 82408
2026/10/03 09:09:00.003, 2, 76472
2026/10/03 09:09:00.003, 3, 69528
2026/10/03 09:09:00.003, 4, 118639
2026/10/03 09:09:00.003, 5, 118639
2026/10/03 09:09:00.003, 6, 118639
2026/10/03 09:09:00.003, 7, 118395
2026/10/03 09:09:01.003, 0, 71762
2026/10/03 09:09:01.003, 1, 82408
2026/10/03 09:09:01.003, 2, 76472
2026/10/03 09:09:01.003, 3, 69528
2026/10/03 09:09:01.003, 4, 118639
2026/10/03 09:09:01.003, 5, 118639
2026/10/03 09:09:01.003, 6, 118639
2026/10/03 09:09:01.003, 7, 118395
2026/10/03 09:09:02.003, 0, 71762
2026/10/03 09:09:02.004, 1, 82408
2026/10/03 09:09:02.004, 2, 76472
2026/10/03 09:09:02.004, 3, 69528
2026/10/03 09:09:02.004, 4, 118639
2026/10/03 09:09:02.004, 5, 118639
2026/10/03 09:09:02.004, 6, 118639
2026/10/03 09:09:02.004, 7, 118395
2026/10/03 09:09:03.004, 0, 71762
2026/10/03 09:09:03.004, 1, 82408
2026/10/03 09:09:03.004, 2, 76472
2026/10/03 09:09:03.004, 3, 69528
2026/10/03 09:09:03.004, 4, 118639
2026/10/03 09:09:03.004, 5, 118639
2026/10/03 09:09:03.004, 6, 118639
2026/10/03 09:09:03.004, 7, 118395
2026/10/03 09:09:04.004, 0, 71762
2026/10/03 09:09:04.004, 1, 82408
2026/10/03 09:09:04.004, 2, 76472
2026/10/03 09:09:04.004, 3, 69528
2026/10/03 09:09:04.004, 4, 118639
2026/10/03 09:09:04.004, 5, 118639
2026/10/03 09:09:04.004, 6, 118639
2026/10/03 09:09:04.004, 7, 118395
2026/10/03 09:09:05.004, 0, 71762
2026/10/03 09:09:05.004, 1, 82408
2026/10/03 09:09:05.004, 2, 76472
2026/10/03 09:09:05.004, 3, 69528
2026/10/03 09:09:05.004, 4, 118639
2026/10/03 09:09:05.004, 5, 118639
2026/10/03 09:09:05.004, 6, 118639
2026/10/03 09:09:05.004, 7, 118395
2026/10/03 09:09:06.004, 0, 71762
2026/10/03 09:09:06.005, 1, 82408
2026/10/03 09:09:06.005, 2, 76472
2026/10/03 09:09:06.005, 3, 69528
2026/10/03 09:09:06.005, 4, 118639
2026/10/03 09:09:06.005, 5, 118639
2026/10/03 09:09:06.005, 6, 118639
2026/10/03 09:09:06.005, 7, 118395
2026/10/03 09:09:07.005, 0, 71762
2026/10/03 09:09:07.005, 1, 82408
2026/10/03 09:09:07.005, 2, 76472
2026/10/03 09:09:07.005, 3, 69528
2026/10/03 09:09:07.005, 4, 118639
2026/10/03 09:09:07.005, 5, 118639
2026/10/03 09:09:07.005, 6, 118639
2026/10/03 09:09:07.005, 7, 118395
2026/10/03 09:09:08.005, 0, 71762
2026/10/03 09:09:08.005, 1, 82408
2026/10/03 09:09:08.005, 2, 76472
2026/10/03 09:09:08.005, 3, 69528
2026/10/03 09:09:08.005, 4, 118639
2026/10/03 09:09:08.005, 5, 118639
2026/10/03 09:09:08.005, 6, 118639
2026/10/03 09:09:08.005, 7, 118395
2026/10/03 09:09:09.005, 0, 71762
2026/10/03 09:09:09.005, 1, 82408
2026/10/03 09:09:09.005, 2, 76472
2026/10/03 09:09:09.005, 3, 69528
2026/10/03 09:09:09.005, 4, 118639
2026/10/03 09:09:09.005, 5, 118639
2026/10/03 09:09:09.005, 6, 118713
2026/10/03 09:09:09.005, 7, 118395
2026/10/03 09:09:10.006, 0, 71762
2026/10/03 09:09:10.006, 1, 82408
2026/10/03 09:09:10.006, 2, 76472
2026/10/03 09:09:10.006, 3, 69528
2026/10/03 09:09:10.006, 4, 118685
2026/10/03 09:09:10.006, 5, 118639
2026/10/03 09:09:10.006, 6, 118713
2026/10/03 09:09:10.006, 7, 118397
2026/10/03 09:09:11.006, 0, 71762
2026/10/03 09:09:11.006, 1, 82408
2026/10/03 09:09:11.006, 2, 76472
2026/10/03 09:09:11.006, 3, 69528
2026/10/03 09:09:11.006, 4, 118685
2026/10/03 09:09:11.006, 5, 118639
2026/10/03 09:09:11.006, 6, 118713
2026/10/03 09:09:11.006, 7, 118397
2026/10/03 09:09:12.006, 0, 71762
2026/10/03 09:09:12.006, 1, 82408
2026/10/03 09:09:12.006, 2, 76472
2026/10/03 09:09:12.006, 3, 69528
2026/10/03 09:09:12.006, 4, 118685
2026/10/03 09:09:12.006, 5, 118639
2026/10/03 09:09:12.006, 6, 118713
2026/10/03 09:09:12.006, 7, 118397
2026/10/03 09:09:13.006, 0, 71762
2026/10/03 09:09:13.006, 1, 82408
2026/10/03 09:09:13.006, 2, 76472
2026/10/03 09:09:13.006, 3, 69528
2026/10/03 09:09:13.006, 4, 118615
2026/10/03 09:09:13.006, 5, 118615
2026/10/03 09:09:13.006, 6, 118615
2026/10/03 09:09:13.006, 7, 118373
2026/10/03 09:09:14.007, 0, 71762
2026/10/03 09:09:14.007, 1, 82408
2026/10/03 09:09:14.007, 2, 76472
2026/10/03 09:09:14.007, 3, 69528
2026/10/03 09:09:14.007, 4, 119253
2026/10/03 09:09:14.007, 5, 119253
2026/10/03 09:09:14.007, 6, 119253
2026/10/03 09:09:14.007, 7, 118373
2026/10/03 09:09:15.007, 0, 71762
2026/10/03 09:09:15.007, 1, 82408
2026/10/03 09:09:15.007, 2, 76472
2026/10/03 09:09:15.007, 3, 69528
2026/10/03 09:09:15.007, 4, 118615
2026/10/03 09:09:15.007, 5, 118615
2026/10/03 09:09:15.007, 6, 118615
2026/10/03 09:09:15.007, 7, 118373
2026/10/03 09:09:16.007, 0, 71762
2026/10/03 09:09:16.007, 1, 82408
2026/10/03 09:09:16.007, 2, 76472
2026/10/03 09:09:16.007, 3, 69528
2026/10/03 09:09:16.007, 4, 118615
2026/10/03 09:09:16.007, 5, 118615
2026/10/03 09:09:16.007, 6, 118615
2026/10/03 09:09:16.007, 7, 118373
2026/10/03 09:09:17.008, 0, 71762
2026/10/03 09:09:17.008, 1, 82408
2026/10/03 09:09:17.008, 2, 76472
2026/10/03 09:09:17.008, 3, 69528
2026/10/03 09:09:17.008, 4, 118615
2026/10/03 09:09:17.008, 5, 118615
2026/10/03 09:09:17.008, 6, 118615
2026/10/03 09:09:17.008, 7, 118373
2026/10/03 09:09:18.008, 0, 71762
2026/10/03 09:09:18.008, 1, 82408
2026/10/03 09:09:18.011, 2, 76472
2026/10/03 09:09:18.011, 3, 69528
2026/10/03 09:09:18.014, 4, 118615
2026/10/03 09:09:18.015, 5, 118615
2026/10/03 09:09:18.017, 6, 118615
2026/10/03 09:09:18.019, 7, 118373
2026/10/03 09:09:19.020, 0, 71762
2026/10/03 09:09:19.020, 1, 82408
2026/10/03 09:09:19.020, 2, 76472
2026/10/03 09:09:19.020, 3, 69528
2026/10/03 09:09:19.020, 4, 118615
2026/10/03 09:09:19.020, 5, 118615
2026/10/03 09:09:19.020, 6, 118615
2026/10/03 09:09:19.020, 7, 118373
2026/10/03 09:09:20.021, 0, 71762
2026/10/03 09:09:20.021, 1, 82408
2026/10/03 09:09:20.021, 2, 76472
2026/10/03 09:09:20.021, 3, 69528
2026/10/03 09:09:20.021, 4, 118615
2026/10/03 09:09:20.021, 5, 118615
2026/10/03 09:09:20.021, 6, 118615
2026/10/03 09:09:20.021, 7, 118373
2026/10/03 09:09:21.021, 0, 71762
2026/10/03 09:09:21.021, 1, 82408
2026/10/03 09:09:21.021, 2, 76472
2026/10/03 09:09:21.021, 3, 69528
2026/10/03 09:09:21.021, 4, 118615
2026/10/03 09:09:21.021, 5, 118615
2026/10/03 09:09:21.021, 6, 118615
2026/10/03 09:09:21.021, 7, 118373
2026/10/03 09:09:22.021, 0, 71762
2026/10/03 09:09:22.021, 1, 82408
2026/10/03 09:09:22.021, 2, 76472
2026/10/03 09:09:22.021, 3, 69528
2026/10/03 09:09:22.021, 4, 118691
2026/10/03 09:09:22.021, 5, 119163
2026/10/03 09:09:22.021, 6, 118639
2026/10/03 09:09:22.021, 7, 118581
2026/10/03 09:09:23.021, 0, 71762
2026/10/03 09:09:23.021, 1, 82408
2026/10/03 09:09:23.021, 2, 76472
2026/10/03 09:09:23.021, 3, 69528
2026/10/03 09:09:23.021, 4, 118853
2026/10/03 09:09:23.021, 5, 119969
2026/10/03 09:09:23.021, 6, 119081
2026/10/03 09:09:23.021, 7, 118893
2026/10/03 09:09:24.022, 0, 71762
2026/10/03 09:09:24.022, 1, 82408
2026/10/03 09:09:24.022, 2, 76472
2026/10/03 09:09:24.022, 3, 69528
2026/10/03 09:09:24.022, 4, 118853
2026/10/03 09:09:24.022, 5, 120583
2026/10/03 09:09:24.022, 6, 119081
2026/10/03 09:09:24.022, 7, 118893
2026/10/03 09:09:25.022, 0, 71762
2026/10/03 09:09:25.022, 1, 82408
2026/10/03 09:09:25.022, 2, 76472
2026/10/03 09:09:25.022, 3, 69528
2026/10/03 09:09:25.022, 4, 118853
2026/10/03 09:09:25.022, 5, 121419
2026/10/03 09:09:25.022, 6, 119081
2026/10/03 09:09:25.022, 7, 118893
2026/10/03 09:09:26.022, 0, 71762
2026/10/03 09:09:26.022, 1, 82408
2026/10/03 09:09:26.022, 2, 76472
2026/10/03 09:09:26.022, 3, 69528
2026/10/03 09:09:26.022, 4, 118853
2026/10/03 09:09:26.022, 5, 121419
2026/10/03 09:09:26.022, 6, 119081
2026/10/03 09:09:26.022, 7, 118893
2026/10/03 09:09:27.022, 0, 71762
2026/10/03 09:09:27.022, 1, 82408
2026/10/03 09:09:27.022, 2, 76472
2026/10/03 09:09:27.022, 3, 69528
2026/10/03 09:09:27.022, 4, 118853
2026/10/03 09:09:27.022, 5, 121419
2026/10/03 09:09:27.022, 6, 119081
2026/10/03 09:09:27.022, 7, 118893
2026/10/03 09:09:28.023, 0, 71762
2026/10/03 09:09:28.023, 1, 82408
2026/10/03 09:09:28.023, 2, 76472
2026/10/03 09:09:28.023, 3, 69528
2026/10/03 09:09:28.023, 4, 118853
2026/10/03 09:09:28.023, 5, 121419
2026/10/03 09:09:28.023, 6, 119081
2026/10/03 09:09:28.023, 7, 118893
2026/10/03 09:09:29.023, 0, 71762
2026/10/03 09:09:29.023, 1, 82408
2026/10/03 09:09:29.023, 2, 76472
2026/10/03 09:09:29.023, 3, 69528
2026/10/03 09:09:29.023, 4, 118853
2026/10/03 09:09:29.023, 5, 121419
2026/10/03 09:09:29.023, 6, 119081
2026/10/03 09:09:29.023, 7, 118893
2026/10/03 09:09:30.023, 0, 71762
2026/10/03 09:09:30.024, 1, 82408
2026/10/03 09:09:30.024, 2, 76472
2026/10/03 09:09:30.024, 3, 69528
2026/10/03 09:09:30.024, 4, 118853
2026/10/03 09:09:30.024, 5, 121419
2026/10/03 09:09:30.024, 6, 119081
2026/10/03 09:09:30.024, 7, 118893
2026/10/03 09:09:31.024, 0, 71762
2026/10/03 09:09:31.024, 1, 82408
2026/10/03 09:09:31.024, 2, 76472
2026/10/03 09:09:31.024, 3, 69528
2026/10/03 09:09:31.024, 4, 118853
2026/10/03 09:09:31.024, 5, 121419
2026/10/03 09:09:31.024, 6, 119081
2026/10/03 09:09:31.024, 7, 118893
2026/10/03 09:09:32.024, 0, 71762
2026/10/03 09:09:32.025, 1, 82408
2026/10/03 09:09:32.025, 2, 76472
2026/10/03 09:09:32.025, 3, 69528
2026/10/03 09:09:32.025, 4, 118853
2026/10/03 09:09:32.025, 5, 121419
2026/10/03 09:09:32.025, 6, 119081
2026/10/03 09:09:32.025, 7, 118893
2026/10/03 09:09:33.025, 0, 71762
2026/10/03 09:09:33.025, 1, 82408
2026/10/03 09:09:33.025, 2, 76472
2026/10/03 09:09:33.025, 3, 69528
2026/10/03 09:09:33.026, 4, 118853
2026/10/03 09:09:33.026, 5, 121419
2026/10/03 09:09:33.026, 6, 119081
2026/10/03 09:09:33.026, 7, 118893
2026/10/03 09:09:34.026, 0, 71762
2026/10/03 09:09:34.026, 1, 82408
2026/10/03 09:09:34.026, 2, 76476
2026/10/03 09:09:34.026, 3, 69528
2026/10/03 09:09:34.026, 4, 118853
2026/10/03 09:09:34.026, 5, 121419
2026/10/03 09:09:34.026, 6, 119081
2026/10/03 09:09:34.026, 7, 118893
2026/10/03 09:09:35.026, 0, 71762
2026/10/03 09:09:35.026, 1, 82408
2026/10/03 09:09:35.026, 2, 76476
2026/10/03 09:09:35.026, 3, 69528
2026/10/03 09:09:35.026, 4, 118641
2026/10/03 09:09:35.026, 5, 118637
2026/10/03 09:09:35.026, 6, 118639
2026/10/03 09:09:35.026, 7, 118395
2026/10/03 09:09:36.026, 0, 71762
2026/10/03 09:09:36.026, 1, 82408
2026/10/03 09:09:36.026, 2, 76476
2026/10/03 09:09:36.026, 3, 69528
2026/10/03 09:09:36.026, 4, 118641
2026/10/03 09:09:36.026, 5, 118637
2026/10/03 09:09:36.026, 6, 118639
2026/10/03 09:09:36.026, 7, 118397
2026/10/03 09:09:37.026, 0, 71762
2026/10/03 09:09:37.027, 1, 82408
2026/10/03 09:09:37.027, 2, 76476
2026/10/03 09:09:37.027, 3, 69528
2026/10/03 09:09:37.027, 4, 118641
2026/10/03 09:09:37.027, 5, 118637
2026/10/03 09:09:37.027, 6, 118639
2026/10/03 09:09:37.027, 7, 118397
2026/10/03 09:09:38.027, 0, 71762
2026/10/03 09:09:38.027, 1, 82408
2026/10/03 09:09:38.027, 2, 76476
2026/10/03 09:09:38.027, 3, 69528
2026/10/03 09:09:38.027, 4, 118641
2026/10/03 09:09:38.027, 5, 118637
2026/10/03 09:09:38.027, 6, 118639
2026/10/03 09:09:38.027, 7, 118397
2026/10/03 09:09:39.027, 0, 71762
2026/10/03 09:09:39.027, 1, 82408
2026/10/03 09:09:39.027, 2, 76476
2026/10/03 09:09:39.027, 3, 69528
2026/10/03 09:09:39.027, 4, 118641
2026/10/03 09:09:39.027, 5, 118637
2026/10/03 09:09:39.027, 6, 118639
2026/10/03 09:09:39.027, 7, 118397
2026/10/03 09:09:40.027, 0, 71762
2026/10/03 09:09:40.027, 1, 82408
2026/10/03 09:09:40.027, 2, 76476
2026/10/03 09:09:40.027, 3, 69528
2026/10/03 09:09:40.027, 4, 118641
2026/10/03 09:09:40.027, 5, 118637
2026/10/03 09:09:40.027, 6, 118639
2026/10/03 09:09:40.027, 7, 118397
2026/10/03 09:09:41.028, 0, 71762
2026/10/03 09:09:41.029, 1, 82408
2026/10/03 09:09:41.030, 2, 76476
2026/10/03 09:09:41.030, 3, 69528
2026/10/03 09:09:41.030, 4, 118641
2026/10/03 09:09:41.030, 5, 118637
2026/10/03 09:09:41.030, 6, 118639
2026/10/03 09:09:41.032, 7, 118397
2026/10/03 09:09:42.032, 0, 71762
2026/10/03 09:09:42.032, 1, 82408
2026/10/03 09:09:42.032, 2, 76476
2026/10/03 09:09:42.032, 3, 69528
2026/10/03 09:09:42.032, 4, 118641
2026/10/03 09:09:42.032, 5, 118637
2026/10/03 09:09:42.032, 6, 118639
2026/10/03 09:09:42.032, 7, 118397
2026/10/03 09:09:43.032, 0, 71762
2026/10/03 09:09:43.033, 1, 82408
2026/10/03 09:09:43.033, 2, 76476
2026/10/03 09:09:43.033, 3, 69528
2026/10/03 09:09:43.033, 4, 118641
2026/10/03 09:09:43.033, 5, 118637
2026/10/03 09:09:43.033, 6, 118639
2026/10/03 09:09:43.033, 7, 118397
2026/10/03 09:09:44.033, 0, 71762
2026/10/03 09:09:44.033, 1, 82408
2026/10/03 09:09:44.033, 2, 76476
2026/10/03 09:09:44.033, 3, 69528
2026/10/03 09:09:44.033, 4, 118641
2026/10/03 09:09:44.033, 5, 118637
2026/10/03 09:09:44.033, 6, 118639
2026/10/03 09:09:44.033, 7, 118397
2026/10/03 09:09:45.033, 0, 71762
2026/10/03 09:09:45.033, 1, 82408
2026/10/03 09:09:45.033, 2, 76476
2026/10/03 09:09:45.033, 3, 69528
2026/10/03 09:09:45.033, 4, 118713
2026/10/03 09:09:45.033, 5, 118637
2026/10/03 09:09:45.034, 6, 118639
2026/10/03 09:09:45.034, 7, 118397
2026/10/03 09:09:46.034, 0, 71762
2026/10/03 09:09:46.034, 1, 82408
2026/10/03 09:09:46.034, 2, 76476
2026/10/03 09:09:46.034, 3, 69528
2026/10/03 09:09:46.034, 4, 118741
2026/10/03 09:09:46.034, 5, 118637
2026/10/03 09:09:46.034, 6, 118639
2026/10/03 09:09:46.034, 7, 118397
2026/10/03 09:09:47.034, 0, 71762
2026/10/03 09:09:47.034, 1, 82408
2026/10/03 09:09:47.034, 2, 76476
2026/10/03 09:09:47.034, 3, 69528
2026/10/03 09:09:47.034, 4, 118741
2026/10/03 09:09:47.034, 5, 118637
2026/10/03 09:09:47.034, 6, 118685
2026/10/03 09:09:47.034, 7, 118397
2026/10/03 09:09:48.034, 0, 71762
2026/10/03 09:09:48.034, 1, 82408
2026/10/03 09:09:48.034, 2, 76476
2026/10/03 09:09:48.035, 3, 69528
2026/10/03 09:09:48.035, 4, 118741
2026/10/03 09:09:48.035, 5, 118637
2026/10/03 09:09:48.035, 6, 118685
2026/10/03 09:09:48.036, 7, 118397
2026/10/03 09:09:49.036, 0, 71762
2026/10/03 09:09:49.036, 1, 82408
2026/10/03 09:09:49.036, 2, 76476
2026/10/03 09:09:49.036, 3, 69528
2026/10/03 09:09:49.036, 4, 118615
2026/10/03 09:09:49.036, 5, 118615
2026/10/03 09:09:49.036, 6, 118615
2026/10/03 09:09:49.036, 7, 118373
2026/10/03 09:09:50.036, 0, 71762
2026/10/03 09:09:50.036, 1, 82408
2026/10/03 09:09:50.036, 2, 76476
2026/10/03 09:09:50.036, 3, 69528
2026/10/03 09:09:50.036, 4, 118615
2026/10/03 09:09:50.036, 5, 118615
2026/10/03 09:09:50.036, 6, 118615
2026/10/03 09:09:50.036, 7, 118373
2026/10/03 09:09:51.036, 0, 71762
2026/10/03 09:09:51.036, 1, 82408
2026/10/03 09:09:51.036, 2, 76476
2026/10/03 09:09:51.036, 3, 69528
2026/10/03 09:09:51.036, 4, 118615
2026/10/03 09:09:51.037, 5, 118615
2026/10/03 09:09:51.037, 6, 118615
2026/10/03 09:09:51.037, 7, 118373
2026/10/03 09:09:52.037, 0, 71762
2026/10/03 09:09:52.037, 1, 82408
2026/10/03 09:09:52.037, 2, 76476
2026/10/03 09:09:52.037, 3, 69528
2026/10/03 09:09:52.037, 4, 118615
2026/10/03 09:09:52.037, 5, 118615
2026/10/03 09:09:52.037, 6, 118615
2026/10/03 09:09:52.037, 7, 118373
2026/10/03 09:09:53.037, 0, 71762
2026/10/03 09:09:53.038, 1, 82408
2026/10/03 09:09:53.038, 2, 76476
2026/10/03 09:09:53.038, 3, 69528
2026/10/03 09:09:53.038, 4, 118615
2026/10/03 09:09:53.038, 5, 118615
2026/10/03 09:09:53.038, 6, 118615
2026/10/03 09:09:53.039, 7, 118373
2026/10/03 09:09:54.039, 0, 71762
2026/10/03 09:09:54.039, 1, 82408
2026/10/03 09:09:54.039, 2, 76476
2026/10/03 09:09:54.039, 3, 69528
2026/10/03 09:09:54.039, 4, 118615
2026/10/03 09:09:54.039, 5, 118615
2026/10/03 09:09:54.039, 6, 118615
2026/10/03 09:09:54.039, 7, 118373
2026/10/03 09:09:55.039, 0, 71762
2026/10/03 09:09:55.040, 1, 82408
2026/10/03 09:09:55.040, 2, 76476
2026/10/03 09:09:55.040, 3, 69528
2026/10/03 09:09:55.040, 4, 118615
2026/10/03 09:09:55.040, 5, 118615
2026/10/03 09:09:55.040, 6, 118615
2026/10/03 09:09:55.040, 7, 118373
2026/10/03 09:09:56.040, 0, 71762
2026/10/03 09:09:56.040, 1, 82408
2026/10/03 09:09:56.040, 2, 76476
2026/10/03 09:09:56.040, 3, 69528
2026/10/03 09:09:56.040, 4, 118615
2026/10/03 09:09:56.040, 5, 118615
2026/10/03 09:09:56.040, 6, 118615
2026/10/03 09:09:56.040, 7, 118373
2026/10/03 09:09:57.040, 0, 71762
2026/10/03 09:09:57.041, 1, 82408
2026/10/03 09:09:57.042, 2, 76476
2026/10/03 09:09:57.043, 3, 69528
2026/10/03 09:09:57.044, 4, 118615
2026/10/03 09:09:57.045, 5, 118615
2026/10/03 09:09:57.046, 6, 118615
2026/10/03 09:09:57.046, 7, 118373
2026/10/03 09:09:58.046, 0, 71762
2026/10/03 09:09:58.046, 1, 82408
2026/10/03 09:09:58.046, 2, 76476
2026/10/03 09:09:58.047, 3, 69528
2026/10/03 09:09:58.047, 4, 118641
2026/10/03 09:09:58.047, 5, 119461
2026/10/03 09:09:58.047, 6, 118681
2026/10/03 09:09:58.047, 7, 118757
2026/10/03 09:09:59.047, 0, 71762
2026/10/03 09:09:59.047, 1, 82408
2026/10/03 09:09:59.047, 2, 76476
2026/10/03 09:09:59.047, 3, 69528
2026/10/03 09:09:59.047, 4, 118931
2026/10/03 09:09:59.047, 5, 120187
2026/10/03 09:09:59.047, 6, 118899
2026/10/03 09:09:59.047, 7, 119675
2026/10/03 09:10:00.047, 0, 71762
2026/10/03 09:10:00.047, 1, 82408
2026/10/03 09:10:00.047, 2, 76476
2026/10/03 09:10:00.047, 3, 69528
2026/10/03 09:10:00.047, 4, 118931
2026/10/03 09:10:00.047, 5, 124291
2026/10/03 09:10:00.047, 6, 118899
2026/10/03 09:10:00.047, 7, 119675
2026/10/03 09:10:01.047, 0, 71762
2026/10/03 09:10:01.047, 1, 82408
2026/10/03 09:10:01.047, 2, 76476
2026/10/03 09:10:01.047, 3, 69528
2026/10/03 09:10:01.047, 4, 118931
2026/10/03 09:10:01.047, 5, 124903
2026/10/03 09:10:01.047, 6, 118899
2026/10/03 09:10:01.047, 7, 119675
2026/10/03 09:10:02.048, 0, 71762
2026/10/03 09:10:02.048, 1, 82408
2026/10/03 09:10:02.048, 2, 76476
2026/10/03 09:10:02.048, 3, 69528
2026/10/03 09:10:02.048, 4, 118931
2026/10/03 09:10:02.048, 5, 124903
2026/10/03 09:10:02.048, 6, 118899
2026/10/03 09:10:02.048, 7, 119675
2026/10/03 09:10:03.048, 0, 71762
2026/10/03 09:10:03.048, 1, 82408
2026/10/03 09:10:03.048, 2, 76476
2026/10/03 09:10:03.048, 3, 69528
2026/10/03 09:10:03.048, 4, 118931
2026/10/03 09:10:03.048, 5, 124903
2026/10/03 09:10:03.048, 6, 118899
2026/10/03 09:10:03.048, 7, 119675
2026/10/03 09:10:04.049, 0, 71762
2026/10/03 09:10:04.049, 1, 82408
2026/10/03 09:10:04.049, 2, 76476
2026/10/03 09:10:04.049, 3, 69528
2026/10/03 09:10:04.049, 4, 118931
2026/10/03 09:10:04.049, 5, 124903
2026/10/03 09:10:04.049, 6, 118899
2026/10/03 09:10:04.049, 7, 119675
2026/10/03 09:10:05.049, 0, 71762
2026/10/03 09:10:05.049, 1, 82408
2026/10/03 09:10:05.049, 2, 76476
2026/10/03 09:10:05.049, 3, 69528
2026/10/03 09:10:05.049, 4, 118931
2026/10/03 09:10:05.049, 5, 124903
2026/10/03 09:10:05.049, 6, 118899
2026/10/03 09:10:05.049, 7, 119675
2026/10/03 09:10:06.049, 0, 71762
2026/10/03 09:10:06.049, 1, 82408
2026/10/03 09:10:06.049, 2, 76476
2026/10/03 09:10:06.049, 3, 69528
2026/10/03 09:10:06.049, 4, 118931
2026/10/03 09:10:06.049, 5, 124903
2026/10/03 09:10:06.049, 6, 118899
2026/10/03 09:10:06.049, 7, 119675
2026/10/03 09:10:07.049, 0, 71762
2026/10/03 09:10:07.049, 1, 82408
2026/10/03 09:10:07.049, 2, 76476
2026/10/03 09:10:07.049, 3, 69528
2026/10/03 09:10:07.049, 4, 118931
2026/10/03 09:10:07.050, 5, 124903
2026/10/03 09:10:07.050, 6, 118899
2026/10/03 09:10:07.050, 7, 119675
2026/10/03 09:10:08.050, 0, 71762
2026/10/03 09:10:08.050, 1, 82408
2026/10/03 09:10:08.050, 2, 76476
2026/10/03 09:10:08.050, 3, 69528
2026/10/03 09:10:08.050, 4, 118931
2026/10/03 09:10:08.050, 5, 124903
2026/10/03 09:10:08.050, 6, 118899
2026/10/03 09:10:08.050, 7, 119675
2026/10/03 09:10:09.050, 0, 71762
2026/10/03 09:10:09.050, 1, 82408
2026/10/03 09:10:09.050, 2, 76476
2026/10/03 09:10:09.050, 3, 69528
2026/10/03 09:10:09.050, 4, 118931
2026/10/03 09:10:09.050, 5, 124903
2026/10/03 09:10:09.050, 6, 118899
2026/10/03 09:10:09.050, 7, 119675
2026/10/03 09:10:10.050, 0, 71762
2026/10/03 09:10:10.051, 1, 82408
2026/10/03 09:10:10.051, 2, 76476
2026/10/03 09:10:10.051, 3, 69528
2026/10/03 09:10:10.051, 4, 118931
2026/10/03 09:10:10.051, 5, 124903
2026/10/03 09:10:10.051, 6, 118899
2026/10/03 09:10:10.051, 7, 119675
2026/10/03 09:10:11.051, 0, 71762
2026/10/03 09:10:11.051, 1, 82408
2026/10/03 09:10:11.051, 2, 76476
2026/10/03 09:10:11.051, 3, 69528
2026/10/03 09:10:11.051, 4, 118639
2026/10/03 09:10:11.051, 5, 118637
2026/10/03 09:10:11.051, 6, 118641
2026/10/03 09:10:11.051, 7, 118395
2026/10/03 09:10:12.051, 0, 71762
2026/10/03 09:10:12.051, 1, 82408
2026/10/03 09:10:12.051, 2, 76476
2026/10/03 09:10:12.051, 3, 69528
2026/10/03 09:10:12.051, 4, 118639
2026/10/03 09:10:12.051, 5, 118637
2026/10/03 09:10:12.051, 6, 118641
2026/10/03 09:10:12.051, 7, 118395
2026/10/03 09:10:13.051, 0, 71762
2026/10/03 09:10:13.051, 1, 82408
2026/10/03 09:10:13.051, 2, 76476
2026/10/03 09:10:13.051, 3, 69528
2026/10/03 09:10:13.051, 4, 118639
2026/10/03 09:10:13.051, 5, 118637
2026/10/03 09:10:13.051, 6, 118641
2026/10/03 09:10:13.051, 7, 118395
2026/10/03 09:10:14.051, 0, 71762
2026/10/03 09:10:14.052, 1, 82408
2026/10/03 09:10:14.052, 2, 76476
2026/10/03 09:10:14.052, 3, 69528
2026/10/03 09:10:14.052, 4, 118639
2026/10/03 09:10:14.052, 5, 118637
2026/10/03 09:10:14.052, 6, 118641
2026/10/03 09:10:14.052, 7, 118395
2026/10/03 09:10:15.052, 0, 71762
2026/10/03 09:10:15.052, 1, 82408
2026/10/03 09:10:15.052, 2, 76476
2026/10/03 09:10:15.052, 3, 69528
2026/10/03 09:10:15.052, 4, 118639
2026/10/03 09:10:15.052, 5, 118637
2026/10/03 09:10:15.052, 6, 118641
2026/10/03 09:10:15.052, 7, 118395
2026/10/03 09:10:16.052, 0, 71762
2026/10/03 09:10:16.052, 1, 82408
2026/10/03 09:10:16.052, 2, 76476
2026/10/03 09:10:16.053, 3, 69528
2026/10/03 09:10:16.053, 4, 118639
2026/10/03 09:10:16.053, 5, 118637
2026/10/03 09:10:16.053, 6, 118641
2026/10/03 09:10:16.053, 7, 118395
2026/10/03 09:10:17.053, 0, 71762
2026/10/03 09:10:17.053, 1, 82408
2026/10/03 09:10:17.053, 2, 76476
2026/10/03 09:10:17.053, 3, 69528
2026/10/03 09:10:17.053, 4, 118639
2026/10/03 09:10:17.053, 5, 118637
2026/10/03 09:10:17.053, 6, 118641
2026/10/03 09:10:17.053, 7, 118395
2026/10/03 09:10:18.053, 0, 71762
2026/10/03 09:10:18.055, 1, 82408
2026/10/03 09:10:18.056, 2, 76476
2026/10/03 09:10:18.056, 3, 69528
2026/10/03 09:10:18.058, 4, 118639
2026/10/03 09:10:18.058, 5, 118637
2026/10/03 09:10:18.058, 6, 118641
2026/10/03 09:10:18.059, 7, 118395
2026/10/03 09:10:19.060, 0, 71762
2026/10/03 09:10:19.061, 1, 82408
2026/10/03 09:10:19.062, 2, 76476
2026/10/03 09:10:19.062, 3, 69528
2026/10/03 09:10:19.062, 4, 118639
2026/10/03 09:10:19.062, 5, 118637
2026/10/03 09:10:19.063, 6, 118641
2026/10/03 09:10:19.063, 7, 118395
2026/10/03 09:10:20.063, 0, 71762
2026/10/03 09:10:20.063, 1, 82408
2026/10/03 09:10:20.063, 2, 76476
2026/10/03 09:10:20.063, 3, 69528
2026/10/03 09:10:20.063, 4, 118639
2026/10/03 09:10:20.063, 5, 118637
2026/10/03 09:10:20.064, 6, 118641
2026/10/03 09:10:20.064, 7, 118397
2026/10/03 09:10:21.064, 0, 71762
2026/10/03 09:10:21.064, 1, 82408
2026/10/03 09:10:21.064, 2, 76476
2026/10/03 09:10:21.064, 3, 69528
2026/10/03 09:10:21.064, 4, 118741
2026/10/03 09:10:21.064, 5, 118637
2026/10/03 09:10:21.064, 6, 118773
2026/10/03 09:10:21.064, 7, 118397
2026/10/03 09:10:22.064, 0, 71762
2026/10/03 09:10:22.065, 1, 82408
2026/10/03 09:10:22.067, 2, 76476
2026/10/03 09:10:22.069, 3, 69528
2026/10/03 09:10:22.069, 4, 118741
2026/10/03 09:10:22.069, 5, 118637
2026/10/03 09:10:22.071, 6, 118773
2026/10/03 09:10:22.072, 7, 118397
2026/10/03 09:10:23.073, 0, 71762
2026/10/03 09:10:23.073, 1, 82408
2026/10/03 09:10:23.073, 2, 76476
2026/10/03 09:10:23.074, 3, 69528
2026/10/03 09:10:23.074, 4, 118741
2026/10/03 09:10:23.074, 5, 118637
2026/10/03 09:10:23.074, 6, 118773
2026/10/03 09:10:23.074, 7, 118397
2026/10/03 09:10:24.074, 0, 71762
2026/10/03 09:10:24.074, 1, 82408
2026/10/03 09:10:24.074, 2, 76476
2026/10/03 09:10:24.074, 3, 69530
2026/10/03 09:10:24.074, 4, 118741
2026/10/03 09:10:24.074, 5, 118637
2026/10/03 09:10:24.074, 6, 118773
2026/10/03 09:10:24.074, 7, 118397
2026/10/03 09:10:25.075, 0, 71762
2026/10/03 09:10:25.075, 1, 82408
2026/10/03 09:10:25.075, 2, 76476
2026/10/03 09:10:25.075, 3, 69530
2026/10/03 09:10:25.075, 4, 118741
2026/10/03 09:10:25.075, 5, 118637
2026/10/03 09:10:25.075, 6, 118773
2026/10/03 09:10:25.075, 7, 118397
2026/10/03 09:10:26.075, 0, 71762
2026/10/03 09:10:26.075, 1, 82408
2026/10/03 09:10:26.075, 2, 76476
2026/10/03 09:10:26.075, 3, 69530
2026/10/03 09:10:26.075, 4, 118615
2026/10/03 09:10:26.075, 5, 118615
2026/10/03 09:10:26.075, 6, 118615
2026/10/03 09:10:26.075, 7, 118373
2026/10/03 09:10:27.075, 0, 71762
2026/10/03 09:10:27.075, 1, 82408
2026/10/03 09:10:27.076, 2, 76476
2026/10/03 09:10:27.076, 3, 69530
2026/10/03 09:10:27.076, 4, 118615
2026/10/03 09:10:27.076, 5, 118615
2026/10/03 09:10:27.076, 6, 118615
2026/10/03 09:10:27.076, 7, 118373
2026/10/03 09:10:28.076, 0, 71762
2026/10/03 09:10:28.077, 1, 82408
2026/10/03 09:10:28.077, 2, 76476
2026/10/03 09:10:28.077, 3, 69530
2026/10/03 09:10:28.077, 4, 118615
2026/10/03 09:10:28.077, 5, 118615
2026/10/03 09:10:28.077, 6, 118615
2026/10/03 09:10:28.077, 7, 118373
2026/10/03 09:10:29.077, 0, 71762
2026/10/03 09:10:29.077, 1, 82408
2026/10/03 09:10:29.077, 2, 76476
2026/10/03 09:10:29.077, 3, 69530
2026/10/03 09:10:29.077, 4, 118615
2026/10/03 09:10:29.077, 5, 118615
2026/10/03 09:10:29.078, 6, 118615
2026/10/03 09:10:29.078, 7, 118373
2026/10/03 09:10:30.078, 0, 71762
2026/10/03 09:10:30.078, 1, 82408
2026/10/03 09:10:30.078, 2, 76476
2026/10/03 09:10:30.078, 3, 69530
2026/10/03 09:10:30.078, 4, 118615
2026/10/03 09:10:30.078, 5, 118615
2026/10/03 09:10:30.078, 6, 118615
2026/10/03 09:10:30.078, 7, 118373
2026/10/03 09:10:31.078, 0, 71762
2026/10/03 09:10:31.078, 1, 82408
2026/10/03 09:10:31.080, 2, 76476
2026/10/03 09:10:31.080, 3, 69530
2026/10/03 09:10:31.080, 4, 118615
2026/10/03 09:10:31.080, 5, 118615
2026/10/03 09:10:31.080, 6, 118615
2026/10/03 09:10:31.080, 7, 118373
2026/10/03 09:10:32.080, 0, 71762
2026/10/03 09:10:32.080, 1, 82408
2026/10/03 09:10:32.080, 2, 76476
2026/10/03 09:10:32.080, 3, 69530
2026/10/03 09:10:32.080, 4, 118615
2026/10/03 09:10:32.080, 5, 118615
2026/10/03 09:10:32.080, 6, 118615
2026/10/03 09:10:32.080, 7, 118373
2026/10/03 09:10:33.080, 0, 71762
2026/10/03 09:10:33.080, 1, 82408
2026/10/03 09:10:33.080, 2, 76476
2026/10/03 09:10:33.080, 3, 69530
2026/10/03 09:10:33.080, 4, 118615
2026/10/03 09:10:33.080, 5, 118615
2026/10/03 09:10:33.080, 6, 118615
2026/10/03 09:10:33.080, 7, 118397
2026/10/03 09:10:34.081, 0, 71762
2026/10/03 09:10:34.081, 1, 82408
2026/10/03 09:10:34.081, 2, 76476
2026/10/03 09:10:34.081, 3, 69530
2026/10/03 09:10:34.081, 4, 118721
2026/10/03 09:10:34.081, 5, 120027
2026/10/03 09:10:34.081, 6, 118693
2026/10/03 09:10:34.081, 7, 118861
2026/10/03 09:10:35.081, 0, 71762
2026/10/03 09:10:35.081, 1, 82408
2026/10/03 09:10:35.081, 2, 76476
2026/10/03 09:10:35.081, 3, 69530
2026/10/03 09:10:35.081, 4, 118983
2026/10/03 09:10:35.081, 5, 121647
2026/10/03 09:10:35.081, 6, 118897
2026/10/03 09:10:35.081, 7, 118861
2026/10/03 09:10:36.081, 0, 71762
2026/10/03 09:10:36.082, 1, 82408
2026/10/03 09:10:36.082, 2, 76476
2026/10/03 09:10:36.082, 3, 69530
2026/10/03 09:10:36.082, 4, 118983
2026/10/03 09:10:36.082, 5, 125079
2026/10/03 09:10:36.082, 6, 118897
2026/10/03 09:10:36.082, 7, 118861
2026/10/03 09:10:37.082, 0, 71762
2026/10/03 09:10:37.082, 1, 82408
2026/10/03 09:10:37.083, 2, 76476
2026/10/03 09:10:37.083, 3, 69530
2026/10/03 09:10:37.083, 4, 118983
2026/10/03 09:10:37.083, 5, 125079
2026/10/03 09:10:37.083, 6, 118897
2026/10/03 09:10:37.083, 7, 118861
2026/10/03 09:10:38.083, 0, 71762
2026/10/03 09:10:38.083, 1, 82408
2026/10/03 09:10:38.084, 2, 76476
2026/10/03 09:10:38.084, 3, 69530
2026/10/03 09:10:38.084, 4, 118983
2026/10/03 09:10:38.084, 5, 125079
2026/10/03 09:10:38.084, 6, 118897
2026/10/03 09:10:38.084, 7, 118861
2026/10/03 09:10:39.084, 0, 71762
2026/10/03 09:10:39.084, 1, 82408
2026/10/03 09:10:39.085, 2, 76476
2026/10/03 09:10:39.086, 3, 69530
2026/10/03 09:10:39.086, 4, 118983
2026/10/03 09:10:39.086, 5, 125079
2026/10/03 09:10:39.086, 6, 118897
2026/10/03 09:10:39.086, 7, 118861
2026/10/03 09:10:40.086, 0, 71762
2026/10/03 09:10:40.087, 1, 82408
2026/10/03 09:10:40.087, 2, 76476
2026/10/03 09:10:40.087, 3, 69530
2026/10/03 09:10:40.087, 4, 118983
2026/10/03 09:10:40.087, 5, 125079
2026/10/03 09:10:40.087, 6, 118897
2026/10/03 09:10:40.087, 7, 118861
2026/10/03 09:10:41.087, 0, 71762
2026/10/03 09:10:41.087, 1, 82408
2026/10/03 09:10:41.087, 2, 76476
2026/10/03 09:10:41.087, 3, 69530
2026/10/03 09:10:41.087, 4, 118983
2026/10/03 09:10:41.087, 5, 125079
2026/10/03 09:10:41.087, 6, 118897
2026/10/03 09:10:41.087, 7, 118861
2026/10/03 09:10:42.087, 0, 71762
2026/10/03 09:10:42.087, 1, 82408
2026/10/03 09:10:42.098, 2, 76476
2026/10/03 09:10:42.100, 3, 69530
2026/10/03 09:10:42.101, 4, 118983
2026/10/03 09:10:42.102, 5, 125079
2026/10/03 09:10:42.103, 6, 118897
2026/10/03 09:10:42.105, 7, 118861
2026/10/03 09:10:43.106, 0, 71762
2026/10/03 09:10:43.106, 1, 82408
2026/10/03 09:10:43.106, 2, 76476
2026/10/03 09:10:43.106, 3, 69530
2026/10/03 09:10:43.106, 4, 118983
2026/10/03 09:10:43.106, 5, 125079
2026/10/03 09:10:43.106, 6, 118897
2026/10/03 09:10:43.107, 7, 118861
2026/10/03 09:10:44.107, 0, 71762
2026/10/03 09:10:44.107, 1, 82408
2026/10/03 09:10:44.107, 2, 76476
2026/10/03 09:10:44.107, 3, 69530
2026/10/03 09:10:44.107, 4, 118983
2026/10/03 09:10:44.107, 5, 125079
2026/10/03 09:10:44.107, 6, 118897
2026/10/03 09:10:44.107, 7, 118861
2026/10/03 09:10:45.107, 0, 71762
2026/10/03 09:10:45.107, 1, 82408
2026/10/03 09:10:45.107, 2, 76476
2026/10/03 09:10:45.107, 3, 69530
2026/10/03 09:10:45.107, 4, 118983
2026/10/03 09:10:45.107, 5, 125079
2026/10/03 09:10:45.107, 6, 118897
2026/10/03 09:10:45.107, 7, 118861
2026/10/03 09:10:46.107, 0, 71762
2026/10/03 09:10:46.107, 1, 82408
2026/10/03 09:10:46.107, 2, 76476
2026/10/03 09:10:46.107, 3, 69530
2026/10/03 09:10:46.108, 4, 118983
2026/10/03 09:10:46.108, 5, 125079
2026/10/03 09:10:46.108, 6, 118897
2026/10/03 09:10:46.108, 7, 118861
2026/10/03 09:10:47.108, 0, 71762
2026/10/03 09:10:47.108, 1, 82408
2026/10/03 09:10:47.108, 2, 76476
2026/10/03 09:10:47.108, 3, 69530
2026/10/03 09:10:47.108, 4, 118639
2026/10/03 09:10:47.108, 5, 118637
2026/10/03 09:10:47.108, 6, 118639
2026/10/03 09:10:47.108, 7, 118429
2026/10/03 09:10:48.108, 0, 71762
2026/10/03 09:10:48.109, 1, 82408
2026/10/03 09:10:48.110, 2, 76476
2026/10/03 09:10:48.110, 3, 69530
2026/10/03 09:10:48.111, 4, 118639
2026/10/03 09:10:48.115, 5, 118637
2026/10/03 09:10:48.118, 6, 118639
2026/10/03 09:10:48.119, 7, 118429
2026/10/03 09:10:49.119, 0, 71762
2026/10/03 09:10:49.120, 1, 82408
2026/10/03 09:10:49.120, 2, 76476
2026/10/03 09:10:49.121, 3, 69530
2026/10/03 09:10:49.121, 4, 118639
2026/10/03 09:10:49.121, 5, 118637
2026/10/03 09:10:49.121, 6, 118639
2026/10/03 09:10:49.121, 7, 118429
2026/10/03 09:10:50.121, 0, 71762
2026/10/03 09:10:50.121, 1, 82408
2026/10/03 09:10:50.121, 2, 76476
2026/10/03 09:10:50.121, 3, 69530
2026/10/03 09:10:50.121, 4, 118639
2026/10/03 09:10:50.121, 5, 118637
2026/10/03 09:10:50.121, 6, 118639
2026/10/03 09:10:50.121, 7, 118429
2026/10/03 09:10:51.121, 0, 71762
2026/10/03 09:10:51.121, 1, 82408
2026/10/03 09:10:51.121, 2, 76476
2026/10/03 09:10:51.121, 3, 69530
2026/10/03 09:10:51.121, 4, 118639
2026/10/03 09:10:51.121, 5, 118637
2026/10/03 09:10:51.121, 6, 118639
2026/10/03 09:10:51.121, 7, 118429
2026/10/03 09:10:52.121, 0, 71762
2026/10/03 09:10:52.121, 1, 82408
2026/10/03 09:10:52.121, 2, 76476
2026/10/03 09:10:52.121, 3, 69530
2026/10/03 09:10:52.121, 4, 118639
2026/10/03 09:10:52.121, 5, 118637
2026/10/03 09:10:52.121, 6, 118639
2026/10/03 09:10:52.121, 7, 118429
2026/10/03 09:10:53.122, 0, 71762
2026/10/03 09:10:53.122, 1, 82408
2026/10/03 09:10:53.122, 2, 76476
2026/10/03 09:10:53.122, 3, 69530
2026/10/03 09:10:53.122, 4, 118639
2026/10/03 09:10:53.122, 5, 118637
2026/10/03 09:10:53.122, 6, 118639
2026/10/03 09:10:53.122, 7, 118429
2026/10/03 09:10:54.122, 0, 71762
2026/10/03 09:10:54.122, 1, 82408
2026/10/03 09:10:54.122, 2, 76476
2026/10/03 09:10:54.122, 3, 69530
2026/10/03 09:10:54.122, 4, 118639
2026/10/03 09:10:54.122, 5, 118637
2026/10/03 09:10:54.122, 6, 118639
2026/10/03 09:10:54.122, 7, 118429
2026/10/03 09:10:55.122, 0, 71762
2026/10/03 09:10:55.122, 1, 82408
2026/10/03 09:10:55.122, 2, 76476
2026/10/03 09:10:55.122, 3, 69530
2026/10/03 09:10:55.122, 4, 118639
2026/10/03 09:10:55.122, 5, 118637
2026/10/03 09:10:55.122, 6, 118639
2026/10/03 09:10:55.122, 7, 118429
2026/10/03 09:10:56.122, 0, 71762
2026/10/03 09:10:56.122, 1, 82408
2026/10/03 09:10:56.122, 2, 76476
2026/10/03 09:10:56.122, 3, 69530
2026/10/03 09:10:56.122, 4, 118639
2026/10/03 09:10:56.122, 5, 118637
2026/10/03 09:10:56.123, 6, 118639
2026/10/03 09:10:56.123, 7, 118429
2026/10/03 09:10:57.123, 0, 71762
2026/10/03 09:10:57.123, 1, 82408
2026/10/03 09:10:57.123, 2, 76476
2026/10/03 09:10:57.123, 3, 69530
2026/10/03 09:10:57.123, 4, 118659
2026/10/03 09:10:57.123, 5, 118637
2026/10/03 09:10:57.123, 6, 118639
2026/10/03 09:10:57.123, 7, 118429
2026/10/03 09:10:58.123, 0, 71762
2026/10/03 09:10:58.123, 1, 82408
2026/10/03 09:10:58.123, 2, 76476
2026/10/03 09:10:58.123, 3, 69530
2026/10/03 09:10:58.123, 4, 118681
2026/10/03 09:10:58.123, 5, 118637
2026/10/03 09:10:58.123, 6, 118639
2026/10/03 09:10:58.123, 7, 118429
2026/10/03 09:10:59.123, 0, 71762
2026/10/03 09:10:59.123, 1, 82408
2026/10/03 09:10:59.123, 2, 76476
2026/10/03 09:10:59.123, 3, 69530
2026/10/03 09:10:59.123, 4, 118731
2026/10/03 09:10:59.123, 5, 118637
2026/10/03 09:10:59.123, 6, 118685
2026/10/03 09:10:59.123, 7, 118429
2026/10/03 09:11:00.123, 0, 71762
2026/10/03 09:11:00.123, 1, 82408
2026/10/03 09:11:00.123, 2, 76476
2026/10/03 09:11:00.123, 3, 69530
2026/10/03 09:11:00.123, 4, 119405
2026/10/03 09:11:00.124, 5, 118637
2026/10/03 09:11:00.124, 6, 119311
2026/10/03 09:11:00.124, 7, 119055
2026/10/03 09:11:01.124, 0, 71762
2026/10/03 09:11:01.124, 1, 82408
2026/10/03 09:11:01.124, 2, 76476
2026/10/03 09:11:01.124, 3, 69530
2026/10/03 09:11:01.124, 4, 118615
2026/10/03 09:11:01.124, 5, 118615
2026/10/03 09:11:01.124, 6, 118615
2026/10/03 09:11:01.124, 7, 118373
2026/10/03 09:11:02.124, 0, 71762
2026/10/03 09:11:02.124, 1, 82408
2026/10/03 09:11:02.125, 2, 76476
2026/10/03 09:11:02.125, 3, 69530
2026/10/03 09:11:02.125, 4, 118615
2026/10/03 09:11:02.125, 5, 118615
2026/10/03 09:11:02.125, 6, 118615
2026/10/03 09:11:02.125, 7, 118373
2026/10/03 09:11:03.125, 0, 71762
2026/10/03 09:11:03.125, 1, 82408
2026/10/03 09:11:03.125, 2, 76476
2026/10/03 09:11:03.125, 3, 69530
2026/10/03 09:11:03.125, 4, 118615
2026/10/03 09:11:03.125, 5, 118615
2026/10/03 09:11:03.125, 6, 118615
2026/10/03 09:11:03.125, 7, 118373
2026/10/03 09:11:04.125, 0, 71762
2026/10/03 09:11:04.125, 1, 82408
2026/10/03 09:11:04.125, 2, 76476
2026/10/03 09:11:04.125, 3, 69530
2026/10/03 09:11:04.125, 4, 118615
2026/10/03 09:11:04.125, 5, 118615
2026/10/03 09:11:04.125, 6, 118615
2026/10/03 09:11:04.125, 7, 118373
2026/10/03 09:11:05.126, 0, 71762
2026/10/03 09:11:05.126, 1, 82408
2026/10/03 09:11:05.126, 2, 76476
2026/10/03 09:11:05.126, 3, 69530
2026/10/03 09:11:05.126, 4, 118615
2026/10/03 09:11:05.126, 5, 118615
2026/10/03 09:11:05.126, 6, 118615
2026/10/03 09:11:05.126, 7, 118373
2026/10/03 09:11:06.126, 0, 71762
2026/10/03 09:11:06.126, 1, 82408
2026/10/03 09:11:06.126, 2, 76476
2026/10/03 09:11:06.126, 3, 69530
2026/10/03 09:11:06.126, 4, 118615
2026/10/03 09:11:06.126, 5, 118615
2026/10/03 09:11:06.126, 6, 118615
2026/10/03 09:11:06.126, 7, 118373
2026/10/03 09:11:07.126, 0, 71762
2026/10/03 09:11:07.127, 1, 82408
2026/10/03 09:11:07.128, 2, 76476
2026/10/03 09:11:07.128, 3, 69530
2026/10/03 09:11:07.128, 4, 118615
2026/10/03 09:11:07.128, 5, 118615
2026/10/03 09:11:07.128, 6, 118615
2026/10/03 09:11:07.128, 7, 118373
2026/10/03 09:11:08.128, 0, 71762
2026/10/03 09:11:08.128, 1, 82408
2026/10/03 09:11:08.128, 2, 76476
2026/10/03 09:11:08.128, 3, 69530
2026/10/03 09:11:08.128, 4, 118615
2026/10/03 09:11:08.128, 5, 118615
2026/10/03 09:11:08.128, 6, 118615
2026/10/03 09:11:08.128, 7, 118373
2026/10/03 09:11:09.128, 0, 71762
2026/10/03 09:11:09.128, 1, 82408
2026/10/03 09:11:09.128, 2, 76476
2026/10/03 09:11:09.128, 3, 69530
2026/10/03 09:11:09.128, 4, 118615
2026/10/03 09:11:09.128, 5, 118679
2026/10/03 09:11:09.128, 6, 118615
2026/10/03 09:11:09.128, 7, 118549
2026/10/03 09:11:10.128, 0, 71762
2026/10/03 09:11:10.129, 1, 82408
2026/10/03 09:11:10.129, 2, 76476
2026/10/03 09:11:10.129, 3, 69530
2026/10/03 09:11:10.129, 4, 119237
2026/10/03 09:11:10.129, 5, 119347
2026/10/03 09:11:10.129, 6, 118895
2026/10/03 09:11:10.129, 7, 120513
2026/10/03 09:11:11.129, 0, 71762
2026/10/03 09:11:11.129, 1, 82408
2026/10/03 09:11:11.129, 2, 76476
2026/10/03 09:11:11.129, 3, 69530
2026/10/03 09:11:11.129, 4, 119237
2026/10/03 09:11:11.129, 5, 120411
2026/10/03 09:11:11.129, 6, 118897
2026/10/03 09:11:11.129, 7, 120513
2026/10/03 09:11:12.129, 0, 71762
2026/10/03 09:11:12.129, 1, 82408
2026/10/03 09:11:12.129, 2, 76476
2026/10/03 09:11:12.129, 3, 69530
2026/10/03 09:11:12.129, 4, 119237
2026/10/03 09:11:12.129, 5, 121497
2026/10/03 09:11:12.129, 6, 118897
2026/10/03 09:11:12.129, 7, 120513
2026/10/03 09:11:13.130, 0, 71762
2026/10/03 09:11:13.130, 1, 82408
2026/10/03 09:11:13.130, 2, 76476
2026/10/03 09:11:13.130, 3, 69530
2026/10/03 09:11:13.130, 4, 119237
2026/10/03 09:11:13.130, 5, 122049
2026/10/03 09:11:13.130, 6, 118897
2026/10/03 09:11:13.193, 7, 120513
2026/10/03 09:11:14.193, 0, 71762
2026/10/03 09:11:14.194, 1, 82408
2026/10/03 09:11:14.194, 2, 76476
2026/10/03 09:11:14.194, 3, 69530
2026/10/03 09:11:14.194, 4, 119237
2026/10/03 09:11:14.194, 5, 122049
2026/10/03 09:11:14.194, 6, 118897
2026/10/03 09:11:14.194, 7, 120513
2026/10/03 09:11:15.194, 0, 71762
2026/10/03 09:11:15.194, 1, 82408
2026/10/03 09:11:15.195, 2, 76476
2026/10/03 09:11:15.195, 3, 69530
2026/10/03 09:11:15.195, 4, 119237
2026/10/03 09:11:15.195, 5, 122049
2026/10/03 09:11:15.195, 6, 118897
2026/10/03 09:11:15.195, 7, 120513
2026/10/03 09:11:16.195, 0, 71762
2026/10/03 09:11:16.195, 1, 82408
2026/10/03 09:11:16.195, 2, 76476
2026/10/03 09:11:16.195, 3, 69530
2026/10/03 09:11:16.195, 4, 119237
2026/10/03 09:11:16.195, 5, 122049
2026/10/03 09:11:16.195, 6, 118897
2026/10/03 09:11:16.195, 7, 120513
2026/10/03 09:11:17.195, 0, 71762
2026/10/03 09:11:17.195, 1, 82408
2026/10/03 09:11:17.199, 2, 76476
2026/10/03 09:11:17.200, 3, 69530
2026/10/03 09:11:17.200, 4, 119237
2026/10/03 09:11:17.200, 5, 122049
2026/10/03 09:11:17.202, 6, 118897
2026/10/03 09:11:17.202, 7, 120513
2026/10/03 09:11:18.202, 0, 71762
2026/10/03 09:11:18.202, 1, 82408
2026/10/03 09:11:18.202, 2, 76476
2026/10/03 09:11:18.202, 3, 69530
2026/10/03 09:11:18.203, 4, 119237
2026/10/03 09:11:18.204, 5, 122049
2026/10/03 09:11:18.205, 6, 118897
2026/10/03 09:11:18.208, 7, 120513
2026/10/03 09:11:19.209, 0, 71762
2026/10/03 09:11:19.209, 1, 82408
2026/10/03 09:11:19.209, 2, 76476
2026/10/03 09:11:19.209, 3, 69530
2026/10/03 09:11:19.209, 4, 119237
2026/10/03 09:11:19.209, 5, 122049
2026/10/03 09:11:19.209, 6, 118897
2026/10/03 09:11:19.209, 7, 120513
2026/10/03 09:11:20.209, 0, 71762
2026/10/03 09:11:20.209, 1, 82408
2026/10/03 09:11:20.209, 2, 76476
2026/10/03 09:11:20.209, 3, 69530
2026/10/03 09:11:20.209, 4, 119237
2026/10/03 09:11:20.209, 5, 122049
2026/10/03 09:11:20.209, 6, 118897
2026/10/03 09:11:20.209, 7, 120513
2026/10/03 09:11:21.209, 0, 71762
2026/10/03 09:11:21.209, 1, 82408
2026/10/03 09:11:21.210, 2, 76476
2026/10/03 09:11:21.210, 3, 69530
2026/10/03 09:11:21.210, 4, 119237
2026/10/03 09:11:21.210, 5, 122049
2026/10/03 09:11:21.210, 6, 118897
2026/10/03 09:11:21.210, 7, 120513
2026/10/03 09:11:22.210, 0, 71762
2026/10/03 09:11:22.212, 1, 82408
2026/10/03 09:11:22.213, 2, 76476
2026/10/03 09:11:22.214, 3, 69530
2026/10/03 09:11:22.214, 4, 118615
2026/10/03 09:11:22.216, 5, 118615
2026/10/03 09:11:22.218, 6, 118615
2026/10/03 09:11:22.219, 7, 118373
2026/10/03 09:11:23.220, 0, 71762
2026/10/03 09:11:23.220, 1, 82408
2026/10/03 09:11:23.221, 2, 76476
2026/10/03 09:11:23.221, 3, 69530
2026/10/03 09:11:23.221, 4, 118639
2026/10/03 09:11:23.221, 5, 118637
2026/10/03 09:11:23.221, 6, 118639
2026/10/03 09:11:23.221, 7, 118395
2026/10/03 09:11:24.221, 0, 71762
2026/10/03 09:11:24.221, 1, 82408
2026/10/03 09:11:24.221, 2, 76476
2026/10/03 09:11:24.221, 3, 69530
2026/10/03 09:11:24.221, 4, 118639
2026/10/03 09:11:24.221, 5, 118637
2026/10/03 09:11:24.221, 6, 118639
2026/10/03 09:11:24.221, 7, 118395
2026/10/03 09:11:25.221, 0, 71762
2026/10/03 09:11:25.221, 1, 82408
2026/10/03 09:11:25.221, 2, 76476
2026/10/03 09:11:25.221, 3, 69530
2026/10/03 09:11:25.221, 4, 118639
2026/10/03 09:11:25.221, 5, 118637
2026/10/03 09:11:25.221, 6, 118639
2026/10/03 09:11:25.221, 7, 118395
2026/10/03 09:11:26.221, 0, 71762
2026/10/03 09:11:26.222, 1, 82408
2026/10/03 09:11:26.222, 2, 76476
2026/10/03 09:11:26.222, 3, 69530
2026/10/03 09:11:26.222, 4, 118639
2026/10/03 09:11:26.222, 5, 118637
2026/10/03 09:11:26.222, 6, 118639
2026/10/03 09:11:26.222, 7, 118395
2026/10/03 09:11:27.222, 0, 71762
2026/10/03 09:11:27.222, 1, 82408
2026/10/03 09:11:27.222, 2, 76476
2026/10/03 09:11:27.222, 3, 69530
2026/10/03 09:11:27.222, 4, 118639
2026/10/03 09:11:27.223, 5, 118637
2026/10/03 09:11:27.223, 6, 118639
2026/10/03 09:11:27.223, 7, 118395
2026/10/03 09:11:28.223, 0, 71762
2026/10/03 09:11:28.223, 1, 82408
2026/10/03 09:11:28.223, 2, 76476
2026/10/03 09:11:28.223, 3, 69530
2026/10/03 09:11:28.223, 4, 118639
2026/10/03 09:11:28.223, 5, 118637
2026/10/03 09:11:28.223, 6, 118639
2026/10/03 09:11:28.223, 7, 118395
2026/10/03 09:11:29.223, 0, 71762
2026/10/03 09:11:29.223, 1, 82408
2026/10/03 09:11:29.223, 2, 76476
2026/10/03 09:11:29.223, 3, 69530
2026/10/03 09:11:29.223, 4, 118639
2026/10/03 09:11:29.224, 5, 118637
2026/10/03 09:11:29.224, 6, 118639
2026/10/03 09:11:29.224, 7, 118395
2026/10/03 09:11:30.224, 0, 71762
2026/10/03 09:11:30.224, 1, 82408
2026/10/03 09:11:30.224, 2, 76476
2026/10/03 09:11:30.224, 3, 69530
2026/10/03 09:11:30.224, 4, 118639
2026/10/03 09:11:30.224, 5, 118637
2026/10/03 09:11:30.224, 6, 118639
2026/10/03 09:11:30.224, 7, 118395
2026/10/03 09:11:31.224, 0, 71762
2026/10/03 09:11:31.224, 1, 82408
2026/10/03 09:11:31.224, 2, 76476
2026/10/03 09:11:31.224, 3, 69530
2026/10/03 09:11:31.224, 4, 118639
2026/10/03 09:11:31.224, 5, 118639
2026/10/03 09:11:31.224, 6, 118639
2026/10/03 09:11:31.224, 7, 118395
2026/10/03 09:11:32.224, 0, 71762
2026/10/03 09:11:32.226, 1, 82408
2026/10/03 09:11:32.228, 2, 76476
2026/10/03 09:11:32.228, 3, 69530
2026/10/03 09:11:32.228, 4, 118639
2026/10/03 09:11:32.229, 5, 118639
2026/10/03 09:11:32.229, 6, 118639
2026/10/03 09:11:32.229, 7, 118395
2026/10/03 09:11:33.230, 0, 71762
2026/10/03 09:11:33.230, 1, 82408
2026/10/03 09:11:33.230, 2, 76476
2026/10/03 09:11:33.230, 3, 69530
2026/10/03 09:11:33.230, 4, 118685
2026/10/03 09:11:33.230, 5, 118639
2026/10/03 09:11:33.230, 6, 118739
2026/10/03 09:11:33.230, 7, 118395
2026/10/03 09:11:34.230, 0, 71762
2026/10/03 09:11:34.230, 1, 82408
2026/10/03 09:11:34.230, 2, 76478
2026/10/03 09:11:34.230, 3, 69530
2026/10/03 09:11:34.230, 4, 118685
2026/10/03 09:11:34.230, 5, 118639
2026/10/03 09:11:34.230, 6, 118739
2026/10/03 09:11:34.230, 7, 118395
2026/10/03 09:11:35.230, 0, 71762
2026/10/03 09:11:35.230, 1, 82408
2026/10/03 09:11:35.230, 2, 76478
2026/10/03 09:11:35.230, 3, 69530
2026/10/03 09:11:35.230, 4, 118685
2026/10/03 09:11:35.230, 5, 118639
2026/10/03 09:11:35.230, 6, 118739
2026/10/03 09:11:35.230, 7, 118395
2026/10/03 09:11:36.230, 0, 71762
2026/10/03 09:11:36.230, 1, 82408
2026/10/03 09:11:36.230, 2, 76478
2026/10/03 09:11:36.230, 3, 69530
2026/10/03 09:11:36.230, 4, 118685
2026/10/03 09:11:36.230, 5, 118639
2026/10/03 09:11:36.230, 6, 118739
2026/10/03 09:11:36.230, 7, 118395
2026/10/03 09:11:37.231, 0, 71762
2026/10/03 09:11:37.232, 1, 82408
2026/10/03 09:11:37.233, 2, 76478
2026/10/03 09:11:37.234, 3, 69530
2026/10/03 09:11:37.235, 4, 118615
2026/10/03 09:11:37.236, 5, 118615
2026/10/03 09:11:37.237, 6, 118615
2026/10/03 09:11:37.238, 7, 118373
2026/10/03 09:11:38.239, 0, 71762
2026/10/03 09:11:38.239, 1, 82408
2026/10/03 09:11:38.239, 2, 76478
2026/10/03 09:11:38.239, 3, 69530
2026/10/03 09:11:38.239, 4, 118615
2026/10/03 09:11:38.239, 5, 118615
2026/10/03 09:11:38.239, 6, 118615
2026/10/03 09:11:38.239, 7, 118373
2026/10/03 09:11:39.239, 0, 71762
2026/10/03 09:11:39.240, 1, 82408
2026/10/03 09:11:39.240, 2, 76478
2026/10/03 09:11:39.240, 3, 69530
2026/10/03 09:11:39.240, 4, 118615
2026/10/03 09:11:39.240, 5, 118615
2026/10/03 09:11:39.240, 6, 118615
2026/10/03 09:11:39.240, 7, 118373
2026/10/03 09:11:40.240, 0, 71762
2026/10/03 09:11:40.240, 1, 82408
2026/10/03 09:11:40.240, 2, 76478
2026/10/03 09:11:40.240, 3, 69530
2026/10/03 09:11:40.240, 4, 118615
2026/10/03 09:11:40.240, 5, 118615
2026/10/03 09:11:40.240, 6, 118615
2026/10/03 09:11:40.240, 7, 118373
2026/10/03 09:11:41.240, 0, 71762
2026/10/03 09:11:41.240, 1, 82408
2026/10/03 09:11:41.240, 2, 76478
2026/10/03 09:11:41.240, 3, 69530
2026/10/03 09:11:41.240, 4, 118615
2026/10/03 09:11:41.240, 5, 118615
2026/10/03 09:11:41.240, 6, 118615
2026/10/03 09:11:41.240, 7, 118373
2026/10/03 09:11:42.240, 0, 71762
2026/10/03 09:11:42.240, 1, 82408
2026/10/03 09:11:42.241, 2, 76478
2026/10/03 09:11:42.242, 3, 69530
2026/10/03 09:11:42.243, 4, 118615
2026/10/03 09:11:42.244, 5, 118615
2026/10/03 09:11:42.245, 6, 118615
2026/10/03 09:11:42.246, 7, 118373
2026/10/03 09:11:43.247, 0, 71762
2026/10/03 09:11:43.247, 1, 82408
2026/10/03 09:11:43.248, 2, 76478
2026/10/03 09:11:43.248, 3, 69530
2026/10/03 09:11:43.248, 4, 118615
2026/10/03 09:11:43.248, 5, 118615
2026/10/03 09:11:43.248, 6, 118615
2026/10/03 09:11:43.248, 7, 118373
2026/10/03 09:11:44.249, 0, 71762
2026/10/03 09:11:44.249, 1, 82408
2026/10/03 09:11:44.249, 2, 76478
2026/10/03 09:11:44.249, 3, 69530
2026/10/03 09:11:44.249, 4, 118615
2026/10/03 09:11:44.249, 5, 118615
2026/10/03 09:11:44.249, 6, 118615
2026/10/03 09:11:44.249, 7, 118373
2026/10/03 09:11:45.249, 0, 71762
2026/10/03 09:11:45.251, 1, 82408
2026/10/03 09:11:45.251, 2, 76478
2026/10/03 09:11:45.252, 3, 69530
2026/10/03 09:11:45.252, 4, 118739
2026/10/03 09:11:45.252, 5, 119145
2026/10/03 09:11:45.252, 6, 118721
2026/10/03 09:11:45.252, 7, 119039
2026/10/03 09:11:46.253, 0, 71762
2026/10/03 09:11:46.253, 1, 82408
2026/10/03 09:11:46.253, 2, 76478
2026/10/03 09:11:46.253, 3, 69530
2026/10/03 09:11:46.253, 4, 119021
2026/10/03 09:11:46.253, 5, 120747
2026/10/03 09:11:46.253, 6, 118959
2026/10/03 09:11:46.253, 7, 120955
2026/10/03 09:11:47.253, 0, 71762
2026/10/03 09:11:47.255, 1, 82408
2026/10/03 09:11:47.255, 2, 76478
2026/10/03 09:11:47.256, 3, 69530
2026/10/03 09:11:47.257, 4, 119021
2026/10/03 09:11:47.257, 5, 122967
2026/10/03 09:11:47.257, 6, 118959
2026/10/03 09:11:47.257, 7, 123865
2026/10/03 09:11:48.257, 0, 71762
2026/10/03 09:11:48.257, 1, 82408
2026/10/03 09:11:48.258, 2, 76478
2026/10/03 09:11:48.258, 3, 69530
2026/10/03 09:11:48.259, 4, 119021
2026/10/03 09:11:48.259, 5, 122967
2026/10/03 09:11:48.259, 6, 118959
2026/10/03 09:11:48.261, 7, 125371
2026/10/03 09:11:49.262, 0, 71762
2026/10/03 09:11:49.262, 1, 82408
2026/10/03 09:11:49.262, 2, 76478
2026/10/03 09:11:49.262, 3, 69530
2026/10/03 09:11:49.262, 4, 119021
2026/10/03 09:11:49.263, 5, 122967
2026/10/03 09:11:49.263, 6, 118959
2026/10/03 09:11:49.263, 7, 125371
2026/10/03 09:11:50.263, 0, 71762
2026/10/03 09:11:50.263, 1, 82408
2026/10/03 09:11:50.263, 2, 76478
2026/10/03 09:11:50.263, 3, 69530
2026/10/03 09:11:50.263, 4, 119023
2026/10/03 09:11:50.263, 5, 122967
2026/10/03 09:11:50.263, 6, 118959
2026/10/03 09:11:50.263, 7, 125371
2026/10/03 09:11:51.263, 0, 71762
2026/10/03 09:11:51.263, 1, 82408
2026/10/03 09:11:51.264, 2, 76478
2026/10/03 09:11:51.267, 3, 69530
2026/10/03 09:11:51.267, 4, 119023
2026/10/03 09:11:51.267, 5, 122967
2026/10/03 09:11:51.267, 6, 118959
2026/10/03 09:11:51.268, 7, 125371
2026/10/03 09:11:52.268, 0, 71762
2026/10/03 09:11:52.268, 1, 82408
2026/10/03 09:11:52.268, 2, 76478
2026/10/03 09:11:52.268, 3, 69530
2026/10/03 09:11:52.268, 4, 119023
2026/10/03 09:11:52.268, 5, 122967
2026/10/03 09:11:52.268, 6, 118959
2026/10/03 09:11:52.268, 7, 125371
2026/10/03 09:11:53.268, 0, 71762
2026/10/03 09:11:53.268, 1, 82408
2026/10/03 09:11:53.268, 2, 76478
2026/10/03 09:11:53.268, 3, 69530
2026/10/03 09:11:53.268, 4, 119023
2026/10/03 09:11:53.268, 5, 122967
2026/10/03 09:11:53.268, 6, 118959
2026/10/03 09:11:53.268, 7, 125371
2026/10/03 09:11:54.268, 0, 71762
2026/10/03 09:11:54.268, 1, 82408
2026/10/03 09:11:54.268, 2, 76478
2026/10/03 09:11:54.268, 3, 69530
2026/10/03 09:11:54.268, 4, 119023
2026/10/03 09:11:54.268, 5, 122967
2026/10/03 09:11:54.268, 6, 118959
2026/10/03 09:11:54.268, 7, 125371
2026/10/03 09:11:55.268, 0, 71762
2026/10/03 09:11:55.268, 1, 82408
2026/10/03 09:11:55.268, 2, 76478
2026/10/03 09:11:55.270, 3, 69530
2026/10/03 09:11:55.270, 4, 119023
2026/10/03 09:11:55.270, 5, 122967
2026/10/03 09:11:55.270, 6, 118959
2026/10/03 09:11:55.270, 7, 125371
2026/10/03 09:11:56.270, 0, 71762
2026/10/03 09:11:56.271, 1, 82408
2026/10/03 09:11:56.271, 2, 76478
2026/10/03 09:11:56.271, 3, 69530
2026/10/03 09:11:56.271, 4, 119023
2026/10/03 09:11:56.271, 5, 122967
2026/10/03 09:11:56.271, 6, 118959
2026/10/03 09:11:56.271, 7, 125371
2026/10/03 09:11:57.271, 0, 71762
2026/10/03 09:11:57.272, 1, 82408
2026/10/03 09:11:57.272, 2, 76478
2026/10/03 09:11:57.272, 3, 69530
2026/10/03 09:11:57.272, 4, 118639
2026/10/03 09:11:57.272, 5, 118637
2026/10/03 09:11:57.272, 6, 118641
2026/10/03 09:11:57.272, 7, 118397
2026/10/03 09:11:58.272, 0, 71762
2026/10/03 09:11:58.272, 1, 82408
2026/10/03 09:11:58.272, 2, 76478
2026/10/03 09:11:58.272, 3, 69530
2026/10/03 09:11:58.272, 4, 118639
2026/10/03 09:11:58.272, 5, 118639
2026/10/03 09:11:58.272, 6, 118641
2026/10/03 09:11:58.272, 7, 118397
2026/10/03 09:11:59.272, 0, 71762
2026/10/03 09:11:59.272, 1, 82408
2026/10/03 09:11:59.272, 2, 76478
2026/10/03 09:11:59.272, 3, 69530
2026/10/03 09:11:59.272, 4, 118639
2026/10/03 09:11:59.272, 5, 118639
2026/10/03 09:11:59.272, 6, 118659
2026/10/03 09:11:59.272, 7, 118397
2026/10/03 09:12:00.273, 0, 71762
2026/10/03 09:12:00.273, 1, 82408
2026/10/03 09:12:00.273, 2, 76478
2026/10/03 09:12:00.273, 3, 69530
2026/10/03 09:12:00.273, 4, 118639
2026/10/03 09:12:00.273, 5, 118639
2026/10/03 09:12:00.273, 6, 118659
2026/10/03 09:12:00.273, 7, 118397
2026/10/03 09:12:01.274, 0, 71762
2026/10/03 09:12:01.274, 1, 82408
2026/10/03 09:12:01.274, 2, 76478
2026/10/03 09:12:01.274, 3, 69530
2026/10/03 09:12:01.274, 4, 118639
2026/10/03 09:12:01.274, 5, 118639
2026/10/03 09:12:01.274, 6, 118659
2026/10/03 09:12:01.274, 7, 118397
2026/10/03 09:12:02.274, 0, 71762
2026/10/03 09:12:02.274, 1, 82408
2026/10/03 09:12:02.274, 2, 76478
2026/10/03 09:12:02.274, 3, 69530
2026/10/03 09:12:02.274, 4, 118639
2026/10/03 09:12:02.274, 5, 118639
2026/10/03 09:12:02.274, 6, 118659
2026/10/03 09:12:02.274, 7, 118397
2026/10/03 09:12:03.274, 0, 71762
2026/10/03 09:12:03.277, 1, 82408
2026/10/03 09:12:03.277, 2, 76478
2026/10/03 09:12:03.278, 3, 69530
2026/10/03 09:12:03.279, 4, 118639
2026/10/03 09:12:03.279, 5, 118639
2026/10/03 09:12:03.279, 6, 118659
2026/10/03 09:12:03.279, 7, 118397
2026/10/03 09:12:04.279, 0, 71762
2026/10/03 09:12:04.279, 1, 82408
2026/10/03 09:12:04.279, 2, 76478
2026/10/03 09:12:04.279, 3, 69530
2026/10/03 09:12:04.279, 4, 118639
2026/10/03 09:12:04.279, 5, 118639
2026/10/03 09:12:04.338, 6, 118659
2026/10/03 09:12:04.338, 7, 118397
2026/10/03 09:12:05.338, 0, 71762
2026/10/03 09:12:05.338, 1, 82408
2026/10/03 09:12:05.338, 2, 76478
2026/10/03 09:12:05.338, 3, 69530
2026/10/03 09:12:05.338, 4, 118639
2026/10/03 09:12:05.338, 5, 118639
2026/10/03 09:12:05.338, 6, 118659
2026/10/03 09:12:05.338, 7, 118397
2026/10/03 09:12:06.338, 0, 71762
2026/10/03 09:12:06.338, 1, 82408
2026/10/03 09:12:06.338, 2, 76478
2026/10/03 09:12:06.338, 3, 69530
2026/10/03 09:12:06.338, 4, 118639
2026/10/03 09:12:06.338, 5, 118639
2026/10/03 09:12:06.339, 6, 118659
2026/10/03 09:12:06.339, 7, 118399
2026/10/03 09:12:07.339, 0, 71762
2026/10/03 09:12:07.341, 1, 82408
2026/10/03 09:12:07.342, 2, 76478
2026/10/03 09:12:07.342, 3, 69530
2026/10/03 09:12:07.342, 4, 118639
2026/10/03 09:12:07.342, 5, 118639
2026/10/03 09:12:07.342, 6, 118659
2026/10/03 09:12:07.342, 7, 118399
2026/10/03 09:12:08.342, 0, 71762
2026/10/03 09:12:08.342, 1, 82408
2026/10/03 09:12:08.342, 2, 76478
2026/10/03 09:12:08.342, 3, 69530
2026/10/03 09:12:08.342, 4, 118803
2026/10/03 09:12:08.342, 5, 118639
2026/10/03 09:12:08.342, 6, 118791
2026/10/03 09:12:08.342, 7, 118399
2026/10/03 09:12:09.342, 0, 71762
2026/10/03 09:12:09.343, 1, 82408
2026/10/03 09:12:09.343, 2, 76478
2026/10/03 09:12:09.343, 3, 69532
2026/10/03 09:12:09.343, 4, 118803
2026/10/03 09:12:09.343, 5, 118639
2026/10/03 09:12:09.343, 6, 118791
2026/10/03 09:12:09.343, 7, 118399
2026/10/03 09:12:10.343, 0, 71762
2026/10/03 09:12:10.343, 1, 82408
2026/10/03 09:12:10.343, 2, 76478
2026/10/03 09:12:10.343, 3, 69532
2026/10/03 09:12:10.343, 4, 118803
2026/10/03 09:12:10.343, 5, 118639
2026/10/03 09:12:10.343, 6, 118791
2026/10/03 09:12:10.343, 7, 118399
2026/10/03 09:12:11.343, 0, 71762
2026/10/03 09:12:11.343, 1, 82408
2026/10/03 09:12:11.343, 2, 76478
2026/10/03 09:12:11.343, 3, 69532
2026/10/03 09:12:11.343, 4, 119275
2026/10/03 09:12:11.343, 5, 118615
2026/10/03 09:12:11.343, 6, 119275
2026/10/03 09:12:11.343, 7, 119035
2026/10/03 09:12:12.343, 0, 71762
2026/10/03 09:12:12.343, 1, 82408
2026/10/03 09:12:12.343, 2, 76478
2026/10/03 09:12:12.343, 3, 69532
2026/10/03 09:12:12.343, 4, 118615
2026/10/03 09:12:12.343, 5, 118615
2026/10/03 09:12:12.343, 6, 118615
2026/10/03 09:12:12.343, 7, 118375
2026/10/03 09:12:13.343, 0, 71762
2026/10/03 09:12:13.343, 1, 82408
2026/10/03 09:12:13.344, 2, 76478
2026/10/03 09:12:13.344, 3, 69532
2026/10/03 09:12:13.344, 4, 118615
2026/10/03 09:12:13.344, 5, 118615
2026/10/03 09:12:13.344, 6, 118615
2026/10/03 09:12:13.344, 7, 118375
2026/10/03 09:12:14.344, 0, 71762
2026/10/03 09:12:14.344, 1, 82408
2026/10/03 09:12:14.344, 2, 76478
2026/10/03 09:12:14.344, 3, 69532
2026/10/03 09:12:14.344, 4, 118615
2026/10/03 09:12:14.344, 5, 118615
2026/10/03 09:12:14.344, 6, 118615
2026/10/03 09:12:14.344, 7, 118375
2026/10/03 09:12:15.344, 0, 71762
2026/10/03 09:12:15.344, 1, 82408
2026/10/03 09:12:15.344, 2, 76478
2026/10/03 09:12:15.344, 3, 69532
2026/10/03 09:12:15.344, 4, 118615
2026/10/03 09:12:15.344, 5, 118615
2026/10/03 09:12:15.344, 6, 118615
2026/10/03 09:12:15.345, 7, 118375
2026/10/03 09:12:16.345, 0, 71762
2026/10/03 09:12:16.345, 1, 82408
2026/10/03 09:12:16.345, 2, 76478
2026/10/03 09:12:16.345, 3, 69532
2026/10/03 09:12:16.345, 4, 118615
2026/10/03 09:12:16.345, 5, 118615
2026/10/03 09:12:16.345, 6, 118615
2026/10/03 09:12:16.345, 7, 118375
2026/10/03 09:12:17.345, 0, 71762
2026/10/03 09:12:17.349, 1, 82408
2026/10/03 09:12:17.352, 2, 76478
2026/10/03 09:12:17.353, 3, 69532
2026/10/03 09:12:17.355, 4, 118615
2026/10/03 09:12:17.358, 5, 118615
2026/10/03 09:12:17.360, 6, 118615
2026/10/03 09:12:17.362, 7, 118375
2026/10/03 09:12:18.365, 0, 71762
2026/10/03 09:12:18.365, 1, 82408
2026/10/03 09:12:18.366, 2, 76478
2026/10/03 09:12:18.366, 3, 69532
2026/10/03 09:12:18.366, 4, 118615
2026/10/03 09:12:18.367, 5, 118615
2026/10/03 09:12:18.367, 6, 118615
2026/10/03 09:12:18.367, 7, 118375
2026/10/03 09:12:19.367, 0, 71762
2026/10/03 09:12:19.367, 1, 82408
2026/10/03 09:12:19.367, 2, 76478
2026/10/03 09:12:19.367, 3, 69532
2026/10/03 09:12:19.367, 4, 118615
2026/10/03 09:12:19.367, 5, 118615
2026/10/03 09:12:19.367, 6, 118615
2026/10/03 09:12:19.367, 7, 118375
2026/10/03 09:12:20.368, 0, 71762
2026/10/03 09:12:20.368, 1, 82408
2026/10/03 09:12:20.368, 2, 76478
2026/10/03 09:12:20.368, 3, 69532
2026/10/03 09:12:20.368, 4, 118615
2026/10/03 09:12:20.368, 5, 118615
2026/10/03 09:12:20.368, 6, 118615
2026/10/03 09:12:20.368, 7, 118375
2026/10/03 09:12:21.368, 0, 71762
2026/10/03 09:12:21.368, 1, 82408
2026/10/03 09:12:21.368, 2, 76478
2026/10/03 09:12:21.368, 3, 69532
2026/10/03 09:12:21.368, 4, 118657
2026/10/03 09:12:21.368, 5, 118875
2026/10/03 09:12:21.368, 6, 118657
2026/10/03 09:12:21.368, 7, 118683
2026/10/03 09:12:22.368, 0, 71762
2026/10/03 09:12:22.372, 1, 82408
2026/10/03 09:12:22.372, 2, 76478
2026/10/03 09:12:22.372, 3, 69532
2026/10/03 09:12:22.372, 4, 118877
2026/10/03 09:12:22.372, 5, 119235
2026/10/03 09:12:22.372, 6, 118953
2026/10/03 09:12:22.373, 7, 119187
2026/10/03 09:12:23.373, 0, 71762
2026/10/03 09:12:23.373, 1, 82408
2026/10/03 09:12:23.373, 2, 76478
2026/10/03 09:12:23.373, 3, 69532
2026/10/03 09:12:23.373, 4, 118879
2026/10/03 09:12:23.373, 5, 119235
2026/10/03 09:12:23.373, 6, 118953
2026/10/03 09:12:23.373, 7, 120215
2026/10/03 09:12:24.373, 0, 71762
2026/10/03 09:12:24.374, 1, 82408
2026/10/03 09:12:24.374, 2, 76478
2026/10/03 09:12:24.374, 3, 69532
2026/10/03 09:12:24.374, 4, 118879
2026/10/03 09:12:24.374, 5, 119235
2026/10/03 09:12:24.374, 6, 118955
2026/10/03 09:12:24.374, 7, 121799
2026/10/03 09:12:25.374, 0, 71762
2026/10/03 09:12:25.374, 1, 82408
2026/10/03 09:12:25.374, 2, 76478
2026/10/03 09:12:25.375, 3, 69532
2026/10/03 09:12:25.375, 4, 118879
2026/10/03 09:12:25.375, 5, 119235
2026/10/03 09:12:25.375, 6, 118955
2026/10/03 09:12:25.375, 7, 121799
2026/10/03 09:12:26.375, 0, 71762
2026/10/03 09:12:26.375, 1, 82408
2026/10/03 09:12:26.375, 2, 76478
2026/10/03 09:12:26.375, 3, 69532
2026/10/03 09:12:26.375, 4, 118879
2026/10/03 09:12:26.375, 5, 119235
2026/10/03 09:12:26.375, 6, 118955
2026/10/03 09:12:26.375, 7, 121799
2026/10/03 09:12:27.375, 0, 71762
2026/10/03 09:12:27.377, 1, 82408
2026/10/03 09:12:27.379, 2, 76478
2026/10/03 09:12:27.382, 3, 69532
2026/10/03 09:12:27.383, 4, 118879
2026/10/03 09:12:27.385, 5, 119235
2026/10/03 09:12:27.387, 6, 118955
2026/10/03 09:12:27.389, 7, 121799
2026/10/03 09:12:28.391, 0, 71762
2026/10/03 09:12:28.392, 1, 82408
2026/10/03 09:12:28.392, 2, 76478
2026/10/03 09:12:28.392, 3, 69532
2026/10/03 09:12:28.392, 4, 118879
2026/10/03 09:12:28.392, 5, 119235
2026/10/03 09:12:28.392, 6, 118955
2026/10/03 09:12:28.392, 7, 121799
2026/10/03 09:12:29.392, 0, 71762
2026/10/03 09:12:29.392, 1, 82408
2026/10/03 09:12:29.392, 2, 76478
2026/10/03 09:12:29.392, 3, 69532
2026/10/03 09:12:29.392, 4, 118879
2026/10/03 09:12:29.392, 5, 119235
2026/10/03 09:12:29.392, 6, 118955
2026/10/03 09:12:29.392, 7, 121799
2026/10/03 09:12:30.392, 0, 71762
2026/10/03 09:12:30.393, 1, 82408
2026/10/03 09:12:30.393, 2, 76478
2026/10/03 09:12:30.393, 3, 69532
2026/10/03 09:12:30.393, 4, 118879
2026/10/03 09:12:30.393, 5, 119235
2026/10/03 09:12:30.393, 6, 118955
2026/10/03 09:12:30.393, 7, 121799
2026/10/03 09:12:31.393, 0, 71762
2026/10/03 09:12:31.393, 1, 82408
2026/10/03 09:12:31.393, 2, 76478
2026/10/03 09:12:31.393, 3, 69532
2026/10/03 09:12:31.393, 4, 118879
2026/10/03 09:12:31.393, 5, 119235
2026/10/03 09:12:31.393, 6, 118955
2026/10/03 09:12:31.393, 7, 121799
2026/10/03 09:12:32.394, 0, 71762
2026/10/03 09:12:32.394, 1, 82408
2026/10/03 09:12:32.394, 2, 76478
2026/10/03 09:12:32.394, 3, 69532
2026/10/03 09:12:32.394, 4, 118879
2026/10/03 09:12:32.394, 5, 119235
2026/10/03 09:12:32.394, 6, 118955
2026/10/03 09:12:32.394, 7, 121799
2026/10/03 09:12:33.394, 0, 71762
2026/10/03 09:12:33.394, 1, 82408
2026/10/03 09:12:33.394, 2, 76478
2026/10/03 09:12:33.394, 3, 69532
2026/10/03 09:12:33.394, 4, 118879
2026/10/03 09:12:33.394, 5, 119235
2026/10/03 09:12:33.394, 6, 118955
2026/10/03 09:12:33.394, 7, 121799
2026/10/03 09:12:34.394, 0, 71762
2026/10/03 09:12:34.394, 1, 82408
2026/10/03 09:12:34.394, 2, 76478
2026/10/03 09:12:34.394, 3, 69532
2026/10/03 09:12:34.394, 4, 118879
2026/10/03 09:12:34.394, 5, 119235
2026/10/03 09:12:34.394, 6, 118955
2026/10/03 09:12:34.394, 7, 121799
2026/10/03 09:12:35.394, 0, 71762
2026/10/03 09:12:35.394, 1, 82408
2026/10/03 09:12:35.395, 2, 76478
2026/10/03 09:12:35.397, 3, 69532
2026/10/03 09:12:35.397, 4, 118913
2026/10/03 09:12:35.397, 5, 118885
2026/10/03 09:12:35.397, 6, 118615
2026/10/03 09:12:35.398, 7, 118375
2026/10/03 09:12:36.398, 0, 71762
2026/10/03 09:12:36.398, 1, 82408
2026/10/03 09:12:36.398, 2, 76478
2026/10/03 09:12:36.398, 3, 69532
2026/10/03 09:12:36.398, 4, 118639
2026/10/03 09:12:36.398, 5, 118749
2026/10/03 09:12:36.398, 6, 118639
2026/10/03 09:12:36.398, 7, 118397
2026/10/03 09:12:37.398, 0, 71762
2026/10/03 09:12:37.398, 1, 82408
2026/10/03 09:12:37.398, 2, 76478
2026/10/03 09:12:37.398, 3, 69532
2026/10/03 09:12:37.398, 4, 118681
2026/10/03 09:12:37.398, 5, 118749
2026/10/03 09:12:37.398, 6, 118639
2026/10/03 09:12:37.398, 7, 118397
2026/10/03 09:12:38.398, 0, 71762
2026/10/03 09:12:38.398, 1, 82408
2026/10/03 09:12:38.398, 2, 76478
2026/10/03 09:12:38.398, 3, 69532
2026/10/03 09:12:38.398, 4, 118681
2026/10/03 09:12:38.398, 5, 118749
2026/10/03 09:12:38.398, 6, 118639
2026/10/03 09:12:38.398, 7, 118397
2026/10/03 09:12:39.398, 0, 71762
2026/10/03 09:12:39.399, 1, 82408
2026/10/03 09:12:39.399, 2, 76478
2026/10/03 09:12:39.399, 3, 69532
2026/10/03 09:12:39.399, 4, 118681
2026/10/03 09:12:39.399, 5, 118749
2026/10/03 09:12:39.399, 6, 118639
2026/10/03 09:12:39.399, 7, 118397
2026/10/03 09:12:40.399, 0, 71762
2026/10/03 09:12:40.399, 1, 82408
2026/10/03 09:12:40.399, 2, 76478
2026/10/03 09:12:40.399, 3, 69532
2026/10/03 09:12:40.399, 4, 118681
2026/10/03 09:12:40.399, 5, 118749
2026/10/03 09:12:40.399, 6, 118639
2026/10/03 09:12:40.399, 7, 118397
2026/10/03 09:12:41.399, 0, 71762
2026/10/03 09:12:41.399, 1, 82408
2026/10/03 09:12:41.399, 2, 76478
2026/10/03 09:12:41.399, 3, 69532
2026/10/03 09:12:41.399, 4, 118681
2026/10/03 09:12:41.399, 5, 118749
2026/10/03 09:12:41.399, 6, 118639
2026/10/03 09:12:41.399, 7, 118397
2026/10/03 09:12:42.399, 0, 71762
2026/10/03 09:12:42.399, 1, 82408
2026/10/03 09:12:42.399, 2, 76478
2026/10/03 09:12:42.399, 3, 69532
2026/10/03 09:12:42.399, 4, 118681
2026/10/03 09:12:42.399, 5, 118749
2026/10/03 09:12:42.399, 6, 118639
2026/10/03 09:12:42.399, 7, 118397
2026/10/03 09:12:43.400, 0, 71762
2026/10/03 09:12:43.400, 1, 82408
2026/10/03 09:12:43.400, 2, 76478
2026/10/03 09:12:43.400, 3, 69532
2026/10/03 09:12:43.400, 4, 118681
2026/10/03 09:12:43.400, 5, 118749
2026/10/03 09:12:43.400, 6, 118639
2026/10/03 09:12:43.400, 7, 118397
2026/10/03 09:12:44.400, 0, 71762
2026/10/03 09:12:44.400, 1, 82408
2026/10/03 09:12:44.400, 2, 76478
2026/10/03 09:12:44.400, 3, 69532
2026/10/03 09:12:44.401, 4, 118681
2026/10/03 09:12:44.401, 5, 118749
2026/10/03 09:12:44.401, 6, 118639
2026/10/03 09:12:44.401, 7, 118397
2026/10/03 09:12:45.401, 0, 71762
2026/10/03 09:12:45.401, 1, 82408
2026/10/03 09:12:45.401, 2, 76478
2026/10/03 09:12:45.401, 3, 69532
2026/10/03 09:12:45.401, 4, 118681
2026/10/03 09:12:45.401, 5, 118749
2026/10/03 09:12:45.401, 6, 118639
2026/10/03 09:12:45.401, 7, 118397
2026/10/03 09:12:46.401, 0, 71762
2026/10/03 09:12:46.401, 1, 82408
2026/10/03 09:12:46.401, 2, 76478
2026/10/03 09:12:46.401, 3, 69532
2026/10/03 09:12:46.401, 4, 118681
2026/10/03 09:12:46.401, 5, 118749
2026/10/03 09:12:46.402, 6, 118639
2026/10/03 09:12:46.402, 7, 118397
2026/10/03 09:12:47.402, 0, 71762
2026/10/03 09:12:47.450, 1, 82408
2026/10/03 09:12:47.451, 2, 76478
2026/10/03 09:12:47.453, 3, 69532
2026/10/03 09:12:47.456, 4, 118711
2026/10/03 09:12:47.456, 5, 118749
2026/10/03 09:12:47.457, 6, 118771
2026/10/03 09:12:47.457, 7, 118397
2026/10/03 09:12:48.457, 0, 71762
2026/10/03 09:12:48.459, 1, 82408
2026/10/03 09:12:48.462, 2, 76478
2026/10/03 09:12:48.465, 3, 69532
2026/10/03 09:12:48.469, 4, 118711
2026/10/03 09:12:48.471, 5, 118749
2026/10/03 09:12:48.474, 6, 118771
2026/10/03 09:12:48.476, 7, 118397
2026/10/03 09:12:49.477, 0, 71762
2026/10/03 09:12:49.477, 1, 82408
2026/10/03 09:12:49.477, 2, 76478
2026/10/03 09:12:49.477, 3, 69532
2026/10/03 09:12:49.477, 4, 118711
2026/10/03 09:12:49.477, 5, 118749
2026/10/03 09:12:49.477, 6, 118771
2026/10/03 09:12:49.477, 7, 118397
2026/10/03 09:12:50.477, 0, 71762
2026/10/03 09:12:50.477, 1, 82408
2026/10/03 09:12:50.477, 2, 76478
2026/10/03 09:12:50.477, 3, 69532
2026/10/03 09:12:50.477, 4, 118615
2026/10/03 09:12:50.477, 5, 118615
2026/10/03 09:12:50.477, 6, 118615
2026/10/03 09:12:50.477, 7, 118375
2026/10/03 09:12:51.477, 0, 71762
2026/10/03 09:12:51.478, 1, 82408
2026/10/03 09:12:51.478, 2, 76478
2026/10/03 09:12:51.478, 3, 69532
2026/10/03 09:12:51.478, 4, 118615
2026/10/03 09:12:51.478, 5, 118615
2026/10/03 09:12:51.478, 6, 118615
2026/10/03 09:12:51.478, 7, 118375
2026/10/03 09:12:52.478, 0, 71762
2026/10/03 09:12:52.478, 1, 82408
2026/10/03 09:12:52.479, 2, 76478
2026/10/03 09:12:52.479, 3, 69532
2026/10/03 09:12:52.479, 4, 118615
2026/10/03 09:12:52.480, 5, 118615
2026/10/03 09:12:52.480, 6, 118615
2026/10/03 09:12:52.481, 7, 118375
2026/10/03 09:12:53.481, 0, 71762
2026/10/03 09:12:53.481, 1, 82408
2026/10/03 09:12:53.481, 2, 76478
2026/10/03 09:12:53.481, 3, 69532
2026/10/03 09:12:53.481, 4, 118615
2026/10/03 09:12:53.481, 5, 118615
2026/10/03 09:12:53.481, 6, 118615
2026/10/03 09:12:53.481, 7, 118375
2026/10/03 09:12:54.481, 0, 71762
2026/10/03 09:12:54.481, 1, 82408
2026/10/03 09:12:54.481, 2, 76478
2026/10/03 09:12:54.481, 3, 69532
2026/10/03 09:12:54.481, 4, 118615
2026/10/03 09:12:54.481, 5, 118615
2026/10/03 09:12:54.481, 6, 118615
2026/10/03 09:12:54.481, 7, 118375
2026/10/03 09:12:55.482, 0, 71762
2026/10/03 09:12:55.482, 1, 82408
2026/10/03 09:12:55.482, 2, 76478
2026/10/03 09:12:55.482, 3, 69532
2026/10/03 09:12:55.482, 4, 118615
2026/10/03 09:12:55.482, 5, 118615
2026/10/03 09:12:55.482, 6, 118615
2026/10/03 09:12:55.482, 7, 118375
2026/10/03 09:12:56.482, 0, 71762
2026/10/03 09:12:56.482, 1, 82408
2026/10/03 09:12:56.482, 2, 76478
2026/10/03 09:12:56.482, 3, 69532
2026/10/03 09:12:56.482, 4, 118615
2026/10/03 09:12:56.482, 5, 119149
2026/10/03 09:12:56.482, 6, 118615
2026/10/03 09:12:56.482, 7, 118447
2026/10/03 09:12:57.482, 0, 71762
2026/10/03 09:12:57.482, 1, 82408
2026/10/03 09:12:57.482, 2, 76478
2026/10/03 09:12:57.482, 3, 69532
2026/10/03 09:12:57.482, 4, 118959
2026/10/03 09:12:57.482, 5, 119275
2026/10/03 09:12:57.482, 6, 118693
2026/10/03 09:12:57.482, 7, 119257
2026/10/03 09:12:58.482, 0, 71762
2026/10/03 09:12:58.482, 1, 82408
2026/10/03 09:12:58.482, 2, 76478
2026/10/03 09:12:58.482, 3, 69532
2026/10/03 09:12:58.482, 4, 118959
2026/10/03 09:12:58.482, 5, 119275
2026/10/03 09:12:58.482, 6, 118921
2026/10/03 09:12:58.482, 7, 120133
2026/10/03 09:12:59.483, 0, 71762
2026/10/03 09:12:59.483, 1, 82408
2026/10/03 09:12:59.483, 2, 76478
2026/10/03 09:12:59.483, 3, 69532
2026/10/03 09:12:59.483, 4, 118961
2026/10/03 09:12:59.483, 5, 119275
2026/10/03 09:12:59.483, 6, 118921
2026/10/03 09:12:59.483, 7, 121207
2026/10/03 09:13:00.483, 0, 71762
2026/10/03 09:13:00.483, 1, 82408
2026/10/03 09:13:00.483, 2, 76478
2026/10/03 09:13:00.483, 3, 69532
2026/10/03 09:13:00.483, 4, 118961
2026/10/03 09:13:00.483, 5, 119275
2026/10/03 09:13:00.483, 6, 118921
2026/10/03 09:13:00.483, 7, 121753
2026/10/03 09:13:01.483, 0, 71762
2026/10/03 09:13:01.483, 1, 82408
2026/10/03 09:13:01.483, 2, 76478
2026/10/03 09:13:01.483, 3, 69532
2026/10/03 09:13:01.483, 4, 118961
2026/10/03 09:13:01.483, 5, 119275
2026/10/03 09:13:01.483, 6, 118921
2026/10/03 09:13:01.483, 7, 121753
2026/10/03 09:13:02.483, 0, 71762
2026/10/03 09:13:02.483, 1, 82408
2026/10/03 09:13:02.483, 2, 76478
2026/10/03 09:13:02.483, 3, 69532
2026/10/03 09:13:02.483, 4, 118961
2026/10/03 09:13:02.483, 5, 119275
2026/10/03 09:13:02.483, 6, 118921
2026/10/03 09:13:02.483, 7, 121753
2026/10/03 09:13:03.484, 0, 71762
2026/10/03 09:13:03.484, 1, 82408
2026/10/03 09:13:03.485, 2, 76478
2026/10/03 09:13:03.485, 3, 69532
2026/10/03 09:13:03.485, 4, 118961
2026/10/03 09:13:03.485, 5, 119275
2026/10/03 09:13:03.486, 6, 118921
2026/10/03 09:13:03.486, 7, 121753
2026/10/03 09:13:04.486, 0, 71762
2026/10/03 09:13:04.486, 1, 82408
2026/10/03 09:13:04.486, 2, 76478
2026/10/03 09:13:04.486, 3, 69532
2026/10/03 09:13:04.486, 4, 118961
2026/10/03 09:13:04.486, 5, 119275
2026/10/03 09:13:04.486, 6, 118921
2026/10/03 09:13:04.486, 7, 121753
2026/10/03 09:13:05.486, 0, 71762
2026/10/03 09:13:05.486, 1, 82408
2026/10/03 09:13:05.486, 2, 76478
2026/10/03 09:13:05.486, 3, 69532
2026/10/03 09:13:05.486, 4, 118961
2026/10/03 09:13:05.486, 5, 119275
2026/10/03 09:13:05.486, 6, 118921
2026/10/03 09:13:05.486, 7, 121753
2026/10/03 09:13:06.487, 0, 71762
2026/10/03 09:13:06.487, 1, 82408
2026/10/03 09:13:06.487, 2, 76478
2026/10/03 09:13:06.487, 3, 69532
2026/10/03 09:13:06.487, 4, 118961
2026/10/03 09:13:06.487, 5, 119275
2026/10/03 09:13:06.487, 6, 118921
2026/10/03 09:13:06.487, 7, 121753
2026/10/03 09:13:07.487, 0, 71762
2026/10/03 09:13:07.517, 1, 82408
2026/10/03 09:13:07.517, 2, 76478
2026/10/03 09:13:07.517, 3, 69532
2026/10/03 09:13:07.517, 4, 118961
2026/10/03 09:13:07.518, 5, 119275
2026/10/03 09:13:07.518, 6, 118921
2026/10/03 09:13:07.518, 7, 121753
2026/10/03 09:13:08.518, 0, 71762
2026/10/03 09:13:08.518, 1, 82408
2026/10/03 09:13:08.518, 2, 76478
2026/10/03 09:13:08.518, 3, 69532
2026/10/03 09:13:08.518, 4, 118961
2026/10/03 09:13:08.518, 5, 119275
2026/10/03 09:13:08.518, 6, 118921
2026/10/03 09:13:08.518, 7, 121753
2026/10/03 09:13:09.518, 0, 71762
2026/10/03 09:13:09.518, 1, 82408
2026/10/03 09:13:09.518, 2, 76478
2026/10/03 09:13:09.518, 3, 69532
2026/10/03 09:13:09.518, 4, 118961
2026/10/03 09:13:09.518, 5, 119275
2026/10/03 09:13:09.518, 6, 118921
2026/10/03 09:13:09.518, 7, 121753
2026/10/03 09:13:10.518, 0, 71762
2026/10/03 09:13:10.518, 1, 82408
2026/10/03 09:13:10.518, 2, 76478
2026/10/03 09:13:10.518, 3, 69532
2026/10/03 09:13:10.518, 4, 118615
2026/10/03 09:13:10.518, 5, 118615
2026/10/03 09:13:10.518, 6, 118615
2026/10/03 09:13:10.518, 7, 118375
2026/10/03 09:13:11.518, 0, 71762
2026/10/03 09:13:11.519, 1, 82408
2026/10/03 09:13:11.519, 2, 76478
2026/10/03 09:13:11.519, 3, 69532
2026/10/03 09:13:11.519, 4, 118615
2026/10/03 09:13:11.519, 5, 118639
2026/10/03 09:13:11.519, 6, 118615
2026/10/03 09:13:11.519, 7, 118375
2026/10/03 09:13:12.519, 0, 71762
2026/10/03 09:13:12.519, 1, 82408
2026/10/03 09:13:12.519, 2, 76478
2026/10/03 09:13:12.519, 3, 69532
2026/10/03 09:13:12.519, 4, 118639
2026/10/03 09:13:12.519, 5, 118853
2026/10/03 09:13:12.519, 6, 118641
2026/10/03 09:13:12.519, 7, 118399
2026/10/03 09:13:13.519, 0, 71762
2026/10/03 09:13:13.519, 1, 82408
2026/10/03 09:13:13.519, 2, 76478
2026/10/03 09:13:13.519, 3, 69532
2026/10/03 09:13:13.519, 4, 118639
2026/10/03 09:13:13.519, 5, 118853
2026/10/03 09:13:13.519, 6, 118641
2026/10/03 09:13:13.519, 7, 118399
2026/10/03 09:13:14.519, 0, 71762
2026/10/03 09:13:14.520, 1, 82408
2026/10/03 09:13:14.520, 2, 76478
2026/10/03 09:13:14.520, 3, 69532
2026/10/03 09:13:14.520, 4, 118639
2026/10/03 09:13:14.520, 5, 118853
2026/10/03 09:13:14.520, 6, 118641
2026/10/03 09:13:14.520, 7, 118399
2026/10/03 09:13:15.520, 0, 71762
2026/10/03 09:13:15.520, 1, 82408
2026/10/03 09:13:15.520, 2, 76478
2026/10/03 09:13:15.520, 3, 69532
2026/10/03 09:13:15.520, 4, 118639
2026/10/03 09:13:15.520, 5, 118853
2026/10/03 09:13:15.521, 6, 118641
2026/10/03 09:13:15.521, 7, 118399
2026/10/03 09:13:16.521, 0, 71762
2026/10/03 09:13:16.521, 1, 82408
2026/10/03 09:13:16.521, 2, 76478
2026/10/03 09:13:16.521, 3, 69532
2026/10/03 09:13:16.521, 4, 118639
2026/10/03 09:13:16.521, 5, 118853
2026/10/03 09:13:16.521, 6, 118641
2026/10/03 09:13:16.521, 7, 118399
2026/10/03 09:13:17.563, 0, 71762
2026/10/03 09:13:17.572, 1, 82408
2026/10/03 09:13:17.584, 2, 76478
2026/10/03 09:13:17.594, 3, 69532
2026/10/03 09:13:17.654, 4, 118659
2026/10/03 09:13:17.666, 5, 118853
2026/10/03 09:13:17.681, 6, 118641
2026/10/03 09:13:17.692, 7, 118399
2026/10/03 09:13:18.704, 0, 71762
2026/10/03 09:13:18.705, 1, 82408
2026/10/03 09:13:18.814, 2, 76478
2026/10/03 09:13:18.820, 3, 69532
2026/10/03 09:13:18.820, 4, 118659
2026/10/03 09:13:18.825, 5, 118853
2026/10/03 09:13:18.830, 6, 118641
2026/10/03 09:13:18.835, 7, 118399
2026/10/03 09:13:19.837, 0, 71762
2026/10/03 09:13:19.837, 1, 82408
2026/10/03 09:13:19.837, 2, 76478
2026/10/03 09:13:19.838, 3, 69532
2026/10/03 09:13:19.838, 4, 118659
2026/10/03 09:13:19.838, 5, 118853
2026/10/03 09:13:19.838, 6, 118641
2026/10/03 09:13:19.838, 7, 118399
2026/10/03 09:13:20.838, 0, 71762
2026/10/03 09:13:20.838, 1, 82408
2026/10/03 09:13:20.838, 2, 76478
2026/10/03 09:13:20.838, 3, 69532
2026/10/03 09:13:20.838, 4, 118659
2026/10/03 09:13:20.838, 5, 118853
2026/10/03 09:13:20.838, 6, 118641
2026/10/03 09:13:20.838, 7, 118399
2026/10/03 09:13:21.838, 0, 71762
2026/10/03 09:13:21.838, 1, 82408
2026/10/03 09:13:21.838, 2, 76478
2026/10/03 09:13:21.838, 3, 69532
2026/10/03 09:13:21.838, 4, 118681
2026/10/03 09:13:21.838, 5, 118853
2026/10/03 09:13:21.838, 6, 118775
2026/10/03 09:13:21.838, 7, 118399
2026/10/03 09:13:22.838, 0, 71762
2026/10/03 09:13:22.838, 1, 82408
2026/10/03 09:13:22.838, 2, 76478
2026/10/03 09:13:22.838, 3, 69532
2026/10/03 09:13:22.838, 4, 118795
2026/10/03 09:13:22.838, 5, 118853
2026/10/03 09:13:22.838, 6, 118775
2026/10/03 09:13:22.839, 7, 118399
2026/10/03 09:13:23.839, 0, 71762
2026/10/03 09:13:23.839, 1, 82408
2026/10/03 09:13:23.839, 2, 76478
2026/10/03 09:13:23.839, 3, 69532
2026/10/03 09:13:23.839, 4, 118795
2026/10/03 09:13:23.839, 5, 118853
2026/10/03 09:13:23.839, 6, 118775
2026/10/03 09:13:23.839, 7, 118399
2026/10/03 09:13:24.839, 0, 71762
2026/10/03 09:13:24.839, 1, 82408
2026/10/03 09:13:24.839, 2, 76478
2026/10/03 09:13:24.839, 3, 69532
2026/10/03 09:13:24.839, 4, 119421
2026/10/03 09:13:24.839, 5, 118853
2026/10/03 09:13:24.839, 6, 119401
2026/10/03 09:13:24.839, 7, 118399
2026/10/03 09:13:25.839, 0, 71762
2026/10/03 09:13:25.839, 1, 82408
2026/10/03 09:13:25.840, 2, 76478
2026/10/03 09:13:25.840, 3, 69532
2026/10/03 09:13:25.840, 4, 118615
2026/10/03 09:13:25.840, 5, 118615
2026/10/03 09:13:25.840, 6, 118615
2026/10/03 09:13:25.840, 7, 118375
2026/10/03 09:13:26.840, 0, 71762
2026/10/03 09:13:26.840, 1, 82408
2026/10/03 09:13:26.840, 2, 76478
2026/10/03 09:13:26.840, 3, 69532
2026/10/03 09:13:26.840, 4, 118615
2026/10/03 09:13:26.840, 5, 118615
2026/10/03 09:13:26.840, 6, 118615
2026/10/03 09:13:26.840, 7, 118375
2026/10/03 09:13:27.840, 0, 71762
2026/10/03 09:13:27.840, 1, 82408
2026/10/03 09:13:27.840, 2, 76478
2026/10/03 09:13:27.840, 3, 69532
2026/10/03 09:13:27.840, 4, 118615
2026/10/03 09:13:27.840, 5, 118615
2026/10/03 09:13:27.840, 6, 118615
2026/10/03 09:13:27.840, 7, 118375
2026/10/03 09:13:28.840, 0, 71762
2026/10/03 09:13:28.840, 1, 82408
2026/10/03 09:13:28.840, 2, 76478
2026/10/03 09:13:28.840, 3, 69532
2026/10/03 09:13:28.840, 4, 118615
2026/10/03 09:13:28.840, 5, 118615
2026/10/03 09:13:28.840, 6, 118615
2026/10/03 09:13:28.840, 7, 118375
2026/10/03 09:13:29.841, 0, 71762
2026/10/03 09:13:29.841, 1, 82408
2026/10/03 09:13:29.841, 2, 76478
2026/10/03 09:13:29.841, 3, 69532
2026/10/03 09:13:29.841, 4, 118615
2026/10/03 09:13:29.841, 5, 118615
2026/10/03 09:13:29.841, 6, 118615
2026/10/03 09:13:29.841, 7, 118375
2026/10/03 09:13:30.841, 0, 71762
2026/10/03 09:13:30.841, 1, 82408
2026/10/03 09:13:30.841, 2, 76478
2026/10/03 09:13:30.841, 3, 69532
2026/10/03 09:13:30.841, 4, 118673
2026/10/03 09:13:30.841, 5, 118923
2026/10/03 09:13:30.841, 6, 118615
2026/10/03 09:13:30.841, 7, 118453
2026/10/03 09:13:31.841, 0, 71762
2026/10/03 09:13:31.841, 1, 82408
2026/10/03 09:13:31.841, 2, 76478
2026/10/03 09:13:31.841, 3, 69532
2026/10/03 09:13:31.841, 4, 118677
2026/10/03 09:13:31.841, 5, 119015
2026/10/03 09:13:31.841, 6, 118815
2026/10/03 09:13:31.841, 7, 118531
2026/10/03 09:13:32.841, 0, 71762
2026/10/03 09:13:32.841, 1, 82408
2026/10/03 09:13:32.841, 2, 76478
2026/10/03 09:13:32.841, 3, 69532
2026/10/03 09:13:32.841, 4, 118909
2026/10/03 09:13:32.841, 5, 119127
2026/10/03 09:13:32.841, 6, 118961
2026/10/03 09:13:32.842, 7, 118531
2026/10/03 09:13:33.842, 0, 71762
2026/10/03 09:13:33.842, 1, 82408
2026/10/03 09:13:33.842, 2, 76478
2026/10/03 09:13:33.842, 3, 69532
2026/10/03 09:13:33.842, 4, 118909
2026/10/03 09:13:33.842, 5, 119127
2026/10/03 09:13:33.842, 6, 118961
2026/10/03 09:13:33.842, 7, 118763
2026/10/03 09:13:34.842, 0, 71762
2026/10/03 09:13:34.842, 1, 82408
2026/10/03 09:13:34.842, 2, 76478
2026/10/03 09:13:34.842, 3, 69532
2026/10/03 09:13:34.842, 4, 118909
2026/10/03 09:13:34.842, 5, 119127
2026/10/03 09:13:34.842, 6, 118961
2026/10/03 09:13:34.842, 7, 120779
2026/10/03 09:13:35.842, 0, 71762
2026/10/03 09:13:35.842, 1, 82408
2026/10/03 09:13:35.842, 2, 76478
2026/10/03 09:13:35.842, 3, 69532
2026/10/03 09:13:35.842, 4, 118909
2026/10/03 09:13:35.842, 5, 119127
2026/10/03 09:13:35.842, 6, 118961
2026/10/03 09:13:35.842, 7, 120779
2026/10/03 09:13:36.842, 0, 71762
2026/10/03 09:13:36.842, 1, 82408
2026/10/03 09:13:36.843, 2, 76478
2026/10/03 09:13:36.843, 3, 69532
2026/10/03 09:13:36.843, 4, 118909
2026/10/03 09:13:36.843, 5, 119127
2026/10/03 09:13:36.843, 6, 118961
2026/10/03 09:13:36.843, 7, 120779
2026/10/03 09:13:37.843, 0, 71762
2026/10/03 09:13:37.843, 1, 82408
2026/10/03 09:13:37.843, 2, 76478
2026/10/03 09:13:37.843, 3, 69532
2026/10/03 09:13:37.843, 4, 118909
2026/10/03 09:13:37.843, 5, 119127
2026/10/03 09:13:37.843, 6, 118961
2026/10/03 09:13:37.843, 7, 120779
2026/10/03 09:13:38.843, 0, 71762
2026/10/03 09:13:38.843, 1, 82408
2026/10/03 09:13:38.843, 2, 76478
2026/10/03 09:13:38.843, 3, 69532
2026/10/03 09:13:38.843, 4, 118909
2026/10/03 09:13:38.843, 5, 119127
2026/10/03 09:13:38.843, 6, 118961
2026/10/03 09:13:38.843, 7, 120779
2026/10/03 09:13:39.843, 0, 71762
2026/10/03 09:13:39.843, 1, 82408
2026/10/03 09:13:39.843, 2, 76478
2026/10/03 09:13:39.843, 3, 69532
2026/10/03 09:13:39.843, 4, 118909
2026/10/03 09:13:39.843, 5, 119127
2026/10/03 09:13:39.843, 6, 118961
2026/10/03 09:13:39.843, 7, 120779
2026/10/03 09:13:40.844, 0, 71762
2026/10/03 09:13:40.844, 1, 82408
2026/10/03 09:13:40.844, 2, 76478
2026/10/03 09:13:40.844, 3, 69532
2026/10/03 09:13:40.844, 4, 118909
2026/10/03 09:13:40.844, 5, 119127
2026/10/03 09:13:40.844, 6, 118961
2026/10/03 09:13:40.844, 7, 120779
2026/10/03 09:13:41.844, 0, 71762
2026/10/03 09:13:41.844, 1, 82408
2026/10/03 09:13:41.844, 2, 76478
2026/10/03 09:13:41.844, 3, 69532
2026/10/03 09:13:41.844, 4, 118909
2026/10/03 09:13:41.844, 5, 119127
2026/10/03 09:13:41.844, 6, 118961
2026/10/03 09:13:41.844, 7, 120779
2026/10/03 09:13:42.844, 0, 71762
2026/10/03 09:13:42.846, 1, 82408
2026/10/03 09:13:42.847, 2, 76478
2026/10/03 09:13:42.848, 3, 69532
2026/10/03 09:13:42.849, 4, 118909
2026/10/03 09:13:42.850, 5, 119127
2026/10/03 09:13:42.851, 6, 118961
2026/10/03 09:13:42.852, 7, 120779
2026/10/03 09:13:43.853, 0, 71762
2026/10/03 09:13:43.853, 1, 82408
2026/10/03 09:13:43.853, 2, 76478
2026/10/03 09:13:43.853, 3, 69532
2026/10/03 09:13:43.853, 4, 118909
2026/10/03 09:13:43.853, 5, 119127
2026/10/03 09:13:43.853, 6, 118961
2026/10/03 09:13:43.853, 7, 120779
2026/10/03 09:13:44.853, 0, 71762
2026/10/03 09:13:44.854, 1, 82408
2026/10/03 09:13:44.854, 2, 76478
2026/10/03 09:13:44.854, 3, 69532
2026/10/03 09:13:44.854, 4, 118909
2026/10/03 09:13:44.854, 5, 119127
2026/10/03 09:13:44.854, 6, 118961
2026/10/03 09:13:44.854, 7, 120779
2026/10/03 09:13:45.854, 0, 71762
2026/10/03 09:13:45.854, 1, 82408
2026/10/03 09:13:45.854, 2, 76478
2026/10/03 09:13:45.854, 3, 69532
2026/10/03 09:13:45.854, 4, 118615
2026/10/03 09:13:45.854, 5, 118615
2026/10/03 09:13:45.854, 6, 118615
2026/10/03 09:13:45.854, 7, 118375
2026/10/03 09:13:46.854, 0, 71762
2026/10/03 09:13:46.854, 1, 82408
2026/10/03 09:13:46.854, 2, 76478
2026/10/03 09:13:46.855, 3, 69532
2026/10/03 09:13:46.855, 4, 118639
2026/10/03 09:13:46.855, 5, 118701
2026/10/03 09:13:46.855, 6, 118639
2026/10/03 09:13:46.855, 7, 118397
2026/10/03 09:13:47.855, 0, 71762
2026/10/03 09:13:47.862, 1, 82408
2026/10/03 09:13:47.873, 2, 76478
2026/10/03 09:13:47.882, 3, 69532
2026/10/03 09:13:47.891, 4, 118639
2026/10/03 09:13:47.891, 5, 118701
2026/10/03 09:13:47.891, 6, 118639
2026/10/03 09:13:47.891, 7, 118397
2026/10/03 09:13:48.891, 0, 71762
2026/10/03 09:13:48.891, 1, 82408
2026/10/03 09:13:48.892, 2, 76478
2026/10/03 09:13:48.892, 3, 69532
2026/10/03 09:13:48.892, 4, 118639
2026/10/03 09:13:48.892, 5, 118701
2026/10/03 09:13:48.892, 6, 118639
2026/10/03 09:13:48.892, 7, 118397
2026/10/03 09:13:49.892, 0, 71762
2026/10/03 09:13:49.893, 1, 82408
2026/10/03 09:13:49.893, 2, 76478
2026/10/03 09:13:49.893, 3, 69532
2026/10/03 09:13:49.893, 4, 118639
2026/10/03 09:13:49.893, 5, 118701
2026/10/03 09:13:49.893, 6, 118639
2026/10/03 09:13:49.893, 7, 118397
2026/10/03 09:13:50.893, 0, 71762
2026/10/03 09:13:50.893, 1, 82408
2026/10/03 09:13:50.893, 2, 76478
2026/10/03 09:13:50.893, 3, 69532
2026/10/03 09:13:50.893, 4, 118639
2026/10/03 09:13:50.893, 5, 118701
2026/10/03 09:13:50.893, 6, 118639
2026/10/03 09:13:50.893, 7, 118397
2026/10/03 09:13:51.893, 0, 71762
2026/10/03 09:13:51.893, 1, 82408
2026/10/03 09:13:51.893, 2, 76478
2026/10/03 09:13:51.893, 3, 69532
2026/10/03 09:13:51.893, 4, 118639
2026/10/03 09:13:51.893, 5, 118701
2026/10/03 09:13:51.893, 6, 118639
2026/10/03 09:13:51.893, 7, 118397
2026/10/03 09:13:52.893, 0, 71762
2026/10/03 09:13:52.893, 1, 82408
2026/10/03 09:13:52.893, 2, 76478
2026/10/03 09:13:52.893, 3, 69532
2026/10/03 09:13:52.893, 4, 118639
2026/10/03 09:13:52.893, 5, 118701
2026/10/03 09:13:52.894, 6, 118639
2026/10/03 09:13:52.894, 7, 118397
2026/10/03 09:13:53.894, 0, 71762
2026/10/03 09:13:53.894, 1, 82408
2026/10/03 09:13:53.894, 2, 76478
2026/10/03 09:13:53.894, 3, 69532
2026/10/03 09:13:53.894, 4, 118639
2026/10/03 09:13:53.894, 5, 118701
2026/10/03 09:13:53.894, 6, 118639
2026/10/03 09:13:53.894, 7, 118397
2026/10/03 09:13:54.894, 0, 71762
2026/10/03 09:13:54.894, 1, 82408
2026/10/03 09:13:54.894, 2, 76478
2026/10/03 09:13:54.894, 3, 69532
2026/10/03 09:13:54.894, 4, 118639
2026/10/03 09:13:54.894, 5, 118701
2026/10/03 09:13:54.894, 6, 118639
2026/10/03 09:13:54.894, 7, 118397
2026/10/03 09:13:55.894, 0, 71762
2026/10/03 09:13:55.894, 1, 82408
2026/10/03 09:13:55.894, 2, 76478
2026/10/03 09:13:55.894, 3, 69532
2026/10/03 09:13:55.894, 4, 118661
2026/10/03 09:13:55.894, 5, 118701
2026/10/03 09:13:55.894, 6, 118639
2026/10/03 09:13:55.894, 7, 118397
2026/10/03 09:13:56.894, 0, 71762
2026/10/03 09:13:56.895, 1, 82408
2026/10/03 09:13:56.895, 2, 76478
2026/10/03 09:13:56.895, 3, 69532
2026/10/03 09:13:56.895, 4, 118771
2026/10/03 09:13:56.895, 5, 118701
2026/10/03 09:13:56.895, 6, 118711
2026/10/03 09:13:56.895, 7, 118397
2026/10/03 09:13:57.895, 0, 71762
2026/10/03 09:13:57.895, 1, 82408
2026/10/03 09:13:57.895, 2, 76478
2026/10/03 09:13:57.895, 3, 69532
2026/10/03 09:13:57.895, 4, 118771
2026/10/03 09:13:57.895, 5, 118701
2026/10/03 09:13:57.895, 6, 118743
2026/10/03 09:13:57.895, 7, 118397
2026/10/03 09:13:58.895, 0, 71762
2026/10/03 09:13:58.895, 1, 82408
2026/10/03 09:13:58.895, 2, 76478
2026/10/03 09:13:58.895, 3, 69532
2026/10/03 09:13:58.895, 4, 118771
2026/10/03 09:13:58.895, 5, 118701
2026/10/03 09:13:58.895, 6, 118743
2026/10/03 09:13:58.895, 7, 118397
2026/10/03 09:13:59.895, 0, 71762
2026/10/03 09:13:59.895, 1, 82408
2026/10/03 09:13:59.895, 2, 76478
2026/10/03 09:13:59.895, 3, 69532
2026/10/03 09:13:59.895, 4, 118615
2026/10/03 09:13:59.895, 5, 118615
2026/10/03 09:13:59.895, 6, 118615
2026/10/03 09:13:59.895, 7, 118375
2026/10/03 09:14:00.895, 0, 71762
2026/10/03 09:14:00.896, 1, 82408
2026/10/03 09:14:00.896, 2, 76478
2026/10/03 09:14:00.896, 3, 69532
2026/10/03 09:14:00.896, 4, 118615
2026/10/03 09:14:00.896, 5, 118615
2026/10/03 09:14:00.896, 6, 118615
2026/10/03 09:14:00.896, 7, 118375
2026/10/03 09:14:01.896, 0, 71762
2026/10/03 09:14:01.896, 1, 82408
2026/10/03 09:14:01.896, 2, 76478
2026/10/03 09:14:01.896, 3, 69532
2026/10/03 09:14:01.896, 4, 118615
2026/10/03 09:14:01.896, 5, 118615
2026/10/03 09:14:01.896, 6, 118615
2026/10/03 09:14:01.896, 7, 118375
2026/10/03 09:14:02.896, 0, 71762
2026/10/03 09:14:02.896, 1, 82408
2026/10/03 09:14:02.896, 2, 76478
2026/10/03 09:14:02.896, 3, 69532
2026/10/03 09:14:02.896, 4, 118615
2026/10/03 09:14:02.896, 5, 118615
2026/10/03 09:14:02.896, 6, 118615
2026/10/03 09:14:02.896, 7, 118375
2026/10/03 09:14:03.896, 0, 71762
2026/10/03 09:14:03.896, 1, 82408
2026/10/03 09:14:03.896, 2, 76478
2026/10/03 09:14:03.896, 3, 69532
2026/10/03 09:14:03.896, 4, 118615
2026/10/03 09:14:03.896, 5, 118615
2026/10/03 09:14:03.896, 6, 118615
2026/10/03 09:14:03.896, 7, 118375
2026/10/03 09:14:04.897, 0, 71762
2026/10/03 09:14:04.897, 1, 82408
2026/10/03 09:14:04.897, 2, 76478
2026/10/03 09:14:04.897, 3, 69532
2026/10/03 09:14:04.897, 4, 118615
2026/10/03 09:14:04.897, 5, 118615
2026/10/03 09:14:04.897, 6, 118615
2026/10/03 09:14:04.897, 7, 118375
2026/10/03 09:14:05.897, 0, 71762
2026/10/03 09:14:05.897, 1, 82408
2026/10/03 09:14:05.897, 2, 76478
2026/10/03 09:14:05.897, 3, 69532
2026/10/03 09:14:05.897, 4, 118615
2026/10/03 09:14:05.897, 5, 118615
2026/10/03 09:14:05.897, 6, 118615
2026/10/03 09:14:05.897, 7, 118375
2026/10/03 09:14:06.897, 0, 71762
2026/10/03 09:14:06.897, 1, 82408
2026/10/03 09:14:06.897, 2, 76478
2026/10/03 09:14:06.897, 3, 69532
2026/10/03 09:14:06.897, 4, 118615
2026/10/03 09:14:06.897, 5, 118615
2026/10/03 09:14:06.897, 6, 118615
2026/10/03 09:14:06.897, 7, 118375
2026/10/03 09:14:07.897, 0, 71762
2026/10/03 09:14:07.897, 1, 82408
2026/10/03 09:14:07.897, 2, 76478
2026/10/03 09:14:07.897, 3, 69532
2026/10/03 09:14:07.897, 4, 118615
2026/10/03 09:14:07.897, 5, 118637
2026/10/03 09:14:07.897, 6, 118615
2026/10/03 09:14:07.897, 7, 118375
2026/10/03 09:14:08.898, 0, 71762
2026/10/03 09:14:08.898, 1, 82408
2026/10/03 09:14:08.898, 2, 76478
2026/10/03 09:14:08.898, 3, 69532
2026/10/03 09:14:08.898, 4, 118639
2026/10/03 09:14:08.898, 5, 118981
2026/10/03 09:14:08.898, 6, 118661
2026/10/03 09:14:08.898, 7, 118765
2026/10/03 09:14:09.898, 0, 71762
2026/10/03 09:14:09.898, 1, 82408
2026/10/03 09:14:09.898, 2, 76478
2026/10/03 09:14:09.898, 3, 69532
2026/10/03 09:14:09.898, 4, 118955
2026/10/03 09:14:09.898, 5, 119437
2026/10/03 09:14:09.898, 6, 118891
2026/10/03 09:14:09.898, 7, 118765
2026/10/03 09:14:10.898, 0, 71762
2026/10/03 09:14:10.898, 1, 82408
2026/10/03 09:14:10.898, 2, 76478
2026/10/03 09:14:10.898, 3, 69532
2026/10/03 09:14:10.898, 4, 118955
2026/10/03 09:14:10.898, 5, 119437
2026/10/03 09:14:10.898, 6, 118891
2026/10/03 09:14:10.898, 7, 118765
2026/10/03 09:14:11.898, 0, 71762
2026/10/03 09:14:11.898, 1, 82408
2026/10/03 09:14:11.898, 2, 76478
2026/10/03 09:14:11.898, 3, 69532
2026/10/03 09:14:11.898, 4, 118955
2026/10/03 09:14:11.898, 5, 119437
2026/10/03 09:14:11.898, 6, 118891
2026/10/03 09:14:11.898, 7, 118765
2026/10/03 09:14:12.899, 0, 71762
2026/10/03 09:14:12.899, 1, 82408
2026/10/03 09:14:12.899, 2, 76478
2026/10/03 09:14:12.899, 3, 69532
2026/10/03 09:14:12.899, 4, 118955
2026/10/03 09:14:12.899, 5, 119437
2026/10/03 09:14:12.899, 6, 118891
2026/10/03 09:14:12.899, 7, 118765
2026/10/03 09:14:13.899, 0, 71762
2026/10/03 09:14:13.899, 1, 82408
2026/10/03 09:14:13.899, 2, 76478
2026/10/03 09:14:13.899, 3, 69532
2026/10/03 09:14:13.899, 4, 118955
2026/10/03 09:14:13.899, 5, 119437
2026/10/03 09:14:13.899, 6, 118891
2026/10/03 09:14:13.899, 7, 118765
2026/10/03 09:14:14.899, 0, 71762
2026/10/03 09:14:14.899, 1, 82408
2026/10/03 09:14:14.900, 2, 76478
2026/10/03 09:14:14.900, 3, 69532
2026/10/03 09:14:14.900, 4, 118955
2026/10/03 09:14:14.900, 5, 119437
2026/10/03 09:14:14.900, 6, 118891
2026/10/03 09:14:14.900, 7, 118765
2026/10/03 09:14:15.900, 0, 71762
2026/10/03 09:14:15.900, 1, 82408
2026/10/03 09:14:15.900, 2, 76478
2026/10/03 09:14:15.900, 3, 69532
2026/10/03 09:14:15.900, 4, 118955
2026/10/03 09:14:15.900, 5, 119437
2026/10/03 09:14:15.900, 6, 118891
2026/10/03 09:14:15.900, 7, 118765
2026/10/03 09:14:16.900, 0, 71762
2026/10/03 09:14:16.900, 1, 82408
2026/10/03 09:14:16.900, 2, 76478
2026/10/03 09:14:16.900, 3, 69532
2026/10/03 09:14:16.900, 4, 118955
2026/10/03 09:14:16.900, 5, 119437
2026/10/03 09:14:16.900, 6, 118891
2026/10/03 09:14:16.900, 7, 118765
2026/10/03 09:14:17.900, 0, 71762
2026/10/03 09:14:17.905, 1, 82408
2026/10/03 09:14:17.920, 2, 76478
2026/10/03 09:14:17.930, 3, 69532
2026/10/03 09:14:17.941, 4, 118955
2026/10/03 09:14:17.951, 5, 119437
2026/10/03 09:14:17.951, 6, 118891
2026/10/03 09:14:17.951, 7, 118765
2026/10/03 09:14:18.952, 0, 71762
2026/10/03 09:14:18.952, 1, 82408
2026/10/03 09:14:18.953, 2, 76478
2026/10/03 09:14:18.953, 3, 69532
2026/10/03 09:14:18.956, 4, 118955
2026/10/03 09:14:18.957, 5, 119437
2026/10/03 09:14:18.957, 6, 118891
2026/10/03 09:14:18.957, 7, 118765
2026/10/03 09:14:19.982, 0, 71762
2026/10/03 09:14:19.982, 1, 82408
2026/10/03 09:14:19.982, 2, 76478
2026/10/03 09:14:19.982, 3, 69532
2026/10/03 09:14:19.982, 4, 118955
2026/10/03 09:14:19.982, 5, 119437
2026/10/03 09:14:19.982, 6, 118891
2026/10/03 09:14:19.982, 7, 118765
2026/10/03 09:14:20.982, 0, 71762
2026/10/03 09:14:20.982, 1, 82408
2026/10/03 09:14:20.982, 2, 76478
2026/10/03 09:14:20.982, 3, 69532
2026/10/03 09:14:20.982, 4, 118955
2026/10/03 09:14:20.982, 5, 119437
2026/10/03 09:14:20.982, 6, 118891
2026/10/03 09:14:20.982, 7, 118765
2026/10/03 09:14:21.982, 0, 71762
2026/10/03 09:14:21.983, 1, 82408
2026/10/03 09:14:21.983, 2, 76478
2026/10/03 09:14:21.983, 3, 69532
2026/10/03 09:14:21.983, 4, 119083
2026/10/03 09:14:21.983, 5, 119139
2026/10/03 09:14:21.983, 6, 119061
2026/10/03 09:14:21.983, 7, 119035
2026/10/03 09:14:22.983, 0, 71762
2026/10/03 09:14:22.983, 1, 82408
2026/10/03 09:14:22.984, 2, 76478
2026/10/03 09:14:22.984, 3, 69532
2026/10/03 09:14:22.984, 4, 118657
2026/10/03 09:14:22.984, 5, 118637
2026/10/03 09:14:22.984, 6, 118641
2026/10/03 09:14:22.984, 7, 118563
2026/10/03 09:14:23.984, 0, 71762
2026/10/03 09:14:23.984, 1, 82408
2026/10/03 09:14:23.984, 2, 76478
2026/10/03 09:14:23.984, 3, 69532
2026/10/03 09:14:23.984, 4, 118657
2026/10/03 09:14:23.984, 5, 118637
2026/10/03 09:14:23.984, 6, 118641
2026/10/03 09:14:23.984, 7, 118563
2026/10/03 09:14:24.984, 0, 71762
2026/10/03 09:14:24.984, 1, 82408
2026/10/03 09:14:24.985, 2, 76478
2026/10/03 09:14:24.985, 3, 69532
2026/10/03 09:14:24.985, 4, 118657
2026/10/03 09:14:24.985, 5, 118637
2026/10/03 09:14:24.985, 6, 118641
2026/10/03 09:14:24.985, 7, 118563
2026/10/03 09:14:25.985, 0, 71762
2026/10/03 09:14:25.985, 1, 82408
2026/10/03 09:14:25.985, 2, 76478
2026/10/03 09:14:25.985, 3, 69532
2026/10/03 09:14:25.985, 4, 118657
2026/10/03 09:14:25.985, 5, 118637
2026/10/03 09:14:25.985, 6, 118641
2026/10/03 09:14:25.985, 7, 118563
2026/10/03 09:14:26.985, 0, 71762
2026/10/03 09:14:26.985, 1, 82408
2026/10/03 09:14:26.985, 2, 76478
2026/10/03 09:14:26.985, 3, 69532
2026/10/03 09:14:26.985, 4, 118657
2026/10/03 09:14:26.985, 5, 118637
2026/10/03 09:14:26.985, 6, 118641
2026/10/03 09:14:26.985, 7, 118563
2026/10/03 09:14:27.985, 0, 71762
2026/10/03 09:14:27.985, 1, 82408
2026/10/03 09:14:27.985, 2, 76478
2026/10/03 09:14:27.985, 3, 69532
2026/10/03 09:14:27.985, 4, 118657
2026/10/03 09:14:27.985, 5, 118637
2026/10/03 09:14:27.985, 6, 118641
2026/10/03 09:14:27.985, 7, 118563
2026/10/03 09:14:28.985, 0, 71762
2026/10/03 09:14:28.986, 1, 82408
2026/10/03 09:14:28.986, 2, 76478
2026/10/03 09:14:28.986, 3, 69532
2026/10/03 09:14:28.986, 4, 118659
2026/10/03 09:14:28.986, 5, 118637
2026/10/03 09:14:28.986, 6, 118641
2026/10/03 09:14:28.986, 7, 118563
2026/10/03 09:14:29.986, 0, 71762
2026/10/03 09:14:29.986, 1, 82408
2026/10/03 09:14:29.986, 2, 76478
2026/10/03 09:14:29.986, 3, 69532
2026/10/03 09:14:29.986, 4, 118659
2026/10/03 09:14:29.986, 5, 118637
2026/10/03 09:14:29.986, 6, 118641
2026/10/03 09:14:29.986, 7, 118563
2026/10/03 09:14:30.986, 0, 71762
2026/10/03 09:14:30.986, 1, 82408
2026/10/03 09:14:30.986, 2, 76478
2026/10/03 09:14:30.986, 3, 69532
2026/10/03 09:14:30.986, 4, 118659
2026/10/03 09:14:30.986, 5, 118637
2026/10/03 09:14:30.986, 6, 118641
2026/10/03 09:14:30.986, 7, 118563
2026/10/03 09:14:31.986, 0, 71762
2026/10/03 09:14:31.986, 1, 82408
2026/10/03 09:14:31.986, 2, 76478
2026/10/03 09:14:31.986, 3, 69532
2026/10/03 09:14:31.986, 4, 118659
2026/10/03 09:14:31.986, 5, 118637
2026/10/03 09:14:31.987, 6, 118641
2026/10/03 09:14:31.987, 7, 118563
2026/10/03 09:14:32.987, 0, 71762
2026/10/03 09:14:32.987, 1, 82408
2026/10/03 09:14:32.987, 2, 76478
2026/10/03 09:14:32.987, 3, 69532
2026/10/03 09:14:32.987, 4, 118659
2026/10/03 09:14:32.987, 5, 118637
2026/10/03 09:14:32.987, 6, 118641
2026/10/03 09:14:32.987, 7, 118563
2026/10/03 09:14:33.987, 0, 71762
2026/10/03 09:14:33.987, 1, 82408
2026/10/03 09:14:33.987, 2, 76478
2026/10/03 09:14:33.987, 3, 69532
2026/10/03 09:14:33.987, 4, 118659
2026/10/03 09:14:33.987, 5, 118637
2026/10/03 09:14:33.987, 6, 118745
2026/10/03 09:14:33.987, 7, 118563
2026/10/03 09:14:34.987, 0, 71762
2026/10/03 09:14:34.988, 1, 82408
2026/10/03 09:14:34.988, 2, 76478
2026/10/03 09:14:34.988, 3, 69532
2026/10/03 09:14:34.988, 4, 118659
2026/10/03 09:14:34.988, 5, 118637
2026/10/03 09:14:34.988, 6, 118745
2026/10/03 09:14:34.988, 7, 118563
2026/10/03 09:14:35.988, 0, 71762
2026/10/03 09:14:35.988, 1, 82408
2026/10/03 09:14:35.988, 2, 76478
2026/10/03 09:14:35.988, 3, 69532
2026/10/03 09:14:35.988, 4, 119285
2026/10/03 09:14:35.988, 5, 118637
2026/10/03 09:14:35.988, 6, 119371
2026/10/03 09:14:35.988, 7, 119009
2026/10/03 09:14:36.988, 0, 71762
2026/10/03 09:14:36.988, 1, 82408
2026/10/03 09:14:36.988, 2, 76478
2026/10/03 09:14:36.988, 3, 69532
2026/10/03 09:14:36.988, 4, 119253
2026/10/03 09:14:36.988, 5, 118615
2026/10/03 09:14:36.988, 6, 119253
2026/10/03 09:14:36.988, 7, 118375
2026/10/03 09:14:37.988, 0, 71762
2026/10/03 09:14:37.988, 1, 82408
2026/10/03 09:14:37.988, 2, 76478
2026/10/03 09:14:37.988, 3, 69532
2026/10/03 09:14:37.988, 4, 118615
2026/10/03 09:14:37.988, 5, 118615
2026/10/03 09:14:37.989, 6, 118615
2026/10/03 09:14:37.989, 7, 118375
2026/10/03 09:14:38.989, 0, 71762
2026/10/03 09:14:38.989, 1, 82408
2026/10/03 09:14:38.989, 2, 76478
2026/10/03 09:14:38.989, 3, 69532
2026/10/03 09:14:38.989, 4, 118615
2026/10/03 09:14:38.989, 5, 118615
2026/10/03 09:14:38.989, 6, 118615
2026/10/03 09:14:38.989, 7, 118375
2026/10/03 09:14:39.989, 0, 71762
2026/10/03 09:14:39.989, 1, 82408
2026/10/03 09:14:39.989, 2, 76478
2026/10/03 09:14:39.989, 3, 69532
2026/10/03 09:14:39.989, 4, 118615
2026/10/03 09:14:39.989, 5, 118615
2026/10/03 09:14:39.989, 6, 118615
2026/10/03 09:14:39.989, 7, 118375
2026/10/03 09:14:40.989, 0, 71762
2026/10/03 09:14:40.989, 1, 82408
2026/10/03 09:14:40.989, 2, 76478
2026/10/03 09:14:40.989, 3, 69532
2026/10/03 09:14:40.989, 4, 118615
2026/10/03 09:14:40.989, 5, 118615
2026/10/03 09:14:40.989, 6, 118615
2026/10/03 09:14:40.989, 7, 118375
2026/10/03 09:14:41.989, 0, 71762
2026/10/03 09:14:41.990, 1, 82408
2026/10/03 09:14:41.990, 2, 76478
2026/10/03 09:14:41.990, 3, 69532
2026/10/03 09:14:41.990, 4, 118857
2026/10/03 09:14:41.990, 5, 118747
2026/10/03 09:14:41.990, 6, 118639
2026/10/03 09:14:41.990, 7, 118401
2026/10/03 09:14:42.990, 0, 71762
2026/10/03 09:14:42.990, 1, 82408
2026/10/03 09:14:42.990, 2, 76478
2026/10/03 09:14:42.990, 3, 69532
2026/10/03 09:14:42.990, 4, 118857
2026/10/03 09:14:42.990, 5, 119113
2026/10/03 09:14:42.990, 6, 118827
2026/10/03 09:14:42.990, 7, 118759
2026/10/03 09:14:43.990, 0, 71762
2026/10/03 09:14:43.990, 1, 82408
2026/10/03 09:14:43.990, 2, 76478
2026/10/03 09:14:43.990, 3, 69532
2026/10/03 09:14:43.990, 4, 118859
2026/10/03 09:14:43.990, 5, 119113
2026/10/03 09:14:43.990, 6, 118829
2026/10/03 09:14:43.990, 7, 118759
2026/10/03 09:14:44.990, 0, 71762
2026/10/03 09:14:44.991, 1, 82408
2026/10/03 09:14:44.991, 2, 76478
2026/10/03 09:14:44.991, 3, 69532
2026/10/03 09:14:44.991, 4, 118859
2026/10/03 09:14:44.991, 5, 119113
2026/10/03 09:14:44.991, 6, 118829
2026/10/03 09:14:44.991, 7, 118759
2026/10/03 09:14:45.991, 0, 71762
2026/10/03 09:14:45.991, 1, 82408
2026/10/03 09:14:45.991, 2, 76478
2026/10/03 09:14:45.991, 3, 69532
2026/10/03 09:14:45.992, 4, 118859
2026/10/03 09:14:45.992, 5, 119113
2026/10/03 09:14:45.992, 6, 118829
2026/10/03 09:14:45.992, 7, 118759
2026/10/03 09:14:46.992, 0, 71762
2026/10/03 09:14:46.992, 1, 82408
2026/10/03 09:14:46.992, 2, 76478
2026/10/03 09:14:46.992, 3, 69532
2026/10/03 09:14:46.992, 4, 118859
2026/10/03 09:14:46.992, 5, 119113
2026/10/03 09:14:46.992, 6, 118829
2026/10/03 09:14:46.992, 7, 118759
2026/10/03 09:14:47.992, 0, 71762
2026/10/03 09:14:48.002, 1, 82408
2026/10/03 09:14:48.008, 2, 76478
2026/10/03 09:14:48.008, 3, 69532
2026/10/03 09:14:48.012, 4, 118859
2026/10/03 09:14:48.019, 5, 119113
2026/10/03 09:14:48.020, 6, 118829
2026/10/03 09:14:48.024, 7, 118759
2026/10/03 09:14:49.027, 0, 71762
2026/10/03 09:14:49.029, 1, 82408
2026/10/03 09:14:49.030, 2, 76478
2026/10/03 09:14:49.030, 3, 69532
2026/10/03 09:14:49.031, 4, 118859
2026/10/03 09:14:49.031, 5, 119113
2026/10/03 09:14:49.031, 6, 118829
2026/10/03 09:14:49.031, 7, 118759
2026/10/03 09:14:50.032, 0, 71762
2026/10/03 09:14:50.032, 1, 82408
2026/10/03 09:14:50.032, 2, 76478
2026/10/03 09:14:50.032, 3, 69532
2026/10/03 09:14:50.032, 4, 118859
2026/10/03 09:14:50.032, 5, 119113
2026/10/03 09:14:50.032, 6, 118829
2026/10/03 09:14:50.032, 7, 118759
2026/10/03 09:14:51.032, 0, 71762
2026/10/03 09:14:51.032, 1, 82408
2026/10/03 09:14:51.032, 2, 76478
2026/10/03 09:14:51.032, 3, 69532
2026/10/03 09:14:51.032, 4, 118859
2026/10/03 09:14:51.032, 5, 119113
2026/10/03 09:14:51.032, 6, 118829
2026/10/03 09:14:51.032, 7, 118759
2026/10/03 09:14:52.032, 0, 71762
2026/10/03 09:14:52.033, 1, 82408
2026/10/03 09:14:52.033, 2, 76478
2026/10/03 09:14:52.033, 3, 69532
2026/10/03 09:14:52.033, 4, 118859
2026/10/03 09:14:52.033, 5, 119113
2026/10/03 09:14:52.033, 6, 118829
2026/10/03 09:14:52.033, 7, 118759
2026/10/03 09:14:53.033, 0, 71762
2026/10/03 09:14:53.033, 1, 82408
2026/10/03 09:14:53.033, 2, 76478
2026/10/03 09:14:53.033, 3, 69532
2026/10/03 09:14:53.033, 4, 118859
2026/10/03 09:14:53.033, 5, 119113
2026/10/03 09:14:53.033, 6, 118829
2026/10/03 09:14:53.033, 7, 118759
2026/10/03 09:14:54.033, 0, 71762
2026/10/03 09:14:54.033, 1, 82408
2026/10/03 09:14:54.033, 2, 76478
2026/10/03 09:14:54.033, 3, 69532
2026/10/03 09:14:54.033, 4, 118859
2026/10/03 09:14:54.033, 5, 119113
2026/10/03 09:14:54.033, 6, 118829
2026/10/03 09:14:54.033, 7, 118759
2026/10/03 09:14:55.033, 0, 71762
2026/10/03 09:14:55.033, 1, 82408
2026/10/03 09:14:55.033, 2, 76478
2026/10/03 09:14:55.033, 3, 69532
2026/10/03 09:14:55.033, 4, 118859
2026/10/03 09:14:55.034, 5, 119113
2026/10/03 09:14:55.034, 6, 118829
2026/10/03 09:14:55.034, 7, 118759
2026/10/03 09:14:56.034, 0, 71762
2026/10/03 09:14:56.034, 1, 82408
2026/10/03 09:14:56.034, 2, 76478
2026/10/03 09:14:56.034, 3, 69532
2026/10/03 09:14:56.034, 4, 118615
2026/10/03 09:14:56.034, 5, 118637
2026/10/03 09:14:56.034, 6, 118615
2026/10/03 09:14:56.034, 7, 118375
2026/10/03 09:14:57.034, 0, 71762
2026/10/03 09:14:57.034, 1, 82408
2026/10/03 09:14:57.034, 2, 76478
2026/10/03 09:14:57.034, 3, 69532
2026/10/03 09:14:57.034, 4, 118639
2026/10/03 09:14:57.034, 5, 118999
2026/10/03 09:14:57.034, 6, 118639
2026/10/03 09:14:57.034, 7, 118397
2026/10/03 09:14:58.034, 0, 71762
2026/10/03 09:14:58.034, 1, 82408
2026/10/03 09:14:58.034, 2, 76478
2026/10/03 09:14:58.034, 3, 69532
2026/10/03 09:14:58.034, 4, 118639
2026/10/03 09:14:58.034, 5, 118999
2026/10/03 09:14:58.034, 6, 118639
2026/10/03 09:14:58.034, 7, 118397
2026/10/03 09:14:59.034, 0, 71762
2026/10/03 09:14:59.034, 1, 82408
2026/10/03 09:14:59.034, 2, 76478
2026/10/03 09:14:59.035, 3, 69532
2026/10/03 09:14:59.035, 4, 118639
2026/10/03 09:14:59.035, 5, 118999
2026/10/03 09:14:59.035, 6, 118639
2026/10/03 09:14:59.035, 7, 118397
2026/10/03 09:15:00.036, 0, 71762
2026/10/03 09:15:00.036, 1, 82408
2026/10/03 09:15:00.036, 2, 76478
2026/10/03 09:15:00.036, 3, 69532
2026/10/03 09:15:00.036, 4, 118639
2026/10/03 09:15:00.036, 5, 118999
2026/10/03 09:15:00.036, 6, 118661
2026/10/03 09:15:00.036, 7, 118397
2026/10/03 09:15:01.036, 0, 71762
2026/10/03 09:15:01.037, 1, 82408
2026/10/03 09:15:01.037, 2, 76478
2026/10/03 09:15:01.037, 3, 69532
2026/10/03 09:15:01.037, 4, 118639
2026/10/03 09:15:01.037, 5, 118999
2026/10/03 09:15:01.037, 6, 118661
2026/10/03 09:15:01.037, 7, 118397
2026/10/03 09:15:02.037, 0, 71762
2026/10/03 09:15:02.037, 1, 82408
2026/10/03 09:15:02.037, 2, 76478
2026/10/03 09:15:02.037, 3, 69532
2026/10/03 09:15:02.037, 4, 118639
2026/10/03 09:15:02.037, 5, 118999
2026/10/03 09:15:02.037, 6, 118661
2026/10/03 09:15:02.037, 7, 118397
2026/10/03 09:15:03.037, 0, 71762
2026/10/03 09:15:03.037, 1, 82408
2026/10/03 09:15:03.037, 2, 76478
2026/10/03 09:15:03.037, 3, 69532
2026/10/03 09:15:03.037, 4, 118639
2026/10/03 09:15:03.037, 5, 118999
2026/10/03 09:15:03.037, 6, 118949
2026/10/03 09:15:03.037, 7, 118399
2026/10/03 09:15:04.037, 0, 71762
2026/10/03 09:15:04.037, 1, 82408
2026/10/03 09:15:04.038, 2, 76478
2026/10/03 09:15:04.038, 3, 69532
2026/10/03 09:15:04.038, 4, 118639
2026/10/03 09:15:04.038, 5, 118999
2026/10/03 09:15:04.038, 6, 119015
2026/10/03 09:15:04.038, 7, 118399
2026/10/03 09:15:05.038, 0, 71762
2026/10/03 09:15:05.038, 1, 82408
2026/10/03 09:15:05.038, 2, 76478
2026/10/03 09:15:05.038, 3, 69532
2026/10/03 09:15:05.038, 4, 118639
2026/10/03 09:15:05.039, 5, 118999
2026/10/03 09:15:05.039, 6, 119015
2026/10/03 09:15:05.039, 7, 118399
2026/10/03 09:15:06.039, 0, 71762
2026/10/03 09:15:06.039, 1, 82408
2026/10/03 09:15:06.039, 2, 76478
2026/10/03 09:15:06.039, 3, 69532
2026/10/03 09:15:06.039, 4, 118639
2026/10/03 09:15:06.039, 5, 118999
2026/10/03 09:15:06.039, 6, 119015
2026/10/03 09:15:06.039, 7, 118399
2026/10/03 09:15:07.039, 0, 71762
2026/10/03 09:15:07.039, 1, 82408
2026/10/03 09:15:07.039, 2, 76478
2026/10/03 09:15:07.039, 3, 69532
2026/10/03 09:15:07.039, 4, 118639
2026/10/03 09:15:07.039, 5, 118999
2026/10/03 09:15:07.039, 6, 119015
2026/10/03 09:15:07.039, 7, 118399
2026/10/03 09:15:08.039, 0, 71762
2026/10/03 09:15:08.039, 1, 82408
2026/10/03 09:15:08.039, 2, 76478
2026/10/03 09:15:08.039, 3, 69532
2026/10/03 09:15:08.039, 4, 118639
2026/10/03 09:15:08.039, 5, 118999
2026/10/03 09:15:08.039, 6, 119015
2026/10/03 09:15:08.039, 7, 118399
2026/10/03 09:15:09.039, 0, 71762
2026/10/03 09:15:09.040, 1, 82408
2026/10/03 09:15:09.040, 2, 76478
2026/10/03 09:15:09.040, 3, 69532
2026/10/03 09:15:09.040, 4, 118711
2026/10/03 09:15:09.040, 5, 118999
2026/10/03 09:15:09.040, 6, 119015
2026/10/03 09:15:09.040, 7, 118399
2026/10/03 09:15:10.040, 0, 71762
2026/10/03 09:15:10.040, 1, 82408
2026/10/03 09:15:10.040, 2, 76478
2026/10/03 09:15:10.040, 3, 69532
2026/10/03 09:15:10.040, 4, 118711
2026/10/03 09:15:10.040, 5, 118999
2026/10/03 09:15:10.040, 6, 119015
2026/10/03 09:15:10.040, 7, 118399
2026/10/03 09:15:11.040, 0, 71762
2026/10/03 09:15:11.040, 1, 82408
2026/10/03 09:15:11.040, 2, 76478
2026/10/03 09:15:11.040, 3, 69532
2026/10/03 09:15:11.040, 4, 118711
2026/10/03 09:15:11.040, 5, 118999
2026/10/03 09:15:11.040, 6, 119015
2026/10/03 09:15:11.040, 7, 118399
2026/10/03 09:15:12.040, 0, 71762
2026/10/03 09:15:12.042, 1, 82408
2026/10/03 09:15:12.043, 2, 76478
2026/10/03 09:15:12.043, 3, 69532
2026/10/03 09:15:12.046, 4, 118615
2026/10/03 09:15:12.046, 5, 118615
2026/10/03 09:15:12.048, 6, 118615
2026/10/03 09:15:12.049, 7, 118375
2026/10/03 09:15:13.049, 0, 71762
2026/10/03 09:15:13.050, 1, 82408
2026/10/03 09:15:13.050, 2, 76478
2026/10/03 09:15:13.050, 3, 69532
2026/10/03 09:15:13.050, 4, 118615
2026/10/03 09:15:13.050, 5, 118615
2026/10/03 09:15:13.050, 6, 118615
2026/10/03 09:15:13.050, 7, 118375
2026/10/03 09:15:14.050, 0, 71762
2026/10/03 09:15:14.050, 1, 82408
2026/10/03 09:15:14.050, 2, 76478
2026/10/03 09:15:14.050, 3, 69532
2026/10/03 09:15:14.050, 4, 118615
2026/10/03 09:15:14.050, 5, 118679
2026/10/03 09:15:14.050, 6, 118615
2026/10/03 09:15:14.050, 7, 118375
2026/10/03 09:15:15.050, 0, 71762
2026/10/03 09:15:15.051, 1, 82408
2026/10/03 09:15:15.051, 2, 76478
2026/10/03 09:15:15.051, 3, 69532
2026/10/03 09:15:15.051, 4, 118655
2026/10/03 09:15:15.051, 5, 118863
2026/10/03 09:15:15.051, 6, 118639
2026/10/03 09:15:15.051, 7, 118687
2026/10/03 09:15:16.051, 0, 71762
2026/10/03 09:15:16.051, 1, 82408
2026/10/03 09:15:16.051, 2, 76478
2026/10/03 09:15:16.051, 3, 69532
2026/10/03 09:15:16.051, 4, 119087
2026/10/03 09:15:16.051, 5, 118863
2026/10/03 09:15:16.051, 6, 118639
2026/10/03 09:15:16.051, 7, 118689
2026/10/03 09:15:17.051, 0, 71762
2026/10/03 09:15:17.051, 1, 82408
2026/10/03 09:15:17.051, 2, 76478
2026/10/03 09:15:17.051, 3, 69532
2026/10/03 09:15:17.051, 4, 119087
2026/10/03 09:15:17.051, 5, 118863
2026/10/03 09:15:17.051, 6, 118639
2026/10/03 09:15:17.051, 7, 118689
2026/10/03 09:15:18.051, 0, 71762
2026/10/03 09:15:18.052, 1, 82408
2026/10/03 09:15:18.052, 2, 76478
2026/10/03 09:15:18.053, 3, 69532
2026/10/03 09:15:18.053, 4, 119087
2026/10/03 09:15:18.055, 5, 118863
2026/10/03 09:15:18.055, 6, 118639
2026/10/03 09:15:18.056, 7, 118689
2026/10/03 09:15:19.057, 0, 71762
2026/10/03 09:15:19.057, 1, 82408
2026/10/03 09:15:19.057, 2, 76478
2026/10/03 09:15:19.057, 3, 69532
2026/10/03 09:15:19.057, 4, 119087
2026/10/03 09:15:19.057, 5, 118863
2026/10/03 09:15:19.057, 6, 118639
2026/10/03 09:15:19.057, 7, 118689
2026/10/03 09:15:20.057, 0, 71762
2026/10/03 09:15:20.057, 1, 82408
2026/10/03 09:15:20.057, 2, 76478
2026/10/03 09:15:20.057, 3, 69532
2026/10/03 09:15:20.057, 4, 119087
2026/10/03 09:15:20.057, 5, 118863
2026/10/03 09:15:20.057, 6, 118661
2026/10/03 09:15:20.057, 7, 118689
2026/10/03 09:15:21.057, 0, 71762
2026/10/03 09:15:21.057, 1, 82408
2026/10/03 09:15:21.058, 2, 76478
2026/10/03 09:15:21.058, 3, 69532
2026/10/03 09:15:21.058, 4, 119087
2026/10/03 09:15:21.058, 5, 118863
2026/10/03 09:15:21.058, 6, 118801
2026/10/03 09:15:21.058, 7, 118689
2026/10/03 09:15:22.058, 0, 71762
2026/10/03 09:15:22.061, 1, 82408
2026/10/03 09:15:22.063, 2, 76478
2026/10/03 09:15:22.065, 3, 69532
2026/10/03 09:15:22.068, 4, 119087
2026/10/03 09:15:22.070, 5, 118863
2026/10/03 09:15:22.072, 6, 118969
2026/10/03 09:15:22.074, 7, 118689
2026/10/03 09:15:23.075, 0, 71762
2026/10/03 09:15:23.076, 1, 82408
2026/10/03 09:15:23.076, 2, 76478
2026/10/03 09:15:23.076, 3, 69532
2026/10/03 09:15:23.076, 4, 119087
2026/10/03 09:15:23.076, 5, 118863
2026/10/03 09:15:23.076, 6, 118969
2026/10/03 09:15:23.076, 7, 118689
2026/10/03 09:15:24.076, 0, 71762
2026/10/03 09:15:24.076, 1, 82408
2026/10/03 09:15:24.076, 2, 76478
2026/10/03 09:15:24.076, 3, 69532
2026/10/03 09:15:24.076, 4, 119087
2026/10/03 09:15:24.076, 5, 118863
2026/10/03 09:15:24.076, 6, 118969
2026/10/03 09:15:24.076, 7, 118689
2026/10/03 09:15:25.076, 0, 71762
2026/10/03 09:15:25.076, 1, 82408
2026/10/03 09:15:25.076, 2, 76478
2026/10/03 09:15:25.076, 3, 69532
2026/10/03 09:15:25.076, 4, 119087
2026/10/03 09:15:25.076, 5, 118863
2026/10/03 09:15:25.076, 6, 118969
2026/10/03 09:15:25.076, 7, 118689
2026/10/03 09:15:26.077, 0, 71762
2026/10/03 09:15:26.077, 1, 82408
2026/10/03 09:15:26.077, 2, 76478
2026/10/03 09:15:26.077, 3, 69532
2026/10/03 09:15:26.077, 4, 119087
2026/10/03 09:15:26.077, 5, 118863
2026/10/03 09:15:26.077, 6, 118969
2026/10/03 09:15:26.077, 7, 118689
2026/10/03 09:15:27.077, 0, 71762
2026/10/03 09:15:27.077, 1, 82408
2026/10/03 09:15:27.078, 2, 76478
2026/10/03 09:15:27.079, 3, 69532
2026/10/03 09:15:27.080, 4, 119087
2026/10/03 09:15:27.081, 5, 118863
2026/10/03 09:15:27.082, 6, 118969
2026/10/03 09:15:27.083, 7, 118689
2026/10/03 09:15:28.084, 0, 71762
2026/10/03 09:15:28.084, 1, 82408
2026/10/03 09:15:28.084, 2, 76478
2026/10/03 09:15:28.084, 3, 69532
2026/10/03 09:15:28.084, 4, 118615
2026/10/03 09:15:28.084, 5, 118615
2026/10/03 09:15:28.084, 6, 118615
2026/10/03 09:15:28.084, 7, 118375
2026/10/03 09:15:29.084, 0, 71762
2026/10/03 09:15:29.084, 1, 82408
2026/10/03 09:15:29.084, 2, 76478
2026/10/03 09:15:29.084, 3, 69532
2026/10/03 09:15:29.084, 4, 118637
2026/10/03 09:15:29.084, 5, 118639
2026/10/03 09:15:29.084, 6, 118639
2026/10/03 09:15:29.084, 7, 118397
2026/10/03 09:15:30.084, 0, 71762
2026/10/03 09:15:30.084, 1, 82408
2026/10/03 09:15:30.084, 2, 76478
2026/10/03 09:15:30.085, 3, 69532
2026/10/03 09:15:30.085, 4, 118659
2026/10/03 09:15:30.085, 5, 118639
2026/10/03 09:15:30.085, 6, 118639
2026/10/03 09:15:30.085, 7, 118397
2026/10/03 09:15:31.085, 0, 71762
2026/10/03 09:15:31.085, 1, 82408
2026/10/03 09:15:31.085, 2, 76478
2026/10/03 09:15:31.085, 3, 69532
2026/10/03 09:15:31.085, 4, 118659
2026/10/03 09:15:31.085, 5, 118639
2026/10/03 09:15:31.085, 6, 118711
2026/10/03 09:15:31.085, 7, 118397
2026/10/03 09:15:32.085, 0, 71762
2026/10/03 09:15:32.085, 1, 82408
2026/10/03 09:15:32.085, 2, 76478
2026/10/03 09:15:32.085, 3, 69532
2026/10/03 09:15:32.085, 4, 118659
2026/10/03 09:15:32.086, 5, 118639
2026/10/03 09:15:32.086, 6, 118739
2026/10/03 09:15:32.087, 7, 118399
2026/10/03 09:15:33.087, 0, 71762
2026/10/03 09:15:33.087, 1, 82408
2026/10/03 09:15:33.087, 2, 76478
2026/10/03 09:15:33.087, 3, 69532
2026/10/03 09:15:33.087, 4, 118659
2026/10/03 09:15:33.087, 5, 118639
2026/10/03 09:15:33.087, 6, 118739
2026/10/03 09:15:33.087, 7, 118401
2026/10/03 09:15:34.087, 0, 71762
2026/10/03 09:15:34.087, 1, 82408
2026/10/03 09:15:34.087, 2, 76478
2026/10/03 09:15:34.087, 3, 69532
2026/10/03 09:15:34.087, 4, 118659
2026/10/03 09:15:34.087, 5, 118639
2026/10/03 09:15:34.088, 6, 118803
2026/10/03 09:15:34.088, 7, 118401
2026/10/03 09:15:35.088, 0, 71762
2026/10/03 09:15:35.088, 1, 82408
2026/10/03 09:15:35.088, 2, 76478
2026/10/03 09:15:35.088, 3, 69532
2026/10/03 09:15:35.088, 4, 118659
2026/10/03 09:15:35.088, 5, 118639
2026/10/03 09:15:35.088, 6, 118915
2026/10/03 09:15:35.088, 7, 118401
2026/10/03 09:15:36.088, 0, 71762
2026/10/03 09:15:36.088, 1, 82408
2026/10/03 09:15:36.088, 2, 76478
2026/10/03 09:15:36.088, 3, 69532
2026/10/03 09:15:36.088, 4, 118659
2026/10/03 09:15:36.088, 5, 118661
2026/10/03 09:15:36.088, 6, 118915
2026/10/03 09:15:36.088, 7, 118401
2026/10/03 09:15:37.088, 0, 71762
2026/10/03 09:15:37.089, 1, 82408
2026/10/03 09:15:37.090, 2, 76478
2026/10/03 09:15:37.091, 3, 69532
2026/10/03 09:15:37.093, 4, 118659
2026/10/03 09:15:37.094, 5, 118879
2026/10/03 09:15:37.094, 6, 118915
2026/10/03 09:15:37.094, 7, 118401
2026/10/03 09:15:38.095, 0, 71762
2026/10/03 09:15:38.095, 1, 82408
2026/10/03 09:15:38.095, 2, 76478
2026/10/03 09:15:38.095, 3, 69532
2026/10/03 09:15:38.095, 4, 118659
2026/10/03 09:15:38.095, 5, 118879
2026/10/03 09:15:38.095, 6, 118915
2026/10/03 09:15:38.095, 7, 118401
2026/10/03 09:15:39.095, 0, 71762
2026/10/03 09:15:39.095, 1, 82408
2026/10/03 09:15:39.095, 2, 76478
2026/10/03 09:15:39.095, 3, 69532
2026/10/03 09:15:39.095, 4, 118659
2026/10/03 09:15:39.095, 5, 118879
2026/10/03 09:15:39.095, 6, 118915
2026/10/03 09:15:39.095, 7, 118401
2026/10/03 09:15:40.095, 0, 71762
2026/10/03 09:15:40.095, 1, 82408
2026/10/03 09:15:40.095, 2, 76478
2026/10/03 09:15:40.095, 3, 69532
2026/10/03 09:15:40.095, 4, 118659
2026/10/03 09:15:40.095, 5, 118879
2026/10/03 09:15:40.095, 6, 118915
2026/10/03 09:15:40.095, 7, 118401
2026/10/03 09:15:41.095, 0, 71762
2026/10/03 09:15:41.095, 1, 82408
2026/10/03 09:15:41.095, 2, 76478
2026/10/03 09:15:41.096, 3, 69532
2026/10/03 09:15:41.096, 4, 118659
2026/10/03 09:15:41.096, 5, 118879
2026/10/03 09:15:41.096, 6, 118915
2026/10/03 09:15:41.096, 7, 118401
2026/10/03 09:15:42.096, 0, 71762
2026/10/03 09:15:42.097, 1, 82408
2026/10/03 09:15:42.098, 2, 76478
2026/10/03 09:15:42.099, 3, 69532
2026/10/03 09:15:42.099, 4, 118659
2026/10/03 09:15:42.099, 5, 118879
2026/10/03 09:15:42.100, 6, 118915
2026/10/03 09:15:42.100, 7, 118401
2026/10/03 09:15:43.100, 0, 71762
2026/10/03 09:15:43.100, 1, 82408
2026/10/03 09:15:43.100, 2, 76478
2026/10/03 09:15:43.100, 3, 69532
2026/10/03 09:15:43.100, 4, 118659
2026/10/03 09:15:43.100, 5, 118879
2026/10/03 09:15:43.100, 6, 118915
2026/10/03 09:15:43.100, 7, 118401
2026/10/03 09:15:44.100, 0, 71762
2026/10/03 09:15:44.101, 1, 82408
2026/10/03 09:15:44.101, 2, 76478
2026/10/03 09:15:44.102, 3, 69532
2026/10/03 09:15:44.102, 4, 119111
2026/10/03 09:15:44.102, 5, 119167
2026/10/03 09:15:44.102, 6, 119169
2026/10/03 09:15:44.102, 7, 118985
2026/10/03 09:15:45.103, 0, 71762
2026/10/03 09:15:45.103, 1, 82408
2026/10/03 09:15:45.103, 2, 76478
2026/10/03 09:15:45.103, 3, 69532
2026/10/03 09:15:45.103, 4, 118805
2026/10/03 09:15:45.103, 5, 118639
2026/10/03 09:15:45.103, 6, 118761
2026/10/03 09:15:45.103, 7, 118599
2026/10/03 09:15:46.103, 0, 71762
2026/10/03 09:15:46.103, 1, 82408
2026/10/03 09:15:46.103, 2, 76478
2026/10/03 09:15:46.103, 3, 69532
2026/10/03 09:15:46.103, 4, 118805
2026/10/03 09:15:46.103, 5, 118639
2026/10/03 09:15:46.103, 6, 118761
2026/10/03 09:15:46.103, 7, 118599
2026/10/03 09:15:47.103, 0, 71762
2026/10/03 09:15:47.106, 1, 82408
2026/10/03 09:15:47.108, 2, 76478
2026/10/03 09:15:47.109, 3, 69532
2026/10/03 09:15:47.111, 4, 118805
2026/10/03 09:15:47.112, 5, 119113
2026/10/03 09:15:47.113, 6, 118943
2026/10/03 09:15:47.114, 7, 118599
2026/10/03 09:15:48.115, 0, 71762
2026/10/03 09:15:48.116, 1, 82408
2026/10/03 09:15:48.118, 2, 76478
2026/10/03 09:15:48.120, 3, 69532
2026/10/03 09:15:48.122, 4, 119075
2026/10/03 09:15:48.127, 5, 119777
2026/10/03 09:15:48.129, 6, 118943
2026/10/03 09:15:48.131, 7, 118599
2026/10/03 09:15:49.135, 0, 71762
2026/10/03 09:15:49.135, 1, 82408
2026/10/03 09:15:49.135, 2, 76478
2026/10/03 09:15:49.136, 3, 69532
2026/10/03 09:15:49.136, 4, 119075
2026/10/03 09:15:49.136, 5, 119777
2026/10/03 09:15:49.137, 6, 118943
2026/10/03 09:15:49.137, 7, 118827
2026/10/03 09:15:50.137, 0, 71762
2026/10/03 09:15:50.137, 1, 82408
2026/10/03 09:15:50.137, 2, 76478
2026/10/03 09:15:50.137, 3, 69532
2026/10/03 09:15:50.137, 4, 119075
2026/10/03 09:15:50.137, 5, 119777
2026/10/03 09:15:50.138, 6, 118943
2026/10/03 09:15:50.138, 7, 118827
2026/10/03 09:15:51.138, 0, 71762
2026/10/03 09:15:51.138, 1, 82408
2026/10/03 09:15:51.138, 2, 76478
2026/10/03 09:15:51.138, 3, 69532
2026/10/03 09:15:51.138, 4, 119075
2026/10/03 09:15:51.138, 5, 119777
2026/10/03 09:15:51.138, 6, 118943
2026/10/03 09:15:51.138, 7, 118827
2026/10/03 09:15:52.138, 0, 71762
2026/10/03 09:15:52.138, 1, 82408
2026/10/03 09:15:52.138, 2, 76478
2026/10/03 09:15:52.138, 3, 69532
2026/10/03 09:15:52.138, 4, 119075
2026/10/03 09:15:52.138, 5, 119777
2026/10/03 09:15:52.138, 6, 118943
2026/10/03 09:15:52.138, 7, 118827
2026/10/03 09:15:53.138, 0, 71762
2026/10/03 09:15:53.138, 1, 82408
2026/10/03 09:15:53.138, 2, 76478
2026/10/03 09:15:53.138, 3, 69532
2026/10/03 09:15:53.138, 4, 119075
2026/10/03 09:15:53.138, 5, 119777
2026/10/03 09:15:53.138, 6, 118943
2026/10/03 09:15:53.138, 7, 118827
2026/10/03 09:15:54.138, 0, 71762
2026/10/03 09:15:54.138, 1, 82408
2026/10/03 09:15:54.138, 2, 76478
2026/10/03 09:15:54.139, 3, 69532
2026/10/03 09:15:54.139, 4, 119075
2026/10/03 09:15:54.139, 5, 119777
2026/10/03 09:15:54.139, 6, 118943
2026/10/03 09:15:54.139, 7, 118827
2026/10/03 09:15:55.139, 0, 71762
2026/10/03 09:15:55.139, 1, 82408
2026/10/03 09:15:55.139, 2, 76478
2026/10/03 09:15:55.139, 3, 69532
2026/10/03 09:15:55.139, 4, 119075
2026/10/03 09:15:55.139, 5, 119777
2026/10/03 09:15:55.139, 6, 118943
2026/10/03 09:15:55.139, 7, 118827
2026/10/03 09:15:56.139, 0, 71762
2026/10/03 09:15:56.139, 1, 82408
2026/10/03 09:15:56.139, 2, 76478
2026/10/03 09:15:56.139, 3, 69532
2026/10/03 09:15:56.139, 4, 119075
2026/10/03 09:15:56.139, 5, 119777
2026/10/03 09:15:56.139, 6, 118943
2026/10/03 09:15:56.139, 7, 118827
2026/10/03 09:15:57.139, 0, 71762
2026/10/03 09:15:57.140, 1, 82408
2026/10/03 09:15:57.141, 2, 76478
2026/10/03 09:15:57.142, 3, 69532
2026/10/03 09:15:57.142, 4, 118615
2026/10/03 09:15:57.144, 5, 118615
2026/10/03 09:15:57.145, 6, 118615
2026/10/03 09:15:57.145, 7, 118375
2026/10/03 09:15:58.146, 0, 71762
2026/10/03 09:15:58.146, 1, 82408
2026/10/03 09:15:58.146, 2, 76478
2026/10/03 09:15:58.146, 3, 69532
2026/10/03 09:15:58.146, 4, 118615
2026/10/03 09:15:58.147, 5, 118615
2026/10/03 09:15:58.147, 6, 118615
2026/10/03 09:15:58.147, 7, 118375
2026/10/03 09:15:59.147, 0, 71762
2026/10/03 09:15:59.147, 1, 82408
2026/10/03 09:15:59.147, 2, 76478
2026/10/03 09:15:59.147, 3, 69532
2026/10/03 09:15:59.147, 4, 118615
2026/10/03 09:15:59.147, 5, 118615
2026/10/03 09:15:59.147, 6, 118615
2026/10/03 09:15:59.147, 7, 118375
2026/10/03 09:16:00.147, 0, 71762
2026/10/03 09:16:00.147, 1, 82408
2026/10/03 09:16:00.147, 2, 76478
2026/10/03 09:16:00.147, 3, 69532
2026/10/03 09:16:00.147, 4, 118615
2026/10/03 09:16:00.147, 5, 118615
2026/10/03 09:16:00.147, 6, 118615
2026/10/03 09:16:00.147, 7, 118375
2026/10/03 09:16:01.147, 0, 71762
2026/10/03 09:16:01.147, 1, 82408
2026/10/03 09:16:01.147, 2, 76478
2026/10/03 09:16:01.147, 3, 69532
2026/10/03 09:16:01.147, 4, 118615
2026/10/03 09:16:01.147, 5, 118615
2026/10/03 09:16:01.147, 6, 118615
2026/10/03 09:16:01.147, 7, 118375
2026/10/03 09:16:02.147, 0, 71762
2026/10/03 09:16:02.148, 1, 82408
2026/10/03 09:16:02.148, 2, 76478
2026/10/03 09:16:02.148, 3, 69532
2026/10/03 09:16:02.149, 4, 118615
2026/10/03 09:16:02.149, 5, 118615
2026/10/03 09:16:02.149, 6, 118615
2026/10/03 09:16:02.149, 7, 118375
2026/10/03 09:16:03.149, 0, 23974
2026/10/03 09:16:03.149, 1, 22734
2026/10/03 09:16:03.149, 2, 22742
2026/10/03 09:16:03.149, 3, 21802
2026/10/03 09:16:03.149, 4, 118615
2026/10/03 09:16:03.149, 5, 118615
2026/10/03 09:16:03.149, 6, 118615
2026/10/03 09:16:03.149, 7, 118375
2026/10/03 09:16:04.149, 0, 23974
2026/10/03 09:16:04.150, 1, 22734
2026/10/03 09:16:04.150, 2, 22742
2026/10/03 09:16:04.150, 3, 21802
2026/10/03 09:16:04.150, 4, 118615
2026/10/03 09:16:04.150, 5, 118615
2026/10/03 09:16:04.152, 6, 118615
2026/10/03 09:16:04.152, 7, 118375
2026/10/03 09:16:05.152, 0, 23974
2026/10/03 09:16:05.152, 1, 22734
2026/10/03 09:16:05.152, 2, 22742
2026/10/03 09:16:05.152, 3, 21802
2026/10/03 09:16:05.152, 4, 118615
2026/10/03 09:16:05.152, 5, 118615
2026/10/03 09:16:05.152, 6, 118615
2026/10/03 09:16:05.152, 7, 118375
2026/10/03 09:16:06.152, 0, 23974
2026/10/03 09:16:06.152, 1, 22734
2026/10/03 09:16:06.152, 2, 22742
2026/10/03 09:16:06.152, 3, 21802
2026/10/03 09:16:06.152, 4, 118615
2026/10/03 09:16:06.152, 5, 118615
2026/10/03 09:16:06.152, 6, 118615
2026/10/03 09:16:06.152, 7, 118375
2026/10/03 09:16:07.152, 0, 23974
2026/10/03 09:16:07.154, 1, 22734
2026/10/03 09:16:07.154, 2, 22742
2026/10/03 09:16:07.155, 3, 21802
2026/10/03 09:16:07.155, 4, 118615
2026/10/03 09:16:07.155, 5, 118615
2026/10/03 09:16:07.155, 6, 118615
2026/10/03 09:16:07.155, 7, 118375
2026/10/03 09:16:08.155, 0, 23974
2026/10/03 09:16:08.155, 1, 22734
2026/10/03 09:16:08.155, 2, 22742
2026/10/03 09:16:08.155, 3, 21802
2026/10/03 09:16:08.155, 4, 118615
2026/10/03 09:16:08.155, 5, 118615
2026/10/03 09:16:08.155, 6, 118615
2026/10/03 09:16:08.155, 7, 118375
2026/10/03 09:16:09.155, 0, 23974
2026/10/03 09:16:09.155, 1, 22734
2026/10/03 09:16:09.155, 2, 22742
2026/10/03 09:16:09.155, 3, 21802
2026/10/03 09:16:09.155, 4, 118615
2026/10/03 09:16:09.155, 5, 118615
2026/10/03 09:16:09.155, 6, 118615
2026/10/03 09:16:09.155, 7, 118375
2026/10/03 09:16:10.155, 0, 23974
2026/10/03 09:16:10.156, 1, 22734
2026/10/03 09:16:10.156, 2, 22742
2026/10/03 09:16:10.156, 3, 21802
2026/10/03 09:16:10.156, 4, 118615
2026/10/03 09:16:10.156, 5, 118615
2026/10/03 09:16:10.161, 6, 118615
2026/10/03 09:16:10.161, 7, 118375
2026/10/03 09:16:11.161, 0, 23974
2026/10/03 09:16:11.161, 1, 22734
2026/10/03 09:16:11.163, 2, 22742
2026/10/03 09:16:11.163, 3, 21802
2026/10/03 09:16:11.163, 4, 118615
2026/10/03 09:16:11.163, 5, 118615
2026/10/03 09:16:11.163, 6, 118615
2026/10/03 09:16:11.163, 7, 118375
2026/10/03 09:16:12.163, 0, 23974
2026/10/03 09:16:12.163, 1, 22734
2026/10/03 09:16:12.163, 2, 22742
2026/10/03 09:16:12.163, 3, 21802
2026/10/03 09:16:12.163, 4, 118615
2026/10/03 09:16:12.163, 5, 118615
2026/10/03 09:16:12.164, 6, 118615
2026/10/03 09:16:12.164, 7, 118375
2026/10/03 09:16:13.164, 0, 23974
2026/10/03 09:16:13.164, 1, 22734
2026/10/03 09:16:13.164, 2, 22742
2026/10/03 09:16:13.164, 3, 21802
2026/10/03 09:16:13.164, 4, 118615
2026/10/03 09:16:13.164, 5, 118615
2026/10/03 09:16:13.164, 6, 118615
2026/10/03 09:16:13.198, 7, 118375
2026/10/03 09:16:14.198, 0, 23974
2026/10/03 09:16:14.198, 1, 22734
2026/10/03 09:16:14.199, 2, 22742
2026/10/03 09:16:14.199, 3, 21802
2026/10/03 09:16:14.199, 4, 118641
2026/10/03 09:16:14.199, 5, 118657
2026/10/03 09:16:14.199, 6, 118639
2026/10/03 09:16:14.199, 7, 118399
2026/10/03 09:16:15.199, 0, 23974
2026/10/03 09:16:15.199, 1, 22734
2026/10/03 09:16:15.199, 2, 22742
2026/10/03 09:16:15.199, 3, 21802
2026/10/03 09:16:15.199, 4, 119237
2026/10/03 09:16:15.199, 5, 119131
2026/10/03 09:16:15.199, 6, 118729
2026/10/03 09:16:15.199, 7, 118945
2026/10/03 09:16:16.199, 0, 23974
2026/10/03 09:16:16.200, 1, 22734
2026/10/03 09:16:16.200, 2, 22742
2026/10/03 09:16:16.200, 3, 21802
2026/10/03 09:16:16.200, 4, 119237
2026/10/03 09:16:16.201, 5, 119131
2026/10/03 09:16:16.201, 6, 120967
2026/10/03 09:16:16.201, 7, 118945
2026/10/03 09:16:17.201, 0, 23974
2026/10/03 09:16:17.201, 1, 22734
2026/10/03 09:16:17.201, 2, 22742
2026/10/03 09:16:17.201, 3, 21802
2026/10/03 09:16:17.201, 4, 119237
2026/10/03 09:16:17.201, 5, 119131
2026/10/03 09:16:17.201, 6, 122425
2026/10/03 09:16:17.201, 7, 118945
2026/10/03 09:16:18.202, 0, 23974
2026/10/03 09:16:18.202, 1, 22734
2026/10/03 09:16:18.206, 2, 22742
2026/10/03 09:16:18.213, 3, 21802
2026/10/03 09:16:18.213, 4, 119237
2026/10/03 09:16:18.216, 5, 119131
2026/10/03 09:16:18.218, 6, 122425
2026/10/03 09:16:18.221, 7, 118945
2026/10/03 09:16:19.222, 0, 23974
2026/10/03 09:16:19.222, 1, 22734
2026/10/03 09:16:19.222, 2, 22742
2026/10/03 09:16:19.222, 3, 21802
2026/10/03 09:16:19.222, 4, 119237
2026/10/03 09:16:19.222, 5, 119131
2026/10/03 09:16:19.222, 6, 122425
2026/10/03 09:16:19.222, 7, 118945
2026/10/03 09:16:20.222, 0, 23974
2026/10/03 09:16:20.222, 1, 22734
2026/10/03 09:16:20.222, 2, 22742
2026/10/03 09:16:20.222, 3, 21802
2026/10/03 09:16:20.222, 4, 119237
2026/10/03 09:16:20.222, 5, 119131
2026/10/03 09:16:20.222, 6, 122425
2026/10/03 09:16:20.222, 7, 118945
2026/10/03 09:16:21.222, 0, 23974
2026/10/03 09:16:21.222, 1, 22734
2026/10/03 09:16:21.222, 2, 22742
2026/10/03 09:16:21.222, 3, 21802
2026/10/03 09:16:21.222, 4, 119237
2026/10/03 09:16:21.222, 5, 119131
2026/10/03 09:16:21.222, 6, 122425
2026/10/03 09:16:21.222, 7, 118945
2026/10/03 09:16:22.223, 0, 23974
2026/10/03 09:16:22.223, 1, 22734
2026/10/03 09:16:22.224, 2, 22742
2026/10/03 09:16:22.225, 3, 21802
2026/10/03 09:16:22.225, 4, 119237
2026/10/03 09:16:22.225, 5, 119131
2026/10/03 09:16:22.225, 6, 122425
2026/10/03 09:16:22.225, 7, 118945
2026/10/03 09:16:23.225, 0, 23974
2026/10/03 09:16:23.225, 1, 22734
2026/10/03 09:16:23.225, 2, 22742
2026/10/03 09:16:23.225, 3, 21802
2026/10/03 09:16:23.225, 4, 119237
2026/10/03 09:16:23.225, 5, 119131
2026/10/03 09:16:23.225, 6, 122425
2026/10/03 09:16:23.225, 7, 118945
2026/10/03 09:16:24.226, 0, 23974
2026/10/03 09:16:24.226, 1, 22734
2026/10/03 09:16:24.226, 2, 22742
2026/10/03 09:16:24.226, 3, 21802
2026/10/03 09:16:24.226, 4, 119237
2026/10/03 09:16:24.226, 5, 119131
2026/10/03 09:16:24.226, 6, 122425
2026/10/03 09:16:24.226, 7, 118945
2026/10/03 09:16:25.226, 0, 23974
2026/10/03 09:16:25.226, 1, 22734
2026/10/03 09:16:25.226, 2, 22742
2026/10/03 09:16:25.226, 3, 21802
2026/10/03 09:16:25.226, 4, 119237
2026/10/03 09:16:25.226, 5, 119131
2026/10/03 09:16:25.226, 6, 122425
2026/10/03 09:16:25.226, 7, 118945
2026/10/03 09:16:26.226, 0, 23974
2026/10/03 09:16:26.227, 1, 22734
2026/10/03 09:16:26.227, 2, 22742
2026/10/03 09:16:26.227, 3, 21802
2026/10/03 09:16:26.227, 4, 119237
2026/10/03 09:16:26.227, 5, 119131
2026/10/03 09:16:26.227, 6, 122425
2026/10/03 09:16:26.227, 7, 118945
2026/10/03 09:16:27.227, 0, 23974
2026/10/03 09:16:27.227, 1, 22734
2026/10/03 09:16:27.227, 2, 22742
2026/10/03 09:16:27.227, 3, 21802
2026/10/03 09:16:27.227, 4, 119237
2026/10/03 09:16:27.227, 5, 119131
2026/10/03 09:16:27.227, 6, 122425
2026/10/03 09:16:27.227, 7, 118945
2026/10/03 09:16:28.227, 0, 23974
2026/10/03 09:16:28.228, 1, 22734
2026/10/03 09:16:28.228, 2, 22742
2026/10/03 09:16:28.228, 3, 21802
2026/10/03 09:16:28.228, 4, 119237
2026/10/03 09:16:28.228, 5, 119131
2026/10/03 09:16:28.228, 6, 122425
2026/10/03 09:16:28.228, 7, 118945
2026/10/03 09:16:29.228, 0, 23974
2026/10/03 09:16:29.228, 1, 22734
2026/10/03 09:16:29.228, 2, 22742
2026/10/03 09:16:29.228, 3, 21802
2026/10/03 09:16:29.228, 4, 119237
2026/10/03 09:16:29.228, 5, 119131
2026/10/03 09:16:29.228, 6, 122425
2026/10/03 09:16:29.228, 7, 118945
2026/10/03 09:16:30.228, 0, 23974
2026/10/03 09:16:30.228, 1, 22734
2026/10/03 09:16:30.228, 2, 22742
2026/10/03 09:16:30.228, 3, 21802
2026/10/03 09:16:30.228, 4, 119237
2026/10/03 09:16:30.228, 5, 119131
2026/10/03 09:16:30.228, 6, 122425
2026/10/03 09:16:30.228, 7, 118945
2026/10/03 09:16:31.228, 0, 23974
2026/10/03 09:16:31.228, 1, 22734
2026/10/03 09:16:31.228, 2, 22742
2026/10/03 09:16:31.228, 3, 21802
2026/10/03 09:16:31.228, 4, 119237
2026/10/03 09:16:31.228, 5, 119131
2026/10/03 09:16:31.228, 6, 122425
2026/10/03 09:16:31.228, 7, 118945
2026/10/03 09:16:32.228, 0, 23974
2026/10/03 09:16:32.229, 1, 22734
2026/10/03 09:16:32.229, 2, 22742
2026/10/03 09:16:32.229, 3, 21802
2026/10/03 09:16:32.229, 4, 119237
2026/10/03 09:16:32.229, 5, 119131
2026/10/03 09:16:32.229, 6, 122425
2026/10/03 09:16:32.229, 7, 118945
2026/10/03 09:16:33.230, 0, 23974
2026/10/03 09:16:33.230, 1, 22734
2026/10/03 09:16:33.230, 2, 22742
2026/10/03 09:16:33.230, 3, 21802
2026/10/03 09:16:33.230, 4, 119237
2026/10/03 09:16:33.230, 5, 119131
2026/10/03 09:16:33.230, 6, 122425
2026/10/03 09:16:33.230, 7, 118945
2026/10/03 09:16:34.230, 0, 23974
2026/10/03 09:16:34.230, 1, 22734
2026/10/03 09:16:34.230, 2, 22742
2026/10/03 09:16:34.230, 3, 21802
2026/10/03 09:16:34.230, 4, 119237
2026/10/03 09:16:34.230, 5, 119131
2026/10/03 09:16:34.230, 6, 122425
2026/10/03 09:16:34.230, 7, 118945
2026/10/03 09:16:35.230, 0, 23974
2026/10/03 09:16:35.230, 1, 22734
2026/10/03 09:16:35.230, 2, 22742
2026/10/03 09:16:35.230, 3, 21802
2026/10/03 09:16:35.230, 4, 119237
2026/10/03 09:16:35.230, 5, 119131
2026/10/03 09:16:35.230, 6, 122425
2026/10/03 09:16:35.230, 7, 118945
2026/10/03 09:16:36.230, 0, 23974
2026/10/03 09:16:36.230, 1, 22734
2026/10/03 09:16:36.230, 2, 22742
2026/10/03 09:16:36.230, 3, 21802
2026/10/03 09:16:36.230, 4, 119237
2026/10/03 09:16:36.230, 5, 119131
2026/10/03 09:16:36.230, 6, 122425
2026/10/03 09:16:36.230, 7, 118945
2026/10/03 09:16:37.231, 0, 23974
2026/10/03 09:16:37.233, 1, 22734
2026/10/03 09:16:37.236, 2, 22742
2026/10/03 09:16:37.236, 3, 21802
2026/10/03 09:16:37.237, 4, 119237
2026/10/03 09:16:37.241, 5, 119131
2026/10/03 09:16:37.242, 6, 122425
2026/10/03 09:16:37.242, 7, 118945
2026/10/03 09:16:38.242, 0, 23974
2026/10/03 09:16:38.242, 1, 22734
2026/10/03 09:16:38.242, 2, 22742
2026/10/03 09:16:38.242, 3, 21802
2026/10/03 09:16:38.242, 4, 119237
2026/10/03 09:16:38.242, 5, 119131
2026/10/03 09:16:38.243, 6, 122425
2026/10/03 09:16:38.243, 7, 118945
2026/10/03 09:16:39.243, 0, 23974
2026/10/03 09:16:39.243, 1, 22734
2026/10/03 09:16:39.243, 2, 22742
2026/10/03 09:16:39.243, 3, 21802
2026/10/03 09:16:39.243, 4, 119237
2026/10/03 09:16:39.243, 5, 119131
2026/10/03 09:16:39.243, 6, 122425
2026/10/03 09:16:39.243, 7, 118945
2026/10/03 09:16:40.243, 0, 23974
2026/10/03 09:16:40.243, 1, 22734
2026/10/03 09:16:40.243, 2, 22742
2026/10/03 09:16:40.243, 3, 21802
2026/10/03 09:16:40.243, 4, 119237
2026/10/03 09:16:40.243, 5, 119131
2026/10/03 09:16:40.243, 6, 122425
2026/10/03 09:16:40.243, 7, 118945
2026/10/03 09:16:41.243, 0, 23974
2026/10/03 09:16:41.243, 1, 22734
2026/10/03 09:16:41.243, 2, 22742
2026/10/03 09:16:41.243, 3, 21802
2026/10/03 09:16:41.243, 4, 119237
2026/10/03 09:16:41.243, 5, 119131
2026/10/03 09:16:41.243, 6, 122425
2026/10/03 09:16:41.243, 7, 118945
2026/10/03 09:16:42.244, 0, 23974
2026/10/03 09:16:42.244, 1, 22734
2026/10/03 09:16:42.244, 2, 22742
2026/10/03 09:16:42.244, 3, 21802
2026/10/03 09:16:42.244, 4, 119237
2026/10/03 09:16:42.244, 5, 119131
2026/10/03 09:16:42.244, 6, 122425
2026/10/03 09:16:42.244, 7, 118945
2026/10/03 09:16:43.244, 0, 23974
2026/10/03 09:16:43.244, 1, 22734
2026/10/03 09:16:43.244, 2, 22742
2026/10/03 09:16:43.244, 3, 21802
2026/10/03 09:16:43.244, 4, 119237
2026/10/03 09:16:43.244, 5, 119131
2026/10/03 09:16:43.244, 6, 122425
2026/10/03 09:16:43.244, 7, 118945
2026/10/03 09:16:44.244, 0, 23974
2026/10/03 09:16:44.244, 1, 22734
2026/10/03 09:16:44.244, 2, 22742
2026/10/03 09:16:44.244, 3, 21802
2026/10/03 09:16:44.244, 4, 119237
2026/10/03 09:16:44.244, 5, 119131
2026/10/03 09:16:44.244, 6, 122425
2026/10/03 09:16:44.244, 7, 118945
2026/10/03 09:16:45.245, 0, 23974
2026/10/03 09:16:45.245, 1, 22734
2026/10/03 09:16:45.245, 2, 22742
2026/10/03 09:16:45.245, 3, 21802
2026/10/03 09:16:45.245, 4, 119237
2026/10/03 09:16:45.245, 5, 119131
2026/10/03 09:16:45.245, 6, 122425
2026/10/03 09:16:45.245, 7, 118945
2026/10/03 09:16:46.245, 0, 23974
2026/10/03 09:16:46.245, 1, 22734
2026/10/03 09:16:46.245, 2, 22742
2026/10/03 09:16:46.245, 3, 21802
2026/10/03 09:16:46.245, 4, 119237
2026/10/03 09:16:46.245, 5, 119131
2026/10/03 09:16:46.245, 6, 122425
2026/10/03 09:16:46.245, 7, 118945
2026/10/03 09:16:47.245, 0, 23974
2026/10/03 09:16:47.246, 1, 22734
2026/10/03 09:16:47.246, 2, 22742
2026/10/03 09:16:47.246, 3, 21802
2026/10/03 09:16:47.246, 4, 119237
2026/10/03 09:16:47.246, 5, 119131
2026/10/03 09:16:47.246, 6, 122425
2026/10/03 09:16:47.246, 7, 118945
2026/10/03 09:16:48.246, 0, 23974
2026/10/03 09:16:48.247, 1, 22734
2026/10/03 09:16:48.251, 2, 22742
2026/10/03 09:16:48.253, 3, 21802
2026/10/03 09:16:48.256, 4, 119237
2026/10/03 09:16:48.261, 5, 119131
2026/10/03 09:16:48.265, 6, 122425
2026/10/03 09:16:48.268, 7, 118945
2026/10/03 09:16:49.271, 0, 23974
2026/10/03 09:16:49.271, 1, 22734
2026/10/03 09:16:49.271, 2, 22742
2026/10/03 09:16:49.271, 3, 21802
2026/10/03 09:16:49.272, 4, 119237
2026/10/03 09:16:49.272, 5, 119131
2026/10/03 09:16:49.272, 6, 122425
2026/10/03 09:16:49.272, 7, 118945
2026/10/03 09:16:50.272, 0, 23974
2026/10/03 09:16:50.272, 1, 22734
2026/10/03 09:16:50.272, 2, 22742
2026/10/03 09:16:50.272, 3, 21802
2026/10/03 09:16:50.272, 4, 119237
2026/10/03 09:16:50.272, 5, 119131
2026/10/03 09:16:50.272, 6, 122425
2026/10/03 09:16:50.272, 7, 118945
2026/10/03 09:16:51.272, 0, 23974
2026/10/03 09:16:51.272, 1, 22734
2026/10/03 09:16:51.272, 2, 22742
2026/10/03 09:16:51.272, 3, 21802
2026/10/03 09:16:51.272, 4, 119237
2026/10/03 09:16:51.272, 5, 119131
2026/10/03 09:16:51.272, 6, 125543
2026/10/03 09:16:51.272, 7, 118945
2026/10/03 09:16:52.272, 0, 23974
2026/10/03 09:16:52.272, 1, 22734
2026/10/03 09:16:52.273, 2, 22742
2026/10/03 09:16:52.273, 3, 21802
2026/10/03 09:16:52.273, 4, 119237
2026/10/03 09:16:52.273, 5, 119131
2026/10/03 09:16:52.273, 6, 125543
2026/10/03 09:16:52.273, 7, 118945
2026/10/03 09:16:53.273, 0, 23974
2026/10/03 09:16:53.273, 1, 22734
2026/10/03 09:16:53.273, 2, 22742
2026/10/03 09:16:53.273, 3, 21802
2026/10/03 09:16:53.273, 4, 119237
2026/10/03 09:16:53.273, 5, 119131
2026/10/03 09:16:53.273, 6, 125543
2026/10/03 09:16:53.273, 7, 118945
2026/10/03 09:16:54.273, 0, 23974
2026/10/03 09:16:54.273, 1, 22734
2026/10/03 09:16:54.273, 2, 22742
2026/10/03 09:16:54.273, 3, 21802
2026/10/03 09:16:54.273, 4, 119237
2026/10/03 09:16:54.273, 5, 119131
2026/10/03 09:16:54.273, 6, 125543
2026/10/03 09:16:54.273, 7, 118945
2026/10/03 09:16:55.273, 0, 23974
2026/10/03 09:16:55.273, 1, 22734
2026/10/03 09:16:55.273, 2, 22742
2026/10/03 09:16:55.274, 3, 21802
2026/10/03 09:16:55.274, 4, 119237
2026/10/03 09:16:55.274, 5, 119131
2026/10/03 09:16:55.274, 6, 125543
2026/10/03 09:16:55.274, 7, 118945
2026/10/03 09:16:56.274, 0, 23974
2026/10/03 09:16:56.274, 1, 22734
2026/10/03 09:16:56.274, 2, 22742
2026/10/03 09:16:56.274, 3, 21802
2026/10/03 09:16:56.274, 4, 119237
2026/10/03 09:16:56.274, 5, 119131
2026/10/03 09:16:56.274, 6, 125543
2026/10/03 09:16:56.274, 7, 118945
2026/10/03 09:16:57.274, 0, 23974
2026/10/03 09:16:57.274, 1, 22734
2026/10/03 09:16:57.274, 2, 22742
2026/10/03 09:16:57.274, 3, 21802
2026/10/03 09:16:57.274, 4, 119237
2026/10/03 09:16:57.274, 5, 119131
2026/10/03 09:16:57.274, 6, 125543
2026/10/03 09:16:57.274, 7, 118945
2026/10/03 09:16:58.274, 0, 23974
2026/10/03 09:16:58.274, 1, 22734
2026/10/03 09:16:58.274, 2, 22742
2026/10/03 09:16:58.274, 3, 21802
2026/10/03 09:16:58.274, 4, 119237
2026/10/03 09:16:58.274, 5, 119131
2026/10/03 09:16:58.274, 6, 125543
2026/10/03 09:16:58.274, 7, 118945
2026/10/03 09:16:59.275, 0, 23974
2026/10/03 09:16:59.275, 1, 22734
2026/10/03 09:16:59.275, 2, 22742
2026/10/03 09:16:59.275, 3, 21802
2026/10/03 09:16:59.275, 4, 119237
2026/10/03 09:16:59.275, 5, 119131
2026/10/03 09:16:59.275, 6, 125543
2026/10/03 09:16:59.275, 7, 118945
2026/10/03 09:17:00.275, 0, 23974
2026/10/03 09:17:00.275, 1, 22734
2026/10/03 09:17:00.275, 2, 22742
2026/10/03 09:17:00.275, 3, 21802
2026/10/03 09:17:00.275, 4, 119237
2026/10/03 09:17:00.275, 5, 119131
2026/10/03 09:17:00.275, 6, 125543
2026/10/03 09:17:00.275, 7, 118945
2026/10/03 09:17:01.275, 0, 23974
2026/10/03 09:17:01.275, 1, 22734
2026/10/03 09:17:01.275, 2, 22742
2026/10/03 09:17:01.275, 3, 21802
2026/10/03 09:17:01.275, 4, 119237
2026/10/03 09:17:01.275, 5, 119131
2026/10/03 09:17:01.275, 6, 125543
2026/10/03 09:17:01.275, 7, 118945
2026/10/03 09:17:02.275, 0, 23974
2026/10/03 09:17:02.277, 1, 22734
2026/10/03 09:17:02.278, 2, 22742
2026/10/03 09:17:02.279, 3, 21802
2026/10/03 09:17:02.279, 4, 119237
2026/10/03 09:17:02.279, 5, 119131
2026/10/03 09:17:02.281, 6, 125543
2026/10/03 09:17:02.281, 7, 118945
2026/10/03 09:17:03.281, 0, 23974
2026/10/03 09:17:03.281, 1, 22734
2026/10/03 09:17:03.281, 2, 22742
2026/10/03 09:17:03.281, 3, 21802
2026/10/03 09:17:03.281, 4, 119237
2026/10/03 09:17:03.281, 5, 119131
2026/10/03 09:17:03.281, 6, 125543
2026/10/03 09:17:03.281, 7, 118945
2026/10/03 09:17:04.281, 0, 23974
2026/10/03 09:17:04.281, 1, 22734
2026/10/03 09:17:04.281, 2, 22742
2026/10/03 09:17:04.281, 3, 21802
2026/10/03 09:17:04.281, 4, 119237
2026/10/03 09:17:04.281, 5, 119131
2026/10/03 09:17:04.343, 6, 125543
2026/10/03 09:17:04.343, 7, 118945
2026/10/03 09:17:05.343, 0, 23974
2026/10/03 09:17:05.343, 1, 22734
2026/10/03 09:17:05.343, 2, 22742
2026/10/03 09:17:05.343, 3, 21802
2026/10/03 09:17:05.343, 4, 119237
2026/10/03 09:17:05.343, 5, 119131
2026/10/03 09:17:05.343, 6, 125543
2026/10/03 09:17:05.343, 7, 118945
2026/10/03 09:17:06.343, 0, 23974
2026/10/03 09:17:06.344, 1, 22734
2026/10/03 09:17:06.344, 2, 22742
2026/10/03 09:17:06.344, 3, 21802
2026/10/03 09:17:06.344, 4, 119237
2026/10/03 09:17:06.344, 5, 119131
2026/10/03 09:17:06.344, 6, 125543
2026/10/03 09:17:06.344, 7, 118945
2026/10/03 09:17:07.344, 0, 23974
2026/10/03 09:17:07.345, 1, 22734
2026/10/03 09:17:07.346, 2, 22742
2026/10/03 09:17:07.347, 3, 21802
2026/10/03 09:17:07.349, 4, 119237
2026/10/03 09:17:07.350, 5, 119133
2026/10/03 09:17:07.351, 6, 125543
2026/10/03 09:17:07.351, 7, 118945
2026/10/03 09:17:08.351, 0, 23974
2026/10/03 09:17:08.351, 1, 22734
2026/10/03 09:17:08.351, 2, 22742
2026/10/03 09:17:08.351, 3, 21802
2026/10/03 09:17:08.351, 4, 119237
2026/10/03 09:17:08.351, 5, 119133
2026/10/03 09:17:08.351, 6, 125543
2026/10/03 09:17:08.352, 7, 118945
2026/10/03 09:17:09.352, 0, 23974
2026/10/03 09:17:09.352, 1, 22734
2026/10/03 09:17:09.352, 2, 22742
2026/10/03 09:17:09.352, 3, 21802
2026/10/03 09:17:09.352, 4, 119237
2026/10/03 09:17:09.352, 5, 119133
2026/10/03 09:17:09.352, 6, 125543
2026/10/03 09:17:09.352, 7, 118945
2026/10/03 09:17:10.352, 0, 23974
2026/10/03 09:17:10.352, 1, 22734
2026/10/03 09:17:10.352, 2, 22742
2026/10/03 09:17:10.352, 3, 21802
2026/10/03 09:17:10.352, 4, 119237
2026/10/03 09:17:10.352, 5, 119133
2026/10/03 09:17:10.352, 6, 125543
2026/10/03 09:17:10.352, 7, 118945
2026/10/03 09:17:11.352, 0, 23974
2026/10/03 09:17:11.352, 1, 22734
2026/10/03 09:17:11.352, 2, 22742
2026/10/03 09:17:11.352, 3, 21802
2026/10/03 09:17:11.352, 4, 119237
2026/10/03 09:17:11.352, 5, 119133
2026/10/03 09:17:11.352, 6, 125543
2026/10/03 09:17:11.352, 7, 118945
2026/10/03 09:17:12.352, 0, 23974
2026/10/03 09:17:12.352, 1, 22734
2026/10/03 09:17:12.352, 2, 22742
2026/10/03 09:17:12.353, 3, 21802
2026/10/03 09:17:12.353, 4, 119237
2026/10/03 09:17:12.353, 5, 119133
2026/10/03 09:17:12.353, 6, 125543
2026/10/03 09:17:12.353, 7, 118945
2026/10/03 09:17:13.353, 0, 23974
2026/10/03 09:17:13.353, 1, 22734
2026/10/03 09:17:13.353, 2, 22742
2026/10/03 09:17:13.353, 3, 21802
2026/10/03 09:17:13.353, 4, 119237
2026/10/03 09:17:13.353, 5, 119133
2026/10/03 09:17:13.353, 6, 125543
2026/10/03 09:17:13.353, 7, 118945
2026/10/03 09:17:14.353, 0, 23974
2026/10/03 09:17:14.353, 1, 22734
2026/10/03 09:17:14.353, 2, 22742
2026/10/03 09:17:14.354, 3, 21802
2026/10/03 09:17:14.354, 4, 119237
2026/10/03 09:17:14.354, 5, 119133
2026/10/03 09:17:14.354, 6, 125543
2026/10/03 09:17:14.354, 7, 118945
2026/10/03 09:17:15.354, 0, 23974
2026/10/03 09:17:15.354, 1, 22734
2026/10/03 09:17:15.354, 2, 22742
2026/10/03 09:17:15.354, 3, 21802
2026/10/03 09:17:15.354, 4, 119237
2026/10/03 09:17:15.354, 5, 119133
2026/10/03 09:17:15.354, 6, 125543
2026/10/03 09:17:15.354, 7, 118945
2026/10/03 09:17:16.354, 0, 23974
2026/10/03 09:17:16.354, 1, 22734
2026/10/03 09:17:16.354, 2, 22742
2026/10/03 09:17:16.354, 3, 21802
2026/10/03 09:17:16.354, 4, 119237
2026/10/03 09:17:16.354, 5, 119133
2026/10/03 09:17:16.354, 6, 125543
2026/10/03 09:17:16.354, 7, 118945
2026/10/03 09:17:17.354, 0, 23974
2026/10/03 09:17:17.356, 1, 22734
2026/10/03 09:17:17.358, 2, 22742
2026/10/03 09:17:17.359, 3, 21802
2026/10/03 09:17:17.360, 4, 119237
2026/10/03 09:17:17.361, 5, 119133
2026/10/03 09:17:17.363, 6, 125543
2026/10/03 09:17:17.364, 7, 118945
2026/10/03 09:17:18.365, 0, 23974
2026/10/03 09:17:18.367, 1, 22734
2026/10/03 09:17:18.368, 2, 22742
2026/10/03 09:17:18.368, 3, 21802
2026/10/03 09:17:18.369, 4, 119237
2026/10/03 09:17:18.370, 5, 119133
2026/10/03 09:17:18.370, 6, 125543
2026/10/03 09:17:18.370, 7, 118945
2026/10/03 09:17:19.370, 0, 23974
2026/10/03 09:17:19.371, 1, 22734
2026/10/03 09:17:19.371, 2, 22742
2026/10/03 09:17:19.371, 3, 21802
2026/10/03 09:17:19.371, 4, 119237
2026/10/03 09:17:19.371, 5, 119133
2026/10/03 09:17:19.371, 6, 125543
2026/10/03 09:17:19.371, 7, 118945
2026/10/03 09:17:20.371, 0, 23974
2026/10/03 09:17:20.371, 1, 22734
2026/10/03 09:17:20.371, 2, 22742
2026/10/03 09:17:20.371, 3, 21802
2026/10/03 09:17:20.371, 4, 119237
2026/10/03 09:17:20.371, 5, 119133
2026/10/03 09:17:20.371, 6, 125543
2026/10/03 09:17:20.371, 7, 118945
2026/10/03 09:17:21.371, 0, 23974
2026/10/03 09:17:21.371, 1, 22734
2026/10/03 09:17:21.371, 2, 22742
2026/10/03 09:17:21.371, 3, 21802
2026/10/03 09:17:21.371, 4, 119237
2026/10/03 09:17:21.371, 5, 119133
2026/10/03 09:17:21.371, 6, 125543
2026/10/03 09:17:21.371, 7, 118945
2026/10/03 09:17:22.371, 0, 23974
2026/10/03 09:17:22.373, 1, 22734
2026/10/03 09:17:22.374, 2, 22742
2026/10/03 09:17:22.376, 3, 21802
2026/10/03 09:17:22.376, 4, 119237
2026/10/03 09:17:22.376, 5, 119133
2026/10/03 09:17:22.377, 6, 125543
2026/10/03 09:17:22.377, 7, 118945
2026/10/03 09:17:23.377, 0, 23974
2026/10/03 09:17:23.377, 1, 22734
2026/10/03 09:17:23.377, 2, 22742
2026/10/03 09:17:23.377, 3, 21842
2026/10/03 09:17:23.377, 4, 119237
2026/10/03 09:17:23.377, 5, 119133
2026/10/03 09:17:23.377, 6, 125543
2026/10/03 09:17:23.377, 7, 118945
2026/10/03 09:17:24.378, 0, 23974
2026/10/03 09:17:24.380, 1, 22734
2026/10/03 09:17:24.380, 2, 22742
2026/10/03 09:17:24.384, 3, 21802
2026/10/03 09:17:24.385, 4, 119257
2026/10/03 09:17:24.388, 5, 119133
2026/10/03 09:17:24.389, 6, 125543
2026/10/03 09:17:24.392, 7, 118945
2026/10/03 09:17:25.394, 0, 23974
2026/10/03 09:17:25.394, 1, 22734
2026/10/03 09:17:25.394, 2, 22742
2026/10/03 09:17:25.394, 3, 21802
2026/10/03 09:17:25.394, 4, 119237
2026/10/03 09:17:25.394, 5, 119133
2026/10/03 09:17:25.400, 6, 125543
2026/10/03 09:17:25.400, 7, 118945
2026/10/03 09:17:26.400, 0, 23974
2026/10/03 09:17:26.400, 1, 22734
2026/10/03 09:17:26.400, 2, 22742
2026/10/03 09:17:26.401, 3, 21802
2026/10/03 09:17:26.401, 4, 119237
2026/10/03 09:17:26.401, 5, 119133
2026/10/03 09:17:26.401, 6, 125543
2026/10/03 09:17:26.401, 7, 118945
2026/10/03 09:17:27.402, 0, 23974
2026/10/03 09:17:27.403, 1, 22734
2026/10/03 09:17:27.403, 2, 22742
2026/10/03 09:17:27.403, 3, 21802
2026/10/03 09:17:27.403, 4, 119237
2026/10/03 09:17:27.403, 5, 119133
2026/10/03 09:17:27.403, 6, 125543
2026/10/03 09:17:27.403, 7, 118945
2026/10/03 09:17:28.403, 0, 23974
2026/10/03 09:17:28.403, 1, 22734
2026/10/03 09:17:28.403, 2, 22742
2026/10/03 09:17:28.403, 3, 21802
2026/10/03 09:17:28.403, 4, 119237
2026/10/03 09:17:28.403, 5, 119133
2026/10/03 09:17:28.403, 6, 125543
2026/10/03 09:17:28.403, 7, 118945
2026/10/03 09:17:29.403, 0, 23974
2026/10/03 09:17:29.403, 1, 22734
2026/10/03 09:17:29.404, 2, 22742
2026/10/03 09:17:29.404, 3, 21802
2026/10/03 09:17:29.404, 4, 119237
2026/10/03 09:17:29.404, 5, 119133
2026/10/03 09:17:29.404, 6, 125543
2026/10/03 09:17:29.404, 7, 118945
2026/10/03 09:17:30.404, 0, 23974
2026/10/03 09:17:30.404, 1, 22734
2026/10/03 09:17:30.404, 2, 22742
2026/10/03 09:17:30.404, 3, 21802
2026/10/03 09:17:30.404, 4, 119237
2026/10/03 09:17:30.404, 5, 119133
2026/10/03 09:17:30.404, 6, 125543
2026/10/03 09:17:30.404, 7, 118945
2026/10/03 09:17:31.404, 0, 23974
2026/10/03 09:17:31.404, 1, 22734
2026/10/03 09:17:31.404, 2, 22742
2026/10/03 09:17:31.404, 3, 21802
2026/10/03 09:17:31.404, 4, 119237
2026/10/03 09:17:31.404, 5, 119133
2026/10/03 09:17:31.404, 6, 125543
2026/10/03 09:17:31.404, 7, 118945
2026/10/03 09:17:32.404, 0, 23974
2026/10/03 09:17:32.406, 1, 22734
2026/10/03 09:17:32.407, 2, 22742
2026/10/03 09:17:32.408, 3, 21802
2026/10/03 09:17:32.409, 4, 118623
2026/10/03 09:17:32.410, 5, 118519
2026/10/03 09:17:32.411, 6, 124929
2026/10/03 09:17:32.412, 7, 118331
2026/10/03 09:17:33.413, 0, 23974
2026/10/03 09:17:33.526, 1, 22734
2026/10/03 09:17:33.526, 2, 22742
2026/10/03 09:17:33.526, 3, 21802
2026/10/03 09:17:33.526, 4, 118623
2026/10/03 09:17:33.526, 5, 1194
2026/10/03 09:17:33.526, 6, 124929
2026/10/03 09:17:33.526, 7, 118331
2026/10/03 09:17:34.526, 0, 23974
2026/10/03 09:17:34.526, 1, 22734
2026/10/03 09:17:34.526, 2, 22742
2026/10/03 09:17:34.526, 3, 21802
2026/10/03 09:17:34.526, 4, 906
2026/10/03 09:17:34.526, 5, 618
2026/10/03 09:17:34.526, 6, 618
2026/10/03 09:17:34.526, 7, 666
2026/10/03 09:17:35.527, 0, 23974
2026/10/03 09:17:35.527, 1, 22734
2026/10/03 09:17:35.527, 2, 22742
2026/10/03 09:17:35.527, 3, 21802
2026/10/03 09:17:35.527, 4, 292
2026/10/03 09:17:35.527, 5, 618
2026/10/03 09:17:35.527, 6, 618
2026/10/03 09:17:35.527, 7, 666
2026/10/03 09:17:36.527, 0, 23766
2026/10/03 09:17:36.527, 1, 22522
2026/10/03 09:17:36.527, 2, 22538
2026/10/03 09:17:36.527, 3, 21598
2026/10/03 09:17:36.527, 4, 292
2026/10/03 09:17:36.527, 5, 4
2026/10/03 09:17:36.527, 6, 4
2026/10/03 09:17:36.527, 7, 52
2026/10/03 09:17:37.527, 0, 22982
2026/10/03 09:17:37.527, 1, 21466
2026/10/03 09:17:37.527, 2, 21194
2026/10/03 09:17:37.527, 3, 20542
2026/10/03 09:17:37.527, 4, 292
2026/10/03 09:17:37.527, 5, 4
2026/10/03 09:17:37.527, 6, 4
2026/10/03 09:17:37.527, 7, 52
2026/10/03 09:17:38.527, 0, 20902
2026/10/03 09:17:38.527, 1, 20090
2026/10/03 09:17:38.527, 2, 18794
2026/10/03 09:17:38.527, 3, 18382
2026/10/03 09:17:38.527, 4, 4
2026/10/03 09:17:38.527, 5, 4
2026/10/03 09:17:38.527, 6, 4
2026/10/03 09:17:38.527, 7, 4
2026/10/03 09:17:39.528, 0, 19094
2026/10/03 09:17:39.528, 1, 17946
2026/10/03 09:17:39.528, 2, 17674
2026/10/03 09:17:39.528, 3, 17742
2026/10/03 09:17:39.528, 4, 4
2026/10/03 09:17:39.528, 5, 4
2026/10/03 09:17:39.528, 6, 4
2026/10/03 09:17:39.528, 7, 4
2026/10/03 09:17:40.528, 0, 18310
2026/10/03 09:17:40.528, 1, 17658
2026/10/03 09:17:40.528, 2, 17674
2026/10/03 09:17:40.528, 3, 17694
2026/10/03 09:17:40.528, 4, 4
2026/10/03 09:17:40.528, 5, 4
2026/10/03 09:17:40.528, 6, 4
2026/10/03 09:17:40.528, 7, 4
2026/10/03 09:17:41.528, 0, 18310
2026/10/03 09:17:41.528, 1, 17658
2026/10/03 09:17:41.528, 2, 17674
2026/10/03 09:17:41.528, 3, 17694
2026/10/03 09:17:41.528, 4, 4
2026/10/03 09:17:41.528, 5, 4
2026/10/03 09:17:41.528, 6, 4
2026/10/03 09:17:41.528, 7, 4
2026/10/03 09:17:42.528, 0, 18310
2026/10/03 09:17:42.528, 1, 17658
2026/10/03 09:17:42.528, 2, 17674
2026/10/03 09:17:42.528, 3, 17694
2026/10/03 09:17:42.528, 4, 4
2026/10/03 09:17:42.529, 5, 4
2026/10/03 09:17:42.529, 6, 4
2026/10/03 09:17:42.529, 7, 4
2026/10/03 09:17:43.529, 0, 623
2026/10/03 09:17:43.529, 1, 4
2026/10/03 09:17:43.529, 2, 4
2026/10/03 09:17:43.529, 3, 4
2026/10/03 09:17:43.529, 4, 4
2026/10/03 09:17:43.529, 5, 4
2026/10/03 09:17:43.529, 6, 4
2026/10/03 09:17:43.529, 7, 4
2026/10/03 09:17:44.529, 0, 623
2026/10/03 09:17:44.529, 1, 4
2026/10/03 09:17:44.529, 2, 4
2026/10/03 09:17:44.529, 3, 4
2026/10/03 09:17:44.529, 4, 4
2026/10/03 09:17:44.529, 5, 4
2026/10/03 09:17:44.529, 6, 4
2026/10/03 09:17:44.529, 7, 4
2026/10/03 09:17:45.529, 0, 623
2026/10/03 09:17:45.530, 1, 4
2026/10/03 09:17:45.530, 2, 4
2026/10/03 09:17:45.530, 3, 4
2026/10/03 09:17:45.530, 4, 4
2026/10/03 09:17:45.530, 5, 4
2026/10/03 09:17:45.530, 6, 4
2026/10/03 09:17:45.530, 7, 4
2026/10/03 09:17:46.530, 0, 620
2026/10/03 09:17:46.578, 1, 0
2026/10/03 09:17:46.582, 2, 4
2026/10/03 09:17:46.582, 3, 4
2026/10/03 09:17:46.582, 4, 4
2026/10/03 09:17:46.584, 5, 4
2026/10/03 09:17:46.584, 6, 4
2026/10/03 09:17:46.584, 7, 4
