[96m[1;38;2;180;140;80m(AReaL)[0m [96m20261003-00:05:05.775 PlatformInit INFO: Detected CUDA device: NVIDIA L20X
[96m[1;38;2;180;140;80m(AReaL)[0m [96m20261003-00:05:05.775 PlatformInit INFO: Initializing CUDA platform (NVIDIA).
[1;38;2;180;140;80m(AReaL)[0m 20261003-00:05:05.778 FileSystemUtils WARNING: name_resolve.nfs_record_root '/tmp/areal/name_resolve' is not on a network filesystem. This may cause issues in distributed training where all nodes need access to the same files. Consider using NFS, Lustre, or other shared storage.
[37m[1;38;2;180;140;80m(AReaL)[0m [37m20261003-00:05:05.778 NameResolve INFO: Removing name resolve path: /tmp/areal/name_resolve/root/gsm8k-grpo-megatron-adamw-baseline3/trial0
[34m[1;38;2;180;140;80m(AReaL)[0m [34m20261003-00:05:05.781 LocalScheduler INFO: LocalScheduler initialized with GPU devices: [0, 1, 2, 3, 4, 5, 6, 7], log directory: /storage/openpsi/users/fenghui/projects/AReaL/research/muon/evidence/baseline-aligned-3epoch-20261003/adamw/results/logs/root/gsm8k-grpo-megatron-adamw-baseline3/trial0
/opt/.venv/lib/python3.12/site-packages/modelopt/torch/__init__.py:36: UserWarning: transformers version 5.3.0 is not tested with nvidia-modelopt and may cause issues. Please install recommended version with `pip install nvidia-modelopt[hf]` if working with HF models.
  _warnings.warn(
[96m[1;38;2;180;140;80m(AReaL)[0m [96m20261003-00:05:18.461 TreeAttentionFSDP INFO: Compiled torch flex attention. Options: {'epilogue_fusion': True, 'max_autotune': False, 'shape_padding': True, 'trace.enabled': False, 'triton.cudagraphs': False}, dynamic: True
[96m[1;38;2;180;140;80m(AReaL)[0m [96m20261003-00:05:18.467 TreeAttentionFSDP INFO: Using block mask in flex attention, block size: 128
[Gloo] Rank 0 is connected to 0 peer ranks. Expected number of connected peer ranks is : 0
[34m[1;38;2;180;140;80m(AReaL)[0m [34m20261003-00:05:18.714 LocalScheduler INFO: Creating 1 workers for role 'data-data' (strategy: SchedulingStrategyType.separation, colocate_with: None)
[37m[1;38;2;180;140;80m(AReaL)[0m [37m20261003-00:05:18.715 LauncherUtils INFO: Auto-setting thread env vars to 1: OMP_NUM_THREADS, MKL_NUM_THREADS, OPENBLAS_NUM_THREADS, VECLIB_MAXIMUM_THREADS, NUMEXPR_NUM_THREADS
[34m[1;38;2;180;140;80m(AReaL)[0m [34m20261003-00:05:18.715 LocalScheduler INFO: Starting worker data-data/0 (attempt 1/3): /storage/openpsi/users/fenghui/projects/AReaL-RSI/.rsi/research-lab/runs/research_58654ea421ca4619/agents/research_ce92f6a2a491b52e7fd5b227/muon-env/bin/python -m areal.infra.rpc.guard --port 11335 --experiment-name gsm8k-grpo-megatron-adamw-baseline3 --trial-name trial0 --role data-data --worker-index 0 --name-resolve-type nfs --nfs-record-root /tmp/areal/name_resolve --etcd3-addr localhost:2379 --fileroot /storage/openpsi/users/fenghui/projects/AReaL/research/muon/evidence/baseline-aligned-3epoch-20261003/adamw/results
[34m[1;38;2;180;140;80m(AReaL)[0m [34m20261003-00:05:18.822 LocalScheduler INFO: Worker data-data/0 started (PID: 54653, GPUs: [], ports: [11335, 16066])
[34m[1;38;2;180;140;80m(AReaL)[0m [34m20261003-00:05:18.822 LocalScheduler INFO: Successfully created 1 workers for role 'data-data'
[37m[1;38;2;180;140;80m(AReaL)[0m [37m20261003-00:05:26.504 Guard INFO: Starting Guard on 33.180.166.157:11335 for worker data-data/0
[34m[1;38;2;180;140;80m(AReaL)[0m [34m20261003-00:05:26.586 LocalScheduler INFO: Configuration successfully on worker 'data-data/0'
[34m[1;38;2;180;140;80m(AReaL)[0m [34m20261003-00:05:26.588 LocalScheduler INFO: All 1 workers for role 'data-data' are ready
[37m[1;38;2;180;140;80m(AReaL)[0m [37m20261003-00:05:26.588 DataController INFO: RPCGuard workers ready: ['data-data/0']
[37m[1;38;2;180;140;80m(AReaL)[0m [37m20261003-00:05:26.592 Guard INFO: Forking new worker process for role 'data-worker' index 0
[37m[1;38;2;180;140;80m(AReaL)[0m [37m20261003-00:05:26.592 Guard INFO: Forked worker logs will be written to: /storage/openpsi/users/fenghui/projects/AReaL/research/muon/evidence/baseline-aligned-3epoch-20261003/adamw/results/logs/root/gsm8k-grpo-megatron-adamw-baseline3/trial0/data-worker.log
[37m[1;38;2;180;140;80m(AReaL)[0m [37m20261003-00:05:26.593 Guard INFO: Forked worker for role 'data-worker' index 0 spawned (pid=54678)
[37m[1;38;2;180;140;80m(AReaL)[0m [37m20261003-00:05:26.594 Guard INFO: Forking new worker process for role 'data-router' index 0
[37m[1;38;2;180;140;80m(AReaL)[0m [37m20261003-00:05:26.594 Guard INFO: Forked worker logs will be written to: /storage/openpsi/users/fenghui/projects/AReaL/research/muon/evidence/baseline-aligned-3epoch-20261003/adamw/results/logs/root/gsm8k-grpo-megatron-adamw-baseline3/trial0/data-router.log
[37m[1;38;2;180;140;80m(AReaL)[0m [37m20261003-00:05:26.595 Guard INFO: Forked worker for role 'data-router' index 0 spawned (pid=54682)
[37m[1;38;2;180;140;80m(AReaL)[0m [37m20261003-00:05:34.745 DataRouter INFO: DataRouter starting
[37m[1;38;2;180;140;80m(AReaL)[0m [37m20261003-00:05:34.828 DataController INFO: data-router is ready at http://33.180.166.157:10822/health
[96m[1;38;2;180;140;80m(AReaL)[0m [96m20261003-00:05:35.424 PlatformInit INFO: No supported accelerator detected. Initializing CPU platform.
[37m[1;38;2;180;140;80m(AReaL)[0m [37m20261003-00:05:35.428 DataController INFO: data-worker is ready at http://33.180.166.157:17218/health
[37m[1;38;2;180;140;80m(AReaL)[0m [37m20261003-00:05:35.429 DataController INFO: DataWorkers: ['http://33.180.166.157:17218']
[37m[1;38;2;180;140;80m(AReaL)[0m [37m20261003-00:05:35.429 DataController INFO: Router: http://33.180.166.157:10822
[37m[1;38;2;180;140;80m(AReaL)[0m [37m20261003-00:05:35.431 DataRouter INFO: Worker registered: http://33.180.166.157:17218 (total=1)
[37m[1;38;2;180;140;80m(AReaL)[0m [37m20261003-00:05:35.432 DataController INFO: Registered DataWorker http://33.180.166.157:17218 in router
[37m[1;38;2;180;140;80m(AReaL)[0m [37m20261003-00:05:35.433 Guard INFO: Forking new worker process for role 'data-gateway' index 0
[37m[1;38;2;180;140;80m(AReaL)[0m [37m20261003-00:05:35.435 Guard INFO: Forked worker logs will be written to: /storage/openpsi/users/fenghui/projects/AReaL/research/muon/evidence/baseline-aligned-3epoch-20261003/adamw/results/logs/root/gsm8k-grpo-megatron-adamw-baseline3/trial0/data-gateway.log
[37m[1;38;2;180;140;80m(AReaL)[0m [37m20261003-00:05:35.436 Guard INFO: Forked worker for role 'data-gateway' index 0 spawned (pid=54723)
[37m[1;38;2;180;140;80m(AReaL)[0m [37m20261003-00:05:43.467 DataController INFO: data-gateway is ready at http://33.180.166.157:26917/health
[37m[1;38;2;180;140;80m(AReaL)[0m [37m20261003-00:05:43.468 DataController INFO: Gateway: http://33.180.166.157:26917
[37m[1;38;2;180;140;80m(AReaL)[0m [37m20261003-00:05:43.469 DataController INFO: DataController initialized with 1 workers
[37m[1;38;2;180;140;80m(AReaL)[0m [37m20261003-00:05:45.483 DataGatewayAuth INFO: Generated API key for dataset gsm8k-grpo-megatron-adamw-baseline3_trial0_train
[37m[1;38;2;180;140;80m(AReaL)[0m [37m20261003-00:05:45.485 DataController INFO: Registered dataset gsm8k-grpo-megatron-adamw-baseline3_trial0_train: total_samples=256, workers=1
[37m[1;38;2;180;140;80m(AReaL)[0m [37m20261003-00:05:45.485 RDataset INFO: RDataset connected: id=gsm8k-grpo-megatron-adamw-baseline3_trial0_train, total_samples=256
[37m[1;38;2;180;140;80m(AReaL)[0m [37m20261003-00:05:45.550 DataGatewayAuth INFO: Generated API key for dataset gsm8k-grpo-megatron-adamw-baseline3_trial0_valid
[37m[1;38;2;180;140;80m(AReaL)[0m [37m20261003-00:05:45.551 DataController INFO: Registered dataset gsm8k-grpo-megatron-adamw-baseline3_trial0_valid: total_samples=4, workers=1
[37m[1;38;2;180;140;80m(AReaL)[0m [37m20261003-00:05:45.551 RDataset INFO: RDataset connected: id=gsm8k-grpo-megatron-adamw-baseline3_trial0_valid, total_samples=4
[37m[1;38;2;180;140;80m(AReaL)[0m [37m20261003-00:05:45.552 TrainController INFO: Creating workers via scheduler...
[34m[1;38;2;180;140;80m(AReaL)[0m [34m20261003-00:05:45.552 LocalScheduler INFO: Creating 4 workers for role 'actor' (strategy: SchedulingStrategyType.separation, colocate_with: None)
[37m[1;38;2;180;140;80m(AReaL)[0m [37m20261003-00:05:45.553 LauncherUtils INFO: Auto-setting thread env vars to 8: OMP_NUM_THREADS, MKL_NUM_THREADS, OPENBLAS_NUM_THREADS, VECLIB_MAXIMUM_THREADS, NUMEXPR_NUM_THREADS
[34m[1;38;2;180;140;80m(AReaL)[0m [34m20261003-00:05:45.553 LocalScheduler INFO: Starting worker actor/0 (attempt 1/3): python3 -m areal.infra.rpc.rpc_server --port 18697 --experiment-name gsm8k-grpo-megatron-adamw-baseline3 --trial-name trial0 --role actor --worker-index 0 --name-resolve-type nfs --nfs-record-root /tmp/areal/name_resolve --etcd3-addr localhost:2379 --fileroot /storage/openpsi/users/fenghui/projects/AReaL/research/muon/evidence/baseline-aligned-3epoch-20261003/adamw/results
[34m[1;38;2;180;140;80m(AReaL)[0m [34m20261003-00:05:45.659 LocalScheduler INFO: Worker actor/0 started (PID: 54757, GPUs: [0], ports: [18697, 21622])
[37m[1;38;2;180;140;80m(AReaL)[0m [37m20261003-00:05:45.660 LauncherUtils INFO: Auto-setting thread env vars to 8: OMP_NUM_THREADS, MKL_NUM_THREADS, OPENBLAS_NUM_THREADS, VECLIB_MAXIMUM_THREADS, NUMEXPR_NUM_THREADS
[34m[1;38;2;180;140;80m(AReaL)[0m [34m20261003-00:05:45.660 LocalScheduler INFO: Starting worker actor/1 (attempt 1/3): python3 -m areal.infra.rpc.rpc_server --port 18861 --experiment-name gsm8k-grpo-megatron-adamw-baseline3 --trial-name trial0 --role actor --worker-index 1 --name-resolve-type nfs --nfs-record-root /tmp/areal/name_resolve --etcd3-addr localhost:2379 --fileroot /storage/openpsi/users/fenghui/projects/AReaL/research/muon/evidence/baseline-aligned-3epoch-20261003/adamw/results
[34m[1;38;2;180;140;80m(AReaL)[0m [34m20261003-00:05:45.765 LocalScheduler INFO: Worker actor/1 started (PID: 54763, GPUs: [1], ports: [18861, 25629])
[37m[1;38;2;180;140;80m(AReaL)[0m [37m20261003-00:05:45.766 LauncherUtils INFO: Auto-setting thread env vars to 8: OMP_NUM_THREADS, MKL_NUM_THREADS, OPENBLAS_NUM_THREADS, VECLIB_MAXIMUM_THREADS, NUMEXPR_NUM_THREADS
[34m[1;38;2;180;140;80m(AReaL)[0m [34m20261003-00:05:45.766 LocalScheduler INFO: Starting worker actor/2 (attempt 1/3): python3 -m areal.infra.rpc.rpc_server --port 11296 --experiment-name gsm8k-grpo-megatron-adamw-baseline3 --trial-name trial0 --role actor --worker-index 2 --name-resolve-type nfs --nfs-record-root /tmp/areal/name_resolve --etcd3-addr localhost:2379 --fileroot /storage/openpsi/users/fenghui/projects/AReaL/research/muon/evidence/baseline-aligned-3epoch-20261003/adamw/results
[34m[1;38;2;180;140;80m(AReaL)[0m [34m20261003-00:05:45.871 LocalScheduler INFO: Worker actor/2 started (PID: 54773, GPUs: [2], ports: [11296, 25556])
[37m[1;38;2;180;140;80m(AReaL)[0m [37m20261003-00:05:45.872 LauncherUtils INFO: Auto-setting thread env vars to 8: OMP_NUM_THREADS, MKL_NUM_THREADS, OPENBLAS_NUM_THREADS, VECLIB_MAXIMUM_THREADS, NUMEXPR_NUM_THREADS
[34m[1;38;2;180;140;80m(AReaL)[0m [34m20261003-00:05:45.873 LocalScheduler INFO: Starting worker actor/3 (attempt 1/3): python3 -m areal.infra.rpc.rpc_server --port 20031 --experiment-name gsm8k-grpo-megatron-adamw-baseline3 --trial-name trial0 --role actor --worker-index 3 --name-resolve-type nfs --nfs-record-root /tmp/areal/name_resolve --etcd3-addr localhost:2379 --fileroot /storage/openpsi/users/fenghui/projects/AReaL/research/muon/evidence/baseline-aligned-3epoch-20261003/adamw/results
[34m[1;38;2;180;140;80m(AReaL)[0m [34m20261003-00:05:45.978 LocalScheduler INFO: Worker actor/3 started (PID: 54781, GPUs: [3], ports: [20031, 25507])
[34m[1;38;2;180;140;80m(AReaL)[0m [34m20261003-00:05:45.979 LocalScheduler INFO: Successfully created 4 workers for role 'actor'
[37m[1;38;2;180;140;80m(AReaL)[0m [37m20261003-00:05:53.800 SyncRPCServer INFO: Werkzeug log level: WARNING
[37m[1;38;2;180;140;80m(AReaL)[0m [37m20261003-00:05:53.801 Guard INFO: Starting Guard on 33.180.166.157:18697 for worker actor/0
[37m[1;38;2;180;140;80m(AReaL)[0m [37m20261003-00:05:53.845 EngineBP INFO: Engine thread started
[37m[1;38;2;180;140;80m(AReaL)[0m [37m20261003-00:05:53.845 EngineBP INFO: Engine thread initialized
[37m[1;38;2;180;140;80m(AReaL)[0m [37m20261003-00:05:54.542 SyncRPCServer INFO: Werkzeug log level: WARNING
[37m[1;38;2;180;140;80m(AReaL)[0m [37m20261003-00:05:54.543 Guard INFO: Starting Guard on 33.180.166.157:18861 for worker actor/0
[37m[1;38;2;180;140;80m(AReaL)[0m [37m20261003-00:05:54.592 SyncRPCServer INFO: Werkzeug log level: WARNING
[37m[1;38;2;180;140;80m(AReaL)[0m [37m20261003-00:05:54.593 Guard INFO: Starting Guard on 33.180.166.157:11296 for worker actor/0
[37m[1;38;2;180;140;80m(AReaL)[0m [37m20261003-00:05:54.600 SyncRPCServer INFO: Werkzeug log level: WARNING
[37m[1;38;2;180;140;80m(AReaL)[0m [37m20261003-00:05:54.601 Guard INFO: Starting Guard on 33.180.166.157:20031 for worker actor/0
[96m[1;38;2;180;140;80m(AReaL)[0m [96m20261003-00:05:54.702 PlatformInit INFO: Detected CUDA device: NVIDIA L20X
[96m[1;38;2;180;140;80m(AReaL)[0m [96m20261003-00:05:54.703 PlatformInit INFO: Initializing CUDA platform (NVIDIA).
[34m[1;38;2;180;140;80m(AReaL)[0m [34m20261003-00:05:54.704 LocalScheduler INFO: Configuration successfully on worker 'actor/0'
[37m[1;38;2;180;140;80m(AReaL)[0m [37m20261003-00:05:54.711 EngineBP INFO: Engine thread started
[37m[1;38;2;180;140;80m(AReaL)[0m [37m20261003-00:05:54.712 EngineBP INFO: Engine thread initialized
[96m[1;38;2;180;140;80m(AReaL)[0m [96m20261003-00:05:55.550 PlatformInit INFO: Detected CUDA device: NVIDIA L20X
[96m[1;38;2;180;140;80m(AReaL)[0m [96m20261003-00:05:55.550 PlatformInit INFO: Initializing CUDA platform (NVIDIA).
[34m[1;38;2;180;140;80m(AReaL)[0m [34m20261003-00:05:55.552 LocalScheduler INFO: Configuration successfully on worker 'actor/1'
[37m[1;38;2;180;140;80m(AReaL)[0m [37m20261003-00:05:55.560 EngineBP INFO: Engine thread started
[37m[1;38;2;180;140;80m(AReaL)[0m [37m20261003-00:05:55.560 EngineBP INFO: Engine thread initialized
[96m[1;38;2;180;140;80m(AReaL)[0m [96m20261003-00:05:56.412 PlatformInit INFO: Detected CUDA device: NVIDIA L20X
[96m[1;38;2;180;140;80m(AReaL)[0m [96m20261003-00:05:56.412 PlatformInit INFO: Initializing CUDA platform (NVIDIA).
[34m[1;38;2;180;140;80m(AReaL)[0m [34m20261003-00:05:56.414 LocalScheduler INFO: Configuration successfully on worker 'actor/2'
[37m[1;38;2;180;140;80m(AReaL)[0m [37m20261003-00:05:56.421 EngineBP INFO: Engine thread started
[37m[1;38;2;180;140;80m(AReaL)[0m [37m20261003-00:05:56.421 EngineBP INFO: Engine thread initialized
[96m[1;38;2;180;140;80m(AReaL)[0m [96m20261003-00:05:57.271 PlatformInit INFO: Detected CUDA device: NVIDIA L20X
[96m[1;38;2;180;140;80m(AReaL)[0m [96m20261003-00:05:57.272 PlatformInit INFO: Initializing CUDA platform (NVIDIA).
[34m[1;38;2;180;140;80m(AReaL)[0m [34m20261003-00:05:57.273 LocalScheduler INFO: Configuration successfully on worker 'actor/3'
[37m[1;38;2;180;140;80m(AReaL)[0m [37m20261003-00:05:57.273 TrainController INFO: Workers created: ['actor/0', 'actor/1', 'actor/2', 'actor/3']
[37m[1;38;2;180;140;80m(AReaL)[0m [37m20261003-00:05:57.273 TrainController INFO: Waiting for workers to be ready...
[34m[1;38;2;180;140;80m(AReaL)[0m [34m20261003-00:05:57.280 LocalScheduler INFO: All 4 workers for role 'actor' are ready
[37m[1;38;2;180;140;80m(AReaL)[0m [37m20261003-00:05:57.280 TrainController INFO: Workers ready: ['actor/0', 'actor/1', 'actor/2', 'actor/3']
[37m[1;38;2;180;140;80m(AReaL)[0m [37m20261003-00:05:57.280 TrainController INFO: Distributed training: MASTER_ADDR=33.180.166.157, MASTER_PORT=21622
[37m[1;38;2;180;140;80m(AReaL)[0m [37m20261003-00:05:57.281 TrainController INFO: Creating engines on workers...
[37m[1;38;2;180;140;80m(AReaL)[0m [37m20261003-00:05:57.282 Guard INFO: Updated 5 environment variables
[37m[1;38;2;180;140;80m(AReaL)[0m [37m20261003-00:05:57.283 Guard INFO: Updated 5 environment variables
[37m[1;38;2;180;140;80m(AReaL)[0m [37m20261003-00:05:57.283 Guard INFO: Updated 5 environment variables
[37m[1;38;2;180;140;80m(AReaL)[0m [37m20261003-00:05:57.283 Guard INFO: Updated 5 environment variables
/opt/.venv/lib/python3.12/site-packages/modelopt/torch/__init__.py:36: UserWarning: transformers version 5.3.0 is not tested with nvidia-modelopt and may cause issues. Please install recommended version with `pip install nvidia-modelopt[hf]` if working with HF models.
  _warnings.warn(
/opt/.venv/lib/python3.12/site-packages/modelopt/torch/__init__.py:36: UserWarning: transformers version 5.3.0 is not tested with nvidia-modelopt and may cause issues. Please install recommended version with `pip install nvidia-modelopt[hf]` if working with HF models.
  _warnings.warn(
/opt/.venv/lib/python3.12/site-packages/modelopt/torch/__init__.py:36: UserWarning: transformers version 5.3.0 is not tested with nvidia-modelopt and may cause issues. Please install recommended version with `pip install nvidia-modelopt[hf]` if working with HF models.
  _warnings.warn(
/opt/.venv/lib/python3.12/site-packages/modelopt/torch/__init__.py:36: UserWarning: transformers version 5.3.0 is not tested with nvidia-modelopt and may cause issues. Please install recommended version with `pip install nvidia-modelopt[hf]` if working with HF models.
  _warnings.warn(
[96m[1;38;2;180;140;80m(AReaL)[0m [96m20261003-00:06:07.771 TreeAttentionFSDP INFO: Compiled torch flex attention. Options: {'epilogue_fusion': True, 'max_autotune': False, 'shape_padding': True, 'trace.enabled': False, 'triton.cudagraphs': False}, dynamic: True
[96m[1;38;2;180;140;80m(AReaL)[0m [96m20261003-00:06:07.771 TreeAttentionFSDP INFO: Compiled torch flex attention. Options: {'epilogue_fusion': True, 'max_autotune': False, 'shape_padding': True, 'trace.enabled': False, 'triton.cudagraphs': False}, dynamic: True
[96m[1;38;2;180;140;80m(AReaL)[0m [96m20261003-00:06:07.773 TreeAttentionFSDP INFO: Using block mask in flex attention, block size: 128
[96m[1;38;2;180;140;80m(AReaL)[0m [96m20261003-00:06:07.774 TreeAttentionFSDP INFO: Using block mask in flex attention, block size: 128
[96m[1;38;2;180;140;80m(AReaL)[0m [96m20261003-00:06:07.816 TreeAttentionFSDP INFO: Compiled torch flex attention. Options: {'epilogue_fusion': True, 'max_autotune': False, 'shape_padding': True, 'trace.enabled': False, 'triton.cudagraphs': False}, dynamic: True
[96m[1;38;2;180;140;80m(AReaL)[0m [96m20261003-00:06:07.816 TreeAttentionFSDP INFO: Compiled torch flex attention. Options: {'epilogue_fusion': True, 'max_autotune': False, 'shape_padding': True, 'trace.enabled': False, 'triton.cudagraphs': False}, dynamic: True
[96m[1;38;2;180;140;80m(AReaL)[0m [96m20261003-00:06:07.819 TreeAttentionFSDP INFO: Using block mask in flex attention, block size: 128
[96m[1;38;2;180;140;80m(AReaL)[0m [96m20261003-00:06:07.819 TreeAttentionFSDP INFO: Using block mask in flex attention, block size: 128
[36m[1;38;2;180;140;80m(AReaL)[0m [36m20261003-00:06:09.202 PPOActor INFO: ======================================================================
[36m[1;38;2;180;140;80m(AReaL)[0m [36m20261003-00:06:09.202 PPOActor INFO: PPOActor Configuration
[36m[1;38;2;180;140;80m(AReaL)[0m [36m20261003-00:06:09.202 PPOActor INFO: ======================================================================
[36m[1;38;2;180;140;80m(AReaL)[0m [36m20261003-00:06:09.202 PPOActor INFO: ======================================================================
[36m[1;38;2;180;140;80m(AReaL)[0m [36m20261003-00:06:09.202 PPOActor INFO: Mode: Decoupled PPO (off-policy)
[36m[1;38;2;180;140;80m(AReaL)[0m [36m20261003-00:06:09.202 PPOActor INFO:   log_p_behave (π_behave): FROM INFERENCE (behavior policy)
[36m[1;38;2;180;140;80m(AReaL)[0m [36m20261003-00:06:09.202 PPOActor INFO: PPOActor Configuration
[36m[1;38;2;180;140;80m(AReaL)[0m [36m20261003-00:06:09.202 PPOActor INFO:   Proximal policy (π_prox): RECOMPUTED via forward pass (standard decoupled PPO)
[36m[1;38;2;180;140;80m(AReaL)[0m [36m20261003-00:06:09.202 PPOActor INFO: ======================================================================
[36m[1;38;2;180;140;80m(AReaL)[0m [36m20261003-00:06:09.202 PPOActor INFO: ======================================================================
[36m[1;38;2;180;140;80m(AReaL)[0m [36m20261003-00:06:09.202 PPOActor INFO:   log_p_theta (π_θ): TRAINING FORWARD PASS (current policy)
[36m[1;38;2;180;140;80m(AReaL)[0m [36m20261003-00:06:09.202 PPOActor INFO: Mode: Decoupled PPO (off-policy)
[36m[1;38;2;180;140;80m(AReaL)[0m [36m20261003-00:06:09.202 PPOActor INFO: PPOActor Configuration
[36m[1;38;2;180;140;80m(AReaL)[0m [36m20261003-00:06:09.202 PPOActor INFO:   Rejection sampling: level=token, metric=ratio, action=mask, upper=5.0
[36m[1;38;2;180;140;80m(AReaL)[0m [36m20261003-00:06:09.202 PPOActor INFO:   log_p_behave (π_behave): FROM INFERENCE (behavior policy)
[36m[1;38;2;180;140;80m(AReaL)[0m [36m20261003-00:06:09.202 PPOActor INFO: ======================================================================
[36m[1;38;2;180;140;80m(AReaL)[0m [36m20261003-00:06:09.203 PPOActor INFO: ======================================================================
[36m[1;38;2;180;140;80m(AReaL)[0m [36m20261003-00:06:09.203 PPOActor INFO:   Proximal policy (π_prox): RECOMPUTED via forward pass (standard decoupled PPO)
[36m[1;38;2;180;140;80m(AReaL)[0m [36m20261003-00:06:09.203 PPOActor INFO: Mode: Decoupled PPO (off-policy)
[36m[1;38;2;180;140;80m(AReaL)[0m [36m20261003-00:06:09.203 PPOActor INFO: Training Parameters:
[36m[1;38;2;180;140;80m(AReaL)[0m [36m20261003-00:06:09.203 PPOActor INFO:   log_p_theta (π_θ): TRAINING FORWARD PASS (current policy)
[36m[1;38;2;180;140;80m(AReaL)[0m [36m20261003-00:06:09.203 PPOActor INFO:   log_p_behave (π_behave): FROM INFERENCE (behavior policy)
[36m[1;38;2;180;140;80m(AReaL)[0m [36m20261003-00:06:09.203 PPOActor INFO:   importance_sampling_level: token
[36m[1;38;2;180;140;80m(AReaL)[0m [36m20261003-00:06:09.203 PPOActor INFO:   Rejection sampling: level=token, metric=ratio, action=mask, upper=5.0
[36m[1;38;2;180;140;80m(AReaL)[0m [36m20261003-00:06:09.203 PPOActor INFO:   Proximal policy (π_prox): RECOMPUTED via forward pass (standard decoupled PPO)
[36m[1;38;2;180;140;80m(AReaL)[0m [36m20261003-00:06:09.203 PPOActor INFO:   adv_norm: NormConfig(mean_level='batch', mean_leave1out=False, std_level='batch', std_unbiased=True, eps=1e-05, group_size=1)
[36m[1;38;2;180;140;80m(AReaL)[0m [36m20261003-00:06:09.203 PPOActor INFO: ======================================================================
[36m[1;38;2;180;140;80m(AReaL)[0m [36m20261003-00:06:09.203 PPOActor INFO:   log_p_theta (π_θ): TRAINING FORWARD PASS (current policy)
[36m[1;38;2;180;140;80m(AReaL)[0m [36m20261003-00:06:09.203 PPOActor INFO: Training Parameters:
[36m[1;38;2;180;140;80m(AReaL)[0m [36m20261003-00:06:09.203 PPOActor INFO:   reward_norm: NormConfig(mean_level='group', mean_leave1out=False, std_level='group', std_unbiased=True, eps=1e-05, group_size=4)
[36m[1;38;2;180;140;80m(AReaL)[0m [36m20261003-00:06:09.203 PPOActor INFO:   Rejection sampling: level=token, metric=ratio, action=mask, upper=5.0
[36m[1;38;2;180;140;80m(AReaL)[0m [36m20261003-00:06:09.203 PPOActor INFO:   importance_sampling_level: token
[36m[1;38;2;180;140;80m(AReaL)[0m [36m20261003-00:06:09.203 PPOActor INFO:   gae_lambda: 1.0
[36m[1;38;2;180;140;80m(AReaL)[0m [36m20261003-00:06:09.203 PPOActor INFO: ======================================================================
[36m[1;38;2;180;140;80m(AReaL)[0m [36m20261003-00:06:09.203 PPOActor INFO:   adv_norm: NormConfig(mean_level='batch', mean_leave1out=False, std_level='batch', std_unbiased=True, eps=1e-05, group_size=1)
[36m[1;38;2;180;140;80m(AReaL)[0m [36m20261003-00:06:09.203 PPOActor INFO:   gae_timestep_unit: token
[36m[1;38;2;180;140;80m(AReaL)[0m [36m20261003-00:06:09.203 PPOActor INFO: Training Parameters:
[36m[1;38;2;180;140;80m(AReaL)[0m [36m20261003-00:06:09.203 PPOActor INFO:   reward_norm: NormConfig(mean_level='group', mean_leave1out=False, std_level='group', std_unbiased=True, eps=1e-05, group_size=4)
[36m[1;38;2;180;140;80m(AReaL)[0m [36m20261003-00:06:09.203 PPOActor INFO:   eps_clip: 0.4
[36m[1;38;2;180;140;80m(AReaL)[0m [36m20261003-00:06:09.203 PPOActor INFO:   importance_sampling_level: token
[36m[1;38;2;180;140;80m(AReaL)[0m [36m20261003-00:06:09.203 PPOActor INFO:   gae_lambda: 1.0
[36m[1;38;2;180;140;80m(AReaL)[0m [36m20261003-00:06:09.203 PPOActor INFO: ======================================================================
[36m[1;38;2;180;140;80m(AReaL)[0m [36m20261003-00:06:09.203 PPOActor INFO:   adv_norm: NormConfig(mean_level='batch', mean_leave1out=False, std_level='batch', std_unbiased=True, eps=1e-05, group_size=1)
[36m[1;38;2;180;140;80m(AReaL)[0m [36m20261003-00:06:09.203 PPOActor INFO:   gae_timestep_unit: token
[37m[1;38;2;180;140;80m(AReaL)[0m [37m20261003-00:06:09.203 EngineBP INFO: Engine 'actor/0' (class: areal.engine.megatron_engine.MegatronPPOActor) instantiated successfully
[36m[1;38;2;180;140;80m(AReaL)[0m [36m20261003-00:06:09.203 PPOActor INFO:   reward_norm: NormConfig(mean_level='group', mean_leave1out=False, std_level='group', std_unbiased=True, eps=1e-05, group_size=4)
[36m[1;38;2;180;140;80m(AReaL)[0m [36m20261003-00:06:09.203 PPOActor INFO:   eps_clip: 0.4
[36m[1;38;2;180;140;80m(AReaL)[0m [36m20261003-00:06:09.203 PPOActor INFO:   gae_lambda: 1.0
[36m[1;38;2;180;140;80m(AReaL)[0m [36m20261003-00:06:09.203 PPOActor INFO: ======================================================================
[36m[1;38;2;180;140;80m(AReaL)[0m [36m20261003-00:06:09.204 PPOActor INFO:   gae_timestep_unit: token
[37m[1;38;2;180;140;80m(AReaL)[0m [37m20261003-00:06:09.204 EngineBP INFO: Engine 'actor/1' (class: areal.engine.megatron_engine.MegatronPPOActor) instantiated successfully
[36m[1;38;2;180;140;80m(AReaL)[0m [36m20261003-00:06:09.204 PPOActor INFO:   eps_clip: 0.4
[36m[1;38;2;180;140;80m(AReaL)[0m [36m20261003-00:06:09.204 PPOActor INFO: ======================================================================
[37m[1;38;2;180;140;80m(AReaL)[0m [37m20261003-00:06:09.204 EngineBP INFO: Engine 'actor/3' (class: areal.engine.megatron_engine.MegatronPPOActor) instantiated successfully
[36m[1;38;2;180;140;80m(AReaL)[0m [36m20261003-00:06:09.222 PPOActor INFO: ======================================================================
[36m[1;38;2;180;140;80m(AReaL)[0m [36m20261003-00:06:09.222 PPOActor INFO: PPOActor Configuration
[36m[1;38;2;180;140;80m(AReaL)[0m [36m20261003-00:06:09.223 PPOActor INFO: ======================================================================
[36m[1;38;2;180;140;80m(AReaL)[0m [36m20261003-00:06:09.223 PPOActor INFO: Mode: Decoupled PPO (off-policy)
[36m[1;38;2;180;140;80m(AReaL)[0m [36m20261003-00:06:09.223 PPOActor INFO:   log_p_behave (π_behave): FROM INFERENCE (behavior policy)
[36m[1;38;2;180;140;80m(AReaL)[0m [36m20261003-00:06:09.223 PPOActor INFO:   Proximal policy (π_prox): RECOMPUTED via forward pass (standard decoupled PPO)
[36m[1;38;2;180;140;80m(AReaL)[0m [36m20261003-00:06:09.223 PPOActor INFO:   log_p_theta (π_θ): TRAINING FORWARD PASS (current policy)
[36m[1;38;2;180;140;80m(AReaL)[0m [36m20261003-00:06:09.223 PPOActor INFO:   Rejection sampling: level=token, metric=ratio, action=mask, upper=5.0
[36m[1;38;2;180;140;80m(AReaL)[0m [36m20261003-00:06:09.223 PPOActor INFO: ======================================================================
[36m[1;38;2;180;140;80m(AReaL)[0m [36m20261003-00:06:09.223 PPOActor INFO: Training Parameters:
[36m[1;38;2;180;140;80m(AReaL)[0m [36m20261003-00:06:09.223 PPOActor INFO:   importance_sampling_level: token
[36m[1;38;2;180;140;80m(AReaL)[0m [36m20261003-00:06:09.223 PPOActor INFO:   adv_norm: NormConfig(mean_level='batch', mean_leave1out=False, std_level='batch', std_unbiased=True, eps=1e-05, group_size=1)
[36m[1;38;2;180;140;80m(AReaL)[0m [36m20261003-00:06:09.223 PPOActor INFO:   reward_norm: NormConfig(mean_level='group', mean_leave1out=False, std_level='group', std_unbiased=True, eps=1e-05, group_size=4)
[36m[1;38;2;180;140;80m(AReaL)[0m [36m20261003-00:06:09.224 PPOActor INFO:   gae_lambda: 1.0
[36m[1;38;2;180;140;80m(AReaL)[0m [36m20261003-00:06:09.224 PPOActor INFO:   gae_timestep_unit: token
[36m[1;38;2;180;140;80m(AReaL)[0m [36m20261003-00:06:09.224 PPOActor INFO:   eps_clip: 0.4
[36m[1;38;2;180;140;80m(AReaL)[0m [36m20261003-00:06:09.224 PPOActor INFO: ======================================================================
[37m[1;38;2;180;140;80m(AReaL)[0m [37m20261003-00:06:09.224 EngineBP INFO: Engine 'actor/2' (class: areal.engine.megatron_engine.MegatronPPOActor) instantiated successfully
[37m[1;38;2;180;140;80m(AReaL)[0m [37m20261003-00:06:09.225 TrainController INFO: Engines created on all workers!
[37m[1;38;2;180;140;80m(AReaL)[0m [37m20261003-00:06:09.226 TrainController INFO: Calling engine initialization...
[Gloo] Rank 0 is connected to 3 peer ranks. Expected number of connected peer ranks is : 3
[Gloo] Rank 1 is connected to 3 peer ranks. Expected number of connected peer ranks is : 3
[Gloo] Rank 2 is connected to 3 peer ranks. Expected number of connected peer ranks is : 3
[Gloo] Rank 3 is connected to 3 peer ranks. Expected number of connected peer ranks is : 3
[Gloo] Rank 0 is connected to 3 peer ranks. Expected number of connected peer ranks is : 3
[Gloo] Rank 1 is connected to 3 peer ranks. Expected number of connected peer ranks is : 3
[Gloo] Rank 3 is connected to 3 peer ranks. Expected number of connected peer ranks is : 3
[Gloo] Rank 2 is connected to 3 peer ranks. Expected number of connected peer ranks is : 3
[Gloo] Rank 0 is connected to 3 peer ranks. Expected number of connected peer ranks is : 3
[Gloo] Rank 2 is connected to 3 peer ranks. Expected number of connected peer ranks is : 3
[Gloo] Rank 1 is connected to 3 peer ranks. Expected number of connected peer ranks is : 3
[Gloo] Rank 3 is connected to 3 peer ranks. Expected number of connected peer ranks is : 3
[Gloo] Rank 0 is connected to 0 peer ranks. Expected number of connected peer ranks is : 0
[Gloo] Rank 0 is connected to 0 peer ranks. Expected number of connected peer ranks is : 0
[Gloo] Rank 0 is connected to 0 peer ranks. Expected number of connected peer ranks is : 0
[Gloo] Rank 0 is connected to 0 peer ranks. Expected number of connected peer ranks is : 0
[Gloo] Rank 0 is connected to 3 peer ranks. Expected number of connected peer ranks is : 3
[Gloo] Rank 2 is connected to 3 peer ranks. Expected number of connected peer ranks is : 3
[Gloo] Rank 1 is connected to 3 peer ranks. Expected number of connected peer ranks is : 3
[Gloo] Rank 3 is connected to 3 peer ranks. Expected number of connected peer ranks is : 3
[96m[1;38;2;180;140;80m(AReaL)[0m [96m20261003-00:06:12.266 CUDAPlatform INFO: Set NUMA affinity for CUDA device 0 (GPU-5925d357-a578-9e58-4bb4-67adb54e4cda): bound to 96 CPU cores.
[96m[1;38;2;180;140;80m(AReaL)[0m [96m20261003-00:06:12.295 CUDAPlatform INFO: Set NUMA affinity for CUDA device 0 (GPU-142f3136-e75e-eece-fc73-6be42ac414ac): bound to 96 CPU cores.
[96m[1;38;2;180;140;80m(AReaL)[0m [96m20261003-00:06:12.307 CUDAPlatform INFO: Set NUMA affinity for CUDA device 0 (GPU-ab998871-5159-5620-c933-3c78ff6b53e9): bound to 96 CPU cores.
[96m[1;38;2;180;140;80m(AReaL)[0m [96m20261003-00:06:12.314 CUDAPlatform INFO: Set NUMA affinity for CUDA device 0 (GPU-4b3cec1a-f5a1-bbd5-a36e-ddb0d23c89ac): bound to 96 CPU cores.
The argument `trust_remote_code` is to be used with Auto classes. It has no effect here and is ignored.
You are using a model of type `qwen2` to instantiate a model of type ``. This may be expected if you are loading a checkpoint that shares a subset of the architecture (e.g., loading a `sam2_video` checkpoint into `Sam2Model`), but is otherwise not supported and can yield errors. Please verify that the checkpoint is compatible with the model you are instantiating.
/storage/openpsi/users/fenghui/projects/AReaL-RSI/.rsi/research-lab/runs/research_58654ea421ca4619/agents/research_ce92f6a2a491b52e7fd5b227/muon-env/lib/python3.12/site-packages/megatron/core/transformer/transformer_config.py:2415: UserWarning: full scope is deprecated. Use empty cuda_graph_modules to capture the whole layer.
  warnings.warn(
[96m[1;38;2;180;140;80m(AReaL)[0m [96m20261003-00:06:12.771 [MegatronEngine Rank 3] INFO: Using mbridge to create models and hf model save/load in MegatronEngine.
The argument `trust_remote_code` is to be used with Auto classes. It has no effect here and is ignored.
You are using a model of type `qwen2` to instantiate a model of type ``. This may be expected if you are loading a checkpoint that shares a subset of the architecture (e.g., loading a `sam2_video` checkpoint into `Sam2Model`), but is otherwise not supported and can yield errors. Please verify that the checkpoint is compatible with the model you are instantiating.
/storage/openpsi/users/fenghui/projects/AReaL-RSI/.rsi/research-lab/runs/research_58654ea421ca4619/agents/research_ce92f6a2a491b52e7fd5b227/muon-env/lib/python3.12/site-packages/megatron/core/transformer/transformer_config.py:2415: UserWarning: full scope is deprecated. Use empty cuda_graph_modules to capture the whole layer.
  warnings.warn(
[96m[1;38;2;180;140;80m(AReaL)[0m [96m20261003-00:06:12.804 [MegatronEngine Rank 0] INFO: Using mbridge to create models and hf model save/load in MegatronEngine.
GPTModel IS DEPRECATED. GPTModel is only accepting critical bug fixes, no new features. Please reference the migration guide `docs/user-guide/hybrid-model-migration.md` for details on how to use `HybridModel`
The argument `trust_remote_code` is to be used with Auto classes. It has no effect here and is ignored.
You are using a model of type `qwen2` to instantiate a model of type ``. This may be expected if you are loading a checkpoint that shares a subset of the architecture (e.g., loading a `sam2_video` checkpoint into `Sam2Model`), but is otherwise not supported and can yield errors. Please verify that the checkpoint is compatible with the model you are instantiating.
/storage/openpsi/users/fenghui/projects/AReaL-RSI/.rsi/research-lab/runs/research_58654ea421ca4619/agents/research_ce92f6a2a491b52e7fd5b227/muon-env/lib/python3.12/site-packages/megatron/core/transformer/transformer_config.py:2415: UserWarning: full scope is deprecated. Use empty cuda_graph_modules to capture the whole layer.
  warnings.warn(
[96m[1;38;2;180;140;80m(AReaL)[0m [96m20261003-00:06:12.824 [MegatronEngine Rank 1] INFO: Using mbridge to create models and hf model save/load in MegatronEngine.
The argument `trust_remote_code` is to be used with Auto classes. It has no effect here and is ignored.
You are using a model of type `qwen2` to instantiate a model of type ``. This may be expected if you are loading a checkpoint that shares a subset of the architecture (e.g., loading a `sam2_video` checkpoint into `Sam2Model`), but is otherwise not supported and can yield errors. Please verify that the checkpoint is compatible with the model you are instantiating.
/storage/openpsi/users/fenghui/projects/AReaL-RSI/.rsi/research-lab/runs/research_58654ea421ca4619/agents/research_ce92f6a2a491b52e7fd5b227/muon-env/lib/python3.12/site-packages/megatron/core/transformer/transformer_config.py:2415: UserWarning: full scope is deprecated. Use empty cuda_graph_modules to capture the whole layer.
  warnings.warn(
[96m[1;38;2;180;140;80m(AReaL)[0m [96m20261003-00:06:12.851 [MegatronEngine Rank 2] INFO: Using mbridge to create models and hf model save/load in MegatronEngine.
 > number of parameters on (tensor, pipeline) model parallel rank (0, 0): 1543714304
DistributedDataParallel: full_param_layout not provided with use_distributed_optimizer=True. Auto-computing layout inside DDP. Callers should pre-compute layouts via DistributedOptimizer.compute_full_param_layout() and pass them in.
[96m[1;38;2;180;140;80m(AReaL)[0m [96m20261003-00:06:13.725 [MegatronEngine Rank 1] INFO: Model parameter count: 1543.71M, pp_stage=0, vpp_chunks=1
[96m[1;38;2;180;140;80m(AReaL)[0m [96m20261003-00:06:13.734 [MegatronEngine Rank 0] INFO: Model parameter count: 1543.71M, pp_stage=0, vpp_chunks=1
/storage/openpsi/users/fenghui/projects/AReaL-RSI/.rsi/research-lab/runs/research_58654ea421ca4619/agents/research_ce92f6a2a491b52e7fd5b227/muon-env/lib/python3.12/site-packages/megatron/core/models/mimo/config/base_configs.py:12: UserWarning: MimoModelConfig is experimental and still under active development. The API may change without notice in future releases.
  class MimoModelConfig:
/storage/openpsi/users/fenghui/projects/AReaL-RSI/.rsi/research-lab/runs/research_58654ea421ca4619/agents/research_ce92f6a2a491b52e7fd5b227/muon-env/lib/python3.12/site-packages/megatron/core/models/mimo/config/base_configs.py:12: UserWarning: MimoModelConfig is experimental and still under active development. The API may change without notice in future releases.
  class MimoModelConfig:
[96m[1;38;2;180;140;80m(AReaL)[0m [96m20261003-00:06:13.826 [MegatronEngine Rank 3] INFO: Model parameter count: 1543.71M, pp_stage=0, vpp_chunks=1
[96m[1;38;2;180;140;80m(AReaL)[0m [96m20261003-00:06:13.833 [MegatronEngine Rank 2] INFO: Model parameter count: 1543.71M, pp_stage=0, vpp_chunks=1
/storage/openpsi/users/fenghui/projects/AReaL-RSI/.rsi/research-lab/runs/research_58654ea421ca4619/agents/research_ce92f6a2a491b52e7fd5b227/muon-env/lib/python3.12/site-packages/megatron/core/models/mimo/config/base_configs.py:12: UserWarning: MimoModelConfig is experimental and still under active development. The API may change without notice in future releases.
  class MimoModelConfig:
/storage/openpsi/users/fenghui/projects/AReaL-RSI/.rsi/research-lab/runs/research_58654ea421ca4619/agents/research_ce92f6a2a491b52e7fd5b227/muon-env/lib/python3.12/site-packages/megatron/core/models/mimo/config/base_configs.py:12: UserWarning: MimoModelConfig is experimental and still under active development. The API may change without notice in future releases.
  class MimoModelConfig:
[37m[1;38;2;180;140;80m(AReaL)[0m [37m20261003-00:06:14.067 TrainController INFO: All engines are initialized!
[37m[1;38;2;180;140;80m(AReaL)[0m [37m20261003-00:06:14.067 TrainController INFO: Identifying DP head workers...
[37m[1;38;2;180;140;80m(AReaL)[0m [37m20261003-00:06:14.073 TrainController INFO: TrainController initialization complete
[37m[1;38;2;180;140;80m(AReaL)[0m [37m20261003-00:06:14.090 RolloutController INFO: Creating workers via scheduler...
[34m[1;38;2;180;140;80m(AReaL)[0m [34m20261003-00:06:14.090 LocalScheduler INFO: Creating 4 workers for role 'rollout' (strategy: SchedulingStrategyType.separation, colocate_with: None)
[37m[1;38;2;180;140;80m(AReaL)[0m [37m20261003-00:06:14.091 LauncherUtils INFO: Auto-setting thread env vars to 8: OMP_NUM_THREADS, MKL_NUM_THREADS, OPENBLAS_NUM_THREADS, VECLIB_MAXIMUM_THREADS, NUMEXPR_NUM_THREADS
[34m[1;38;2;180;140;80m(AReaL)[0m [34m20261003-00:06:14.091 LocalScheduler INFO: Starting worker rollout/0 (attempt 1/3): python3 -m areal.infra.rpc.rpc_server --port 26060 --experiment-name gsm8k-grpo-megatron-adamw-baseline3 --trial-name trial0 --role rollout --worker-index 0 --name-resolve-type nfs --nfs-record-root /tmp/areal/name_resolve --etcd3-addr localhost:2379 --fileroot /storage/openpsi/users/fenghui/projects/AReaL/research/muon/evidence/baseline-aligned-3epoch-20261003/adamw/results
[34m[1;38;2;180;140;80m(AReaL)[0m [34m20261003-00:06:14.198 LocalScheduler INFO: Worker rollout/0 started (PID: 55403, GPUs: [4], ports: [26060, 31854])
[37m[1;38;2;180;140;80m(AReaL)[0m [37m20261003-00:06:14.199 LauncherUtils INFO: Auto-setting thread env vars to 8: OMP_NUM_THREADS, MKL_NUM_THREADS, OPENBLAS_NUM_THREADS, VECLIB_MAXIMUM_THREADS, NUMEXPR_NUM_THREADS
[34m[1;38;2;180;140;80m(AReaL)[0m [34m20261003-00:06:14.200 LocalScheduler INFO: Starting worker rollout/1 (attempt 1/3): python3 -m areal.infra.rpc.rpc_server --port 14235 --experiment-name gsm8k-grpo-megatron-adamw-baseline3 --trial-name trial0 --role rollout --worker-index 1 --name-resolve-type nfs --nfs-record-root /tmp/areal/name_resolve --etcd3-addr localhost:2379 --fileroot /storage/openpsi/users/fenghui/projects/AReaL/research/muon/evidence/baseline-aligned-3epoch-20261003/adamw/results
[34m[1;38;2;180;140;80m(AReaL)[0m [34m20261003-00:06:14.306 LocalScheduler INFO: Worker rollout/1 started (PID: 55409, GPUs: [5], ports: [14235, 17540])
[37m[1;38;2;180;140;80m(AReaL)[0m [37m20261003-00:06:14.307 LauncherUtils INFO: Auto-setting thread env vars to 8: OMP_NUM_THREADS, MKL_NUM_THREADS, OPENBLAS_NUM_THREADS, VECLIB_MAXIMUM_THREADS, NUMEXPR_NUM_THREADS
[34m[1;38;2;180;140;80m(AReaL)[0m [34m20261003-00:06:14.307 LocalScheduler INFO: Starting worker rollout/2 (attempt 1/3): python3 -m areal.infra.rpc.rpc_server --port 12216 --experiment-name gsm8k-grpo-megatron-adamw-baseline3 --trial-name trial0 --role rollout --worker-index 2 --name-resolve-type nfs --nfs-record-root /tmp/areal/name_resolve --etcd3-addr localhost:2379 --fileroot /storage/openpsi/users/fenghui/projects/AReaL/research/muon/evidence/baseline-aligned-3epoch-20261003/adamw/results
[34m[1;38;2;180;140;80m(AReaL)[0m [34m20261003-00:06:14.412 LocalScheduler INFO: Worker rollout/2 started (PID: 55418, GPUs: [6], ports: [12216, 18721])
[37m[1;38;2;180;140;80m(AReaL)[0m [37m20261003-00:06:14.413 LauncherUtils INFO: Auto-setting thread env vars to 8: OMP_NUM_THREADS, MKL_NUM_THREADS, OPENBLAS_NUM_THREADS, VECLIB_MAXIMUM_THREADS, NUMEXPR_NUM_THREADS
[34m[1;38;2;180;140;80m(AReaL)[0m [34m20261003-00:06:14.413 LocalScheduler INFO: Starting worker rollout/3 (attempt 1/3): python3 -m areal.infra.rpc.rpc_server --port 18016 --experiment-name gsm8k-grpo-megatron-adamw-baseline3 --trial-name trial0 --role rollout --worker-index 3 --name-resolve-type nfs --nfs-record-root /tmp/areal/name_resolve --etcd3-addr localhost:2379 --fileroot /storage/openpsi/users/fenghui/projects/AReaL/research/muon/evidence/baseline-aligned-3epoch-20261003/adamw/results
[34m[1;38;2;180;140;80m(AReaL)[0m [34m20261003-00:06:14.519 LocalScheduler INFO: Worker rollout/3 started (PID: 55425, GPUs: [7], ports: [18016, 25396])
[34m[1;38;2;180;140;80m(AReaL)[0m [34m20261003-00:06:14.520 LocalScheduler INFO: Successfully created 4 workers for role 'rollout'
[37m[1;38;2;180;140;80m(AReaL)[0m [37m20261003-00:06:22.874 SyncRPCServer INFO: Werkzeug log level: WARNING
[37m[1;38;2;180;140;80m(AReaL)[0m [37m20261003-00:06:22.874 SyncRPCServer INFO: Werkzeug log level: WARNING
[37m[1;38;2;180;140;80m(AReaL)[0m [37m20261003-00:06:22.876 Guard INFO: Starting Guard on 33.180.166.157:14235 for worker rollout/0
[37m[1;38;2;180;140;80m(AReaL)[0m [37m20261003-00:06:22.876 Guard INFO: Starting Guard on 33.180.166.157:26060 for worker rollout/0
[37m[1;38;2;180;140;80m(AReaL)[0m [37m20261003-00:06:22.884 SyncRPCServer INFO: Werkzeug log level: WARNING
[37m[1;38;2;180;140;80m(AReaL)[0m [37m20261003-00:06:22.885 Guard INFO: Starting Guard on 33.180.166.157:12216 for worker rollout/0
[37m[1;38;2;180;140;80m(AReaL)[0m [37m20261003-00:06:22.886 EngineBP INFO: Engine thread started
[37m[1;38;2;180;140;80m(AReaL)[0m [37m20261003-00:06:22.886 EngineBP INFO: Engine thread initialized
[37m[1;38;2;180;140;80m(AReaL)[0m [37m20261003-00:06:22.887 SyncRPCServer INFO: Werkzeug log level: WARNING
[37m[1;38;2;180;140;80m(AReaL)[0m [37m20261003-00:06:22.888 Guard INFO: Starting Guard on 33.180.166.157:18016 for worker rollout/0
[96m[1;38;2;180;140;80m(AReaL)[0m [96m20261003-00:06:23.733 PlatformInit INFO: Detected CUDA device: NVIDIA L20X
[96m[1;38;2;180;140;80m(AReaL)[0m [96m20261003-00:06:23.733 PlatformInit INFO: Initializing CUDA platform (NVIDIA).
[34m[1;38;2;180;140;80m(AReaL)[0m [34m20261003-00:06:23.734 LocalScheduler INFO: Configuration successfully on worker 'rollout/0'
[37m[1;38;2;180;140;80m(AReaL)[0m [37m20261003-00:06:23.742 EngineBP INFO: Engine thread started
[37m[1;38;2;180;140;80m(AReaL)[0m [37m20261003-00:06:23.742 EngineBP INFO: Engine thread initialized
[96m[1;38;2;180;140;80m(AReaL)[0m [96m20261003-00:06:24.585 PlatformInit INFO: Detected CUDA device: NVIDIA L20X
[96m[1;38;2;180;140;80m(AReaL)[0m [96m20261003-00:06:24.586 PlatformInit INFO: Initializing CUDA platform (NVIDIA).
[34m[1;38;2;180;140;80m(AReaL)[0m [34m20261003-00:06:24.587 LocalScheduler INFO: Configuration successfully on worker 'rollout/1'
[37m[1;38;2;180;140;80m(AReaL)[0m [37m20261003-00:06:24.594 EngineBP INFO: Engine thread started
[37m[1;38;2;180;140;80m(AReaL)[0m [37m20261003-00:06:24.595 EngineBP INFO: Engine thread initialized
[96m[1;38;2;180;140;80m(AReaL)[0m [96m20261003-00:06:25.457 PlatformInit INFO: Detected CUDA device: NVIDIA L20X
[96m[1;38;2;180;140;80m(AReaL)[0m [96m20261003-00:06:25.458 PlatformInit INFO: Initializing CUDA platform (NVIDIA).
[34m[1;38;2;180;140;80m(AReaL)[0m [34m20261003-00:06:25.459 LocalScheduler INFO: Configuration successfully on worker 'rollout/2'
[37m[1;38;2;180;140;80m(AReaL)[0m [37m20261003-00:06:25.467 EngineBP INFO: Engine thread started
[37m[1;38;2;180;140;80m(AReaL)[0m [37m20261003-00:06:25.467 EngineBP INFO: Engine thread initialized
[96m[1;38;2;180;140;80m(AReaL)[0m [96m20261003-00:06:26.319 PlatformInit INFO: Detected CUDA device: NVIDIA L20X
[96m[1;38;2;180;140;80m(AReaL)[0m [96m20261003-00:06:26.319 PlatformInit INFO: Initializing CUDA platform (NVIDIA).
[34m[1;38;2;180;140;80m(AReaL)[0m [34m20261003-00:06:26.320 LocalScheduler INFO: Configuration successfully on worker 'rollout/3'
[37m[1;38;2;180;140;80m(AReaL)[0m [37m20261003-00:06:26.320 RolloutController INFO: Workers created: ['rollout/0', 'rollout/1', 'rollout/2', 'rollout/3']
[37m[1;38;2;180;140;80m(AReaL)[0m [37m20261003-00:06:26.321 RolloutController INFO: Waiting for workers to be ready...
[34m[1;38;2;180;140;80m(AReaL)[0m [34m20261003-00:06:26.327 LocalScheduler INFO: All 4 workers for role 'rollout' are ready
[37m[1;38;2;180;140;80m(AReaL)[0m [37m20261003-00:06:26.328 RolloutController INFO: Workers ready: ['rollout/0', 'rollout/1', 'rollout/2', 'rollout/3']
[37m[1;38;2;180;140;80m(AReaL)[0m [37m20261003-00:06:26.328 RolloutController INFO: Creating engines...
[37m[1;38;2;180;140;80m(AReaL)[0m [37m20261003-00:06:26.337 EngineBP INFO: Engine 'rollout/3' (class: areal.engine.sglang_remote.RemoteSGLangEngine) instantiated successfully
[37m[1;38;2;180;140;80m(AReaL)[0m [37m20261003-00:06:26.338 EngineBP INFO: Engine 'rollout/0' (class: areal.engine.sglang_remote.RemoteSGLangEngine) instantiated successfully
[37m[1;38;2;180;140;80m(AReaL)[0m [37m20261003-00:06:26.338 EngineBP INFO: Engine 'rollout/2' (class: areal.engine.sglang_remote.RemoteSGLangEngine) instantiated successfully
[37m[1;38;2;180;140;80m(AReaL)[0m [37m20261003-00:06:26.340 EngineBP INFO: Engine 'rollout/1' (class: areal.engine.sglang_remote.RemoteSGLangEngine) instantiated successfully
[37m[1;38;2;180;140;80m(AReaL)[0m [37m20261003-00:06:26.341 RolloutController INFO: Engine created on all workers!
[37m[1;38;2;180;140;80m(AReaL)[0m [37m20261003-00:06:26.341 RolloutController INFO: Calling engine initialization...
No HuggingFace chat template found
No HuggingFace chat template found
No HuggingFace chat template found
No HuggingFace chat template found
[Gloo] Rank 0 is connected to 0 peer ranks. Expected number of connected peer ranks is : 0
[Gloo] Rank 0 is connected to 0 peer ranks. Expected number of connected peer ranks is : 0
[Gloo] Rank 0 is connected to 0 peer ranks. Expected number of connected peer ranks is : 0
[Gloo] Rank 0 is connected to 0 peer ranks. Expected number of connected peer ranks is : 0
[Gloo] Rank 0 is connected to 0 peer ranks. Expected number of connected peer ranks is : 0
[Gloo] Rank 0 is connected to 0 peer ranks. Expected number of connected peer ranks is : 0
[Gloo] Rank 0 is connected to 0 peer ranks. Expected number of connected peer ranks is : 0
[Gloo] Rank 0 is connected to 0 peer ranks. Expected number of connected peer ranks is : 0
[Gloo] Rank 0 is connected to 0 peer ranks. Expected number of connected peer ranks is : 0
[Gloo] Rank 0 is connected to 0 peer ranks. Expected number of connected peer ranks is : 0
[Gloo] Rank 0 is connected to 0 peer ranks. Expected number of connected peer ranks is : 0
[Gloo] Rank 0 is connected to 0 peer ranks. Expected number of connected peer ranks is : 0
Multi-thread loading shards:   0% Completed | 0/1 [00:00<?, ?it/s]Multi-thread loading shards:   0% Completed | 0/1 [00:00<?, ?it/s]Multi-thread loading shards:   0% Completed | 0/1 [00:00<?, ?it/s]Multi-thread loading shards:   0% Completed | 0/1 [00:00<?, ?it/s]Multi-thread loading shards: 100% Completed | 1/1 [00:00<00:00,  1.89it/s]Multi-thread loading shards: 100% Completed | 1/1 [00:00<00:00,  1.89it/s]
Multi-thread loading shards: 100% Completed | 1/1 [00:00<00:00,  1.29it/s]Multi-thread loading shards: 100% Completed | 1/1 [00:00<00:00,  1.29it/s]Multi-thread loading shards: 100% Completed | 1/1 [00:00<00:00,  1.29it/s]Multi-thread loading shards: 100% Completed | 1/1 [00:00<00:00,  1.29it/s]Multi-thread loading shards: 100% Completed | 1/1 [00:00<00:00,  1.29it/s]Multi-thread loading shards: 100% Completed | 1/1 [00:00<00:00,  1.29it/s]


  0%|          | 0/36 [00:00<?, ?it/s]Capturing batches (bs=256 avail_mem=27.02 GB):   0%|          | 0/36 [00:00<?, ?it/s]  0%|          | 0/36 [00:00<?, ?it/s]Capturing batches (bs=256 avail_mem=27.02 GB):   0%|          | 0/36 [00:00<?, ?it/s]  0%|          | 0/36 [00:00<?, ?it/s]Capturing batches (bs=256 avail_mem=27.02 GB):   0%|          | 0/36 [00:00<?, ?it/s]  0%|          | 0/36 [00:00<?, ?it/s]Capturing batches (bs=256 avail_mem=27.02 GB):   0%|          | 0/36 [00:00<?, ?it/s]2026-10-03 00:06:56,016 - CUTE_DSL - WARNING - [handle_import_error] - Unexpected error during package walk: cutlass.cute.experimental
2026-10-03 00:06:56,094 - CUTE_DSL - WARNING - [handle_import_error] - Unexpected error during package walk: cutlass.cute.experimental
2026-10-03 00:06:56,146 - CUTE_DSL - WARNING - [handle_import_error] - Unexpected error during package walk: cutlass.cute.experimental
2026-10-03 00:06:56,157 - CUTE_DSL - WARNING - [handle_import_error] - Unexpected error during package walk: cutlass.cute.experimental
Capturing batches (bs=256 avail_mem=27.02 GB):   3%|▎         | 1/36 [00:00<00:32,  1.06it/s]Capturing batches (bs=248 avail_mem=26.89 GB):   3%|▎         | 1/36 [00:00<00:32,  1.06it/s]Capturing batches (bs=256 avail_mem=27.02 GB):   3%|▎         | 1/36 [00:00<00:31,  1.11it/s]Capturing batches (bs=248 avail_mem=26.89 GB):   3%|▎         | 1/36 [00:00<00:31,  1.11it/s]Capturing batches (bs=256 avail_mem=27.02 GB):   3%|▎         | 1/36 [00:01<00:43,  1.23s/it]Capturing batches (bs=248 avail_mem=26.89 GB):   3%|▎         | 1/36 [00:01<00:43,  1.23s/it]Capturing batches (bs=240 avail_mem=26.89 GB):   3%|▎         | 1/36 [00:00<00:32,  1.06it/s]Capturing batches (bs=240 avail_mem=26.89 GB):   3%|▎         | 1/36 [00:00<00:31,  1.11it/s]Capturing batches (bs=256 avail_mem=27.02 GB):   3%|▎         | 1/36 [00:00<00:34,  1.02it/s]Capturing batches (bs=248 avail_mem=26.89 GB):   3%|▎         | 1/36 [00:00<00:34,  1.02it/s]Capturing batches (bs=240 avail_mem=26.89 GB):   3%|▎         | 1/36 [00:01<00:43,  1.23s/it]Capturing batches (bs=232 avail_mem=26.88 GB):   3%|▎         | 1/36 [00:01<00:32,  1.06it/s]Capturing batches (bs=232 avail_mem=26.88 GB):   3%|▎         | 1/36 [00:00<00:31,  1.11it/s]Capturing batches (bs=240 avail_mem=26.89 GB):   3%|▎         | 1/36 [00:01<00:34,  1.02it/s]Capturing batches (bs=232 avail_mem=26.88 GB):   3%|▎         | 1/36 [00:01<00:43,  1.23s/it]Capturing batches (bs=224 avail_mem=26.88 GB):   3%|▎         | 1/36 [00:01<00:32,  1.06it/s]Capturing batches (bs=224 avail_mem=26.88 GB):   3%|▎         | 1/36 [00:00<00:31,  1.11it/s]Capturing batches (bs=232 avail_mem=26.88 GB):   3%|▎         | 1/36 [00:01<00:34,  1.02it/s]Capturing batches (bs=224 avail_mem=26.88 GB):   3%|▎         | 1/36 [00:01<00:43,  1.23s/it]Capturing batches (bs=224 avail_mem=26.88 GB):  14%|█▍        | 5/36 [00:01<00:05,  5.99it/s]Capturing batches (bs=216 avail_mem=26.87 GB):  14%|█▍        | 5/36 [00:01<00:05,  5.99it/s]Capturing batches (bs=224 avail_mem=26.88 GB):  14%|█▍        | 5/36 [00:01<00:05,  6.19it/s]Capturing batches (bs=216 avail_mem=26.87 GB):  14%|█▍        | 5/36 [00:01<00:05,  6.19it/s]Capturing batches (bs=224 avail_mem=26.88 GB):   3%|▎         | 1/36 [00:01<00:34,  1.02it/s]Capturing batches (bs=224 avail_mem=26.88 GB):  14%|█▍        | 5/36 [00:01<00:06,  4.72it/s]Capturing batches (bs=216 avail_mem=26.87 GB):  14%|█▍        | 5/36 [00:01<00:06,  4.72it/s]Capturing batches (bs=208 avail_mem=26.87 GB):  14%|█▍        | 5/36 [00:01<00:05,  5.99it/s]Capturing batches (bs=208 avail_mem=26.87 GB):  14%|█▍        | 5/36 [00:01<00:05,  6.19it/s]Capturing batches (bs=224 avail_mem=26.88 GB):  14%|█▍        | 5/36 [00:01<00:05,  5.75it/s]Capturing batches (bs=216 avail_mem=26.87 GB):  14%|█▍        | 5/36 [00:01<00:05,  5.75it/s]Capturing batches (bs=208 avail_mem=26.87 GB):  14%|█▍        | 5/36 [00:01<00:06,  4.72it/s]Capturing batches (bs=200 avail_mem=26.86 GB):  14%|█▍        | 5/36 [00:01<00:05,  5.99it/s]Capturing batches (bs=200 avail_mem=26.86 GB):  14%|█▍        | 5/36 [00:01<00:05,  6.19it/s]Capturing batches (bs=208 avail_mem=26.87 GB):  14%|█▍        | 5/36 [00:01<00:05,  5.75it/s]Capturing batches (bs=200 avail_mem=26.86 GB):  14%|█▍        | 5/36 [00:01<00:06,  4.72it/s]Capturing batches (bs=200 avail_mem=26.86 GB):  22%|██▏       | 8/36 [00:01<00:02,  9.41it/s]Capturing batches (bs=192 avail_mem=26.86 GB):  22%|██▏       | 8/36 [00:01<00:02,  9.41it/s]Capturing batches (bs=200 avail_mem=26.86 GB):  22%|██▏       | 8/36 [00:01<00:02,  9.68it/s]Capturing batches (bs=192 avail_mem=26.86 GB):  22%|██▏       | 8/36 [00:01<00:02,  9.68it/s]Capturing batches (bs=200 avail_mem=26.86 GB):  14%|█▍        | 5/36 [00:01<00:05,  5.75it/s]Capturing batches (bs=200 avail_mem=26.86 GB):  22%|██▏       | 8/36 [00:01<00:03,  7.78it/s]Capturing batches (bs=192 avail_mem=26.86 GB):  22%|██▏       | 8/36 [00:01<00:03,  7.78it/s]Capturing batches (bs=184 avail_mem=26.85 GB):  22%|██▏       | 8/36 [00:01<00:02,  9.41it/s]Capturing batches (bs=184 avail_mem=26.85 GB):  22%|██▏       | 8/36 [00:01<00:02,  9.68it/s]Capturing batches (bs=200 avail_mem=26.86 GB):  22%|██▏       | 8/36 [00:01<00:03,  9.07it/s]Capturing batches (bs=192 avail_mem=26.86 GB):  22%|██▏       | 8/36 [00:01<00:03,  9.07it/s]Capturing batches (bs=184 avail_mem=26.85 GB):  22%|██▏       | 8/36 [00:01<00:03,  7.78it/s]Capturing batches (bs=176 avail_mem=26.84 GB):  22%|██▏       | 8/36 [00:01<00:02,  9.41it/s]Capturing batches (bs=176 avail_mem=26.84 GB):  22%|██▏       | 8/36 [00:01<00:02,  9.68it/s]Capturing batches (bs=184 avail_mem=26.85 GB):  22%|██▏       | 8/36 [00:01<00:03,  9.07it/s]Capturing batches (bs=176 avail_mem=26.84 GB):  22%|██▏       | 8/36 [00:01<00:03,  7.78it/s]Capturing batches (bs=176 avail_mem=26.84 GB):  31%|███       | 11/36 [00:01<00:01, 12.90it/s]Capturing batches (bs=168 avail_mem=26.84 GB):  31%|███       | 11/36 [00:01<00:01, 12.90it/s]Capturing batches (bs=176 avail_mem=26.84 GB):  31%|███       | 11/36 [00:01<00:01, 13.03it/s]Capturing batches (bs=168 avail_mem=26.84 GB):  31%|███       | 11/36 [00:01<00:01, 13.03it/s]Capturing batches (bs=176 avail_mem=26.84 GB):  22%|██▏       | 8/36 [00:01<00:03,  9.07it/s]Capturing batches (bs=176 avail_mem=26.84 GB):  31%|███       | 11/36 [00:01<00:02, 10.80it/s]Capturing batches (bs=168 avail_mem=26.84 GB):  31%|███       | 11/36 [00:01<00:02, 10.80it/s]Capturing batches (bs=160 avail_mem=26.84 GB):  31%|███       | 11/36 [00:01<00:01, 12.90it/s]Capturing batches (bs=160 avail_mem=26.84 GB):  31%|███       | 11/36 [00:01<00:01, 13.03it/s]Capturing batches (bs=176 avail_mem=26.84 GB):  31%|███       | 11/36 [00:01<00:02, 12.41it/s]Capturing batches (bs=168 avail_mem=26.84 GB):  31%|███       | 11/36 [00:01<00:02, 12.41it/s]Capturing batches (bs=160 avail_mem=26.84 GB):  31%|███       | 11/36 [00:01<00:02, 10.80it/s]Capturing batches (bs=152 avail_mem=26.83 GB):  31%|███       | 11/36 [00:01<00:01, 12.90it/s]Capturing batches (bs=152 avail_mem=26.83 GB):  31%|███       | 11/36 [00:01<00:01, 13.03it/s]Capturing batches (bs=160 avail_mem=26.84 GB):  31%|███       | 11/36 [00:01<00:02, 12.41it/s]Capturing batches (bs=152 avail_mem=26.83 GB):  39%|███▉      | 14/36 [00:01<00:01, 15.88it/s]Capturing batches (bs=144 avail_mem=26.83 GB):  39%|███▉      | 14/36 [00:01<00:01, 15.88it/s]Capturing batches (bs=152 avail_mem=26.83 GB):  31%|███       | 11/36 [00:01<00:02, 10.80it/s]Capturing batches (bs=152 avail_mem=26.83 GB):  39%|███▉      | 14/36 [00:01<00:01, 15.93it/s]Capturing batches (bs=144 avail_mem=26.83 GB):  39%|███▉      | 14/36 [00:01<00:01, 15.93it/s]Capturing batches (bs=152 avail_mem=26.83 GB):  31%|███       | 11/36 [00:01<00:02, 12.41it/s]Capturing batches (bs=152 avail_mem=26.83 GB):  39%|███▉      | 14/36 [00:01<00:01, 13.70it/s]Capturing batches (bs=144 avail_mem=26.83 GB):  39%|███▉      | 14/36 [00:01<00:01, 13.70it/s]Capturing batches (bs=136 avail_mem=26.82 GB):  39%|███▉      | 14/36 [00:01<00:01, 15.88it/s]Capturing batches (bs=136 avail_mem=26.82 GB):  39%|███▉      | 14/36 [00:01<00:01, 15.93it/s]Capturing batches (bs=152 avail_mem=26.83 GB):  39%|███▉      | 14/36 [00:01<00:01, 15.56it/s]Capturing batches (bs=144 avail_mem=26.83 GB):  39%|███▉      | 14/36 [00:01<00:01, 15.56it/s]Capturing batches (bs=128 avail_mem=26.82 GB):  39%|███▉      | 14/36 [00:01<00:01, 15.88it/s]Capturing batches (bs=136 avail_mem=26.82 GB):  39%|███▉      | 14/36 [00:01<00:01, 13.70it/s]Capturing batches (bs=128 avail_mem=26.82 GB):  39%|███▉      | 14/36 [00:01<00:01, 15.93it/s]Capturing batches (bs=136 avail_mem=26.82 GB):  39%|███▉      | 14/36 [00:01<00:01, 15.56it/s]Capturing batches (bs=128 avail_mem=26.82 GB):  47%|████▋     | 17/36 [00:01<00:01, 18.78it/s]Capturing batches (bs=120 avail_mem=26.81 GB):  47%|████▋     | 17/36 [00:01<00:01, 18.78it/s]Capturing batches (bs=128 avail_mem=26.82 GB):  39%|███▉      | 14/36 [00:01<00:01, 13.70it/s]Capturing batches (bs=128 avail_mem=26.82 GB):  47%|████▋     | 17/36 [00:01<00:01, 18.83it/s]Capturing batches (bs=120 avail_mem=26.81 GB):  47%|████▋     | 17/36 [00:01<00:01, 18.83it/s]Capturing batches (bs=128 avail_mem=26.82 GB):  39%|███▉      | 14/36 [00:01<00:01, 15.56it/s]Capturing batches (bs=112 avail_mem=26.81 GB):  47%|████▋     | 17/36 [00:01<00:01, 18.78it/s]Capturing batches (bs=128 avail_mem=26.82 GB):  47%|████▋     | 17/36 [00:01<00:01, 16.56it/s]Capturing batches (bs=120 avail_mem=26.81 GB):  47%|████▋     | 17/36 [00:01<00:01, 16.56it/s]Capturing batches (bs=112 avail_mem=26.81 GB):  47%|████▋     | 17/36 [00:01<00:01, 18.83it/s]Capturing batches (bs=128 avail_mem=26.82 GB):  47%|████▋     | 17/36 [00:01<00:01, 18.53it/s]Capturing batches (bs=120 avail_mem=26.81 GB):  47%|████▋     | 17/36 [00:01<00:01, 18.53it/s]Capturing batches (bs=104 avail_mem=26.80 GB):  47%|████▋     | 17/36 [00:01<00:01, 18.78it/s]Capturing batches (bs=112 avail_mem=26.81 GB):  47%|████▋     | 17/36 [00:01<00:01, 16.56it/s]Capturing batches (bs=104 avail_mem=26.80 GB):  47%|████▋     | 17/36 [00:01<00:01, 18.83it/s]Capturing batches (bs=112 avail_mem=26.81 GB):  47%|████▋     | 17/36 [00:01<00:01, 18.53it/s]Capturing batches (bs=104 avail_mem=26.80 GB):  56%|█████▌    | 20/36 [00:01<00:00, 21.39it/s]Capturing batches (bs=96 avail_mem=26.80 GB):  56%|█████▌    | 20/36 [00:01<00:00, 21.39it/s] Capturing batches (bs=104 avail_mem=26.80 GB):  47%|████▋     | 17/36 [00:01<00:01, 16.56it/s]Capturing batches (bs=104 avail_mem=26.80 GB):  56%|█████▌    | 20/36 [00:01<00:00, 21.44it/s]Capturing batches (bs=96 avail_mem=26.80 GB):  56%|█████▌    | 20/36 [00:01<00:00, 21.44it/s] Capturing batches (bs=104 avail_mem=26.80 GB):  47%|████▋     | 17/36 [00:01<00:01, 18.53it/s]Capturing batches (bs=88 avail_mem=26.79 GB):  56%|█████▌    | 20/36 [00:01<00:00, 21.39it/s]Capturing batches (bs=104 avail_mem=26.80 GB):  56%|█████▌    | 20/36 [00:01<00:00, 19.37it/s]Capturing batches (bs=96 avail_mem=26.80 GB):  56%|█████▌    | 20/36 [00:01<00:00, 19.37it/s] Capturing batches (bs=96 avail_mem=26.80 GB):  47%|████▋     | 17/36 [00:01<00:01, 18.53it/s] Capturing batches (bs=88 avail_mem=26.79 GB):  56%|█████▌    | 20/36 [00:01<00:00, 21.44it/s]Capturing batches (bs=80 avail_mem=26.79 GB):  56%|█████▌    | 20/36 [00:01<00:00, 21.39it/s]Capturing batches (bs=88 avail_mem=26.79 GB):  56%|█████▌    | 20/36 [00:01<00:00, 19.37it/s]Capturing batches (bs=80 avail_mem=26.79 GB):  56%|█████▌    | 20/36 [00:01<00:00, 21.44it/s]Capturing batches (bs=96 avail_mem=26.80 GB):  58%|█████▊    | 21/36 [00:01<00:00, 21.67it/s]Capturing batches (bs=88 avail_mem=26.79 GB):  58%|█████▊    | 21/36 [00:01<00:00, 21.67it/s]Capturing batches (bs=80 avail_mem=26.79 GB):  64%|██████▍   | 23/36 [00:01<00:00, 23.22it/s]Capturing batches (bs=72 avail_mem=26.78 GB):  64%|██████▍   | 23/36 [00:01<00:00, 23.22it/s]Capturing batches (bs=80 avail_mem=26.79 GB):  56%|█████▌    | 20/36 [00:01<00:00, 19.37it/s]Capturing batches (bs=80 avail_mem=26.79 GB):  64%|██████▍   | 23/36 [00:01<00:00, 23.24it/s]Capturing batches (bs=72 avail_mem=26.78 GB):  64%|██████▍   | 23/36 [00:01<00:00, 23.24it/s]Capturing batches (bs=80 avail_mem=26.79 GB):  58%|█████▊    | 21/36 [00:01<00:00, 21.67it/s]Capturing batches (bs=64 avail_mem=26.78 GB):  64%|██████▍   | 23/36 [00:01<00:00, 23.22it/s]Capturing batches (bs=80 avail_mem=26.79 GB):  64%|██████▍   | 23/36 [00:02<00:00, 21.51it/s]Capturing batches (bs=72 avail_mem=26.78 GB):  64%|██████▍   | 23/36 [00:02<00:00, 21.51it/s]Capturing batches (bs=72 avail_mem=26.78 GB):  58%|█████▊    | 21/36 [00:01<00:00, 21.67it/s]Capturing batches (bs=64 avail_mem=26.78 GB):  64%|██████▍   | 23/36 [00:01<00:00, 23.24it/s]Capturing batches (bs=56 avail_mem=26.77 GB):  64%|██████▍   | 23/36 [00:01<00:00, 23.22it/s]Capturing batches (bs=64 avail_mem=26.78 GB):  64%|██████▍   | 23/36 [00:02<00:00, 21.51it/s]Capturing batches (bs=72 avail_mem=26.78 GB):  67%|██████▋   | 24/36 [00:01<00:00, 23.46it/s]Capturing batches (bs=64 avail_mem=26.78 GB):  67%|██████▋   | 24/36 [00:01<00:00, 23.46it/s]Capturing batches (bs=56 avail_mem=26.77 GB):  64%|██████▍   | 23/36 [00:01<00:00, 23.24it/s]Capturing batches (bs=56 avail_mem=26.77 GB):  72%|███████▏  | 26/36 [00:01<00:00, 24.54it/s]Capturing batches (bs=48 avail_mem=26.77 GB):  72%|███████▏  | 26/36 [00:01<00:00, 24.54it/s]Capturing batches (bs=56 avail_mem=26.77 GB):  64%|██████▍   | 23/36 [00:02<00:00, 21.51it/s]Capturing batches (bs=56 avail_mem=26.77 GB):  67%|██████▋   | 24/36 [00:01<00:00, 23.46it/s]Capturing batches (bs=56 avail_mem=26.77 GB):  72%|███████▏  | 26/36 [00:01<00:00, 24.54it/s]Capturing batches (bs=48 avail_mem=26.77 GB):  72%|███████▏  | 26/36 [00:01<00:00, 24.54it/s]Capturing batches (bs=40 avail_mem=26.76 GB):  72%|███████▏  | 26/36 [00:01<00:00, 24.54it/s]Capturing batches (bs=56 avail_mem=26.77 GB):  72%|███████▏  | 26/36 [00:02<00:00, 23.03it/s]Capturing batches (bs=48 avail_mem=26.77 GB):  72%|███████▏  | 26/36 [00:02<00:00, 23.03it/s]Capturing batches (bs=48 avail_mem=26.77 GB):  67%|██████▋   | 24/36 [00:01<00:00, 23.46it/s]Capturing batches (bs=40 avail_mem=26.76 GB):  72%|███████▏  | 26/36 [00:01<00:00, 24.54it/s]Capturing batches (bs=32 avail_mem=26.76 GB):  72%|███████▏  | 26/36 [00:01<00:00, 24.54it/s]Capturing batches (bs=48 avail_mem=26.77 GB):  75%|███████▌  | 27/36 [00:01<00:00, 24.71it/s]Capturing batches (bs=40 avail_mem=26.76 GB):  75%|███████▌  | 27/36 [00:01<00:00, 24.71it/s]Capturing batches (bs=40 avail_mem=26.76 GB):  72%|███████▏  | 26/36 [00:02<00:00, 23.03it/s]Capturing batches (bs=32 avail_mem=26.76 GB):  72%|███████▏  | 26/36 [00:01<00:00, 24.54it/s]Capturing batches (bs=32 avail_mem=26.76 GB):  81%|████████  | 29/36 [00:01<00:00, 25.34it/s]Capturing batches (bs=24 avail_mem=26.75 GB):  81%|████████  | 29/36 [00:01<00:00, 25.34it/s]Capturing batches (bs=32 avail_mem=26.76 GB):  75%|███████▌  | 27/36 [00:01<00:00, 24.71it/s]Capturing batches (bs=32 avail_mem=26.76 GB):  72%|███████▏  | 26/36 [00:02<00:00, 23.03it/s]Capturing batches (bs=32 avail_mem=26.76 GB):  81%|████████  | 29/36 [00:01<00:00, 25.35it/s]Capturing batches (bs=24 avail_mem=26.75 GB):  81%|████████  | 29/36 [00:01<00:00, 25.35it/s]Capturing batches (bs=16 avail_mem=26.75 GB):  81%|████████  | 29/36 [00:01<00:00, 25.34it/s]Capturing batches (bs=24 avail_mem=26.75 GB):  75%|███████▌  | 27/36 [00:01<00:00, 24.71it/s]Capturing batches (bs=32 avail_mem=26.76 GB):  81%|████████  | 29/36 [00:02<00:00, 24.17it/s]Capturing batches (bs=24 avail_mem=26.75 GB):  81%|████████  | 29/36 [00:02<00:00, 24.17it/s]Capturing batches (bs=16 avail_mem=26.75 GB):  81%|████████  | 29/36 [00:01<00:00, 25.35it/s]Capturing batches (bs=24 avail_mem=26.75 GB):  83%|████████▎ | 30/36 [00:02<00:00, 25.56it/s]Capturing batches (bs=16 avail_mem=26.75 GB):  83%|████████▎ | 30/36 [00:02<00:00, 25.56it/s]Capturing batches (bs=16 avail_mem=26.75 GB):  81%|████████  | 29/36 [00:02<00:00, 24.17it/s]Capturing batches (bs=12 avail_mem=26.74 GB):  81%|████████  | 29/36 [00:02<00:00, 25.35it/s]Capturing batches (bs=12 avail_mem=26.74 GB):  81%|████████  | 29/36 [00:02<00:00, 25.34it/s]Capturing batches (bs=12 avail_mem=26.74 GB):  83%|████████▎ | 30/36 [00:02<00:00, 25.56it/s]Capturing batches (bs=12 avail_mem=26.74 GB):  81%|████████  | 29/36 [00:02<00:00, 24.17it/s]Capturing batches (bs=12 avail_mem=26.74 GB):  89%|████████▉ | 32/36 [00:02<00:00, 23.55it/s]Capturing batches (bs=8 avail_mem=26.74 GB):  89%|████████▉ | 32/36 [00:02<00:00, 23.55it/s] Capturing batches (bs=12 avail_mem=26.74 GB):  89%|████████▉ | 32/36 [00:02<00:00, 22.75it/s]Capturing batches (bs=8 avail_mem=26.74 GB):  89%|████████▉ | 32/36 [00:02<00:00, 22.75it/s] Capturing batches (bs=8 avail_mem=26.74 GB):  83%|████████▎ | 30/36 [00:02<00:00, 25.56it/s] Capturing batches (bs=12 avail_mem=26.74 GB):  89%|████████▉ | 32/36 [00:02<00:00, 23.38it/s]Capturing batches (bs=8 avail_mem=26.74 GB):  89%|████████▉ | 32/36 [00:02<00:00, 23.38it/s] Capturing batches (bs=4 avail_mem=26.73 GB):  89%|████████▉ | 32/36 [00:02<00:00, 23.55it/s]Capturing batches (bs=4 avail_mem=26.73 GB):  89%|████████▉ | 32/36 [00:02<00:00, 22.75it/s]Capturing batches (bs=8 avail_mem=26.74 GB):  92%|█████████▏| 33/36 [00:02<00:00, 24.55it/s]Capturing batches (bs=4 avail_mem=26.73 GB):  92%|█████████▏| 33/36 [00:02<00:00, 24.55it/s]Capturing batches (bs=4 avail_mem=26.73 GB):  89%|████████▉ | 32/36 [00:02<00:00, 23.38it/s]Capturing batches (bs=2 avail_mem=26.73 GB):  89%|████████▉ | 32/36 [00:02<00:00, 23.55it/s]Capturing batches (bs=2 avail_mem=26.73 GB):  89%|████████▉ | 32/36 [00:02<00:00, 22.75it/s]Capturing batches (bs=2 avail_mem=26.73 GB):  92%|█████████▏| 33/36 [00:02<00:00, 24.55it/s]Capturing batches (bs=2 avail_mem=26.73 GB):  89%|████████▉ | 32/36 [00:02<00:00, 23.38it/s]Capturing batches (bs=1 avail_mem=26.72 GB):  89%|████████▉ | 32/36 [00:02<00:00, 23.55it/s]Capturing batches (bs=1 avail_mem=26.72 GB):  89%|████████▉ | 32/36 [00:02<00:00, 22.75it/s]Capturing batches (bs=1 avail_mem=26.72 GB):  92%|█████████▏| 33/36 [00:02<00:00, 24.55it/s]Capturing batches (bs=1 avail_mem=26.72 GB):  89%|████████▉ | 32/36 [00:02<00:00, 23.38it/s]Capturing batches (bs=1 avail_mem=26.72 GB): 100%|██████████| 36/36 [00:02<00:00, 26.59it/s]Capturing batches (bs=1 avail_mem=26.72 GB): 100%|██████████| 36/36 [00:02<00:00, 16.59it/s]
Capturing batches (bs=1 avail_mem=26.72 GB): 100%|██████████| 36/36 [00:02<00:00, 25.78it/s]Capturing batches (bs=1 avail_mem=26.72 GB): 100%|██████████| 36/36 [00:02<00:00, 16.25it/s]
Capturing batches (bs=1 avail_mem=26.72 GB): 100%|██████████| 36/36 [00:02<00:00, 16.19it/s]
Capturing batches (bs=1 avail_mem=26.72 GB): 100%|██████████| 36/36 [00:02<00:00, 26.55it/s]Capturing batches (bs=1 avail_mem=26.72 GB): 100%|██████████| 36/36 [00:02<00:00, 14.37it/s]
Disable piecewise CUDA graph because the capture size is not set
Failed to get yes/no token IDs dynamically: 'NoneType' object has no attribute 'encode'
Using fallback token IDs for yes/no (9693/2152)
Disable piecewise CUDA graph because the capture size is not set
Disable piecewise CUDA graph because the capture size is not set
Disable piecewise CUDA graph because the capture size is not set
Failed to get yes/no token IDs dynamically: 'NoneType' object has no attribute 'encode'
Using fallback token IDs for yes/no (9693/2152)
Failed to get yes/no token IDs dynamically: 'NoneType' object has no attribute 'encode'
Using fallback token IDs for yes/no (9693/2152)
Failed to get yes/no token IDs dynamically: 'NoneType' object has no attribute 'encode'
Using fallback token IDs for yes/no (9693/2152)
[92m[1;38;2;180;140;80m(AReaL)[0m [92m20261003-00:07:03.412 InferenceTargets INFO: sglang metrics targets written to /storage/openpsi/users/fenghui/projects/AReaL/research/muon/evidence/baseline-aligned-3epoch-20261003/adamw/results/logs/root/gsm8k-grpo-megatron-adamw-baseline3/trial0/sglang_targets.json (4 groups, role=rollout, source=separation)
[96m[1;38;2;180;140;80m(AReaL)[0m [96m20261003-00:07:03.417 [RemoteInfEngine Rank 1] INFO: Get server addresses from the local subprocess.
[96m[1;38;2;180;140;80m(AReaL)[0m [96m20261003-00:07:03.417 [RemoteInfEngine Rank 2] INFO: Get server addresses from the local subprocess.
[96m[1;38;2;180;140;80m(AReaL)[0m [96m20261003-00:07:03.417 [RemoteInfEngine Rank 1] INFO: Waiting for server ready...
[96m[1;38;2;180;140;80m(AReaL)[0m [96m20261003-00:07:03.417 [RemoteInfEngine Rank 0] INFO: Get server addresses from the local subprocess.
[96m[1;38;2;180;140;80m(AReaL)[0m [96m20261003-00:07:03.417 [RemoteInfEngine Rank 3] INFO: Get server addresses from the local subprocess.
[96m[1;38;2;180;140;80m(AReaL)[0m [96m20261003-00:07:03.417 [RemoteInfEngine Rank 2] INFO: Waiting for server ready...
[96m[1;38;2;180;140;80m(AReaL)[0m [96m20261003-00:07:03.418 [RemoteInfEngine Rank 3] INFO: Waiting for server ready...
[96m[1;38;2;180;140;80m(AReaL)[0m [96m20261003-00:07:03.418 [RemoteInfEngine Rank 0] INFO: Waiting for server ready...
[96m[1;38;2;180;140;80m(AReaL)[0m [96m20261003-00:07:04.419 [RemoteInfEngine Rank 0] INFO: Servers are all ready!
[96m[1;38;2;180;140;80m(AReaL)[0m [96m20261003-00:07:04.420 [RemoteInfEngine Rank 1] INFO: Servers are all ready!
[96m[1;38;2;180;140;80m(AReaL)[0m [96m20261003-00:07:04.420 [RemoteInfEngine Rank 3] INFO: Servers are all ready!
[96m[1;38;2;180;140;80m(AReaL)[0m [96m20261003-00:07:04.420 [RemoteInfEngine Rank 2] INFO: Servers are all ready!
[37m[1;38;2;180;140;80m(AReaL)[0m [37m20261003-00:07:04.422 RolloutController INFO: All engines are initialized...
[37m[1;38;2;180;140;80m(AReaL)[0m [37m20261003-00:07:04.426 RolloutController INFO: Callback server started on 33.180.166.157:22931
[37m[1;38;2;180;140;80m(AReaL)[0m [37m20261003-00:07:04.442 RolloutController INFO: Creating workers via scheduler...
[34m[1;38;2;180;140;80m(AReaL)[0m [34m20261003-00:07:04.442 LocalScheduler INFO: Creating 4 workers for role 'eval-rollout' (strategy: SchedulingStrategyType.colocation, colocate_with: rollout)
[37m[1;38;2;180;140;80m(AReaL)[0m [37m20261003-00:07:04.446 Guard INFO: Forking new worker process for role 'eval-rollout' index 0
[37m[1;38;2;180;140;80m(AReaL)[0m [37m20261003-00:07:04.446 Guard INFO: Forking new worker process for role 'eval-rollout' index 1
[37m[1;38;2;180;140;80m(AReaL)[0m [37m20261003-00:07:04.446 Guard INFO: Forking new worker process for role 'eval-rollout' index 3
[37m[1;38;2;180;140;80m(AReaL)[0m [37m20261003-00:07:04.446 Guard INFO: Forking new worker process for role 'eval-rollout' index 2
[37m[1;38;2;180;140;80m(AReaL)[0m [37m20261003-00:07:04.447 Guard INFO: Forked worker logs will be written to: /storage/openpsi/users/fenghui/projects/AReaL/research/muon/evidence/baseline-aligned-3epoch-20261003/adamw/results/logs/root/gsm8k-grpo-megatron-adamw-baseline3/trial0/eval-rollout.log
[37m[1;38;2;180;140;80m(AReaL)[0m [37m20261003-00:07:04.447 Guard INFO: Forked worker logs will be written to: /storage/openpsi/users/fenghui/projects/AReaL/research/muon/evidence/baseline-aligned-3epoch-20261003/adamw/results/logs/root/gsm8k-grpo-megatron-adamw-baseline3/trial0/eval-rollout.log
[37m[1;38;2;180;140;80m(AReaL)[0m [37m20261003-00:07:04.448 Guard INFO: Forked worker logs will be written to: /storage/openpsi/users/fenghui/projects/AReaL/research/muon/evidence/baseline-aligned-3epoch-20261003/adamw/results/logs/root/gsm8k-grpo-megatron-adamw-baseline3/trial0/eval-rollout.log
[37m[1;38;2;180;140;80m(AReaL)[0m [37m20261003-00:07:04.448 Guard INFO: Forked worker logs will be written to: /storage/openpsi/users/fenghui/projects/AReaL/research/muon/evidence/baseline-aligned-3epoch-20261003/adamw/results/logs/root/gsm8k-grpo-megatron-adamw-baseline3/trial0/eval-rollout.log
[37m[1;38;2;180;140;80m(AReaL)[0m [37m20261003-00:07:04.448 Guard INFO: Forked worker for role 'eval-rollout' index 0 spawned (pid=56303)
[37m[1;38;2;180;140;80m(AReaL)[0m [37m20261003-00:07:04.448 Guard INFO: Forked worker for role 'eval-rollout' index 1 spawned (pid=56304)
[37m[1;38;2;180;140;80m(AReaL)[0m [37m20261003-00:07:04.449 Guard INFO: Forked worker for role 'eval-rollout' index 3 spawned (pid=56305)
[37m[1;38;2;180;140;80m(AReaL)[0m [37m20261003-00:07:04.449 Guard INFO: Forked worker for role 'eval-rollout' index 2 spawned (pid=56306)
[37m[1;38;2;180;140;80m(AReaL)[0m [37m20261003-00:07:12.445 SyncRPCServer INFO: Werkzeug log level: WARNING
[37m[1;38;2;180;140;80m(AReaL)[0m [37m20261003-00:07:12.446 Guard INFO: Starting Guard on 33.180.166.157:17577 for worker eval-rollout/0
[34m[1;38;2;180;140;80m(AReaL)[0m [34m20261003-00:07:12.468 LocalScheduler INFO: Forked worker eval-rollout/1 created at 33.180.166.157:17577 (pid=56304) from rollout/1
[37m[1;38;2;180;140;80m(AReaL)[0m [37m20261003-00:07:12.998 SyncRPCServer INFO: Werkzeug log level: WARNING
[37m[1;38;2;180;140;80m(AReaL)[0m [37m20261003-00:07:12.998 SyncRPCServer INFO: Werkzeug log level: WARNING
[37m[1;38;2;180;140;80m(AReaL)[0m [37m20261003-00:07:12.998 SyncRPCServer INFO: Werkzeug log level: WARNING
[37m[1;38;2;180;140;80m(AReaL)[0m [37m20261003-00:07:12.999 Guard INFO: Starting Guard on 33.180.166.157:17469 for worker eval-rollout/0
[37m[1;38;2;180;140;80m(AReaL)[0m [37m20261003-00:07:12.999 Guard INFO: Starting Guard on 33.180.166.157:18057 for worker eval-rollout/0
[37m[1;38;2;180;140;80m(AReaL)[0m [37m20261003-00:07:12.999 Guard INFO: Starting Guard on 33.180.166.157:30866 for worker eval-rollout/0
[34m[1;38;2;180;140;80m(AReaL)[0m [34m20261003-00:07:13.468 LocalScheduler INFO: Forked worker eval-rollout/0 created at 33.180.166.157:30866 (pid=56303) from rollout/0
[34m[1;38;2;180;140;80m(AReaL)[0m [34m20261003-00:07:13.469 LocalScheduler INFO: Forked worker eval-rollout/3 created at 33.180.166.157:18057 (pid=56305) from rollout/3
[34m[1;38;2;180;140;80m(AReaL)[0m [34m20261003-00:07:13.470 LocalScheduler INFO: Forked worker eval-rollout/2 created at 33.180.166.157:17469 (pid=56306) from rollout/2
[34m[1;38;2;180;140;80m(AReaL)[0m [34m20261003-00:07:13.470 LocalScheduler INFO: Role 'eval-rollout' forked from 'rollout': created 4 new worker processes
[37m[1;38;2;180;140;80m(AReaL)[0m [37m20261003-00:07:13.477 EngineBP INFO: Engine thread started
[37m[1;38;2;180;140;80m(AReaL)[0m [37m20261003-00:07:13.477 EngineBP INFO: Engine thread initialized
[96m[1;38;2;180;140;80m(AReaL)[0m [96m20261003-00:07:14.332 PlatformInit INFO: Detected CUDA device: NVIDIA L20X
[96m[1;38;2;180;140;80m(AReaL)[0m [96m20261003-00:07:14.332 PlatformInit INFO: Initializing CUDA platform (NVIDIA).
[34m[1;38;2;180;140;80m(AReaL)[0m [34m20261003-00:07:14.333 LocalScheduler INFO: Configuration successfully on worker 'eval-rollout/0'
[37m[1;38;2;180;140;80m(AReaL)[0m [37m20261003-00:07:14.340 EngineBP INFO: Engine thread started
[37m[1;38;2;180;140;80m(AReaL)[0m [37m20261003-00:07:14.340 EngineBP INFO: Engine thread initialized
[96m[1;38;2;180;140;80m(AReaL)[0m [96m20261003-00:07:15.195 PlatformInit INFO: Detected CUDA device: NVIDIA L20X
[96m[1;38;2;180;140;80m(AReaL)[0m [96m20261003-00:07:15.195 PlatformInit INFO: Initializing CUDA platform (NVIDIA).
[34m[1;38;2;180;140;80m(AReaL)[0m [34m20261003-00:07:15.197 LocalScheduler INFO: Configuration successfully on worker 'eval-rollout/1'
[37m[1;38;2;180;140;80m(AReaL)[0m [37m20261003-00:07:15.203 EngineBP INFO: Engine thread started
[37m[1;38;2;180;140;80m(AReaL)[0m [37m20261003-00:07:15.203 EngineBP INFO: Engine thread initialized
[96m[1;38;2;180;140;80m(AReaL)[0m [96m20261003-00:07:16.064 PlatformInit INFO: Detected CUDA device: NVIDIA L20X
[96m[1;38;2;180;140;80m(AReaL)[0m [96m20261003-00:07:16.065 PlatformInit INFO: Initializing CUDA platform (NVIDIA).
[34m[1;38;2;180;140;80m(AReaL)[0m [34m20261003-00:07:16.066 LocalScheduler INFO: Configuration successfully on worker 'eval-rollout/2'
[37m[1;38;2;180;140;80m(AReaL)[0m [37m20261003-00:07:16.072 EngineBP INFO: Engine thread started
[37m[1;38;2;180;140;80m(AReaL)[0m [37m20261003-00:07:16.073 EngineBP INFO: Engine thread initialized
[96m[1;38;2;180;140;80m(AReaL)[0m [96m20261003-00:07:16.935 PlatformInit INFO: Detected CUDA device: NVIDIA L20X
[96m[1;38;2;180;140;80m(AReaL)[0m [96m20261003-00:07:16.935 PlatformInit INFO: Initializing CUDA platform (NVIDIA).
[34m[1;38;2;180;140;80m(AReaL)[0m [34m20261003-00:07:16.936 LocalScheduler INFO: Configuration successfully on worker 'eval-rollout/3'
[34m[1;38;2;180;140;80m(AReaL)[0m [34m20261003-00:07:16.937 LocalScheduler INFO: Role 'eval-rollout' colocated with 'rollout': reusing workers ['eval-rollout/0', 'eval-rollout/1', 'eval-rollout/2', 'eval-rollout/3']
[37m[1;38;2;180;140;80m(AReaL)[0m [37m20261003-00:07:16.937 RolloutController INFO: Workers created: ['eval-rollout/0', 'eval-rollout/1', 'eval-rollout/2', 'eval-rollout/3']
[37m[1;38;2;180;140;80m(AReaL)[0m [37m20261003-00:07:16.938 RolloutController INFO: Waiting for workers to be ready...
[34m[1;38;2;180;140;80m(AReaL)[0m [34m20261003-00:07:16.944 LocalScheduler INFO: All 4 workers for role 'eval-rollout' are ready
[37m[1;38;2;180;140;80m(AReaL)[0m [37m20261003-00:07:16.945 RolloutController INFO: Workers ready: ['eval-rollout/0', 'eval-rollout/1', 'eval-rollout/2', 'eval-rollout/3']
[37m[1;38;2;180;140;80m(AReaL)[0m [37m20261003-00:07:16.945 RolloutController INFO: Creating engines...
[37m[1;38;2;180;140;80m(AReaL)[0m [37m20261003-00:07:16.956 EngineBP INFO: Engine 'eval-rollout/1' (class: areal.engine.sglang_remote.RemoteSGLangEngine) instantiated successfully
[37m[1;38;2;180;140;80m(AReaL)[0m [37m20261003-00:07:16.956 EngineBP INFO: Engine 'eval-rollout/3' (class: areal.engine.sglang_remote.RemoteSGLangEngine) instantiated successfully
[37m[1;38;2;180;140;80m(AReaL)[0m [37m20261003-00:07:16.957 EngineBP INFO: Engine 'eval-rollout/0' (class: areal.engine.sglang_remote.RemoteSGLangEngine) instantiated successfully
[37m[1;38;2;180;140;80m(AReaL)[0m [37m20261003-00:07:16.957 EngineBP INFO: Engine 'eval-rollout/2' (class: areal.engine.sglang_remote.RemoteSGLangEngine) instantiated successfully
[37m[1;38;2;180;140;80m(AReaL)[0m [37m20261003-00:07:16.958 RolloutController INFO: Engine created on all workers!
[37m[1;38;2;180;140;80m(AReaL)[0m [37m20261003-00:07:16.958 RolloutController INFO: Calling engine initialization...
[96m[1;38;2;180;140;80m(AReaL)[0m [96m20261003-00:07:16.962 [RemoteInfEngine Rank 1] INFO: Get server addresses from the `addr` argument.
[96m[1;38;2;180;140;80m(AReaL)[0m [96m20261003-00:07:16.962 [RemoteInfEngine Rank 2] INFO: Get server addresses from the `addr` argument.
[96m[1;38;2;180;140;80m(AReaL)[0m [96m20261003-00:07:16.962 [RemoteInfEngine Rank 0] INFO: Get server addresses from the `addr` argument.
[96m[1;38;2;180;140;80m(AReaL)[0m [96m20261003-00:07:16.962 [RemoteInfEngine Rank 3] INFO: Get server addresses from the `addr` argument.
[96m[1;38;2;180;140;80m(AReaL)[0m [96m20261003-00:07:16.962 [RemoteInfEngine Rank 1] INFO: Waiting for server ready...
[96m[1;38;2;180;140;80m(AReaL)[0m [96m20261003-00:07:16.962 [RemoteInfEngine Rank 2] INFO: Waiting for server ready...
[96m[1;38;2;180;140;80m(AReaL)[0m [96m20261003-00:07:16.962 [RemoteInfEngine Rank 3] INFO: Waiting for server ready...
[96m[1;38;2;180;140;80m(AReaL)[0m [96m20261003-00:07:16.962 [RemoteInfEngine Rank 0] INFO: Waiting for server ready...
[96m[1;38;2;180;140;80m(AReaL)[0m [96m20261003-00:07:17.965 [RemoteInfEngine Rank 2] INFO: Servers are all ready!
[96m[1;38;2;180;140;80m(AReaL)[0m [96m20261003-00:07:17.965 [RemoteInfEngine Rank 3] INFO: Servers are all ready!
[96m[1;38;2;180;140;80m(AReaL)[0m [96m20261003-00:07:17.966 [RemoteInfEngine Rank 0] INFO: Servers are all ready!
[96m[1;38;2;180;140;80m(AReaL)[0m [96m20261003-00:07:17.966 [RemoteInfEngine Rank 1] INFO: Servers are all ready!
[37m[1;38;2;180;140;80m(AReaL)[0m [37m20261003-00:07:17.967 RolloutController INFO: All engines are initialized...
[37m[1;38;2;180;140;80m(AReaL)[0m [37m20261003-00:07:17.972 RolloutController INFO: Callback server started on 33.180.166.157:19406
[96m[1;38;2;180;140;80m(AReaL)[0m [96m20261003-00:07:17.977 [MegatronEngine Rank 0] INFO: Initializing weight update group: type=xccl init_method=tcp://33.180.166.157:27314 group=update_weight_group_0
[96m[1;38;2;180;140;80m(AReaL)[0m [96m20261003-00:07:18.000 [RemoteInfEngine Rank 0] INFO: Initializing weight update group: group=update_weight_group_0, addresses=['33.180.166.157:23196']
[96m[1;38;2;180;140;80m(AReaL)[0m [96m20261003-00:07:18.000 [RemoteInfEngine Rank 1] INFO: Initializing weight update group: group=update_weight_group_0, addresses=['33.180.166.157:13888']
[96m[1;38;2;180;140;80m(AReaL)[0m [96m20261003-00:07:18.000 [RemoteInfEngine Rank 3] INFO: Initializing weight update group: group=update_weight_group_0, addresses=['33.180.166.157:15424']
[96m[1;38;2;180;140;80m(AReaL)[0m [96m20261003-00:07:18.000 [RemoteInfEngine Rank 2] INFO: Initializing weight update group: group=update_weight_group_0, addresses=['33.180.166.157:11134']
[96m[1;38;2;180;140;80m(AReaL)[0m [96m20261003-00:07:18.005 [RemoteInfEngine Rank 3] INFO: Initialized NCCL group for distributed weight update for update_weight_group_0.
[96m[1;38;2;180;140;80m(AReaL)[0m [96m20261003-00:07:18.005 [RemoteInfEngine Rank 2] INFO: Initialized NCCL group for distributed weight update for update_weight_group_0.
[96m[1;38;2;180;140;80m(AReaL)[0m [96m20261003-00:07:18.005 [RemoteInfEngine Rank 1] INFO: Initialized NCCL group for distributed weight update for update_weight_group_0.
[96m[1;38;2;180;140;80m(AReaL)[0m [96m20261003-00:07:18.006 [RemoteInfEngine Rank 0] INFO: Initialized NCCL group for distributed weight update for update_weight_group_0.
swanlab: SwanLab run disabled, the data will not be saved or uploaded.
[92m[1;38;2;180;140;80m(AReaL)[0m [92m20261003-00:07:18.231 PerfTracer INFO: Configured global PerfTracer: enabled=False, session_tracing=False, rank=0, role=master
[92m[1;38;2;180;140;80m(AReaL)[0m [92m20261003-00:07:18.235 PerfTracer INFO: Configured global PerfTracer: enabled=False, session_tracing=False, rank=1, role=actor
[92m[1;38;2;180;140;80m(AReaL)[0m [92m20261003-00:07:18.235 PerfTracer INFO: Configured global PerfTracer: enabled=False, session_tracing=False, rank=0, role=actor
[92m[1;38;2;180;140;80m(AReaL)[0m [92m20261003-00:07:18.235 PerfTracer INFO: Configured global PerfTracer: enabled=False, session_tracing=False, rank=2, role=actor
[92m[1;38;2;180;140;80m(AReaL)[0m [92m20261003-00:07:18.235 PerfTracer INFO: Configured global PerfTracer: enabled=False, session_tracing=False, rank=3, role=actor
[92m[1;38;2;180;140;80m(AReaL)[0m [92m20261003-00:07:18.238 PerfTracer INFO: Configured global PerfTracer: enabled=False, session_tracing=False, rank=0, role=rollout
[92m[1;38;2;180;140;80m(AReaL)[0m [92m20261003-00:07:18.238 PerfTracer INFO: Configured global PerfTracer: enabled=False, session_tracing=False, rank=3, role=rollout
[92m[1;38;2;180;140;80m(AReaL)[0m [92m20261003-00:07:18.238 PerfTracer INFO: Configured global PerfTracer: enabled=False, session_tracing=False, rank=2, role=rollout
[92m[1;38;2;180;140;80m(AReaL)[0m [92m20261003-00:07:18.238 PerfTracer INFO: Configured global PerfTracer: enabled=False, session_tracing=False, rank=1, role=rollout
[92m[1;38;2;180;140;80m(AReaL)[0m [92m20261003-00:07:18.240 PerfTracer INFO: Configured global PerfTracer: enabled=False, session_tracing=False, rank=3, role=eval-rollout
[92m[1;38;2;180;140;80m(AReaL)[0m [92m20261003-00:07:18.241 PerfTracer INFO: Configured global PerfTracer: enabled=False, session_tracing=False, rank=2, role=eval-rollout
[92m[1;38;2;180;140;80m(AReaL)[0m [92m20261003-00:07:18.241 PerfTracer INFO: Configured global PerfTracer: enabled=False, session_tracing=False, rank=0, role=eval-rollout
[92m[1;38;2;180;140;80m(AReaL)[0m [92m20261003-00:07:18.241 PerfTracer INFO: Configured global PerfTracer: enabled=False, session_tracing=False, rank=1, role=eval-rollout
[92m[1;38;2;180;140;80m(AReaL)[0m [92m20261003-00:07:19.201 RLTrainer INFO: Initializing proxy workers for AgentWorkflow support
[37m[1;38;2;180;140;80m(AReaL)[0m [37m20261003-00:07:19.205 Guard INFO: Forking new worker process for role 'proxy-rollout' index 3
[37m[1;38;2;180;140;80m(AReaL)[0m [37m20261003-00:07:19.205 Guard INFO: Forking new worker process for role 'proxy-rollout' index 0
[37m[1;38;2;180;140;80m(AReaL)[0m [37m20261003-00:07:19.205 Guard INFO: Forking new worker process for role 'proxy-rollout' index 1
[37m[1;38;2;180;140;80m(AReaL)[0m [37m20261003-00:07:19.205 Guard INFO: Forking new worker process for role 'proxy-rollout' index 2
[37m[1;38;2;180;140;80m(AReaL)[0m [37m20261003-00:07:19.206 Guard INFO: Forked worker logs will be written to: /storage/openpsi/users/fenghui/projects/AReaL/research/muon/evidence/baseline-aligned-3epoch-20261003/adamw/results/logs/root/gsm8k-grpo-megatron-adamw-baseline3/trial0/proxy-rollout.log
[37m[1;38;2;180;140;80m(AReaL)[0m [37m20261003-00:07:19.206 Guard INFO: Forked worker logs will be written to: /storage/openpsi/users/fenghui/projects/AReaL/research/muon/evidence/baseline-aligned-3epoch-20261003/adamw/results/logs/root/gsm8k-grpo-megatron-adamw-baseline3/trial0/proxy-rollout.log
[37m[1;38;2;180;140;80m(AReaL)[0m [37m20261003-00:07:19.206 Guard INFO: Forked worker logs will be written to: /storage/openpsi/users/fenghui/projects/AReaL/research/muon/evidence/baseline-aligned-3epoch-20261003/adamw/results/logs/root/gsm8k-grpo-megatron-adamw-baseline3/trial0/proxy-rollout.log
[37m[1;38;2;180;140;80m(AReaL)[0m [37m20261003-00:07:19.207 Guard INFO: Forked worker logs will be written to: /storage/openpsi/users/fenghui/projects/AReaL/research/muon/evidence/baseline-aligned-3epoch-20261003/adamw/results/logs/root/gsm8k-grpo-megatron-adamw-baseline3/trial0/proxy-rollout.log
[37m[1;38;2;180;140;80m(AReaL)[0m [37m20261003-00:07:19.207 Guard INFO: Forked worker for role 'proxy-rollout' index 3 spawned (pid=56539)
[37m[1;38;2;180;140;80m(AReaL)[0m [37m20261003-00:07:19.207 Guard INFO: Forked worker for role 'proxy-rollout' index 1 spawned (pid=56540)
[37m[1;38;2;180;140;80m(AReaL)[0m [37m20261003-00:07:19.208 Guard INFO: Forked worker for role 'proxy-rollout' index 0 spawned (pid=56541)
[37m[1;38;2;180;140;80m(AReaL)[0m [37m20261003-00:07:19.208 Guard INFO: Forked worker for role 'proxy-rollout' index 2 spawned (pid=56542)
[92m00:07:27 - LiteLLM:WARNING[0m: get_model_cost_map.py:271 - LiteLLM: Failed to fetch remote model cost map from https://raw.githubusercontent.com/BerriAI/litellm/main/model_prices_and_context_window.json: [Errno 104] Connection reset by peer. Falling back to local backup.
[92m00:07:27 - LiteLLM:WARNING[0m: get_model_cost_map.py:271 - LiteLLM: Failed to fetch remote model cost map from https://raw.githubusercontent.com/BerriAI/litellm/main/model_prices_and_context_window.json: [Errno 104] Connection reset by peer. Falling back to local backup.
[92m00:07:27 - LiteLLM:WARNING[0m: get_model_cost_map.py:271 - LiteLLM: Failed to fetch remote model cost map from https://raw.githubusercontent.com/BerriAI/litellm/main/model_prices_and_context_window.json: [Errno 104] Connection reset by peer. Falling back to local backup.
[37m[1;38;2;180;140;80m(AReaL)[0m [37m20261003-00:07:28.816 ProxyRolloutServer INFO: Starting proxy rollout server on 33.180.166.157:10925 for worker proxy-rollout/3
[37m[1;38;2;180;140;80m(AReaL)[0m [37m20261003-00:07:28.825 ProxyRolloutServer INFO: Starting proxy rollout server on 33.180.166.157:32037 for worker proxy-rollout/2
[37m[1;38;2;180;140;80m(AReaL)[0m [37m20261003-00:07:28.832 ProxyRolloutServer INFO: Starting proxy rollout server on 33.180.166.157:20598 for worker proxy-rollout/1
[34m[1;38;2;180;140;80m(AReaL)[0m [34m20261003-00:07:29.239 LocalScheduler INFO: Forked worker proxy-rollout/3 created at 33.180.166.157:10925 (pid=56539) from rollout/3
[34m[1;38;2;180;140;80m(AReaL)[0m [34m20261003-00:07:29.239 LocalScheduler INFO: Forked worker proxy-rollout/2 created at 33.180.166.157:32037 (pid=56542) from rollout/2
[34m[1;38;2;180;140;80m(AReaL)[0m [34m20261003-00:07:29.240 LocalScheduler INFO: Forked worker proxy-rollout/1 created at 33.180.166.157:20598 (pid=56540) from rollout/1
[92m00:07:32 - LiteLLM:WARNING[0m: get_model_cost_map.py:271 - LiteLLM: Failed to fetch remote model cost map from https://raw.githubusercontent.com/BerriAI/litellm/main/model_prices_and_context_window.json: _ssl.c:983: The handshake operation timed out. Falling back to local backup.
[37m[1;38;2;180;140;80m(AReaL)[0m [37m20261003-00:07:33.549 ProxyRolloutServer INFO: Starting proxy rollout server on 33.180.166.157:11729 for worker proxy-rollout/0
[34m[1;38;2;180;140;80m(AReaL)[0m [34m20261003-00:07:33.744 LocalScheduler INFO: Forked worker proxy-rollout/0 created at 33.180.166.157:11729 (pid=56541) from rollout/0
[34m[1;38;2;180;140;80m(AReaL)[0m [34m20261003-00:07:33.745 LocalScheduler INFO: Role 'proxy-rollout' forked from 'rollout': created 4 new worker processes
[96m[1;38;2;180;140;80m(AReaL)[0m [96m20261003-00:07:34.443 PlatformInit INFO: Detected CUDA device: NVIDIA L20X
[96m[1;38;2;180;140;80m(AReaL)[0m [96m20261003-00:07:34.444 PlatformInit INFO: Initializing CUDA platform (NVIDIA).
[34m[1;38;2;180;140;80m(AReaL)[0m [34m20261003-00:07:34.445 LocalScheduler INFO: Configuration successfully on worker 'proxy-rollout/0'
[96m[1;38;2;180;140;80m(AReaL)[0m [96m20261003-00:07:35.149 PlatformInit INFO: Detected CUDA device: NVIDIA L20X
[96m[1;38;2;180;140;80m(AReaL)[0m [96m20261003-00:07:35.149 PlatformInit INFO: Initializing CUDA platform (NVIDIA).
[34m[1;38;2;180;140;80m(AReaL)[0m [34m20261003-00:07:35.150 LocalScheduler INFO: Configuration successfully on worker 'proxy-rollout/1'
[96m[1;38;2;180;140;80m(AReaL)[0m [96m20261003-00:07:35.849 PlatformInit INFO: Detected CUDA device: NVIDIA L20X
[96m[1;38;2;180;140;80m(AReaL)[0m [96m20261003-00:07:35.849 PlatformInit INFO: Initializing CUDA platform (NVIDIA).
[34m[1;38;2;180;140;80m(AReaL)[0m [34m20261003-00:07:35.850 LocalScheduler INFO: Configuration successfully on worker 'proxy-rollout/2'
[96m[1;38;2;180;140;80m(AReaL)[0m [96m20261003-00:07:36.563 PlatformInit INFO: Detected CUDA device: NVIDIA L20X
[96m[1;38;2;180;140;80m(AReaL)[0m [96m20261003-00:07:36.563 PlatformInit INFO: Initializing CUDA platform (NVIDIA).
[34m[1;38;2;180;140;80m(AReaL)[0m [34m20261003-00:07:36.564 LocalScheduler INFO: Configuration successfully on worker 'proxy-rollout/3'
[37m[1;38;2;180;140;80m(AReaL)[0m [37m20261003-00:07:36.565 RolloutController INFO: Proxy workers forked: ['proxy-rollout/0', 'proxy-rollout/1', 'proxy-rollout/2', 'proxy-rollout/3']
[34m[1;38;2;180;140;80m(AReaL)[0m [34m20261003-00:07:36.572 LocalScheduler INFO: All 4 workers for role 'proxy-rollout' are ready
[37m[1;38;2;180;140;80m(AReaL)[0m [37m20261003-00:07:36.572 RolloutController INFO: Proxy workers: ['proxy-rollout/0', 'proxy-rollout/1', 'proxy-rollout/2', 'proxy-rollout/3']
[37m[1;38;2;180;140;80m(AReaL)[0m [37m20261003-00:07:36.581 RolloutController INFO: Proxy engines created
[96m[1;38;2;180;140;80m(AReaL)[0m [96m20261003-00:07:36.721 [RemoteInfEngine Rank 717ee969892d49faaadfc2e3d59c3893] INFO: Get server addresses from the `addr` argument.
[96m[1;38;2;180;140;80m(AReaL)[0m [96m20261003-00:07:36.721 [RemoteInfEngine Rank 717ee969892d49faaadfc2e3d59c3893] INFO: Waiting for server ready...
[96m[1;38;2;180;140;80m(AReaL)[0m [96m20261003-00:07:36.722 [RemoteInfEngine Rank f0633258d5784a01b479f497a2a3adce] INFO: Get server addresses from the `addr` argument.
[96m[1;38;2;180;140;80m(AReaL)[0m [96m20261003-00:07:36.722 [RemoteInfEngine Rank f0633258d5784a01b479f497a2a3adce] INFO: Waiting for server ready...
[96m[1;38;2;180;140;80m(AReaL)[0m [96m20261003-00:07:36.724 [RemoteInfEngine Rank 9e6e7a5b71e747b691580f31821b9b62] INFO: Get server addresses from the `addr` argument.
[96m[1;38;2;180;140;80m(AReaL)[0m [96m20261003-00:07:36.724 [RemoteInfEngine Rank 9e6e7a5b71e747b691580f31821b9b62] INFO: Waiting for server ready...
[96m[1;38;2;180;140;80m(AReaL)[0m [96m20261003-00:07:36.726 [RemoteInfEngine Rank 93c71ff849914059ac8bdefadfdc1385] INFO: Get server addresses from the `addr` argument.
[96m[1;38;2;180;140;80m(AReaL)[0m [96m20261003-00:07:36.726 [RemoteInfEngine Rank 93c71ff849914059ac8bdefadfdc1385] INFO: Waiting for server ready...
[96m[1;38;2;180;140;80m(AReaL)[0m [96m20261003-00:07:37.725 [RemoteInfEngine Rank 717ee969892d49faaadfc2e3d59c3893] INFO: Servers are all ready!
[96m[1;38;2;180;140;80m(AReaL)[0m [96m20261003-00:07:37.725 [RemoteInfEngine Rank f0633258d5784a01b479f497a2a3adce] INFO: Servers are all ready!
[96m[1;38;2;180;140;80m(AReaL)[0m [96m20261003-00:07:37.728 [RemoteInfEngine Rank 9e6e7a5b71e747b691580f31821b9b62] INFO: Servers are all ready!
[96m[1;38;2;180;140;80m(AReaL)[0m [96m20261003-00:07:37.730 [RemoteInfEngine Rank 93c71ff849914059ac8bdefadfdc1385] INFO: Servers are all ready!
[37m[1;38;2;180;140;80m(AReaL)[0m [37m20261003-00:07:38.758 RolloutController INFO: Proxy servers initialized. Addresses: ['http://33.180.166.157:11729', 'http://33.180.166.157:20598', 'http://33.180.166.157:32037', 'http://33.180.166.157:10925']
[37m[1;38;2;180;140;80m(AReaL)[0m [37m20261003-00:07:38.762 Guard INFO: Forking new worker process for role 'proxy-eval-rollout' index 2
[37m[1;38;2;180;140;80m(AReaL)[0m [37m20261003-00:07:38.762 Guard INFO: Forking new worker process for role 'proxy-eval-rollout' index 0
[37m[1;38;2;180;140;80m(AReaL)[0m [37m20261003-00:07:38.762 Guard INFO: Forking new worker process for role 'proxy-eval-rollout' index 3
[37m[1;38;2;180;140;80m(AReaL)[0m [37m20261003-00:07:38.762 Guard INFO: Forking new worker process for role 'proxy-eval-rollout' index 1
[37m[1;38;2;180;140;80m(AReaL)[0m [37m20261003-00:07:38.766 Guard INFO: Forked worker logs will be written to: /storage/openpsi/users/fenghui/projects/AReaL/research/muon/evidence/baseline-aligned-3epoch-20261003/adamw/results/logs/root/gsm8k-grpo-megatron-adamw-baseline3/trial0/proxy-eval-rollout.log
[37m[1;38;2;180;140;80m(AReaL)[0m [37m20261003-00:07:38.766 Guard INFO: Forked worker logs will be written to: /storage/openpsi/users/fenghui/projects/AReaL/research/muon/evidence/baseline-aligned-3epoch-20261003/adamw/results/logs/root/gsm8k-grpo-megatron-adamw-baseline3/trial0/proxy-eval-rollout.log
[37m[1;38;2;180;140;80m(AReaL)[0m [37m20261003-00:07:38.766 Guard INFO: Forked worker logs will be written to: /storage/openpsi/users/fenghui/projects/AReaL/research/muon/evidence/baseline-aligned-3epoch-20261003/adamw/results/logs/root/gsm8k-grpo-megatron-adamw-baseline3/trial0/proxy-eval-rollout.log
[37m[1;38;2;180;140;80m(AReaL)[0m [37m20261003-00:07:38.766 Guard INFO: Forked worker logs will be written to: /storage/openpsi/users/fenghui/projects/AReaL/research/muon/evidence/baseline-aligned-3epoch-20261003/adamw/results/logs/root/gsm8k-grpo-megatron-adamw-baseline3/trial0/proxy-eval-rollout.log
[37m[1;38;2;180;140;80m(AReaL)[0m [37m20261003-00:07:38.767 Guard INFO: Forked worker for role 'proxy-eval-rollout' index 0 spawned (pid=56703)
[37m[1;38;2;180;140;80m(AReaL)[0m [37m20261003-00:07:38.767 Guard INFO: Forked worker for role 'proxy-eval-rollout' index 3 spawned (pid=56704)
[37m[1;38;2;180;140;80m(AReaL)[0m [37m20261003-00:07:38.767 Guard INFO: Forked worker for role 'proxy-eval-rollout' index 1 spawned (pid=56705)
[37m[1;38;2;180;140;80m(AReaL)[0m [37m20261003-00:07:38.767 Guard INFO: Forked worker for role 'proxy-eval-rollout' index 2 spawned (pid=56706)
[92m00:07:47 - LiteLLM:WARNING[0m: get_model_cost_map.py:271 - LiteLLM: Failed to fetch remote model cost map from https://raw.githubusercontent.com/BerriAI/litellm/main/model_prices_and_context_window.json: [Errno 104] Connection reset by peer. Falling back to local backup.
[92m00:07:47 - LiteLLM:WARNING[0m: get_model_cost_map.py:271 - LiteLLM: Failed to fetch remote model cost map from https://raw.githubusercontent.com/BerriAI/litellm/main/model_prices_and_context_window.json: [Errno 104] Connection reset by peer. Falling back to local backup.
[92m00:07:47 - LiteLLM:WARNING[0m: get_model_cost_map.py:271 - LiteLLM: Failed to fetch remote model cost map from https://raw.githubusercontent.com/BerriAI/litellm/main/model_prices_and_context_window.json: [Errno 104] Connection reset by peer. Falling back to local backup.
[37m[1;38;2;180;140;80m(AReaL)[0m [37m20261003-00:07:48.292 ProxyRolloutServer INFO: Starting proxy rollout server on 33.180.166.157:18578 for worker proxy-eval-rollout/1
[37m[1;38;2;180;140;80m(AReaL)[0m [37m20261003-00:07:48.332 ProxyRolloutServer INFO: Starting proxy rollout server on 33.180.166.157:24771 for worker proxy-eval-rollout/3
[37m[1;38;2;180;140;80m(AReaL)[0m [37m20261003-00:07:48.338 ProxyRolloutServer INFO: Starting proxy rollout server on 33.180.166.157:16897 for worker proxy-eval-rollout/2
[34m[1;38;2;180;140;80m(AReaL)[0m [34m20261003-00:07:48.797 LocalScheduler INFO: Forked worker proxy-eval-rollout/3 created at 33.180.166.157:24771 (pid=56704) from eval-rollout/3
[34m[1;38;2;180;140;80m(AReaL)[0m [34m20261003-00:07:48.797 LocalScheduler INFO: Forked worker proxy-eval-rollout/2 created at 33.180.166.157:16897 (pid=56706) from eval-rollout/2
[34m[1;38;2;180;140;80m(AReaL)[0m [34m20261003-00:07:48.798 LocalScheduler INFO: Forked worker proxy-eval-rollout/1 created at 33.180.166.157:18578 (pid=56705) from eval-rollout/1
[37m[1;38;2;180;140;80m(AReaL)[0m [37m20261003-00:07:49.923 ProxyRolloutServer INFO: Starting proxy rollout server on 33.180.166.157:13915 for worker proxy-eval-rollout/0
[34m[1;38;2;180;140;80m(AReaL)[0m [34m20261003-00:07:50.300 LocalScheduler INFO: Forked worker proxy-eval-rollout/0 created at 33.180.166.157:13915 (pid=56703) from eval-rollout/0
[34m[1;38;2;180;140;80m(AReaL)[0m [34m20261003-00:07:50.300 LocalScheduler INFO: Role 'proxy-eval-rollout' forked from 'eval-rollout': created 4 new worker processes
[96m[1;38;2;180;140;80m(AReaL)[0m [96m20261003-00:07:51.011 PlatformInit INFO: Detected CUDA device: NVIDIA L20X
[96m[1;38;2;180;140;80m(AReaL)[0m [96m20261003-00:07:51.011 PlatformInit INFO: Initializing CUDA platform (NVIDIA).
[34m[1;38;2;180;140;80m(AReaL)[0m [34m20261003-00:07:51.012 LocalScheduler INFO: Configuration successfully on worker 'proxy-eval-rollout/0'
[96m[1;38;2;180;140;80m(AReaL)[0m [96m20261003-00:07:51.707 PlatformInit INFO: Detected CUDA device: NVIDIA L20X
[96m[1;38;2;180;140;80m(AReaL)[0m [96m20261003-00:07:51.708 PlatformInit INFO: Initializing CUDA platform (NVIDIA).
[34m[1;38;2;180;140;80m(AReaL)[0m [34m20261003-00:07:51.708 LocalScheduler INFO: Configuration successfully on worker 'proxy-eval-rollout/1'
[96m[1;38;2;180;140;80m(AReaL)[0m [96m20261003-00:07:52.413 PlatformInit INFO: Detected CUDA device: NVIDIA L20X
[96m[1;38;2;180;140;80m(AReaL)[0m [96m20261003-00:07:52.413 PlatformInit INFO: Initializing CUDA platform (NVIDIA).
[34m[1;38;2;180;140;80m(AReaL)[0m [34m20261003-00:07:52.414 LocalScheduler INFO: Configuration successfully on worker 'proxy-eval-rollout/2'
[96m[1;38;2;180;140;80m(AReaL)[0m [96m20261003-00:07:53.119 PlatformInit INFO: Detected CUDA device: NVIDIA L20X
[96m[1;38;2;180;140;80m(AReaL)[0m [96m20261003-00:07:53.120 PlatformInit INFO: Initializing CUDA platform (NVIDIA).
[34m[1;38;2;180;140;80m(AReaL)[0m [34m20261003-00:07:53.120 LocalScheduler INFO: Configuration successfully on worker 'proxy-eval-rollout/3'
[37m[1;38;2;180;140;80m(AReaL)[0m [37m20261003-00:07:53.121 RolloutController INFO: Proxy workers forked: ['proxy-eval-rollout/0', 'proxy-eval-rollout/1', 'proxy-eval-rollout/2', 'proxy-eval-rollout/3']
[34m[1;38;2;180;140;80m(AReaL)[0m [34m20261003-00:07:53.128 LocalScheduler INFO: All 4 workers for role 'proxy-eval-rollout' are ready
[37m[1;38;2;180;140;80m(AReaL)[0m [37m20261003-00:07:53.128 RolloutController INFO: Proxy workers: ['proxy-eval-rollout/0', 'proxy-eval-rollout/1', 'proxy-eval-rollout/2', 'proxy-eval-rollout/3']
[37m[1;38;2;180;140;80m(AReaL)[0m [37m20261003-00:07:53.142 RolloutController INFO: Proxy engines created
[96m[1;38;2;180;140;80m(AReaL)[0m [96m20261003-00:07:53.282 [RemoteInfEngine Rank 9083635a476a4c09a1d04c495f76b6d2] INFO: Get server addresses from the `addr` argument.
[96m[1;38;2;180;140;80m(AReaL)[0m [96m20261003-00:07:53.282 [RemoteInfEngine Rank 9083635a476a4c09a1d04c495f76b6d2] INFO: Waiting for server ready...
[96m[1;38;2;180;140;80m(AReaL)[0m [96m20261003-00:07:53.283 [RemoteInfEngine Rank fcbf6537c6d04f57badfa74c662fb667] INFO: Get server addresses from the `addr` argument.
[96m[1;38;2;180;140;80m(AReaL)[0m [96m20261003-00:07:53.283 [RemoteInfEngine Rank fcbf6537c6d04f57badfa74c662fb667] INFO: Waiting for server ready...
[96m[1;38;2;180;140;80m(AReaL)[0m [96m20261003-00:07:53.284 [RemoteInfEngine Rank a5133eed60264f41ae0d53cfd9926a69] INFO: Get server addresses from the `addr` argument.
[96m[1;38;2;180;140;80m(AReaL)[0m [96m20261003-00:07:53.284 [RemoteInfEngine Rank a5133eed60264f41ae0d53cfd9926a69] INFO: Waiting for server ready...
[96m[1;38;2;180;140;80m(AReaL)[0m [96m20261003-00:07:53.285 [RemoteInfEngine Rank dc5bf06432b641f39d0ad2ae3f119c71] INFO: Get server addresses from the `addr` argument.
[96m[1;38;2;180;140;80m(AReaL)[0m [96m20261003-00:07:53.286 [RemoteInfEngine Rank dc5bf06432b641f39d0ad2ae3f119c71] INFO: Waiting for server ready...
[96m[1;38;2;180;140;80m(AReaL)[0m [96m20261003-00:07:54.285 [RemoteInfEngine Rank 9083635a476a4c09a1d04c495f76b6d2] INFO: Servers are all ready!
[96m[1;38;2;180;140;80m(AReaL)[0m [96m20261003-00:07:54.286 [RemoteInfEngine Rank fcbf6537c6d04f57badfa74c662fb667] INFO: Servers are all ready!
[96m[1;38;2;180;140;80m(AReaL)[0m [96m20261003-00:07:54.287 [RemoteInfEngine Rank a5133eed60264f41ae0d53cfd9926a69] INFO: Servers are all ready!
[96m[1;38;2;180;140;80m(AReaL)[0m [96m20261003-00:07:54.289 [RemoteInfEngine Rank dc5bf06432b641f39d0ad2ae3f119c71] INFO: Servers are all ready!
[37m[1;38;2;180;140;80m(AReaL)[0m [37m20261003-00:07:55.325 RolloutController INFO: Proxy servers initialized. Addresses: ['http://33.180.166.157:13915', 'http://33.180.166.157:18578', 'http://33.180.166.157:16897', 'http://33.180.166.157:24771']
[96m[1;38;2;180;140;80m(AReaL)[0m [96m20261003-00:08:09.371 [MegatronEngine Rank 3] INFO: #microbatch: 9, microbatch #tokens: [10240, 5797, 10234, 10188, 10240, 10218, 10081, 10161, 10238], aligned to: [10240, 5797, 10234, 10188, 10240, 10218, 10081, 10161, 10238], padded to: [10240, 5888, 10240, 10240, 10240, 10240, 10240, 10240, 10240], padding lengths: [0, 91, 6, 52, 0, 22, 159, 79, 2].
[96m[1;38;2;180;140;80m(AReaL)[0m [96m20261003-00:08:09.371 [MegatronEngine Rank 0] INFO: #microbatch: 9, microbatch #tokens: [10233, 10180, 10212, 10189, 10096, 10078, 3441, 10213, 10231], aligned to: [10233, 10180, 10212, 10189, 10096, 10078, 3441, 10213, 10231], padded to: [10240, 10240, 10240, 10240, 10240, 10240, 3584, 10240, 10240], padding lengths: [7, 60, 28, 51, 144, 162, 143, 27, 9].
[96m[1;38;2;180;140;80m(AReaL)[0m [96m20261003-00:08:09.371 [MegatronEngine Rank 1] INFO: #microbatch: 9, microbatch #tokens: [10233, 10178, 10171, 10196, 10239, 10232, 7407, 10236, 10218], aligned to: [10233, 10178, 10171, 10196, 10239, 10232, 7407, 10236, 10218], padded to: [10240, 10240, 10240, 10240, 10240, 10240, 7424, 10240, 10240], padding lengths: [7, 62, 69, 44, 1, 8, 17, 4, 22].
[96m[1;38;2;180;140;80m(AReaL)[0m [96m20261003-00:08:09.371 [MegatronEngine Rank 2] INFO: #microbatch: 9, microbatch #tokens: [10237, 10218, 10211, 10239, 10220, 10238, 4912, 10239, 10110], aligned to: [10237, 10218, 10211, 10239, 10220, 10238, 4912, 10239, 10110], padded to: [10240, 10240, 10240, 10240, 10240, 10240, 5120, 10240, 10240], padding lengths: [3, 22, 29, 1, 20, 2, 208, 1, 130].
[37m[1;38;2;180;140;80m(AReaL)[0m [37m20261003-00:08:14.448 IOStruct INFO: Memory-Usage recompute logp: memory allocated (GB): 10.13, memory reserved (GB): 27.41, device memory used/total (GB): 31.73/139.81 | host RssAnon: 1294MB, RssShmem: 0MB
[37m[1;38;2;180;140;80m(AReaL)[0m [37m20261003-00:08:15.159 IOStruct INFO: Memory-Usage compute advantages: memory allocated (GB): 10.15, memory reserved (GB): 27.41, device memory used/total (GB): 31.74/139.81 | host RssAnon: 1300MB, RssShmem: 0MB
[96m[1;38;2;180;140;80m(AReaL)[0m [96m20261003-00:08:15.636 [MegatronEngine Rank 3] INFO: #microbatch: 9, microbatch #tokens: [10240, 5797, 10234, 10188, 10240, 10218, 10081, 10161, 10238], aligned to: [10240, 5797, 10234, 10188, 10240, 10218, 10081, 10161, 10238], padded to: [10240, 5888, 10240, 10240, 10240, 10240, 10240, 10240, 10240], padding lengths: [0, 91, 6, 52, 0, 22, 159, 79, 2].
[96m[1;38;2;180;140;80m(AReaL)[0m [96m20261003-00:08:15.636 [MegatronEngine Rank 2] INFO: #microbatch: 9, microbatch #tokens: [10237, 10218, 10211, 10239, 10220, 10238, 4912, 10239, 10110], aligned to: [10237, 10218, 10211, 10239, 10220, 10238, 4912, 10239, 10110], padded to: [10240, 10240, 10240, 10240, 10240, 10240, 5120, 10240, 10240], padding lengths: [3, 22, 29, 1, 20, 2, 208, 1, 130].
[96m[1;38;2;180;140;80m(AReaL)[0m [96m20261003-00:08:15.637 [MegatronEngine Rank 0] INFO: #microbatch: 9, microbatch #tokens: [10233, 10180, 10212, 10189, 10096, 10078, 3441, 10213, 10231], aligned to: [10233, 10180, 10212, 10189, 10096, 10078, 3441, 10213, 10231], padded to: [10240, 10240, 10240, 10240, 10240, 10240, 3584, 10240, 10240], padding lengths: [7, 60, 28, 51, 144, 162, 143, 27, 9].
[96m[1;38;2;180;140;80m(AReaL)[0m [96m20261003-00:08:15.637 [MegatronEngine Rank 1] INFO: #microbatch: 9, microbatch #tokens: [10233, 10178, 10171, 10196, 10239, 10232, 7407, 10236, 10218], aligned to: [10233, 10178, 10171, 10196, 10239, 10232, 7407, 10236, 10218], padded to: [10240, 10240, 10240, 10240, 10240, 10240, 7424, 10240, 10240], padding lengths: [7, 62, 69, 44, 1, 8, 17, 4, 22].
[37m[1;38;2;180;140;80m(AReaL)[0m [37m20261003-00:08:25.005 IOStruct INFO: Memory-Usage before first gradient synchronization: memory allocated (GB): 10.17, memory reserved (GB): 61.39, device memory used/total (GB): 65.94/139.81 | host RssAnon: 2354MB, RssShmem: 181MB
[37m[1;38;2;180;140;80m(AReaL)[0m [37m20261003-00:08:25.040 IOStruct INFO: Memory-Usage after reclaiming gradient sync cache: memory allocated (GB): 10.17, memory reserved (GB): 16.32, device memory used/total (GB): 20.87/139.81 | host RssAnon: 2354MB, RssShmem: 181MB
[37m[1;38;2;180;140;80m(AReaL)[0m [37m20261003-00:08:25.841 IOStruct INFO: Memory-Usage before first gradient synchronization: memory allocated (GB): 10.17, memory reserved (GB): 61.40, device memory used/total (GB): 65.80/139.81 | host RssAnon: 2355MB, RssShmem: 181MB
[37m[1;38;2;180;140;80m(AReaL)[0m [37m20261003-00:08:25.884 IOStruct INFO: Memory-Usage after reclaiming gradient sync cache: memory allocated (GB): 10.17, memory reserved (GB): 16.27, device memory used/total (GB): 20.68/139.81 | host RssAnon: 2355MB, RssShmem: 181MB
[37m[1;38;2;180;140;80m(AReaL)[0m [37m20261003-00:08:25.964 IOStruct INFO: Memory-Usage before first gradient synchronization: memory allocated (GB): 10.17, memory reserved (GB): 61.41, device memory used/total (GB): 65.95/139.81 | host RssAnon: 2365MB, RssShmem: 181MB
[37m[1;38;2;180;140;80m(AReaL)[0m [37m20261003-00:08:26.000 IOStruct INFO: Memory-Usage after reclaiming gradient sync cache: memory allocated (GB): 10.17, memory reserved (GB): 16.34, device memory used/total (GB): 20.88/139.81 | host RssAnon: 2365MB, RssShmem: 181MB
[37m[1;38;2;180;140;80m(AReaL)[0m [37m20261003-00:08:26.036 IOStruct INFO: Memory-Usage before first gradient synchronization: memory allocated (GB): 10.17, memory reserved (GB): 61.55, device memory used/total (GB): 65.39/139.81 | host RssAnon: 2350MB, RssShmem: 181MB
[37m[1;38;2;180;140;80m(AReaL)[0m [37m20261003-00:08:26.084 IOStruct INFO: Memory-Usage after reclaiming gradient sync cache: memory allocated (GB): 10.17, memory reserved (GB): 16.35, device memory used/total (GB): 20.19/139.81 | host RssAnon: 2350MB, RssShmem: 181MB
[37m[1;38;2;180;140;80m(AReaL)[0m [37m20261003-00:08:26.398 IOStruct INFO: Memory-Usage ppo update: memory allocated (GB): 13.05, memory reserved (GB): 16.27, device memory used/total (GB): 21.44/139.81 | host RssAnon: 1300MB, RssShmem: 0MB
[37m[1;38;2;180;140;80m(AReaL)[0m [37m20261003-00:08:41.970 HFUtils INFO: Copied generation_config.json from /storage/openpsi/models/Qwen__Qwen2.5-1.5B-Instruct to /storage/openpsi/users/fenghui/projects/AReaL/research/muon/evidence/baseline-aligned-3epoch-20261003/adamw/results/checkpoints/root/gsm8k-grpo-megatron-adamw-baseline3/trial0/default/epoch0epochstep0globalstep0
[37m[1;38;2;180;140;80m(AReaL)[0m [37m20261003-00:08:41.981 HFUtils INFO: Copied tokenizer_config.json from /storage/openpsi/models/Qwen__Qwen2.5-1.5B-Instruct to /storage/openpsi/users/fenghui/projects/AReaL/research/muon/evidence/baseline-aligned-3epoch-20261003/adamw/results/checkpoints/root/gsm8k-grpo-megatron-adamw-baseline3/trial0/default/epoch0epochstep0globalstep0
[37m[1;38;2;180;140;80m(AReaL)[0m [37m20261003-00:08:42.016 HFUtils INFO: Copied vocab.json from /storage/openpsi/models/Qwen__Qwen2.5-1.5B-Instruct to /storage/openpsi/users/fenghui/projects/AReaL/research/muon/evidence/baseline-aligned-3epoch-20261003/adamw/results/checkpoints/root/gsm8k-grpo-megatron-adamw-baseline3/trial0/default/epoch0epochstep0globalstep0
[37m[1;38;2;180;140;80m(AReaL)[0m [37m20261003-00:08:42.030 HFUtils INFO: Copied merges.txt from /storage/openpsi/models/Qwen__Qwen2.5-1.5B-Instruct to /storage/openpsi/users/fenghui/projects/AReaL/research/muon/evidence/baseline-aligned-3epoch-20261003/adamw/results/checkpoints/root/gsm8k-grpo-megatron-adamw-baseline3/trial0/default/epoch0epochstep0globalstep0
[37m[1;38;2;180;140;80m(AReaL)[0m [37m20261003-00:08:42.032 HFUtils INFO: special_tokens_map.json does not exist in /storage/openpsi/models/Qwen__Qwen2.5-1.5B-Instruct; skipping
[37m[1;38;2;180;140;80m(AReaL)[0m [37m20261003-00:08:42.053 HFUtils INFO: Copied tokenizer.json from /storage/openpsi/models/Qwen__Qwen2.5-1.5B-Instruct to /storage/openpsi/users/fenghui/projects/AReaL/research/muon/evidence/baseline-aligned-3epoch-20261003/adamw/results/checkpoints/root/gsm8k-grpo-megatron-adamw-baseline3/trial0/default/epoch0epochstep0globalstep0
[37m[1;38;2;180;140;80m(AReaL)[0m [37m20261003-00:08:42.072 HFUtils INFO: Patched config.json: torch_dtype=bfloat16
[37m[1;38;2;180;140;80m(AReaL)[0m [37m20261003-00:08:42.291 DataBP INFO: Cleared 585 batch shards. Stats: {'status': 'ok', 'cleared_count': 585, 'num_tensors': 189, 'total_bytes': 1448532}
[37m[1;38;2;180;140;80m(AReaL)[0m [37m20261003-00:08:42.291 DataBP INFO: Cleared 576 batch shards. Stats: {'status': 'ok', 'cleared_count': 576, 'num_tensors': 351, 'total_bytes': 2042256}
[37m[1;38;2;180;140;80m(AReaL)[0m [37m20261003-00:08:42.291 DataBP INFO: Cleared 576 batch shards. Stats: {'status': 'ok', 'cleared_count': 576, 'num_tensors': 261, 'total_bytes': 1732620}
[37m[1;38;2;180;140;80m(AReaL)[0m [37m20261003-00:08:42.292 DataBP INFO: Cleared 567 batch shards. Stats: {'status': 'ok', 'cleared_count': 567, 'num_tensors': 171, 'total_bytes': 1050744}
[37m[1;38;2;180;140;80m(AReaL)[0m [37m20261003-00:08:42.293 DataBP INFO: Cleared 960 batch shards. Stats: {'status': 'ok', 'cleared_count': 960, 'num_tensors': 0, 'total_bytes': 0}
[37m[1;38;2;180;140;80m(AReaL)[0m [37m20261003-00:08:42.293 DataBP INFO: Cleared 960 batch shards. Stats: {'status': 'ok', 'cleared_count': 960, 'num_tensors': 0, 'total_bytes': 0}
[37m[1;38;2;180;140;80m(AReaL)[0m [37m20261003-00:08:42.293 DataBP INFO: Cleared 960 batch shards. Stats: {'status': 'ok', 'cleared_count': 960, 'num_tensors': 0, 'total_bytes': 0}
[37m[1;38;2;180;140;80m(AReaL)[0m [37m20261003-00:08:42.294 DataBP INFO: Cleared 960 batch shards. Stats: {'status': 'ok', 'cleared_count': 960, 'num_tensors': 0, 'total_bytes': 0}
[37m[1;38;2;180;140;80m(AReaL)[0m [37m20261003-00:08:48.710 DataBP INFO: Cleared 9 batch shards. Stats: {'status': 'ok', 'cleared_count': 9, 'num_tensors': 0, 'total_bytes': 0}
[37m[1;38;2;180;140;80m(AReaL)[0m [37m20261003-00:08:48.710 DataBP INFO: Cleared 9 batch shards. Stats: {'status': 'ok', 'cleared_count': 9, 'num_tensors': 0, 'total_bytes': 0}
[37m[1;38;2;180;140;80m(AReaL)[0m [37m20261003-00:08:48.710 DataBP INFO: Cleared 9 batch shards. Stats: {'status': 'ok', 'cleared_count': 9, 'num_tensors': 0, 'total_bytes': 0}
[37m[1;38;2;180;140;80m(AReaL)[0m [37m20261003-00:08:48.710 DataBP INFO: Cleared 9 batch shards. Stats: {'status': 'ok', 'cleared_count': 9, 'num_tensors': 0, 'total_bytes': 0}
[92m[1;38;2;180;140;80m(AReaL)[0m [92m20261003-00:08:49.693 StatsLogger INFO: Epoch 1/3 Step 1/1 Train step 1/3 done.
[92m[1;38;2;180;140;80m(AReaL)[0m [92m20261003-00:08:49.694 StatsLogger INFO: Stats (1/1):
[92m[1;38;2;180;140;80m(AReaL)[0m [92m20261003-00:08:49.701 StatsLogger INFO: 
╒════════════════════════════════════════╤═════════════╤═════════════════════════════════════════════════╤═════════════╤══════════════════════════════════════════════════════════════╤═════════════╤══════════════════════════════════════════════╤═════════════╕
│ timeperf/rollout                       │  1.2931e+01 │ ppo_actor/seq_len/max                           │  1.1190e+03 │ ppo_actor/update/compute_logp/kl_div_taylor/avg              │  3.3892e-04 │ ppo_actor/update/version_stats/v_proximal    │  0.0000e+00 │
├────────────────────────────────────────┼─────────────┼─────────────────────────────────────────────────┼─────────────┼──────────────────────────────────────────────────────────────┼─────────────┼──────────────────────────────────────────────┼─────────────┤
│ timeperf/recompute_logp                │  6.1929e+00 │ ppo_actor/seq_len/min                           │  7.3000e+01 │ ppo_actor/update/compute_logp/kl_div_taylor/max              │  1.2048e-01 │ ppo_actor/update/version_stats/v_theta       │  0.0000e+00 │
├────────────────────────────────────────┼─────────────┼─────────────────────────────────────────────────┼─────────────┼──────────────────────────────────────────────────────────────┼─────────────┼──────────────────────────────────────────────┼─────────────┤
│ timeperf/compute_advantage             │  7.1028e-01 │ ppo_actor/task_reward/avg                       │  6.8750e-01 │ ppo_actor/update/compute_logp/kl_div_taylor/min              │  0.0000e+00 │ ppo_actor/update/vocab_max_logits/avg        │  2.9453e+01 │
├────────────────────────────────────────┼─────────────┼─────────────────────────────────────────────────┼─────────────┼──────────────────────────────────────────────────────────────┼─────────────┼──────────────────────────────────────────────┼─────────────┤
│ timeperf/train_step                    │  1.1239e+01 │ ppo_actor/task_reward/max                       │  1.0000e+00 │ ppo_actor/update/compute_logp/n_valid_tokens                 │  2.4668e+05 │ ppo_actor/update/vocab_max_logits/max        │  4.8750e+01 │
├────────────────────────────────────────┼─────────────┼─────────────────────────────────────────────────┼─────────────┼──────────────────────────────────────────────────────────────┼─────────────┼──────────────────────────────────────────────┼─────────────┤
│ timeperf/update_weights                │  5.6295e+00 │ ppo_actor/task_reward/min                       │  0.0000e+00 │ ppo_actor/update/compute_logp/prox_logp_gt/avg               │ -3.4071e-01 │ ppo_actor/update/vocab_max_logits/min        │  5.5312e+00 │
├────────────────────────────────────────┼─────────────┼─────────────────────────────────────────────────┼─────────────┼──────────────────────────────────────────────────────────────┼─────────────┼──────────────────────────────────────────────┼─────────────┤
│ timeperf/save                          │  1.0166e+01 │ ppo_actor/train_infer/kl_k1                     │  3.6578e-04 │ ppo_actor/update/compute_logp/prox_logp_gt/max               │  0.0000e+00 │ ppo_actor/update/vocab_min_logits/avg        │ -1.5722e+01 │
├────────────────────────────────────────┼─────────────┼─────────────────────────────────────────────────┼─────────────┼──────────────────────────────────────────────────────────────┼─────────────┼──────────────────────────────────────────────┼─────────────┤
│ timeperf/checkpoint_for_recover        │  1.3664e-04 │ ppo_actor/train_infer/kl_k2                     │  3.3892e-04 │ ppo_actor/update/compute_logp/prox_logp_gt/min               │ -2.0336e+01 │ ppo_actor/update/vocab_min_logits/max        │ -4.3438e+00 │
├────────────────────────────────────────┼─────────────┼─────────────────────────────────────────────────┼─────────────┼──────────────────────────────────────────────────────────────┼─────────────┼──────────────────────────────────────────────┼─────────────┤
│ timeperf/clear_batches                 │  1.9252e-01 │ ppo_actor/train_infer/kl_k3                     │  3.3787e-04 │ ppo_actor/update/dual_clip_ratio/avg                         │  0.0000e+00 │ ppo_actor/update/vocab_min_logits/min        │ -4.4250e+01 │
├────────────────────────────────────────┼─────────────┼─────────────────────────────────────────────────┼─────────────┼──────────────────────────────────────────────────────────────┼─────────────┼──────────────────────────────────────────────┼─────────────┤
│ timeperf/eval                          │  6.2442e+00 │ ppo_actor/train_infer/kl_k3_overflow_fraction   │  0.0000e+00 │ ppo_actor/update/dual_clip_ratio/max                         │  0.0000e+00 │ ppo_actor/usable_group_size/avg              │  4.0000e+00 │
├────────────────────────────────────────┼─────────────┼─────────────────────────────────────────────────┼─────────────┼──────────────────────────────────────────────────────────────┼─────────────┼──────────────────────────────────────────────┼─────────────┤
│ ppo_actor/advantage_negative_fraction  │  6.5416e-01 │ ppo_actor/train_infer/logp_abs_diff/avg         │  8.6957e-03 │ ppo_actor/update/dual_clip_ratio/min                         │  0.0000e+00 │ ppo_actor/usable_group_size/max              │  4.0000e+00 │
├────────────────────────────────────────┼─────────────┼─────────────────────────────────────────────────┼─────────────┼──────────────────────────────────────────────────────────────┼─────────────┼──────────────────────────────────────────────┼─────────────┤
│ ppo_actor/advantage_positive_fraction  │  3.4584e-01 │ ppo_actor/train_infer/logp_abs_diff/max         │  4.9087e-01 │ ppo_actor/update/dual_clipped_tokens                         │  0.0000e+00 │ ppo_actor/usable_group_size/min              │  4.0000e+00 │
├────────────────────────────────────────┼─────────────┼─────────────────────────────────────────────────┼─────────────┼──────────────────────────────────────────────────────────────┼─────────────┼──────────────────────────────────────────────┼─────────────┤
│ ppo_actor/advantage_zero_fraction      │  0.0000e+00 │ ppo_actor/train_infer/logp_abs_diff/min         │  0.0000e+00 │ ppo_actor/update/entropy/avg                                 │  3.3960e-01 │ ppo_actor/use_dual_clip                      │  0.0000e+00 │
├────────────────────────────────────────┼─────────────┼─────────────────────────────────────────────────┼─────────────┼──────────────────────────────────────────────────────────────┼─────────────┼──────────────────────────────────────────────┼─────────────┤
│ ppo_actor/advantages/avg               │  4.4537e-09 │ ppo_actor/train_infer/logp_diff/avg             │ -3.6578e-04 │ ppo_actor/update/entropy/max                                 │  9.5624e+00 │ rollout/num_turns_count                      │  2.0700e+03 │
├────────────────────────────────────────┼─────────────┼─────────────────────────────────────────────────┼─────────────┼──────────────────────────────────────────────────────────────┼─────────────┼──────────────────────────────────────────────┼─────────────┤
│ ppo_actor/advantages/max               │  2.3165e+00 │ ppo_actor/train_infer/logp_diff/max             │  4.5196e-01 │ ppo_actor/update/entropy/min                                 │  8.8554e-10 │ rollout/num_turns_no_harness_err_count       │  2.0700e+03 │
├────────────────────────────────────────┼─────────────┼─────────────────────────────────────────────────┼─────────────┼──────────────────────────────────────────────────────────────┼─────────────┼──────────────────────────────────────────────┼─────────────┤
│ ppo_actor/advantages/min               │ -2.3313e+00 │ ppo_actor/train_infer/logp_diff/min             │ -4.9087e-01 │ ppo_actor/update/grad_norm                                   │  3.1778e-01 │ rollout/accepted                             │  1.0000e+00 │
├────────────────────────────────────────┼─────────────┼─────────────────────────────────────────────────┼─────────────┼──────────────────────────────────────────────────────────────┼─────────────┼──────────────────────────────────────────────┼─────────────┤
│ ppo_actor/correct_n_seqs               │  7.0400e+02 │ ppo_actor/train_infer/logp_diff_squared         │  6.7783e-04 │ ppo_actor/update/importance_weight/avg                       │  1.0000e+00 │ rollout/context_overflow                     │  0.0000e+00 │
├────────────────────────────────────────┼─────────────┼─────────────────────────────────────────────────┼─────────────┼──────────────────────────────────────────────────────────────┼─────────────┼──────────────────────────────────────────────┼─────────────┤
│ ppo_actor/correct_seq_len/avg          │  3.2476e+02 │ ppo_actor/train_infer/n_valid_tokens            │  2.4668e+05 │ ppo_actor/update/importance_weight/max                       │  1.0000e+00 │ rollout/fully_masked_group                   │  0.0000e+00 │
├────────────────────────────────────────┼─────────────┼─────────────────────────────────────────────────┼─────────────┼──────────────────────────────────────────────────────────────┼─────────────┼──────────────────────────────────────────────┼─────────────┤
│ ppo_actor/correct_seq_len/max          │  7.7500e+02 │ ppo_actor/train_infer/nonfinite_logp_fraction   │  0.0000e+00 │ ppo_actor/update/importance_weight/min                       │  1.0000e+00 │ rollout/pre_filter_trainable_slot_yield      │  1.0000e+00 │
├────────────────────────────────────────┼─────────────┼─────────────────────────────────────────────────┼─────────────┼──────────────────────────────────────────────────────────────┼─────────────┼──────────────────────────────────────────────┼─────────────┤
│ ppo_actor/correct_seq_len/min          │  8.3000e+01 │ ppo_actor/train_infer/ratio_outside_1.5         │  1.2162e-05 │ ppo_actor/update/logp_abs_diff/avg                           │  8.6957e-03 │ rollout/pre_filter_usable_slot_yield         │  1.0000e+00 │
├────────────────────────────────────────┼─────────────┼─────────────────────────────────────────────────┼─────────────┼──────────────────────────────────────────────────────────────┼─────────────┼──────────────────────────────────────────────┼─────────────┤
│ ppo_actor/eps_clip                     │  4.0000e-01 │ ppo_actor/train_infer/ratio_outside_10          │  0.0000e+00 │ ppo_actor/update/logp_abs_diff/max                           │  4.9087e-01 │ rollout/proxy_system_error                   │  0.0000e+00 │
├────────────────────────────────────────┼─────────────┼─────────────────────────────────────────────────┼─────────────┼──────────────────────────────────────────────────────────────┼─────────────┼──────────────────────────────────────────────┼─────────────┤
│ ppo_actor/final_reward/avg             │ -2.0297e-11 │ ppo_actor/train_infer/ratio_outside_2           │  0.0000e+00 │ ppo_actor/update/logp_abs_diff/min                           │  0.0000e+00 │ rollout/reward                               │  6.9807e-01 │
├────────────────────────────────────────┼─────────────┼─────────────────────────────────────────────────┼─────────────┼──────────────────────────────────────────────────────────────┼─────────────┼──────────────────────────────────────────────┼─────────────┤
│ ppo_actor/final_reward/max             │  1.5000e+00 │ ppo_actor/train_infer/ratio_outside_3           │  0.0000e+00 │ ppo_actor/update/logp_diff/avg                               │  3.6578e-04 │ rollout/singleton_slot_group                 │  0.0000e+00 │
├────────────────────────────────────────┼─────────────┼─────────────────────────────────────────────────┼─────────────┼──────────────────────────────────────────────────────────────┼─────────────┼──────────────────────────────────────────────┼─────────────┤
│ ppo_actor/final_reward/min             │ -1.5000e+00 │ ppo_actor/train_infer/ratio_outside_5           │  0.0000e+00 │ ppo_actor/update/logp_diff/max                               │  4.9087e-01 │ rollout/target_slot_count                    │  4.0000e+00 │
├────────────────────────────────────────┼─────────────┼─────────────────────────────────────────────────┼─────────────┼──────────────────────────────────────────────────────────────┼─────────────┼──────────────────────────────────────────────┼─────────────┤
│ ppo_actor/group_loss_weight/avg        │  9.6359e+02 │ ppo_actor/train_infer/rollout_nll               │  3.4034e-01 │ ppo_actor/update/logp_diff/min                               │ -4.5196e-01 │ rollout/trainable_slot_count                 │  4.0000e+00 │
├────────────────────────────────────────┼─────────────┼─────────────────────────────────────────────────┼─────────────┼──────────────────────────────────────────────────────────────┼─────────────┼──────────────────────────────────────────────┼─────────────┤
│ ppo_actor/group_loss_weight/max        │  2.0040e+03 │ ppo_actor/train_infer/trainer_nll               │  3.4071e-01 │ ppo_actor/update/lr                                          │  3.0000e-06 │ rollout/usable_slot_count                    │  4.0000e+00 │
├────────────────────────────────────────┼─────────────┼─────────────────────────────────────────────────┼─────────────┼──────────────────────────────────────────────────────────────┼─────────────┼──────────────────────────────────────────────┼─────────────┤
│ ppo_actor/group_loss_weight/min        │  3.0300e+02 │ ppo_actor/update/actor_loss/avg                 │  6.1787e-05 │ ppo_actor/update/masked_token_ratio                          │  3.0581e-01 │ rollout/num_turns/avg                        │  1.0000e+00 │
├────────────────────────────────────────┼─────────────┼─────────────────────────────────────────────────┼─────────────┼──────────────────────────────────────────────────────────────┼─────────────┼──────────────────────────────────────────────┼─────────────┤
│ ppo_actor/group_loss_weight_size_4/avg │  9.6359e+02 │ ppo_actor/update/actor_loss/max                 │  3.3895e+00 │ ppo_actor/update/n_masked_tokens                             │  2.8146e+03 │ rollout/num_turns_no_harness_err/avg         │  1.0000e+00 │
├────────────────────────────────────────┼─────────────┼─────────────────────────────────────────────────┼─────────────┼──────────────────────────────────────────────────────────────┼─────────────┼──────────────────────────────────────────────┼─────────────┤
│ ppo_actor/group_loss_weight_size_4/max │  2.0040e+03 │ ppo_actor/update/actor_loss/min                 │ -2.8959e+00 │ ppo_actor/update/n_tokens                                    │  3.4800e+05 │ rollout/num_turns/min                        │  1.0000e+00 │
├────────────────────────────────────────┼─────────────┼─────────────────────────────────────────────────┼─────────────┼──────────────────────────────────────────────────────────────┼─────────────┼──────────────────────────────────────────────┼─────────────┤
│ ppo_actor/group_loss_weight_size_4/min │  3.0300e+02 │ ppo_actor/update/approx_kl/avg                  │  0.0000e+00 │ ppo_actor/update/n_total_tokens                              │  9.6668e+03 │ rollout/num_turns_no_harness_err/min         │  1.0000e+00 │
├────────────────────────────────────────┼─────────────┼─────────────────────────────────────────────────┼─────────────┼──────────────────────────────────────────────────────────────┼─────────────┼──────────────────────────────────────────────┼─────────────┤
│ ppo_actor/incorrect_n_seqs             │  3.2000e+02 │ ppo_actor/update/approx_kl/max                  │  0.0000e+00 │ ppo_actor/update/n_valid_tokens                              │  2.4668e+05 │ rollout/num_turns/max                        │  1.0000e+00 │
├────────────────────────────────────────┼─────────────┼─────────────────────────────────────────────────┼─────────────┼──────────────────────────────────────────────────────────────┼─────────────┼──────────────────────────────────────────────┼─────────────┤
│ ppo_actor/incorrect_seq_len/avg        │  3.7305e+02 │ ppo_actor/update/approx_kl/min                  │  0.0000e+00 │ ppo_actor/update/n_valid_tokens_in_loss                      │  6.8522e+03 │ rollout/num_turns_no_harness_err/max         │  1.0000e+00 │
├────────────────────────────────────────┼─────────────┼─────────────────────────────────────────────────┼─────────────┼──────────────────────────────────────────────────────────────┼─────────────┼──────────────────────────────────────────────┼─────────────┤
│ ppo_actor/incorrect_seq_len/max        │  1.1190e+03 │ ppo_actor/update/behave_approx_kl/avg           │ -3.6578e-04 │ ppo_actor/update/new_logp/avg                                │ -3.4071e-01 │ eval-rollout/num_turns_count                 │  1.6000e+01 │
├────────────────────────────────────────┼─────────────┼─────────────────────────────────────────────────┼─────────────┼──────────────────────────────────────────────────────────────┼─────────────┼──────────────────────────────────────────────┼─────────────┤
│ ppo_actor/incorrect_seq_len/min        │  7.3000e+01 │ ppo_actor/update/behave_approx_kl/max           │  4.5196e-01 │ ppo_actor/update/new_logp/max                                │  0.0000e+00 │ eval-rollout/num_turns_no_harness_err_count  │  1.6000e+01 │
├────────────────────────────────────────┼─────────────┼─────────────────────────────────────────────────┼─────────────┼──────────────────────────────────────────────────────────────┼─────────────┼──────────────────────────────────────────────┼─────────────┤
│ ppo_actor/kl_rewards/avg               │  0.0000e+00 │ ppo_actor/update/behave_approx_kl/min           │ -4.9087e-01 │ ppo_actor/update/new_logp/min                                │ -2.0336e+01 │ eval-rollout/context_overflow                │  0.0000e+00 │
├────────────────────────────────────────┼─────────────┼─────────────────────────────────────────────────┼─────────────┼──────────────────────────────────────────────────────────────┼─────────────┼──────────────────────────────────────────────┼─────────────┤
│ ppo_actor/kl_rewards/max               │  0.0000e+00 │ ppo_actor/update/behave_filtered_ratio/avg      │  0.0000e+00 │ ppo_actor/update/num_micro_batches                           │  9.0000e+00 │ eval-rollout/fully_masked_group              │  0.0000e+00 │
├────────────────────────────────────────┼─────────────┼─────────────────────────────────────────────────┼─────────────┼──────────────────────────────────────────────────────────────┼─────────────┼──────────────────────────────────────────────┼─────────────┤
│ ppo_actor/kl_rewards/min               │  0.0000e+00 │ ppo_actor/update/behave_filtered_ratio/max      │  0.0000e+00 │ ppo_actor/update/old_logp/avg                                │ -3.4034e-01 │ eval-rollout/pre_filter_trainable_slot_yield │  1.0000e+00 │
├────────────────────────────────────────┼─────────────┼─────────────────────────────────────────────────┼─────────────┼──────────────────────────────────────────────────────────────┼─────────────┼──────────────────────────────────────────────┼─────────────┤
│ ppo_actor/mask_no_eos_with_zero        │  0.0000e+00 │ ppo_actor/update/behave_filtered_ratio/min      │  0.0000e+00 │ ppo_actor/update/old_logp/max                                │  0.0000e+00 │ eval-rollout/pre_filter_usable_slot_yield    │  1.0000e+00 │
├────────────────────────────────────────┼─────────────┼─────────────────────────────────────────────────┼─────────────┼──────────────────────────────────────────────────────────────┼─────────────┼──────────────────────────────────────────────┼─────────────┤
│ ppo_actor/n_groups                     │  2.5600e+02 │ ppo_actor/update/behave_imp_weight/avg          │  9.9997e-01 │ ppo_actor/update/old_logp/min                                │ -2.0309e+01 │ eval-rollout/proxy_system_error              │  0.0000e+00 │
├────────────────────────────────────────┼─────────────┼─────────────────────────────────────────────────┼─────────────┼──────────────────────────────────────────────────────────────┼─────────────┼──────────────────────────────────────────────┼─────────────┤
│ ppo_actor/n_groups_size_4              │  2.5600e+02 │ ppo_actor/update/behave_imp_weight/max          │  1.5714e+00 │ ppo_actor/update/rs_filtered_fraction                        │  0.0000e+00 │ eval-rollout/reward                          │  8.7500e-01 │
├────────────────────────────────────────┼─────────────┼─────────────────────────────────────────────────┼─────────────┼──────────────────────────────────────────────────────────────┼─────────────┼──────────────────────────────────────────────┼─────────────┤
│ ppo_actor/n_seqs                       │  1.0240e+03 │ ppo_actor/update/behave_imp_weight/min          │  6.1209e-01 │ ppo_actor/update/unclipped_behave_tokens                     │  2.4668e+05 │ eval-rollout/singleton_slot_group            │  0.0000e+00 │
├────────────────────────────────────────┼─────────────┼─────────────────────────────────────────────────┼─────────────┼──────────────────────────────────────────────────────────────┼─────────────┼──────────────────────────────────────────────┼─────────────┤
│ ppo_actor/n_tokens                     │  9.7971e+05 │ ppo_actor/update/clip_ratio/avg                 │  0.0000e+00 │ ppo_actor/update/update_successful                           │  1.0000e+00 │ eval-rollout/target_slot_count               │  4.0000e+00 │
├────────────────────────────────────────┼─────────────┼─────────────────────────────────────────────────┼─────────────┼──────────────────────────────────────────────────────────────┼─────────────┼──────────────────────────────────────────────┼─────────────┤
│ ppo_actor/n_valid_tokens               │  2.4668e+05 │ ppo_actor/update/clip_ratio/max                 │  0.0000e+00 │ ppo_actor/update/version_stats/future_token_fraction         │  0.0000e+00 │ eval-rollout/trainable_slot_count            │  4.0000e+00 │
├────────────────────────────────────────┼─────────────┼─────────────────────────────────────────────────┼─────────────┼──────────────────────────────────────────────────────────────┼─────────────┼──────────────────────────────────────────────┼─────────────┤
│ ppo_actor/no_eos_ratios/avg            │  9.7656e-04 │ ppo_actor/update/clip_ratio/min                 │  0.0000e+00 │ ppo_actor/update/version_stats/n_valid_generated_tokens      │  2.4668e+05 │ eval-rollout/usable_slot_count               │  4.0000e+00 │
├────────────────────────────────────────┼─────────────┼─────────────────────────────────────────────────┼─────────────┼──────────────────────────────────────────────────────────────┼─────────────┼──────────────────────────────────────────────┼─────────────┤
│ ppo_actor/no_eos_ratios/max            │  1.0000e+00 │ ppo_actor/update/clipped_tokens                 │  0.0000e+00 │ ppo_actor/update/version_stats/sample_staleness_proximal_avg │  0.0000e+00 │ eval-rollout/num_turns/avg                   │  1.0000e+00 │
├────────────────────────────────────────┼─────────────┼─────────────────────────────────────────────────┼─────────────┼──────────────────────────────────────────────────────────────┼─────────────┼──────────────────────────────────────────────┼─────────────┤
│ ppo_actor/no_eos_ratios/min            │  0.0000e+00 │ ppo_actor/update/compute_logp/kl_div_direct/avg │  3.6578e-04 │ ppo_actor/update/version_stats/sample_staleness_proximal_max │  0.0000e+00 │ eval-rollout/num_turns_no_harness_err/avg    │  1.0000e+00 │
├────────────────────────────────────────┼─────────────┼─────────────────────────────────────────────────┼─────────────┼──────────────────────────────────────────────────────────────┼─────────────┼──────────────────────────────────────────────┼─────────────┤
│ ppo_actor/prompt_len/avg               │  9.8949e+01 │ ppo_actor/update/compute_logp/kl_div_direct/max │  4.9087e-01 │ ppo_actor/update/version_stats/sample_staleness_proximal_min │  0.0000e+00 │ eval-rollout/num_turns/min                   │  1.0000e+00 │
├────────────────────────────────────────┼─────────────┼─────────────────────────────────────────────────┼─────────────┼──────────────────────────────────────────────────────────────┼─────────────┼──────────────────────────────────────────────┼─────────────┤
│ ppo_actor/prompt_len/max               │  1.7700e+02 │ ppo_actor/update/compute_logp/kl_div_direct/min │ -4.5196e-01 │ ppo_actor/update/version_stats/sample_staleness_theta_avg    │  0.0000e+00 │ eval-rollout/num_turns_no_harness_err/min    │  1.0000e+00 │
├────────────────────────────────────────┼─────────────┼─────────────────────────────────────────────────┼─────────────┼──────────────────────────────────────────────────────────────┼─────────────┼──────────────────────────────────────────────┼─────────────┤
│ ppo_actor/prompt_len/min               │  6.3000e+01 │ ppo_actor/update/compute_logp/kl_div_dual/avg   │  3.3787e-04 │ ppo_actor/update/version_stats/sample_staleness_theta_max    │  0.0000e+00 │ eval-rollout/num_turns/max                   │  1.0000e+00 │
├────────────────────────────────────────┼─────────────┼─────────────────────────────────────────────────┼─────────────┼──────────────────────────────────────────────────────────────┼─────────────┼──────────────────────────────────────────────┼─────────────┤
│ ppo_actor/rs_upper                     │  5.0000e+00 │ ppo_actor/update/compute_logp/kl_div_dual/max   │  1.1943e-01 │ ppo_actor/update/version_stats/sample_staleness_theta_min    │  0.0000e+00 │ eval-rollout/num_turns_no_harness_err/max    │  1.0000e+00 │
├────────────────────────────────────────┼─────────────┼─────────────────────────────────────────────────┼─────────────┼──────────────────────────────────────────────────────────────┼─────────────┼──────────────────────────────────────────────┼─────────────┤
│ ppo_actor/seq_len/avg                  │  3.3985e+02 │ ppo_actor/update/compute_logp/kl_div_dual/min   │ -8.9669e-08 │ ppo_actor/update/version_stats/stale_token_fraction          │  0.0000e+00 │                                              │             │
╘════════════════════════════════════════╧═════════════╧═════════════════════════════════════════════════╧═════════════╧══════════════════════════════════════════════════════════════╧═════════════╧══════════════════════════════════════════════╧═════════════╛
[96m[1;38;2;180;140;80m(AReaL)[0m [96m20261003-00:08:51.903 [MegatronEngine Rank 3] INFO: #microbatch: 9, microbatch #tokens: [9172, 9079, 9080, 9172, 9150, 9079, 9176, 9079, 9082], aligned to: [9172, 9079, 9080, 9172, 9150, 9079, 9176, 9079, 9082], padded to: [9216, 9216, 9216, 9216, 9216, 9216, 9216, 9216, 9216], padding lengths: [44, 137, 136, 44, 66, 137, 40, 137, 134].
[96m[1;38;2;180;140;80m(AReaL)[0m [96m20261003-00:08:51.905 [MegatronEngine Rank 2] INFO: #microbatch: 9, microbatch #tokens: [9249, 9283, 9242, 9250, 9346, 9348, 9333, 9337, 9243], aligned to: [9249, 9283, 9242, 9250, 9346, 9348, 9333, 9337, 9243], padded to: [9472, 9472, 9472, 9472, 9472, 9472, 9472, 9472, 9472], padding lengths: [223, 189, 230, 222, 126, 124, 139, 135, 229].
[96m[1;38;2;180;140;80m(AReaL)[0m [96m20261003-00:08:51.906 [MegatronEngine Rank 1] INFO: #microbatch: 9, microbatch #tokens: [9046, 8969, 8949, 8948, 9049, 8947, 8947, 9036, 9048], aligned to: [9046, 8969, 8949, 8948, 9049, 8947, 8947, 9036, 9048], padded to: [9216, 9216, 8960, 8960, 9216, 8960, 8960, 9216, 9216], padding lengths: [170, 247, 11, 12, 167, 13, 13, 180, 168].
[96m[1;38;2;180;140;80m(AReaL)[0m [96m20261003-00:08:51.908 [MegatronEngine Rank 0] INFO: #microbatch: 9, microbatch #tokens: [9123, 9124, 9193, 9215, 9200, 9129, 9195, 9122, 9226], aligned to: [9123, 9124, 9193, 9215, 9200, 9129, 9195, 9122, 9226], padded to: [9216, 9216, 9216, 9216, 9216, 9216, 9216, 9216, 9472], padding lengths: [93, 92, 23, 1, 16, 87, 21, 94, 246].
[37m[1;38;2;180;140;80m(AReaL)[0m [37m20261003-00:08:54.500 IOStruct INFO: Memory-Usage recompute logp: memory allocated (GB): 13.05, memory reserved (GB): 52.82, device memory used/total (GB): 59.87/139.81 | host RssAnon: 1339MB, RssShmem: 12MB
[37m[1;38;2;180;140;80m(AReaL)[0m [37m20261003-00:08:55.031 IOStruct INFO: Memory-Usage compute advantages: memory allocated (GB): 13.06, memory reserved (GB): 52.82, device memory used/total (GB): 59.87/139.81 | host RssAnon: 1344MB, RssShmem: 12MB
[96m[1;38;2;180;140;80m(AReaL)[0m [96m20261003-00:08:55.517 [MegatronEngine Rank 3] INFO: #microbatch: 9, microbatch #tokens: [9172, 9079, 9080, 9172, 9150, 9079, 9176, 9079, 9082], aligned to: [9172, 9079, 9080, 9172, 9150, 9079, 9176, 9079, 9082], padded to: [9216, 9216, 9216, 9216, 9216, 9216, 9216, 9216, 9216], padding lengths: [44, 137, 136, 44, 66, 137, 40, 137, 134].
[96m[1;38;2;180;140;80m(AReaL)[0m [96m20261003-00:08:55.518 [MegatronEngine Rank 2] INFO: #microbatch: 9, microbatch #tokens: [9249, 9283, 9242, 9250, 9346, 9348, 9333, 9337, 9243], aligned to: [9249, 9283, 9242, 9250, 9346, 9348, 9333, 9337, 9243], padded to: [9472, 9472, 9472, 9472, 9472, 9472, 9472, 9472, 9472], padding lengths: [223, 189, 230, 222, 126, 124, 139, 135, 229].
[96m[1;38;2;180;140;80m(AReaL)[0m [96m20261003-00:08:55.518 [MegatronEngine Rank 1] INFO: #microbatch: 9, microbatch #tokens: [9046, 8969, 8949, 8948, 9049, 8947, 8947, 9036, 9048], aligned to: [9046, 8969, 8949, 8948, 9049, 8947, 8947, 9036, 9048], padded to: [9216, 9216, 8960, 8960, 9216, 8960, 8960, 9216, 9216], padding lengths: [170, 247, 11, 12, 167, 13, 13, 180, 168].
[96m[1;38;2;180;140;80m(AReaL)[0m [96m20261003-00:08:55.519 [MegatronEngine Rank 0] INFO: #microbatch: 9, microbatch #tokens: [9123, 9124, 9193, 9215, 9200, 9129, 9195, 9122, 9226], aligned to: [9123, 9124, 9193, 9215, 9200, 9129, 9195, 9122, 9226], padded to: [9216, 9216, 9216, 9216, 9216, 9216, 9216, 9216, 9472], padding lengths: [93, 92, 23, 1, 16, 87, 21, 94, 246].
[37m[1;38;2;180;140;80m(AReaL)[0m [37m20261003-00:09:03.315 IOStruct INFO: Memory-Usage ppo update: memory allocated (GB): 13.05, memory reserved (GB): 68.69, device memory used/total (GB): 75.73/139.81 | host RssAnon: 1345MB, RssShmem: 12MB
[37m[1;38;2;180;140;80m(AReaL)[0m [37m20261003-00:09:14.229 HFUtils INFO: Copied generation_config.json from /storage/openpsi/models/Qwen__Qwen2.5-1.5B-Instruct to /storage/openpsi/users/fenghui/projects/AReaL/research/muon/evidence/baseline-aligned-3epoch-20261003/adamw/results/checkpoints/root/gsm8k-grpo-megatron-adamw-baseline3/trial0/default/epoch1epochstep0globalstep1
[37m[1;38;2;180;140;80m(AReaL)[0m [37m20261003-00:09:14.240 HFUtils INFO: Copied tokenizer_config.json from /storage/openpsi/models/Qwen__Qwen2.5-1.5B-Instruct to /storage/openpsi/users/fenghui/projects/AReaL/research/muon/evidence/baseline-aligned-3epoch-20261003/adamw/results/checkpoints/root/gsm8k-grpo-megatron-adamw-baseline3/trial0/default/epoch1epochstep0globalstep1
[37m[1;38;2;180;140;80m(AReaL)[0m [37m20261003-00:09:14.264 HFUtils INFO: Copied vocab.json from /storage/openpsi/models/Qwen__Qwen2.5-1.5B-Instruct to /storage/openpsi/users/fenghui/projects/AReaL/research/muon/evidence/baseline-aligned-3epoch-20261003/adamw/results/checkpoints/root/gsm8k-grpo-megatron-adamw-baseline3/trial0/default/epoch1epochstep0globalstep1
[37m[1;38;2;180;140;80m(AReaL)[0m [37m20261003-00:09:14.278 HFUtils INFO: Copied merges.txt from /storage/openpsi/models/Qwen__Qwen2.5-1.5B-Instruct to /storage/openpsi/users/fenghui/projects/AReaL/research/muon/evidence/baseline-aligned-3epoch-20261003/adamw/results/checkpoints/root/gsm8k-grpo-megatron-adamw-baseline3/trial0/default/epoch1epochstep0globalstep1
[37m[1;38;2;180;140;80m(AReaL)[0m [37m20261003-00:09:14.280 HFUtils INFO: special_tokens_map.json does not exist in /storage/openpsi/models/Qwen__Qwen2.5-1.5B-Instruct; skipping
[37m[1;38;2;180;140;80m(AReaL)[0m [37m20261003-00:09:14.298 HFUtils INFO: Copied tokenizer.json from /storage/openpsi/models/Qwen__Qwen2.5-1.5B-Instruct to /storage/openpsi/users/fenghui/projects/AReaL/research/muon/evidence/baseline-aligned-3epoch-20261003/adamw/results/checkpoints/root/gsm8k-grpo-megatron-adamw-baseline3/trial0/default/epoch1epochstep0globalstep1
[37m[1;38;2;180;140;80m(AReaL)[0m [37m20261003-00:09:14.319 HFUtils INFO: Patched config.json: torch_dtype=bfloat16
[37m[1;38;2;180;140;80m(AReaL)[0m [37m20261003-00:09:14.533 DataBP INFO: Cleared 549 batch shards. Stats: {'status': 'ok', 'cleared_count': 549, 'num_tensors': 927, 'total_bytes': 5751120}
[37m[1;38;2;180;140;80m(AReaL)[0m [37m20261003-00:09:14.533 DataBP INFO: Cleared 531 batch shards. Stats: {'status': 'ok', 'cleared_count': 531, 'num_tensors': 648, 'total_bytes': 4210092}
[37m[1;38;2;180;140;80m(AReaL)[0m [37m20261003-00:09:14.533 DataBP INFO: Cleared 504 batch shards. Stats: {'status': 'ok', 'cleared_count': 504, 'num_tensors': 1233, 'total_bytes': 8128080}
[37m[1;38;2;180;140;80m(AReaL)[0m [37m20261003-00:09:14.534 DataBP INFO: Cleared 720 batch shards. Stats: {'status': 'ok', 'cleared_count': 720, 'num_tensors': 1008, 'total_bytes': 6704748}
[37m[1;38;2;180;140;80m(AReaL)[0m [37m20261003-00:09:14.535 DataBP INFO: Cleared 960 batch shards. Stats: {'status': 'ok', 'cleared_count': 960, 'num_tensors': 0, 'total_bytes': 0}
[37m[1;38;2;180;140;80m(AReaL)[0m [37m20261003-00:09:14.536 DataBP INFO: Cleared 960 batch shards. Stats: {'status': 'ok', 'cleared_count': 960, 'num_tensors': 0, 'total_bytes': 0}
[37m[1;38;2;180;140;80m(AReaL)[0m [37m20261003-00:09:14.537 DataBP INFO: Cleared 960 batch shards. Stats: {'status': 'ok', 'cleared_count': 960, 'num_tensors': 0, 'total_bytes': 0}
[37m[1;38;2;180;140;80m(AReaL)[0m [37m20261003-00:09:14.537 DataBP INFO: Cleared 960 batch shards. Stats: {'status': 'ok', 'cleared_count': 960, 'num_tensors': 0, 'total_bytes': 0}
[37m[1;38;2;180;140;80m(AReaL)[0m [37m20261003-00:09:15.901 DataBP INFO: Cleared 9 batch shards. Stats: {'status': 'ok', 'cleared_count': 9, 'num_tensors': 0, 'total_bytes': 0}
[37m[1;38;2;180;140;80m(AReaL)[0m [37m20261003-00:09:15.901 DataBP INFO: Cleared 9 batch shards. Stats: {'status': 'ok', 'cleared_count': 9, 'num_tensors': 0, 'total_bytes': 0}
[37m[1;38;2;180;140;80m(AReaL)[0m [37m20261003-00:09:15.901 DataBP INFO: Cleared 9 batch shards. Stats: {'status': 'ok', 'cleared_count': 9, 'num_tensors': 0, 'total_bytes': 0}
[37m[1;38;2;180;140;80m(AReaL)[0m [37m20261003-00:09:15.901 DataBP INFO: Cleared 9 batch shards. Stats: {'status': 'ok', 'cleared_count': 9, 'num_tensors': 0, 'total_bytes': 0}
[92m[1;38;2;180;140;80m(AReaL)[0m [92m20261003-00:09:16.016 StatsLogger INFO: Epoch 2/3 Step 1/1 Train step 2/3 done.
[92m[1;38;2;180;140;80m(AReaL)[0m [92m20261003-00:09:16.016 StatsLogger INFO: Stats (1/1):
[92m[1;38;2;180;140;80m(AReaL)[0m [92m20261003-00:09:16.020 StatsLogger INFO: 
╒════════════════════════════════════════╤═════════════╤═════════════════════════════════════════════════╤═════════════╤══════════════════════════════════════════════════════════════╤═════════════╤══════════════════════════════════════════════╤═════════════╕
│ timeperf/rollout                       │  1.8068e+00 │ ppo_actor/seq_len/max                           │  1.0090e+03 │ ppo_actor/update/compute_logp/kl_div_taylor/avg              │  3.7279e-04 │ ppo_actor/update/version_stats/v_proximal    │  1.0000e+00 │
├────────────────────────────────────────┼─────────────┼─────────────────────────────────────────────────┼─────────────┼──────────────────────────────────────────────────────────────┼─────────────┼──────────────────────────────────────────────┼─────────────┤
│ timeperf/recompute_logp                │  2.9620e+00 │ ppo_actor/seq_len/min                           │  7.4000e+01 │ ppo_actor/update/compute_logp/kl_div_taylor/max              │  1.8709e-01 │ ppo_actor/update/version_stats/v_theta       │  1.0000e+00 │
├────────────────────────────────────────┼─────────────┼─────────────────────────────────────────────────┼─────────────┼──────────────────────────────────────────────────────────────┼─────────────┼──────────────────────────────────────────────┼─────────────┤
│ timeperf/compute_advantage             │  5.3136e-01 │ ppo_actor/task_reward/avg                       │  7.2656e-01 │ ppo_actor/update/compute_logp/kl_div_taylor/min              │  0.0000e+00 │ ppo_actor/update/vocab_max_logits/avg        │  2.9697e+01 │
├────────────────────────────────────────┼─────────────┼─────────────────────────────────────────────────┼─────────────┼──────────────────────────────────────────────────────────────┼─────────────┼──────────────────────────────────────────────┼─────────────┤
│ timeperf/train_step                    │  8.2835e+00 │ ppo_actor/task_reward/max                       │  1.0000e+00 │ ppo_actor/update/compute_logp/n_valid_tokens                 │  2.2948e+05 │ ppo_actor/update/vocab_max_logits/max        │  4.8500e+01 │
├────────────────────────────────────────┼─────────────┼─────────────────────────────────────────────────┼─────────────┼──────────────────────────────────────────────────────────────┼─────────────┼──────────────────────────────────────────────┼─────────────┤
│ timeperf/update_weights                │  2.7076e+00 │ ppo_actor/task_reward/min                       │  0.0000e+00 │ ppo_actor/update/compute_logp/prox_logp_gt/avg               │ -2.8076e-01 │ ppo_actor/update/vocab_max_logits/min        │  1.2688e+01 │
├────────────────────────────────────────┼─────────────┼─────────────────────────────────────────────────┼─────────────┼──────────────────────────────────────────────────────────────┼─────────────┼──────────────────────────────────────────────┼─────────────┤
│ timeperf/save                          │  8.4820e+00 │ ppo_actor/train_infer/kl_k1                     │  3.7459e-04 │ ppo_actor/update/compute_logp/prox_logp_gt/max               │  0.0000e+00 │ ppo_actor/update/vocab_min_logits/avg        │ -1.5978e+01 │
├────────────────────────────────────────┼─────────────┼─────────────────────────────────────────────────┼─────────────┼──────────────────────────────────────────────────────────────┼─────────────┼──────────────────────────────────────────────┼─────────────┤
│ timeperf/checkpoint_for_recover        │  1.2590e-04 │ ppo_actor/train_infer/kl_k2                     │  3.7279e-04 │ ppo_actor/update/compute_logp/prox_logp_gt/min               │ -2.0093e+01 │ ppo_actor/update/vocab_min_logits/max        │ -5.2500e+00 │
├────────────────────────────────────────┼─────────────┼─────────────────────────────────────────────────┼─────────────┼──────────────────────────────────────────────────────────────┼─────────────┼──────────────────────────────────────────────┼─────────────┤
│ timeperf/clear_batches                 │  2.2379e-01 │ ppo_actor/train_infer/kl_k3                     │  3.7044e-04 │ ppo_actor/update/dual_clip_ratio/avg                         │  0.0000e+00 │ ppo_actor/update/vocab_min_logits/min        │ -4.2750e+01 │
├────────────────────────────────────────┼─────────────┼─────────────────────────────────────────────────┼─────────────┼──────────────────────────────────────────────────────────────┼─────────────┼──────────────────────────────────────────────┼─────────────┤
│ timeperf/eval                          │  1.1603e+00 │ ppo_actor/train_infer/kl_k3_overflow_fraction   │  0.0000e+00 │ ppo_actor/update/dual_clip_ratio/max                         │  0.0000e+00 │ ppo_actor/usable_group_size/avg              │  4.0000e+00 │
├────────────────────────────────────────┼─────────────┼─────────────────────────────────────────────────┼─────────────┼──────────────────────────────────────────────────────────────┼─────────────┼──────────────────────────────────────────────┼─────────────┤
│ ppo_actor/advantage_negative_fraction  │  6.7458e-01 │ ppo_actor/train_infer/logp_abs_diff/avg         │  8.8130e-03 │ ppo_actor/update/dual_clip_ratio/min                         │  0.0000e+00 │ ppo_actor/usable_group_size/max              │  4.0000e+00 │
├────────────────────────────────────────┼─────────────┼─────────────────────────────────────────────────┼─────────────┼──────────────────────────────────────────────────────────────┼─────────────┼──────────────────────────────────────────────┼─────────────┤
│ ppo_actor/advantage_positive_fraction  │  3.2542e-01 │ ppo_actor/train_infer/logp_abs_diff/max         │  6.1170e-01 │ ppo_actor/update/dual_clipped_tokens                         │  0.0000e+00 │ ppo_actor/usable_group_size/min              │  4.0000e+00 │
├────────────────────────────────────────┼─────────────┼─────────────────────────────────────────────────┼─────────────┼──────────────────────────────────────────────────────────────┼─────────────┼──────────────────────────────────────────────┼─────────────┤
│ ppo_actor/advantage_zero_fraction      │  0.0000e+00 │ ppo_actor/train_infer/logp_abs_diff/min         │  0.0000e+00 │ ppo_actor/update/entropy/avg                                 │  2.7893e-01 │ ppo_actor/use_dual_clip                      │  0.0000e+00 │
├────────────────────────────────────────┼─────────────┼─────────────────────────────────────────────────┼─────────────┼──────────────────────────────────────────────────────────────┼─────────────┼──────────────────────────────────────────────┼─────────────┤
│ ppo_actor/advantages/avg               │ -1.0107e-08 │ ppo_actor/train_infer/logp_diff/avg             │ -3.7459e-04 │ ppo_actor/update/entropy/max                                 │  6.9325e+00 │ rollout/num_turns_count                      │  1.9050e+03 │
├────────────────────────────────────────┼─────────────┼─────────────────────────────────────────────────┼─────────────┼──────────────────────────────────────────────────────────────┼─────────────┼──────────────────────────────────────────────┼─────────────┤
│ ppo_actor/advantages/max               │  2.4028e+00 │ ppo_actor/train_infer/logp_diff/max             │  4.8045e-01 │ ppo_actor/update/entropy/min                                 │  1.2315e-09 │ rollout/num_turns_no_harness_err_count       │  1.9050e+03 │
├────────────────────────────────────────┼─────────────┼─────────────────────────────────────────────────┼─────────────┼──────────────────────────────────────────────────────────────┼─────────────┼──────────────────────────────────────────────┼─────────────┤
│ ppo_actor/advantages/min               │ -2.4714e+00 │ ppo_actor/train_infer/logp_diff/min             │ -6.1170e-01 │ ppo_actor/update/grad_norm                                   │  3.3912e-01 │ rollout/accepted                             │  1.0000e+00 │
├────────────────────────────────────────┼─────────────┼─────────────────────────────────────────────────┼─────────────┼──────────────────────────────────────────────────────────────┼─────────────┼──────────────────────────────────────────────┼─────────────┤
│ ppo_actor/correct_n_seqs               │  7.4400e+02 │ ppo_actor/train_infer/logp_diff_squared         │  7.4558e-04 │ ppo_actor/update/importance_weight/avg                       │  1.0000e+00 │ rollout/context_overflow                     │  0.0000e+00 │
├────────────────────────────────────────┼─────────────┼─────────────────────────────────────────────────┼─────────────┼──────────────────────────────────────────────────────────────┼─────────────┼──────────────────────────────────────────────┼─────────────┤
│ ppo_actor/correct_seq_len/avg          │  3.1075e+02 │ ppo_actor/train_infer/n_valid_tokens            │  2.2948e+05 │ ppo_actor/update/importance_weight/max                       │  1.0000e+00 │ rollout/fully_masked_group                   │  0.0000e+00 │
├────────────────────────────────────────┼─────────────┼─────────────────────────────────────────────────┼─────────────┼──────────────────────────────────────────────────────────────┼─────────────┼──────────────────────────────────────────────┼─────────────┤
│ ppo_actor/correct_seq_len/max          │  1.0090e+03 │ ppo_actor/train_infer/nonfinite_logp_fraction   │  0.0000e+00 │ ppo_actor/update/importance_weight/min                       │  1.0000e+00 │ rollout/pre_filter_trainable_slot_yield      │  1.0000e+00 │
├────────────────────────────────────────┼─────────────┼─────────────────────────────────────────────────┼─────────────┼──────────────────────────────────────────────────────────────┼─────────────┼──────────────────────────────────────────────┼─────────────┤
│ ppo_actor/correct_seq_len/min          │  9.0000e+01 │ ppo_actor/train_infer/ratio_outside_1.5         │  4.3576e-05 │ ppo_actor/update/logp_abs_diff/avg                           │  8.8130e-03 │ rollout/pre_filter_usable_slot_yield         │  1.0000e+00 │
├────────────────────────────────────────┼─────────────┼─────────────────────────────────────────────────┼─────────────┼──────────────────────────────────────────────────────────────┼─────────────┼──────────────────────────────────────────────┼─────────────┤
│ ppo_actor/eps_clip                     │  4.0000e-01 │ ppo_actor/train_infer/ratio_outside_10          │  0.0000e+00 │ ppo_actor/update/logp_abs_diff/max                           │  6.1170e-01 │ rollout/proxy_system_error                   │  0.0000e+00 │
├────────────────────────────────────────┼─────────────┼─────────────────────────────────────────────────┼─────────────┼──────────────────────────────────────────────────────────────┼─────────────┼──────────────────────────────────────────────┼─────────────┤
│ ppo_actor/final_reward/avg             │ -1.0649e-11 │ ppo_actor/train_infer/ratio_outside_2           │  0.0000e+00 │ ppo_actor/update/logp_abs_diff/min                           │  0.0000e+00 │ rollout/reward                               │  7.1024e-01 │
├────────────────────────────────────────┼─────────────┼─────────────────────────────────────────────────┼─────────────┼──────────────────────────────────────────────────────────────┼─────────────┼──────────────────────────────────────────────┼─────────────┤
│ ppo_actor/final_reward/max             │  1.5000e+00 │ ppo_actor/train_infer/ratio_outside_3           │  0.0000e+00 │ ppo_actor/update/logp_diff/avg                               │  3.7459e-04 │ rollout/singleton_slot_group                 │  0.0000e+00 │
├────────────────────────────────────────┼─────────────┼─────────────────────────────────────────────────┼─────────────┼──────────────────────────────────────────────────────────────┼─────────────┼──────────────────────────────────────────────┼─────────────┤
│ ppo_actor/final_reward/min             │ -1.5000e+00 │ ppo_actor/train_infer/ratio_outside_5           │  0.0000e+00 │ ppo_actor/update/logp_diff/max                               │  6.1170e-01 │ rollout/target_slot_count                    │  4.0000e+00 │
├────────────────────────────────────────┼─────────────┼─────────────────────────────────────────────────┼─────────────┼──────────────────────────────────────────────────────────────┼─────────────┼──────────────────────────────────────────────┼─────────────┤
│ ppo_actor/group_loss_weight/avg        │  8.9641e+02 │ ppo_actor/train_infer/rollout_nll               │  2.8039e-01 │ ppo_actor/update/logp_diff/min                               │ -4.8045e-01 │ rollout/trainable_slot_count                 │  4.0000e+00 │
├────────────────────────────────────────┼─────────────┼─────────────────────────────────────────────────┼─────────────┼──────────────────────────────────────────────────────────────┼─────────────┼──────────────────────────────────────────────┼─────────────┤
│ ppo_actor/group_loss_weight/max        │  2.3910e+03 │ ppo_actor/train_infer/trainer_nll               │  2.8076e-01 │ ppo_actor/update/lr                                          │  3.0000e-06 │ rollout/usable_slot_count                    │  4.0000e+00 │
├────────────────────────────────────────┼─────────────┼─────────────────────────────────────────────────┼─────────────┼──────────────────────────────────────────────────────────────┼─────────────┼──────────────────────────────────────────────┼─────────────┤
│ ppo_actor/group_loss_weight/min        │  2.0300e+02 │ ppo_actor/update/actor_loss/avg                 │ -1.0990e-04 │ ppo_actor/update/masked_token_ratio                          │  3.0290e-01 │ rollout/num_turns/avg                        │  1.0000e+00 │
├────────────────────────────────────────┼─────────────┼─────────────────────────────────────────────────┼─────────────┼──────────────────────────────────────────────────────────────┼─────────────┼──────────────────────────────────────────────┼─────────────┤
│ ppo_actor/group_loss_weight_size_4/avg │  8.9641e+02 │ ppo_actor/update/actor_loss/max                 │  3.2840e+00 │ ppo_actor/update/n_masked_tokens                             │  2.7690e+03 │ rollout/num_turns_no_harness_err/avg         │  1.0000e+00 │
├────────────────────────────────────────┼─────────────┼─────────────────────────────────────────────────┼─────────────┼──────────────────────────────────────────────────────────────┼─────────────┼──────────────────────────────────────────────┼─────────────┤
│ ppo_actor/group_loss_weight_size_4/max │  2.3910e+03 │ ppo_actor/update/actor_loss/min                 │ -3.5030e+00 │ ppo_actor/update/n_tokens                                    │  3.2917e+05 │ rollout/num_turns/min                        │  1.0000e+00 │
├────────────────────────────────────────┼─────────────┼─────────────────────────────────────────────────┼─────────────┼──────────────────────────────────────────────────────────────┼─────────────┼──────────────────────────────────────────────┼─────────────┤
│ ppo_actor/group_loss_weight_size_4/min │  2.0300e+02 │ ppo_actor/update/approx_kl/avg                  │  0.0000e+00 │ ppo_actor/update/n_total_tokens                              │  9.1435e+03 │ rollout/num_turns_no_harness_err/min         │  1.0000e+00 │
├────────────────────────────────────────┼─────────────┼─────────────────────────────────────────────────┼─────────────┼──────────────────────────────────────────────────────────────┼─────────────┼──────────────────────────────────────────────┼─────────────┤
│ ppo_actor/incorrect_n_seqs             │  2.8000e+02 │ ppo_actor/update/approx_kl/max                  │  0.0000e+00 │ ppo_actor/update/n_valid_tokens                              │  2.2948e+05 │ rollout/num_turns/max                        │  1.0000e+00 │
├────────────────────────────────────────┼─────────────┼─────────────────────────────────────────────────┼─────────────┼──────────────────────────────────────────────────────────────┼─────────────┼──────────────────────────────────────────────┼─────────────┤
│ ppo_actor/incorrect_seq_len/avg        │  3.4989e+02 │ ppo_actor/update/approx_kl/min                  │  0.0000e+00 │ ppo_actor/update/n_valid_tokens_in_loss                      │  6.3745e+03 │ rollout/num_turns_no_harness_err/max         │  1.0000e+00 │
├────────────────────────────────────────┼─────────────┼─────────────────────────────────────────────────┼─────────────┼──────────────────────────────────────────────────────────────┼─────────────┼──────────────────────────────────────────────┼─────────────┤
│ ppo_actor/incorrect_seq_len/max        │  9.5100e+02 │ ppo_actor/update/behave_approx_kl/avg           │ -3.7459e-04 │ ppo_actor/update/new_logp/avg                                │ -2.8076e-01 │ eval-rollout/num_turns_count                 │  1.6000e+01 │
├────────────────────────────────────────┼─────────────┼─────────────────────────────────────────────────┼─────────────┼──────────────────────────────────────────────────────────────┼─────────────┼──────────────────────────────────────────────┼─────────────┤
│ ppo_actor/incorrect_seq_len/min        │  7.4000e+01 │ ppo_actor/update/behave_approx_kl/max           │  4.8045e-01 │ ppo_actor/update/new_logp/max                                │  0.0000e+00 │ eval-rollout/num_turns_no_harness_err_count  │  1.6000e+01 │
├────────────────────────────────────────┼─────────────┼─────────────────────────────────────────────────┼─────────────┼──────────────────────────────────────────────────────────────┼─────────────┼──────────────────────────────────────────────┼─────────────┤
│ ppo_actor/kl_rewards/avg               │  0.0000e+00 │ ppo_actor/update/behave_approx_kl/min           │ -6.1170e-01 │ ppo_actor/update/new_logp/min                                │ -2.0093e+01 │ eval-rollout/context_overflow                │  0.0000e+00 │
├────────────────────────────────────────┼─────────────┼─────────────────────────────────────────────────┼─────────────┼──────────────────────────────────────────────────────────────┼─────────────┼──────────────────────────────────────────────┼─────────────┤
│ ppo_actor/kl_rewards/max               │  0.0000e+00 │ ppo_actor/update/behave_filtered_ratio/avg      │  0.0000e+00 │ ppo_actor/update/num_micro_batches                           │  9.0000e+00 │ eval-rollout/fully_masked_group              │  0.0000e+00 │
├────────────────────────────────────────┼─────────────┼─────────────────────────────────────────────────┼─────────────┼──────────────────────────────────────────────────────────────┼─────────────┼──────────────────────────────────────────────┼─────────────┤
│ ppo_actor/kl_rewards/min               │  0.0000e+00 │ ppo_actor/update/behave_filtered_ratio/max      │  0.0000e+00 │ ppo_actor/update/old_logp/avg                                │ -2.8039e-01 │ eval-rollout/pre_filter_trainable_slot_yield │  1.0000e+00 │
├────────────────────────────────────────┼─────────────┼─────────────────────────────────────────────────┼─────────────┼──────────────────────────────────────────────────────────────┼─────────────┼──────────────────────────────────────────────┼─────────────┤
│ ppo_actor/mask_no_eos_with_zero        │  0.0000e+00 │ ppo_actor/update/behave_filtered_ratio/min      │  0.0000e+00 │ ppo_actor/update/old_logp/max                                │  0.0000e+00 │ eval-rollout/pre_filter_usable_slot_yield    │  1.0000e+00 │
├────────────────────────────────────────┼─────────────┼─────────────────────────────────────────────────┼─────────────┼──────────────────────────────────────────────────────────────┼─────────────┼──────────────────────────────────────────────┼─────────────┤
│ ppo_actor/n_groups                     │  2.5600e+02 │ ppo_actor/update/behave_imp_weight/avg          │  1.0000e+00 │ ppo_actor/update/old_logp/min                                │ -2.0093e+01 │ eval-rollout/proxy_system_error              │  0.0000e+00 │
├────────────────────────────────────────┼─────────────┼─────────────────────────────────────────────────┼─────────────┼──────────────────────────────────────────────────────────────┼─────────────┼──────────────────────────────────────────────┼─────────────┤
│ ppo_actor/n_groups_size_4              │  2.5600e+02 │ ppo_actor/update/behave_imp_weight/max          │  1.6168e+00 │ ppo_actor/update/rs_filtered_fraction                        │  0.0000e+00 │ eval-rollout/reward                          │  1.0000e+00 │
├────────────────────────────────────────┼─────────────┼─────────────────────────────────────────────────┼─────────────┼──────────────────────────────────────────────────────────────┼─────────────┼──────────────────────────────────────────────┼─────────────┤
│ ppo_actor/n_seqs                       │  1.0240e+03 │ ppo_actor/update/behave_imp_weight/min          │  5.4243e-01 │ ppo_actor/update/unclipped_behave_tokens                     │  2.2948e+05 │ eval-rollout/singleton_slot_group            │  0.0000e+00 │
├────────────────────────────────────────┼─────────────┼─────────────────────────────────────────────────┼─────────────┼──────────────────────────────────────────────────────────────┼─────────────┼──────────────────────────────────────────────┼─────────────┤
│ ppo_actor/n_tokens                     │  9.6589e+05 │ ppo_actor/update/clip_ratio/avg                 │  0.0000e+00 │ ppo_actor/update/update_successful                           │  1.0000e+00 │ eval-rollout/target_slot_count               │  4.0000e+00 │
├────────────────────────────────────────┼─────────────┼─────────────────────────────────────────────────┼─────────────┼──────────────────────────────────────────────────────────────┼─────────────┼──────────────────────────────────────────────┼─────────────┤
│ ppo_actor/n_valid_tokens               │  2.2948e+05 │ ppo_actor/update/clip_ratio/max                 │  0.0000e+00 │ ppo_actor/update/version_stats/future_token_fraction         │  0.0000e+00 │ eval-rollout/trainable_slot_count            │  4.0000e+00 │
├────────────────────────────────────────┼─────────────┼─────────────────────────────────────────────────┼─────────────┼──────────────────────────────────────────────────────────────┼─────────────┼──────────────────────────────────────────────┼─────────────┤
│ ppo_actor/no_eos_ratios/avg            │  0.0000e+00 │ ppo_actor/update/clip_ratio/min                 │  0.0000e+00 │ ppo_actor/update/version_stats/n_valid_generated_tokens      │  2.2948e+05 │ eval-rollout/usable_slot_count               │  4.0000e+00 │
├────────────────────────────────────────┼─────────────┼─────────────────────────────────────────────────┼─────────────┼──────────────────────────────────────────────────────────────┼─────────────┼──────────────────────────────────────────────┼─────────────┤
│ ppo_actor/no_eos_ratios/max            │  0.0000e+00 │ ppo_actor/update/clipped_tokens                 │  0.0000e+00 │ ppo_actor/update/version_stats/sample_staleness_proximal_avg │  8.8976e-01 │ eval-rollout/num_turns/avg                   │  1.0000e+00 │
├────────────────────────────────────────┼─────────────┼─────────────────────────────────────────────────┼─────────────┼──────────────────────────────────────────────────────────────┼─────────────┼──────────────────────────────────────────────┼─────────────┤
│ ppo_actor/no_eos_ratios/min            │  0.0000e+00 │ ppo_actor/update/compute_logp/kl_div_direct/avg │  3.7459e-04 │ ppo_actor/update/version_stats/sample_staleness_proximal_max │  1.0000e+00 │ eval-rollout/num_turns_no_harness_err/avg    │  1.0000e+00 │
├────────────────────────────────────────┼─────────────┼─────────────────────────────────────────────────┼─────────────┼──────────────────────────────────────────────────────────────┼─────────────┼──────────────────────────────────────────────┼─────────────┤
│ ppo_actor/prompt_len/avg               │  9.7348e+01 │ ppo_actor/update/compute_logp/kl_div_direct/max │  6.1170e-01 │ ppo_actor/update/version_stats/sample_staleness_proximal_min │  0.0000e+00 │ eval-rollout/num_turns/min                   │  1.0000e+00 │
├────────────────────────────────────────┼─────────────┼─────────────────────────────────────────────────┼─────────────┼──────────────────────────────────────────────────────────────┼─────────────┼──────────────────────────────────────────────┼─────────────┤
│ ppo_actor/prompt_len/max               │  1.7700e+02 │ ppo_actor/update/compute_logp/kl_div_direct/min │ -4.8045e-01 │ ppo_actor/update/version_stats/sample_staleness_theta_avg    │  8.8976e-01 │ eval-rollout/num_turns_no_harness_err/min    │  1.0000e+00 │
├────────────────────────────────────────┼─────────────┼─────────────────────────────────────────────────┼─────────────┼──────────────────────────────────────────────────────────────┼─────────────┼──────────────────────────────────────────────┼─────────────┤
│ ppo_actor/prompt_len/min               │  6.3000e+01 │ ppo_actor/update/compute_logp/kl_div_dual/avg   │  3.7045e-04 │ ppo_actor/update/version_stats/sample_staleness_theta_max    │  1.0000e+00 │ eval-rollout/num_turns/max                   │  1.0000e+00 │
├────────────────────────────────────────┼─────────────┼─────────────────────────────────────────────────┼─────────────┼──────────────────────────────────────────────────────────────┼─────────────┼──────────────────────────────────────────────┼─────────────┤
│ ppo_actor/rs_upper                     │  5.0000e+00 │ ppo_actor/update/compute_logp/kl_div_dual/max   │  1.5413e-01 │ ppo_actor/update/version_stats/sample_staleness_theta_min    │  0.0000e+00 │ eval-rollout/num_turns_no_harness_err/max    │  1.0000e+00 │
├────────────────────────────────────────┼─────────────┼─────────────────────────────────────────────────┼─────────────┼──────────────────────────────────────────────────────────────┼─────────────┼──────────────────────────────────────────────┼─────────────┤
│ ppo_actor/seq_len/avg                  │  3.2145e+02 │ ppo_actor/update/compute_logp/kl_div_dual/min   │ -8.9582e-08 │ ppo_actor/update/version_stats/stale_token_fraction          │  8.8976e-01 │                                              │             │
╘════════════════════════════════════════╧═════════════╧═════════════════════════════════════════════════╧═════════════╧══════════════════════════════════════════════════════════════╧═════════════╧══════════════════════════════════════════════╧═════════════╛
[96m[1;38;2;180;140;80m(AReaL)[0m [96m20261003-00:09:17.592 [MegatronEngine Rank 3] INFO: #microbatch: 10, microbatch #tokens: [9313, 9327, 9313, 9206, 9210, 9211, 9320, 9210, 9319, 9304], aligned to: [9313, 9327, 9313, 9206, 9210, 9211, 9320, 9210, 9319, 9304], padded to: [9472, 9472, 9472, 9216, 9216, 9216, 9472, 9216, 9472, 9472], padding lengths: [159, 145, 159, 10, 6, 5, 152, 6, 153, 168].
[96m[1;38;2;180;140;80m(AReaL)[0m [96m20261003-00:09:17.592 [MegatronEngine Rank 0] INFO: #microbatch: 10, microbatch #tokens: [9514, 9407, 9400, 9518, 9475, 9519, 9476, 9394, 9394, 9512], aligned to: [9514, 9407, 9400, 9518, 9475, 9519, 9476, 9394, 9394, 9512], padded to: [9728, 9472, 9472, 9728, 9728, 9728, 9728, 9472, 9472, 9728], padding lengths: [214, 65, 72, 210, 253, 209, 252, 78, 78, 216].
[96m[1;38;2;180;140;80m(AReaL)[0m [96m20261003-00:09:17.593 [MegatronEngine Rank 1] INFO: #microbatch: 10, microbatch #tokens: [9422, 9419, 9418, 9502, 9510, 9506, 9506, 9503, 9421, 9501], aligned to: [9422, 9419, 9418, 9502, 9510, 9506, 9506, 9503, 9421, 9501], padded to: [9472, 9472, 9472, 9728, 9728, 9728, 9728, 9728, 9472, 9728], padding lengths: [50, 53, 54, 226, 218, 222, 222, 225, 51, 227].
[96m[1;38;2;180;140;80m(AReaL)[0m [96m20261003-00:09:17.594 [MegatronEngine Rank 2] INFO: #microbatch: 10, microbatch #tokens: [9161, 9153, 9179, 9183, 9167, 9078, 9076, 9076, 9076, 9184], aligned to: [9161, 9153, 9179, 9183, 9167, 9078, 9076, 9076, 9076, 9184], padded to: [9216, 9216, 9216, 9216, 9216, 9216, 9216, 9216, 9216, 9216], padding lengths: [55, 63, 37, 33, 49, 138, 140, 140, 140, 32].
[37m[1;38;2;180;140;80m(AReaL)[0m [37m20261003-00:09:20.322 IOStruct INFO: Memory-Usage recompute logp: memory allocated (GB): 13.05, memory reserved (GB): 32.52, device memory used/total (GB): 39.56/139.81 | host RssAnon: 1355MB, RssShmem: 12MB
[37m[1;38;2;180;140;80m(AReaL)[0m [37m20261003-00:09:20.858 IOStruct INFO: Memory-Usage compute advantages: memory allocated (GB): 13.06, memory reserved (GB): 32.52, device memory used/total (GB): 39.56/139.81 | host RssAnon: 1356MB, RssShmem: 12MB
[96m[1;38;2;180;140;80m(AReaL)[0m [96m20261003-00:09:21.344 [MegatronEngine Rank 0] INFO: #microbatch: 10, microbatch #tokens: [9514, 9407, 9400, 9518, 9475, 9519, 9476, 9394, 9394, 9512], aligned to: [9514, 9407, 9400, 9518, 9475, 9519, 9476, 9394, 9394, 9512], padded to: [9728, 9472, 9472, 9728, 9728, 9728, 9728, 9472, 9472, 9728], padding lengths: [214, 65, 72, 210, 253, 209, 252, 78, 78, 216].
[96m[1;38;2;180;140;80m(AReaL)[0m [96m20261003-00:09:21.345 [MegatronEngine Rank 3] INFO: #microbatch: 10, microbatch #tokens: [9313, 9327, 9313, 9206, 9210, 9211, 9320, 9210, 9319, 9304], aligned to: [9313, 9327, 9313, 9206, 9210, 9211, 9320, 9210, 9319, 9304], padded to: [9472, 9472, 9472, 9216, 9216, 9216, 9472, 9216, 9472, 9472], padding lengths: [159, 145, 159, 10, 6, 5, 152, 6, 153, 168].
[96m[1;38;2;180;140;80m(AReaL)[0m [96m20261003-00:09:21.345 [MegatronEngine Rank 2] INFO: #microbatch: 10, microbatch #tokens: [9161, 9153, 9179, 9183, 9167, 9078, 9076, 9076, 9076, 9184], aligned to: [9161, 9153, 9179, 9183, 9167, 9078, 9076, 9076, 9076, 9184], padded to: [9216, 9216, 9216, 9216, 9216, 9216, 9216, 9216, 9216, 9216], padding lengths: [55, 63, 37, 33, 49, 138, 140, 140, 140, 32].
[96m[1;38;2;180;140;80m(AReaL)[0m [96m20261003-00:09:21.346 [MegatronEngine Rank 1] INFO: #microbatch: 10, microbatch #tokens: [9422, 9419, 9418, 9502, 9510, 9506, 9506, 9503, 9421, 9501], aligned to: [9422, 9419, 9418, 9502, 9510, 9506, 9506, 9503, 9421, 9501], padded to: [9472, 9472, 9472, 9728, 9728, 9728, 9728, 9728, 9472, 9728], padding lengths: [50, 53, 54, 226, 218, 222, 222, 225, 51, 227].
[37m[1;38;2;180;140;80m(AReaL)[0m [37m20261003-00:09:29.550 IOStruct INFO: Memory-Usage ppo update: memory allocated (GB): 13.06, memory reserved (GB): 65.85, device memory used/total (GB): 72.90/139.81 | host RssAnon: 1356MB, RssShmem: 12MB
[37m[1;38;2;180;140;80m(AReaL)[0m [37m20261003-00:09:37.972 HFUtils INFO: Copied generation_config.json from /storage/openpsi/models/Qwen__Qwen2.5-1.5B-Instruct to /storage/openpsi/users/fenghui/projects/AReaL/research/muon/evidence/baseline-aligned-3epoch-20261003/adamw/results/checkpoints/root/gsm8k-grpo-megatron-adamw-baseline3/trial0/default/epoch2epochstep0globalstep2
[37m[1;38;2;180;140;80m(AReaL)[0m [37m20261003-00:09:37.981 HFUtils INFO: Copied tokenizer_config.json from /storage/openpsi/models/Qwen__Qwen2.5-1.5B-Instruct to /storage/openpsi/users/fenghui/projects/AReaL/research/muon/evidence/baseline-aligned-3epoch-20261003/adamw/results/checkpoints/root/gsm8k-grpo-megatron-adamw-baseline3/trial0/default/epoch2epochstep0globalstep2
[37m[1;38;2;180;140;80m(AReaL)[0m [37m20261003-00:09:37.998 HFUtils INFO: Copied vocab.json from /storage/openpsi/models/Qwen__Qwen2.5-1.5B-Instruct to /storage/openpsi/users/fenghui/projects/AReaL/research/muon/evidence/baseline-aligned-3epoch-20261003/adamw/results/checkpoints/root/gsm8k-grpo-megatron-adamw-baseline3/trial0/default/epoch2epochstep0globalstep2
[37m[1;38;2;180;140;80m(AReaL)[0m [37m20261003-00:09:38.012 HFUtils INFO: Copied merges.txt from /storage/openpsi/models/Qwen__Qwen2.5-1.5B-Instruct to /storage/openpsi/users/fenghui/projects/AReaL/research/muon/evidence/baseline-aligned-3epoch-20261003/adamw/results/checkpoints/root/gsm8k-grpo-megatron-adamw-baseline3/trial0/default/epoch2epochstep0globalstep2
[37m[1;38;2;180;140;80m(AReaL)[0m [37m20261003-00:09:38.014 HFUtils INFO: special_tokens_map.json does not exist in /storage/openpsi/models/Qwen__Qwen2.5-1.5B-Instruct; skipping
[37m[1;38;2;180;140;80m(AReaL)[0m [37m20261003-00:09:38.032 HFUtils INFO: Copied tokenizer.json from /storage/openpsi/models/Qwen__Qwen2.5-1.5B-Instruct to /storage/openpsi/users/fenghui/projects/AReaL/research/muon/evidence/baseline-aligned-3epoch-20261003/adamw/results/checkpoints/root/gsm8k-grpo-megatron-adamw-baseline3/trial0/default/epoch2epochstep0globalstep2
[37m[1;38;2;180;140;80m(AReaL)[0m [37m20261003-00:09:38.050 HFUtils INFO: Patched config.json: torch_dtype=bfloat16
[37m[1;38;2;180;140;80m(AReaL)[0m [37m20261003-00:09:38.245 DataBP INFO: Cleared 603 batch shards. Stats: {'status': 'ok', 'cleared_count': 603, 'num_tensors': 1152, 'total_bytes': 7384068}
[37m[1;38;2;180;140;80m(AReaL)[0m [37m20261003-00:09:38.245 DataBP INFO: Cleared 657 batch shards. Stats: {'status': 'ok', 'cleared_count': 657, 'num_tensors': 1152, 'total_bytes': 7668660}
[37m[1;38;2;180;140;80m(AReaL)[0m [37m20261003-00:09:38.245 DataBP INFO: Cleared 432 batch shards. Stats: {'status': 'ok', 'cleared_count': 432, 'num_tensors': 1152, 'total_bytes': 7440432}
[37m[1;38;2;180;140;80m(AReaL)[0m [37m20261003-00:09:38.246 DataBP INFO: Cleared 612 batch shards. Stats: {'status': 'ok', 'cleared_count': 612, 'num_tensors': 1152, 'total_bytes': 7342488}
[37m[1;38;2;180;140;80m(AReaL)[0m [37m20261003-00:09:38.247 DataBP INFO: Cleared 960 batch shards. Stats: {'status': 'ok', 'cleared_count': 960, 'num_tensors': 0, 'total_bytes': 0}
[37m[1;38;2;180;140;80m(AReaL)[0m [37m20261003-00:09:38.247 DataBP INFO: Cleared 960 batch shards. Stats: {'status': 'ok', 'cleared_count': 960, 'num_tensors': 0, 'total_bytes': 0}
[37m[1;38;2;180;140;80m(AReaL)[0m [37m20261003-00:09:38.248 DataBP INFO: Cleared 960 batch shards. Stats: {'status': 'ok', 'cleared_count': 960, 'num_tensors': 0, 'total_bytes': 0}
[37m[1;38;2;180;140;80m(AReaL)[0m [37m20261003-00:09:38.249 DataBP INFO: Cleared 960 batch shards. Stats: {'status': 'ok', 'cleared_count': 960, 'num_tensors': 0, 'total_bytes': 0}
[37m[1;38;2;180;140;80m(AReaL)[0m [37m20261003-00:09:39.574 DataBP INFO: Cleared 9 batch shards. Stats: {'status': 'ok', 'cleared_count': 9, 'num_tensors': 0, 'total_bytes': 0}
[37m[1;38;2;180;140;80m(AReaL)[0m [37m20261003-00:09:39.574 DataBP INFO: Cleared 9 batch shards. Stats: {'status': 'ok', 'cleared_count': 9, 'num_tensors': 0, 'total_bytes': 0}
[37m[1;38;2;180;140;80m(AReaL)[0m [37m20261003-00:09:39.574 DataBP INFO: Cleared 9 batch shards. Stats: {'status': 'ok', 'cleared_count': 9, 'num_tensors': 0, 'total_bytes': 0}
[37m[1;38;2;180;140;80m(AReaL)[0m [37m20261003-00:09:39.574 DataBP INFO: Cleared 9 batch shards. Stats: {'status': 'ok', 'cleared_count': 9, 'num_tensors': 0, 'total_bytes': 0}
[92m[1;38;2;180;140;80m(AReaL)[0m [92m20261003-00:09:39.698 StatsLogger INFO: Epoch 3/3 Step 1/1 Train step 3/3 done.
[92m[1;38;2;180;140;80m(AReaL)[0m [92m20261003-00:09:39.699 StatsLogger INFO: Stats (1/1):
[92m[1;38;2;180;140;80m(AReaL)[0m [92m20261003-00:09:39.703 StatsLogger INFO: 
╒════════════════════════════════════════╤═════════════╤═════════════════════════════════════════════════╤═════════════╤══════════════════════════════════════════════════════════════╤═════════════╤══════════════════════════════════════════════╤═════════════╕
│ timeperf/rollout                       │  9.8796e-01 │ ppo_actor/seq_len/max                           │  8.7800e+02 │ ppo_actor/update/compute_logp/kl_div_taylor/avg              │  6.6758e-04 │ ppo_actor/update/version_stats/v_proximal    │  2.0000e+00 │
├────────────────────────────────────────┼─────────────┼─────────────────────────────────────────────────┼─────────────┼──────────────────────────────────────────────────────────────┼─────────────┼──────────────────────────────────────────────┼─────────────┤
│ timeperf/recompute_logp                │  3.2940e+00 │ ppo_actor/seq_len/min                           │  7.8000e+01 │ ppo_actor/update/compute_logp/kl_div_taylor/max              │  9.8862e-01 │ ppo_actor/update/version_stats/v_theta       │  2.0000e+00 │
├────────────────────────────────────────┼─────────────┼─────────────────────────────────────────────────┼─────────────┼──────────────────────────────────────────────────────────────┼─────────────┼──────────────────────────────────────────────┼─────────────┤
│ timeperf/compute_advantage             │  5.3593e-01 │ ppo_actor/task_reward/avg                       │  6.7383e-01 │ ppo_actor/update/compute_logp/kl_div_taylor/min              │  0.0000e+00 │ ppo_actor/update/vocab_max_logits/avg        │  2.9857e+01 │
├────────────────────────────────────────┼─────────────┼─────────────────────────────────────────────────┼─────────────┼──────────────────────────────────────────────────────────────┼─────────────┼──────────────────────────────────────────────┼─────────────┤
│ timeperf/train_step                    │  8.6926e+00 │ ppo_actor/task_reward/max                       │  1.0000e+00 │ ppo_actor/update/compute_logp/n_valid_tokens                 │  2.7035e+05 │ ppo_actor/update/vocab_max_logits/max        │  4.9000e+01 │
├────────────────────────────────────────┼─────────────┼─────────────────────────────────────────────────┼─────────────┼──────────────────────────────────────────────────────────────┼─────────────┼──────────────────────────────────────────────┼─────────────┤
│ timeperf/update_weights                │  2.7649e-01 │ ppo_actor/task_reward/min                       │  0.0000e+00 │ ppo_actor/update/compute_logp/prox_logp_gt/avg               │ -3.0751e-01 │ ppo_actor/update/vocab_max_logits/min        │  7.0000e+00 │
├────────────────────────────────────────┼─────────────┼─────────────────────────────────────────────────┼─────────────┼──────────────────────────────────────────────────────────────┼─────────────┼──────────────────────────────────────────────┼─────────────┤
│ timeperf/save                          │  8.4012e+00 │ ppo_actor/train_infer/kl_k1                     │  5.0329e-04 │ ppo_actor/update/compute_logp/prox_logp_gt/max               │  0.0000e+00 │ ppo_actor/update/vocab_min_logits/avg        │ -1.5954e+01 │
├────────────────────────────────────────┼─────────────┼─────────────────────────────────────────────────┼─────────────┼──────────────────────────────────────────────────────────────┼─────────────┼──────────────────────────────────────────────┼─────────────┤
│ timeperf/checkpoint_for_recover        │  1.4035e-04 │ ppo_actor/train_infer/kl_k2                     │  6.6758e-04 │ ppo_actor/update/compute_logp/prox_logp_gt/min               │ -1.9356e+01 │ ppo_actor/update/vocab_min_logits/max        │ -5.2188e+00 │
├────────────────────────────────────────┼─────────────┼─────────────────────────────────────────────────┼─────────────┼──────────────────────────────────────────────────────────────┼─────────────┼──────────────────────────────────────────────┼─────────────┤
│ timeperf/clear_batches                 │  2.6763e-01 │ ppo_actor/train_infer/kl_k3                     │  6.3600e-04 │ ppo_actor/update/dual_clip_ratio/avg                         │  0.0000e+00 │ ppo_actor/update/vocab_min_logits/min        │ -4.2500e+01 │
├────────────────────────────────────────┼─────────────┼─────────────────────────────────────────────────┼─────────────┼──────────────────────────────────────────────────────────────┼─────────────┼──────────────────────────────────────────────┼─────────────┤
│ timeperf/eval                          │  1.0785e+00 │ ppo_actor/train_infer/kl_k3_overflow_fraction   │  0.0000e+00 │ ppo_actor/update/dual_clip_ratio/max                         │  0.0000e+00 │ ppo_actor/usable_group_size/avg              │  4.0000e+00 │
├────────────────────────────────────────┼─────────────┼─────────────────────────────────────────────────┼─────────────┼──────────────────────────────────────────────────────────────┼─────────────┼──────────────────────────────────────────────┼─────────────┤
│ ppo_actor/advantage_negative_fraction  │  7.0469e-01 │ ppo_actor/train_infer/logp_abs_diff/avg         │  1.1339e-02 │ ppo_actor/update/dual_clip_ratio/min                         │  0.0000e+00 │ ppo_actor/usable_group_size/max              │  4.0000e+00 │
├────────────────────────────────────────┼─────────────┼─────────────────────────────────────────────────┼─────────────┼──────────────────────────────────────────────────────────────┼─────────────┼──────────────────────────────────────────────┼─────────────┤
│ ppo_actor/advantage_positive_fraction  │  2.9531e-01 │ ppo_actor/train_infer/logp_abs_diff/max         │  1.4061e+00 │ ppo_actor/update/dual_clipped_tokens                         │  0.0000e+00 │ ppo_actor/usable_group_size/min              │  4.0000e+00 │
├────────────────────────────────────────┼─────────────┼─────────────────────────────────────────────────┼─────────────┼──────────────────────────────────────────────────────────────┼─────────────┼──────────────────────────────────────────────┼─────────────┤
│ ppo_actor/advantage_zero_fraction      │  0.0000e+00 │ ppo_actor/train_infer/logp_abs_diff/min         │  0.0000e+00 │ ppo_actor/update/entropy/avg                                 │  2.9921e-01 │ ppo_actor/use_dual_clip                      │  0.0000e+00 │
├────────────────────────────────────────┼─────────────┼─────────────────────────────────────────────────┼─────────────┼──────────────────────────────────────────────────────────────┼─────────────┼──────────────────────────────────────────────┼─────────────┤
│ ppo_actor/advantages/avg               │  3.9509e-09 │ ppo_actor/train_infer/logp_diff/avg             │ -5.0329e-04 │ ppo_actor/update/entropy/max                                 │  9.0428e+00 │ rollout/num_turns_count                      │  1.1450e+03 │
├────────────────────────────────────────┼─────────────┼─────────────────────────────────────────────────┼─────────────┼──────────────────────────────────────────────────────────────┼─────────────┼──────────────────────────────────────────────┼─────────────┤
│ ppo_actor/advantages/max               │  2.3746e+00 │ ppo_actor/train_infer/logp_diff/max             │  7.6693e-01 │ ppo_actor/update/entropy/min                                 │  6.8758e-10 │ rollout/num_turns_no_harness_err_count       │  1.1450e+03 │
├────────────────────────────────────────┼─────────────┼─────────────────────────────────────────────────┼─────────────┼──────────────────────────────────────────────────────────────┼─────────────┼──────────────────────────────────────────────┼─────────────┤
│ ppo_actor/advantages/min               │ -2.4331e+00 │ ppo_actor/train_infer/logp_diff/min             │ -1.4061e+00 │ ppo_actor/update/grad_norm                                   │  2.8385e-01 │ rollout/accepted                             │  1.0000e+00 │
├────────────────────────────────────────┼─────────────┼─────────────────────────────────────────────────┼─────────────┼──────────────────────────────────────────────────────────────┼─────────────┼──────────────────────────────────────────────┼─────────────┤
│ ppo_actor/correct_n_seqs               │  6.9000e+02 │ ppo_actor/train_infer/logp_diff_squared         │  1.3352e-03 │ ppo_actor/update/importance_weight/avg                       │  1.0000e+00 │ rollout/context_overflow                     │  0.0000e+00 │
├────────────────────────────────────────┼─────────────┼─────────────────────────────────────────────────┼─────────────┼──────────────────────────────────────────────────────────────┼─────────────┼──────────────────────────────────────────────┼─────────────┤
│ ppo_actor/correct_seq_len/avg          │  3.5542e+02 │ ppo_actor/train_infer/n_valid_tokens            │  2.7035e+05 │ ppo_actor/update/importance_weight/max                       │  1.0000e+00 │ rollout/fully_masked_group                   │  0.0000e+00 │
├────────────────────────────────────────┼─────────────┼─────────────────────────────────────────────────┼─────────────┼──────────────────────────────────────────────────────────────┼─────────────┼──────────────────────────────────────────────┼─────────────┤
│ ppo_actor/correct_seq_len/max          │  8.7800e+02 │ ppo_actor/train_infer/nonfinite_logp_fraction   │  0.0000e+00 │ ppo_actor/update/importance_weight/min                       │  1.0000e+00 │ rollout/pre_filter_trainable_slot_yield      │  1.0000e+00 │
├────────────────────────────────────────┼─────────────┼─────────────────────────────────────────────────┼─────────────┼──────────────────────────────────────────────────────────────┼─────────────┼──────────────────────────────────────────────┼─────────────┤
│ ppo_actor/correct_seq_len/min          │  7.8000e+01 │ ppo_actor/train_infer/ratio_outside_1.5         │  6.7691e-04 │ ppo_actor/update/logp_abs_diff/avg                           │  1.1339e-02 │ rollout/pre_filter_usable_slot_yield         │  1.0000e+00 │
├────────────────────────────────────────┼─────────────┼─────────────────────────────────────────────────┼─────────────┼──────────────────────────────────────────────────────────────┼─────────────┼──────────────────────────────────────────────┼─────────────┤
│ ppo_actor/eps_clip                     │  4.0000e-01 │ ppo_actor/train_infer/ratio_outside_10          │  0.0000e+00 │ ppo_actor/update/logp_abs_diff/max                           │  1.4061e+00 │ rollout/proxy_system_error                   │  0.0000e+00 │
├────────────────────────────────────────┼─────────────┼─────────────────────────────────────────────────┼─────────────┼──────────────────────────────────────────────────────────────┼─────────────┼──────────────────────────────────────────────┼─────────────┤
│ ppo_actor/final_reward/avg             │ -7.9371e-12 │ ppo_actor/train_infer/ratio_outside_2           │  1.4796e-04 │ ppo_actor/update/logp_abs_diff/min                           │  0.0000e+00 │ rollout/reward                               │  7.2751e-01 │
├────────────────────────────────────────┼─────────────┼─────────────────────────────────────────────────┼─────────────┼──────────────────────────────────────────────────────────────┼─────────────┼──────────────────────────────────────────────┼─────────────┤
│ ppo_actor/final_reward/max             │  1.5000e+00 │ ppo_actor/train_infer/ratio_outside_3           │  1.4796e-05 │ ppo_actor/update/logp_diff/avg                               │  5.0329e-04 │ rollout/singleton_slot_group                 │  0.0000e+00 │
├────────────────────────────────────────┼─────────────┼─────────────────────────────────────────────────┼─────────────┼──────────────────────────────────────────────────────────────┼─────────────┼──────────────────────────────────────────────┼─────────────┤
│ ppo_actor/final_reward/min             │ -1.5000e+00 │ ppo_actor/train_infer/ratio_outside_5           │  0.0000e+00 │ ppo_actor/update/logp_diff/max                               │  1.4061e+00 │ rollout/target_slot_count                    │  4.0000e+00 │
├────────────────────────────────────────┼─────────────┼─────────────────────────────────────────────────┼─────────────┼──────────────────────────────────────────────────────────────┼─────────────┼──────────────────────────────────────────────┼─────────────┤
│ ppo_actor/group_loss_weight/avg        │  1.0560e+03 │ ppo_actor/train_infer/rollout_nll               │  3.0700e-01 │ ppo_actor/update/logp_diff/min                               │ -7.6693e-01 │ rollout/trainable_slot_count                 │  4.0000e+00 │
├────────────────────────────────────────┼─────────────┼─────────────────────────────────────────────────┼─────────────┼──────────────────────────────────────────────────────────────┼─────────────┼──────────────────────────────────────────────┼─────────────┤
│ ppo_actor/group_loss_weight/max        │  2.3630e+03 │ ppo_actor/train_infer/trainer_nll               │  3.0751e-01 │ ppo_actor/update/lr                                          │  3.0000e-06 │ rollout/usable_slot_count                    │  4.0000e+00 │
├────────────────────────────────────────┼─────────────┼─────────────────────────────────────────────────┼─────────────┼──────────────────────────────────────────────────────────────┼─────────────┼──────────────────────────────────────────────┼─────────────┤
│ ppo_actor/group_loss_weight/min        │  2.9000e+02 │ ppo_actor/update/actor_loss/avg                 │ -2.8475e-04 │ ppo_actor/update/masked_token_ratio                          │  2.7598e-01 │ rollout/num_turns/avg                        │  1.0000e+00 │
├────────────────────────────────────────┼─────────────┼─────────────────────────────────────────────────┼─────────────┼──────────────────────────────────────────────────────────────┼─────────────┼──────────────────────────────────────────────┼─────────────┤
│ ppo_actor/group_loss_weight_size_4/avg │  1.0560e+03 │ ppo_actor/update/actor_loss/max                 │  3.8157e+00 │ ppo_actor/update/n_masked_tokens                             │  2.5759e+03 │ rollout/num_turns_no_harness_err/avg         │  1.0000e+00 │
├────────────────────────────────────────┼─────────────┼─────────────────────────────────────────────────┼─────────────┼──────────────────────────────────────────────────────────────┼─────────────┼──────────────────────────────────────────────┼─────────────┤
│ ppo_actor/group_loss_weight_size_4/max │  2.3630e+03 │ ppo_actor/update/actor_loss/min                 │ -3.7032e+00 │ ppo_actor/update/n_tokens                                    │  3.7338e+05 │ rollout/num_turns/min                        │  1.0000e+00 │
├────────────────────────────────────────┼─────────────┼─────────────────────────────────────────────────┼─────────────┼──────────────────────────────────────────────────────────────┼─────────────┼──────────────────────────────────────────────┼─────────────┤
│ ppo_actor/group_loss_weight_size_4/min │  2.9000e+02 │ ppo_actor/update/approx_kl/avg                  │  0.0000e+00 │ ppo_actor/update/n_total_tokens                              │  9.3346e+03 │ rollout/num_turns_no_harness_err/min         │  1.0000e+00 │
├────────────────────────────────────────┼─────────────┼─────────────────────────────────────────────────┼─────────────┼──────────────────────────────────────────────────────────────┼─────────────┼──────────────────────────────────────────────┼─────────────┤
│ ppo_actor/incorrect_n_seqs             │  3.3400e+02 │ ppo_actor/update/approx_kl/max                  │  0.0000e+00 │ ppo_actor/update/n_valid_tokens                              │  2.7035e+05 │ rollout/num_turns/max                        │  1.0000e+00 │
├────────────────────────────────────────┼─────────────┼─────────────────────────────────────────────────┼─────────────┼──────────────────────────────────────────────────────────────┼─────────────┼──────────────────────────────────────────────┼─────────────┤
│ ppo_actor/incorrect_seq_len/avg        │  3.8366e+02 │ ppo_actor/update/approx_kl/min                  │  0.0000e+00 │ ppo_actor/update/n_valid_tokens_in_loss                      │  6.7587e+03 │ rollout/num_turns_no_harness_err/max         │  1.0000e+00 │
├────────────────────────────────────────┼─────────────┼─────────────────────────────────────────────────┼─────────────┼──────────────────────────────────────────────────────────────┼─────────────┼──────────────────────────────────────────────┼─────────────┤
│ ppo_actor/incorrect_seq_len/max        │  8.5300e+02 │ ppo_actor/update/behave_approx_kl/avg           │ -5.0329e-04 │ ppo_actor/update/new_logp/avg                                │ -3.0751e-01 │ eval-rollout/num_turns_count                 │  1.6000e+01 │
├────────────────────────────────────────┼─────────────┼─────────────────────────────────────────────────┼─────────────┼──────────────────────────────────────────────────────────────┼─────────────┼──────────────────────────────────────────────┼─────────────┤
│ ppo_actor/incorrect_seq_len/min        │  8.3000e+01 │ ppo_actor/update/behave_approx_kl/max           │  7.6693e-01 │ ppo_actor/update/new_logp/max                                │  0.0000e+00 │ eval-rollout/num_turns_no_harness_err_count  │  1.6000e+01 │
├────────────────────────────────────────┼─────────────┼─────────────────────────────────────────────────┼─────────────┼──────────────────────────────────────────────────────────────┼─────────────┼──────────────────────────────────────────────┼─────────────┤
│ ppo_actor/kl_rewards/avg               │  0.0000e+00 │ ppo_actor/update/behave_approx_kl/min           │ -1.4061e+00 │ ppo_actor/update/new_logp/min                                │ -1.9356e+01 │ eval-rollout/context_overflow                │  0.0000e+00 │
├────────────────────────────────────────┼─────────────┼─────────────────────────────────────────────────┼─────────────┼──────────────────────────────────────────────────────────────┼─────────────┼──────────────────────────────────────────────┼─────────────┤
│ ppo_actor/kl_rewards/max               │  0.0000e+00 │ ppo_actor/update/behave_filtered_ratio/avg      │  0.0000e+00 │ ppo_actor/update/num_micro_batches                           │  1.0000e+01 │ eval-rollout/fully_masked_group              │  0.0000e+00 │
├────────────────────────────────────────┼─────────────┼─────────────────────────────────────────────────┼─────────────┼──────────────────────────────────────────────────────────────┼─────────────┼──────────────────────────────────────────────┼─────────────┤
│ ppo_actor/kl_rewards/min               │  0.0000e+00 │ ppo_actor/update/behave_filtered_ratio/max      │  0.0000e+00 │ ppo_actor/update/old_logp/avg                                │ -3.0700e-01 │ eval-rollout/pre_filter_trainable_slot_yield │  1.0000e+00 │
├────────────────────────────────────────┼─────────────┼─────────────────────────────────────────────────┼─────────────┼──────────────────────────────────────────────────────────────┼─────────────┼──────────────────────────────────────────────┼─────────────┤
│ ppo_actor/mask_no_eos_with_zero        │  0.0000e+00 │ ppo_actor/update/behave_filtered_ratio/min      │  0.0000e+00 │ ppo_actor/update/old_logp/max                                │  0.0000e+00 │ eval-rollout/pre_filter_usable_slot_yield    │  1.0000e+00 │
├────────────────────────────────────────┼─────────────┼─────────────────────────────────────────────────┼─────────────┼──────────────────────────────────────────────────────────────┼─────────────┼──────────────────────────────────────────────┼─────────────┤
│ ppo_actor/n_groups                     │  2.5600e+02 │ ppo_actor/update/behave_imp_weight/avg          │  1.0001e+00 │ ppo_actor/update/old_logp/min                                │ -1.9386e+01 │ eval-rollout/proxy_system_error              │  0.0000e+00 │
├────────────────────────────────────────┼─────────────┼─────────────────────────────────────────────────┼─────────────┼──────────────────────────────────────────────────────────────┼─────────────┼──────────────────────────────────────────────┼─────────────┤
│ ppo_actor/n_groups_size_4              │  2.5600e+02 │ ppo_actor/update/behave_imp_weight/max          │  2.1531e+00 │ ppo_actor/update/rs_filtered_fraction                        │  0.0000e+00 │ eval-rollout/reward                          │  9.3750e-01 │
├────────────────────────────────────────┼─────────────┼─────────────────────────────────────────────────┼─────────────┼──────────────────────────────────────────────────────────────┼─────────────┼──────────────────────────────────────────────┼─────────────┤
│ ppo_actor/n_seqs                       │  1.0240e+03 │ ppo_actor/update/behave_imp_weight/min          │  2.4509e-01 │ ppo_actor/update/unclipped_behave_tokens                     │  2.7035e+05 │ eval-rollout/singleton_slot_group            │  0.0000e+00 │
├────────────────────────────────────────┼─────────────┼─────────────────────────────────────────────────┼─────────────┼──────────────────────────────────────────────────────────────┼─────────────┼──────────────────────────────────────────────┼─────────────┤
│ ppo_actor/n_tokens                     │  8.6170e+05 │ ppo_actor/update/clip_ratio/avg                 │  0.0000e+00 │ ppo_actor/update/update_successful                           │  1.0000e+00 │ eval-rollout/target_slot_count               │  4.0000e+00 │
├────────────────────────────────────────┼─────────────┼─────────────────────────────────────────────────┼─────────────┼──────────────────────────────────────────────────────────────┼─────────────┼──────────────────────────────────────────────┼─────────────┤
│ ppo_actor/n_valid_tokens               │  2.7035e+05 │ ppo_actor/update/clip_ratio/max                 │  0.0000e+00 │ ppo_actor/update/version_stats/future_token_fraction         │  0.0000e+00 │ eval-rollout/trainable_slot_count            │  4.0000e+00 │
├────────────────────────────────────────┼─────────────┼─────────────────────────────────────────────────┼─────────────┼──────────────────────────────────────────────────────────────┼─────────────┼──────────────────────────────────────────────┼─────────────┤
│ ppo_actor/no_eos_ratios/avg            │  0.0000e+00 │ ppo_actor/update/clip_ratio/min                 │  0.0000e+00 │ ppo_actor/update/version_stats/n_valid_generated_tokens      │  2.7035e+05 │ eval-rollout/usable_slot_count               │  4.0000e+00 │
├────────────────────────────────────────┼─────────────┼─────────────────────────────────────────────────┼─────────────┼──────────────────────────────────────────────────────────────┼─────────────┼──────────────────────────────────────────────┼─────────────┤
│ ppo_actor/no_eos_ratios/max            │  0.0000e+00 │ ppo_actor/update/clipped_tokens                 │  0.0000e+00 │ ppo_actor/update/version_stats/sample_staleness_proximal_avg │  1.2060e+00 │ eval-rollout/num_turns/avg                   │  1.0000e+00 │
├────────────────────────────────────────┼─────────────┼─────────────────────────────────────────────────┼─────────────┼──────────────────────────────────────────────────────────────┼─────────────┼──────────────────────────────────────────────┼─────────────┤
│ ppo_actor/no_eos_ratios/min            │  0.0000e+00 │ ppo_actor/update/compute_logp/kl_div_direct/avg │  5.0329e-04 │ ppo_actor/update/version_stats/sample_staleness_proximal_max │  2.0000e+00 │ eval-rollout/num_turns_no_harness_err/avg    │  1.0000e+00 │
├────────────────────────────────────────┼─────────────┼─────────────────────────────────────────────────┼─────────────┼──────────────────────────────────────────────────────────────┼─────────────┼──────────────────────────────────────────────┼─────────────┤
│ ppo_actor/prompt_len/avg               │  1.0062e+02 │ ppo_actor/update/compute_logp/kl_div_direct/max │  1.4061e+00 │ ppo_actor/update/version_stats/sample_staleness_proximal_min │  1.0000e+00 │ eval-rollout/num_turns/min                   │  1.0000e+00 │
├────────────────────────────────────────┼─────────────┼─────────────────────────────────────────────────┼─────────────┼──────────────────────────────────────────────────────────────┼─────────────┼──────────────────────────────────────────────┼─────────────┤
│ ppo_actor/prompt_len/max               │  1.7700e+02 │ ppo_actor/update/compute_logp/kl_div_direct/min │ -7.6693e-01 │ ppo_actor/update/version_stats/sample_staleness_theta_avg    │  1.2060e+00 │ eval-rollout/num_turns_no_harness_err/min    │  1.0000e+00 │
├────────────────────────────────────────┼─────────────┼─────────────────────────────────────────────────┼─────────────┼──────────────────────────────────────────────────────────────┼─────────────┼──────────────────────────────────────────────┼─────────────┤
│ ppo_actor/prompt_len/min               │  6.3000e+01 │ ppo_actor/update/compute_logp/kl_div_dual/avg   │  6.3600e-04 │ ppo_actor/update/version_stats/sample_staleness_theta_max    │  2.0000e+00 │ eval-rollout/num_turns/max                   │  1.0000e+00 │
├────────────────────────────────────────┼─────────────┼─────────────────────────────────────────────────┼─────────────┼──────────────────────────────────────────────────────────────┼─────────────┼──────────────────────────────────────────────┼─────────────┤
│ ppo_actor/rs_upper                     │  5.0000e+00 │ ppo_actor/update/compute_logp/kl_div_dual/max   │  6.5123e-01 │ ppo_actor/update/version_stats/sample_staleness_theta_min    │  1.0000e+00 │ eval-rollout/num_turns_no_harness_err/max    │  1.0000e+00 │
├────────────────────────────────────────┼─────────────┼─────────────────────────────────────────────────┼─────────────┼──────────────────────────────────────────────────────────────┼─────────────┼──────────────────────────────────────────────┼─────────────┤
│ ppo_actor/seq_len/avg                  │  3.6463e+02 │ ppo_actor/update/compute_logp/kl_div_dual/min   │ -8.9407e-08 │ ppo_actor/update/version_stats/stale_token_fraction          │  1.0000e+00 │                                              │             │
╘════════════════════════════════════════╧═════════════╧═════════════════════════════════════════════════╧═════════════╧══════════════════════════════════════════════════════════════╧═════════════╧══════════════════════════════════════════════╧═════════════╛
[92m[1;38;2;180;140;80m(AReaL)[0m [92m20261003-00:09:39.711 RLTrainer INFO: Skipping rollout resume after final training step (global_step=2)
[37m[1;38;2;180;140;80m(AReaL)[0m [37m20261003-00:09:39.733 DataController INFO: Unregistered dataset gsm8k-grpo-megatron-adamw-baseline3_trial0_train
[37m[1;38;2;180;140;80m(AReaL)[0m [37m20261003-00:09:39.736 DataController INFO: Unregistered dataset gsm8k-grpo-megatron-adamw-baseline3_trial0_valid
[37m[1;38;2;180;140;80m(AReaL)[0m [37m20261003-00:09:39.774 ProcUtils INFO: Sending SIGTERM to process 54678 and 3 children
[37m[1;38;2;180;140;80m(AReaL)[0m [37m20261003-00:09:39.774 ProcUtils INFO: Sending SIGTERM to process 54723 and 3 children
[37m[1;38;2;180;140;80m(AReaL)[0m [37m20261003-00:09:39.775 ProcUtils INFO: Sending SIGTERM to process 54682 and 3 children
[37m[1;38;2;180;140;80m(AReaL)[0m [37m20261003-00:09:39.947 ProcUtils INFO: Successfully cleaned up process tree for PID 54723
[37m[1;38;2;180;140;80m(AReaL)[0m [37m20261003-00:09:39.948 Guard INFO: Killed forked worker data-gateway/0 (pid=54723)
[37m[1;38;2;180;140;80m(AReaL)[0m [37m20261003-00:09:39.948 DataController INFO: Killed forked service data-gateway/0
[37m[1;38;2;180;140;80m(AReaL)[0m [37m20261003-00:09:39.981 ProcUtils INFO: Successfully cleaned up process tree for PID 54678
[37m[1;38;2;180;140;80m(AReaL)[0m [37m20261003-00:09:39.981 Guard INFO: Killed forked worker data-worker/0 (pid=54678)
[37m[1;38;2;180;140;80m(AReaL)[0m [37m20261003-00:09:39.981 DataController INFO: Killed forked service data-worker/0
[37m[1;38;2;180;140;80m(AReaL)[0m [37m20261003-00:09:40.017 ProcUtils INFO: Successfully cleaned up process tree for PID 54682
[37m[1;38;2;180;140;80m(AReaL)[0m [37m20261003-00:09:40.017 Guard INFO: Killed forked worker data-router/0 (pid=54682)
[37m[1;38;2;180;140;80m(AReaL)[0m [37m20261003-00:09:40.018 DataController INFO: Killed forked service data-router/0
[34m[1;38;2;180;140;80m(AReaL)[0m [34m20261003-00:09:40.018 LocalScheduler INFO: Deleting 1 workers for role 'data-data'
[37m[1;38;2;180;140;80m(AReaL)[0m [37m20261003-00:09:40.025 ProcUtils INFO: Sending SIGTERM to process 54653 and 3 children
[37m[1;38;2;180;140;80m(AReaL)[0m [37m20261003-00:09:41.839 ProcUtils INFO: Successfully cleaned up process tree for PID 54653
[34m[1;38;2;180;140;80m(AReaL)[0m [34m20261003-00:09:41.840 LocalScheduler INFO: Successfully deleted workers for role 'data-data'
[37m[1;38;2;180;140;80m(AReaL)[0m [37m20261003-00:09:41.840 DataController INFO: Workers deleted for role: data-data
[92m[1;38;2;180;140;80m(AReaL)[0m [92m20261003-00:09:41.840 StatsLogger INFO: Training completes! Total time elapsed 143.83.
[37m[1;38;2;180;140;80m(AReaL)[0m [37m20261003-00:09:41.876 RolloutController INFO: Stopping callback server...
[34m[1;38;2;180;140;80m(AReaL)[0m [34m20261003-00:09:42.112 LocalScheduler INFO: Removing forked role 'proxy-eval-rollout' (managed by parent worker)
[37m[1;38;2;180;140;80m(AReaL)[0m [37m20261003-00:09:42.120 ProcUtils INFO: Sending SIGTERM to process 56706 and 3 children
[37m[1;38;2;180;140;80m(AReaL)[0m [37m20261003-00:09:42.120 ProcUtils INFO: Sending SIGTERM to process 56704 and 3 children
[37m[1;38;2;180;140;80m(AReaL)[0m [37m20261003-00:09:42.120 ProcUtils INFO: Sending SIGTERM to process 56703 and 3 children
[37m[1;38;2;180;140;80m(AReaL)[0m [37m20261003-00:09:42.121 ProcUtils INFO: Sending SIGTERM to process 56705 and 3 children
[37m[1;38;2;180;140;80m(AReaL)[0m [37m20261003-00:09:42.340 ProcUtils INFO: Successfully cleaned up process tree for PID 56704
[37m[1;38;2;180;140;80m(AReaL)[0m [37m20261003-00:09:42.340 Guard INFO: Killed forked worker proxy-eval-rollout/3 (pid=56704)
[34m[1;38;2;180;140;80m(AReaL)[0m [34m20261003-00:09:42.341 LocalScheduler INFO: Killed forked worker proxy-eval-rollout/3 (pid=56704)
[37m[1;38;2;180;140;80m(AReaL)[0m [37m20261003-00:09:42.348 ProcUtils INFO: Successfully cleaned up process tree for PID 56703
[37m[1;38;2;180;140;80m(AReaL)[0m [37m20261003-00:09:42.348 Guard INFO: Killed forked worker proxy-eval-rollout/0 (pid=56703)
[34m[1;38;2;180;140;80m(AReaL)[0m [34m20261003-00:09:42.348 LocalScheduler INFO: Killed forked worker proxy-eval-rollout/0 (pid=56703)
[37m[1;38;2;180;140;80m(AReaL)[0m [37m20261003-00:09:42.350 ProcUtils INFO: Successfully cleaned up process tree for PID 56706
[37m[1;38;2;180;140;80m(AReaL)[0m [37m20261003-00:09:42.350 Guard INFO: Killed forked worker proxy-eval-rollout/2 (pid=56706)
[34m[1;38;2;180;140;80m(AReaL)[0m [34m20261003-00:09:42.350 LocalScheduler INFO: Killed forked worker proxy-eval-rollout/2 (pid=56706)
[37m[1;38;2;180;140;80m(AReaL)[0m [37m20261003-00:09:42.393 ProcUtils INFO: Successfully cleaned up process tree for PID 56705
[37m[1;38;2;180;140;80m(AReaL)[0m [37m20261003-00:09:42.394 Guard INFO: Killed forked worker proxy-eval-rollout/1 (pid=56705)
[34m[1;38;2;180;140;80m(AReaL)[0m [34m20261003-00:09:42.394 LocalScheduler INFO: Killed forked worker proxy-eval-rollout/1 (pid=56705)
[37m[1;38;2;180;140;80m(AReaL)[0m [37m20261003-00:09:42.395 RolloutController INFO: Proxy workers deleted
[34m[1;38;2;180;140;80m(AReaL)[0m [34m20261003-00:09:42.443 LocalScheduler INFO: Removing forked role 'eval-rollout' (managed by parent worker)
[37m[1;38;2;180;140;80m(AReaL)[0m [37m20261003-00:09:42.457 ProcUtils INFO: Sending SIGTERM to process 56304 and 15 children
[37m[1;38;2;180;140;80m(AReaL)[0m [37m20261003-00:09:42.457 ProcUtils INFO: Sending SIGTERM to process 56305 and 15 children
[37m[1;38;2;180;140;80m(AReaL)[0m [37m20261003-00:09:42.457 ProcUtils INFO: Sending SIGTERM to process 56303 and 15 children
[37m[1;38;2;180;140;80m(AReaL)[0m [37m20261003-00:09:42.457 ProcUtils INFO: Sending SIGTERM to process 56306 and 15 children
[37m[1;38;2;180;140;80m(AReaL)[0m [37m20261003-00:09:43.941 ProcUtils INFO: Successfully cleaned up process tree for PID 56304
[37m[1;38;2;180;140;80m(AReaL)[0m [37m20261003-00:09:43.941 Guard INFO: Killed forked worker eval-rollout/1 (pid=56304)
[34m[1;38;2;180;140;80m(AReaL)[0m [34m20261003-00:09:43.942 LocalScheduler INFO: Killed forked worker eval-rollout/1 (pid=56304)
[37m[1;38;2;180;140;80m(AReaL)[0m [37m20261003-00:09:44.069 ProcUtils INFO: Successfully cleaned up process tree for PID 56305
[37m[1;38;2;180;140;80m(AReaL)[0m [37m20261003-00:09:44.070 Guard INFO: Killed forked worker eval-rollout/3 (pid=56305)
[34m[1;38;2;180;140;80m(AReaL)[0m [34m20261003-00:09:44.071 LocalScheduler INFO: Killed forked worker eval-rollout/3 (pid=56305)
[37m[1;38;2;180;140;80m(AReaL)[0m [37m20261003-00:09:44.120 ProcUtils INFO: Successfully cleaned up process tree for PID 56306
[37m[1;38;2;180;140;80m(AReaL)[0m [37m20261003-00:09:44.121 Guard INFO: Killed forked worker eval-rollout/2 (pid=56306)
[34m[1;38;2;180;140;80m(AReaL)[0m [34m20261003-00:09:44.121 LocalScheduler INFO: Killed forked worker eval-rollout/2 (pid=56306)
[37m[1;38;2;180;140;80m(AReaL)[0m [37m20261003-00:09:44.139 ProcUtils INFO: Successfully cleaned up process tree for PID 56303
[37m[1;38;2;180;140;80m(AReaL)[0m [37m20261003-00:09:44.139 Guard INFO: Killed forked worker eval-rollout/0 (pid=56303)
[34m[1;38;2;180;140;80m(AReaL)[0m [34m20261003-00:09:44.140 LocalScheduler INFO: Killed forked worker eval-rollout/0 (pid=56303)
[37m[1;38;2;180;140;80m(AReaL)[0m [37m20261003-00:09:44.140 RolloutController INFO: Workers deleted
[37m[1;38;2;180;140;80m(AReaL)[0m [37m20261003-00:09:44.187 RolloutController INFO: Stopping callback server...
[34m[1;38;2;180;140;80m(AReaL)[0m [34m20261003-00:09:44.385 LocalScheduler INFO: Removing forked role 'proxy-rollout' (managed by parent worker)
[37m[1;38;2;180;140;80m(AReaL)[0m [37m20261003-00:09:44.394 ProcUtils INFO: Sending SIGTERM to process 56540 and 3 children
[37m[1;38;2;180;140;80m(AReaL)[0m [37m20261003-00:09:44.394 ProcUtils INFO: Sending SIGTERM to process 56542 and 3 children
[37m[1;38;2;180;140;80m(AReaL)[0m [37m20261003-00:09:44.394 ProcUtils INFO: Sending SIGTERM to process 56541 and 3 children
[37m[1;38;2;180;140;80m(AReaL)[0m [37m20261003-00:09:44.394 ProcUtils INFO: Sending SIGTERM to process 56539 and 3 children
[37m[1;38;2;180;140;80m(AReaL)[0m [37m20261003-00:09:44.618 ProcUtils INFO: Successfully cleaned up process tree for PID 56542
[37m[1;38;2;180;140;80m(AReaL)[0m [37m20261003-00:09:44.618 Guard INFO: Killed forked worker proxy-rollout/2 (pid=56542)
[34m[1;38;2;180;140;80m(AReaL)[0m [34m20261003-00:09:44.619 LocalScheduler INFO: Killed forked worker proxy-rollout/2 (pid=56542)
[37m[1;38;2;180;140;80m(AReaL)[0m [37m20261003-00:09:44.620 ProcUtils INFO: Successfully cleaned up process tree for PID 56539
[37m[1;38;2;180;140;80m(AReaL)[0m [37m20261003-00:09:44.620 Guard INFO: Killed forked worker proxy-rollout/3 (pid=56539)
[34m[1;38;2;180;140;80m(AReaL)[0m [34m20261003-00:09:44.620 LocalScheduler INFO: Killed forked worker proxy-rollout/3 (pid=56539)
[37m[1;38;2;180;140;80m(AReaL)[0m [37m20261003-00:09:44.640 ProcUtils INFO: Successfully cleaned up process tree for PID 56540
[37m[1;38;2;180;140;80m(AReaL)[0m [37m20261003-00:09:44.640 Guard INFO: Killed forked worker proxy-rollout/1 (pid=56540)
[34m[1;38;2;180;140;80m(AReaL)[0m [34m20261003-00:09:44.641 LocalScheduler INFO: Killed forked worker proxy-rollout/1 (pid=56540)
[37m[1;38;2;180;140;80m(AReaL)[0m [37m20261003-00:09:44.642 ProcUtils INFO: Successfully cleaned up process tree for PID 56541
[37m[1;38;2;180;140;80m(AReaL)[0m [37m20261003-00:09:44.642 Guard INFO: Killed forked worker proxy-rollout/0 (pid=56541)
[34m[1;38;2;180;140;80m(AReaL)[0m [34m20261003-00:09:44.643 LocalScheduler INFO: Killed forked worker proxy-rollout/0 (pid=56541)
[37m[1;38;2;180;140;80m(AReaL)[0m [37m20261003-00:09:44.643 RolloutController INFO: Proxy workers deleted
[37m[1;38;2;180;140;80m(AReaL)[0m [37m20261003-00:09:44.666 ProcUtils INFO: Sending SIGTERM to process 55544 and 3 children
SIGTERM received. signum=None frame=None. Draining requests and shutting down...
[37m[1;38;2;180;140;80m(AReaL)[0m [37m20261003-00:09:44.674 ProcUtils INFO: Sending SIGTERM to process 55541 and 3 children
SIGTERM received. signum=None frame=None. Draining requests and shutting down...
[37m[1;38;2;180;140;80m(AReaL)[0m [37m20261003-00:09:44.697 ProcUtils INFO: Sending SIGTERM to process 55543 and 3 children
SIGTERM received. signum=None frame=None. Draining requests and shutting down...
[37m[1;38;2;180;140;80m(AReaL)[0m [37m20261003-00:09:44.705 ProcUtils INFO: Sending SIGTERM to process 55542 and 3 children
SIGTERM received. signum=None frame=None. Draining requests and shutting down...
[37m[1;38;2;180;140;80m(AReaL)[0m [37m20261003-00:09:45.074 ProcUtils INFO: Successfully cleaned up process tree for PID 55544
[37m[1;38;2;180;140;80m(AReaL)[0m [37m20261003-00:09:45.238 ProcUtils INFO: Successfully cleaned up process tree for PID 55541
[37m[1;38;2;180;140;80m(AReaL)[0m [37m20261003-00:09:45.407 ProcUtils INFO: Successfully cleaned up process tree for PID 55543
[37m[1;38;2;180;140;80m(AReaL)[0m [37m20261003-00:09:45.561 ProcUtils INFO: Successfully cleaned up process tree for PID 55542
[34m[1;38;2;180;140;80m(AReaL)[0m [34m20261003-00:09:45.562 LocalScheduler INFO: Deleting 4 workers for role 'rollout'
[37m[1;38;2;180;140;80m(AReaL)[0m [37m20261003-00:09:45.604 ProcUtils INFO: Sending SIGTERM to process 55425 and 15 children
[37m[1;38;2;180;140;80m(AReaL)[0m [37m20261003-00:09:45.604 ProcUtils INFO: Sending SIGTERM to process 55403 and 15 children
[37m[1;38;2;180;140;80m(AReaL)[0m [37m20261003-00:09:45.605 ProcUtils INFO: Sending SIGTERM to process 55418 and 15 children
[37m[1;38;2;180;140;80m(AReaL)[0m [37m20261003-00:09:45.605 ProcUtils INFO: Sending SIGTERM to process 55409 and 15 children
[37m[1;38;2;180;140;80m(AReaL)[0m [37m20261003-00:09:47.362 ProcUtils INFO: Successfully cleaned up process tree for PID 55409
[37m[1;38;2;180;140;80m(AReaL)[0m [37m20261003-00:09:47.501 ProcUtils INFO: Successfully cleaned up process tree for PID 55425
[37m[1;38;2;180;140;80m(AReaL)[0m [37m20261003-00:09:47.528 ProcUtils INFO: Successfully cleaned up process tree for PID 55403
[37m[1;38;2;180;140;80m(AReaL)[0m [37m20261003-00:09:47.565 ProcUtils INFO: Successfully cleaned up process tree for PID 55418
[34m[1;38;2;180;140;80m(AReaL)[0m [34m20261003-00:09:47.565 LocalScheduler INFO: Successfully deleted workers for role 'rollout'
[37m[1;38;2;180;140;80m(AReaL)[0m [37m20261003-00:09:47.565 RolloutController INFO: Workers deleted
[37m[1;38;2;180;140;80m(AReaL)[0m [37m20261003-00:09:47.566 TrainController INFO: Destroying TrainController...
[37m[1;38;2;180;140;80m(AReaL)[0m [37m20261003-00:09:47.566 TrainController INFO: Destroying engines on all workers...
[37m[1;38;2;180;140;80m(AReaL)[0m [37m20261003-00:09:51.139 TrainController INFO: Engines destroyed
[37m[1;38;2;180;140;80m(AReaL)[0m [37m20261003-00:09:51.140 TrainController INFO: Deleting all workers (reverse rank order)...
[34m[1;38;2;180;140;80m(AReaL)[0m [34m20261003-00:09:51.140 LocalScheduler INFO: Deleting 4 workers for role 'actor'
[37m[1;38;2;180;140;80m(AReaL)[0m [37m20261003-00:09:51.181 ProcUtils INFO: Sending SIGTERM to process 54763 and 36 children
[37m[1;38;2;180;140;80m(AReaL)[0m [37m20261003-00:09:51.182 ProcUtils INFO: Sending SIGTERM to process 54757 and 36 children
[37m[1;38;2;180;140;80m(AReaL)[0m [37m20261003-00:09:51.183 ProcUtils INFO: Sending SIGTERM to process 54773 and 36 children
[37m[1;38;2;180;140;80m(AReaL)[0m [37m20261003-00:09:51.183 ProcUtils INFO: Sending SIGTERM to process 54781 and 36 children
[1;38;2;180;140;80m(AReaL)[0m 20261003-00:09:54.187 ProcUtils WARNING: Force killing 1 processes that didn't terminate gracefully
[1;38;2;180;140;80m(AReaL)[0m 20261003-00:09:54.189 ProcUtils WARNING: Force killing 1 processes that didn't terminate gracefully
[1;38;2;180;140;80m(AReaL)[0m 20261003-00:09:54.191 ProcUtils WARNING: Force killing 1 processes that didn't terminate gracefully
[1;38;2;180;140;80m(AReaL)[0m 20261003-00:09:54.195 ProcUtils WARNING: Force killing 1 processes that didn't terminate gracefully
[37m[1;38;2;180;140;80m(AReaL)[0m [37m20261003-00:09:54.412 ProcUtils INFO: Successfully cleaned up process tree for PID 54763
[37m[1;38;2;180;140;80m(AReaL)[0m [37m20261003-00:09:54.457 ProcUtils INFO: Successfully cleaned up process tree for PID 54773
[37m[1;38;2;180;140;80m(AReaL)[0m [37m20261003-00:09:54.503 ProcUtils INFO: Successfully cleaned up process tree for PID 54781
[37m[1;38;2;180;140;80m(AReaL)[0m [37m20261003-00:09:54.542 ProcUtils INFO: Successfully cleaned up process tree for PID 54757
[34m[1;38;2;180;140;80m(AReaL)[0m [34m20261003-00:09:54.543 LocalScheduler INFO: Successfully deleted workers for role 'actor'
[37m[1;38;2;180;140;80m(AReaL)[0m [37m20261003-00:09:54.543 TrainController INFO: Workers deleted
[37m[1;38;2;180;140;80m(AReaL)[0m [37m20261003-00:09:54.551 TrainController INFO: TrainController destroyed
