[96m[1;38;2;180;140;80m(AReaL)[0m [96m20261003-00:10:25.687 PlatformInit INFO: Detected CUDA device: NVIDIA L20X
[96m[1;38;2;180;140;80m(AReaL)[0m [96m20261003-00:10:25.688 PlatformInit INFO: Initializing CUDA platform (NVIDIA).
[1;38;2;180;140;80m(AReaL)[0m 20261003-00:10:25.690 FileSystemUtils WARNING: name_resolve.nfs_record_root '/tmp/areal/name_resolve' is not on a network filesystem. This may cause issues in distributed training where all nodes need access to the same files. Consider using NFS, Lustre, or other shared storage.
[37m[1;38;2;180;140;80m(AReaL)[0m [37m20261003-00:10:25.691 NameResolve INFO: Removing name resolve path: /tmp/areal/name_resolve/root/gsm8k-grpo-megatron-muon-baseline3/trial0
[34m[1;38;2;180;140;80m(AReaL)[0m [34m20261003-00:10:25.847 LocalScheduler INFO: LocalScheduler initialized with GPU devices: [0, 1, 2, 3, 4, 5, 6, 7], log directory: /storage/openpsi/users/fenghui/projects/AReaL/research/muon/evidence/baseline-aligned-3epoch-20261003/muon/results/logs/root/gsm8k-grpo-megatron-muon-baseline3/trial0
/opt/.venv/lib/python3.12/site-packages/modelopt/torch/__init__.py:36: UserWarning: transformers version 5.3.0 is not tested with nvidia-modelopt and may cause issues. Please install recommended version with `pip install nvidia-modelopt[hf]` if working with HF models.
  _warnings.warn(
[96m[1;38;2;180;140;80m(AReaL)[0m [96m20261003-00:10:37.942 TreeAttentionFSDP INFO: Compiled torch flex attention. Options: {'epilogue_fusion': True, 'max_autotune': False, 'shape_padding': True, 'trace.enabled': False, 'triton.cudagraphs': False}, dynamic: True
[96m[1;38;2;180;140;80m(AReaL)[0m [96m20261003-00:10:37.947 TreeAttentionFSDP INFO: Using block mask in flex attention, block size: 128
[Gloo] Rank 0 is connected to 0 peer ranks. Expected number of connected peer ranks is : 0
[34m[1;38;2;180;140;80m(AReaL)[0m [34m20261003-00:10:38.042 LocalScheduler INFO: Creating 1 workers for role 'data-data' (strategy: SchedulingStrategyType.separation, colocate_with: None)
[37m[1;38;2;180;140;80m(AReaL)[0m [37m20261003-00:10:38.043 LauncherUtils INFO: Auto-setting thread env vars to 1: OMP_NUM_THREADS, MKL_NUM_THREADS, OPENBLAS_NUM_THREADS, VECLIB_MAXIMUM_THREADS, NUMEXPR_NUM_THREADS
[34m[1;38;2;180;140;80m(AReaL)[0m [34m20261003-00:10:38.043 LocalScheduler INFO: Starting worker data-data/0 (attempt 1/3): /storage/openpsi/users/fenghui/projects/AReaL-RSI/.rsi/research-lab/runs/research_58654ea421ca4619/agents/research_ce92f6a2a491b52e7fd5b227/muon-env/bin/python -m areal.infra.rpc.guard --port 25506 --experiment-name gsm8k-grpo-megatron-muon-baseline3 --trial-name trial0 --role data-data --worker-index 0 --name-resolve-type nfs --nfs-record-root /tmp/areal/name_resolve --etcd3-addr localhost:2379 --fileroot /storage/openpsi/users/fenghui/projects/AReaL/research/muon/evidence/baseline-aligned-3epoch-20261003/muon/results
[34m[1;38;2;180;140;80m(AReaL)[0m [34m20261003-00:10:38.149 LocalScheduler INFO: Worker data-data/0 started (PID: 63901, GPUs: [], ports: [25506, 27992])
[34m[1;38;2;180;140;80m(AReaL)[0m [34m20261003-00:10:38.150 LocalScheduler INFO: Successfully created 1 workers for role 'data-data'
[37m[1;38;2;180;140;80m(AReaL)[0m [37m20261003-00:10:45.705 Guard INFO: Starting Guard on 33.180.166.157:25506 for worker data-data/0
[34m[1;38;2;180;140;80m(AReaL)[0m [34m20261003-00:10:45.712 LocalScheduler INFO: Configuration successfully on worker 'data-data/0'
[34m[1;38;2;180;140;80m(AReaL)[0m [34m20261003-00:10:45.714 LocalScheduler INFO: All 1 workers for role 'data-data' are ready
[37m[1;38;2;180;140;80m(AReaL)[0m [37m20261003-00:10:45.714 DataController INFO: RPCGuard workers ready: ['data-data/0']
[37m[1;38;2;180;140;80m(AReaL)[0m [37m20261003-00:10:45.718 Guard INFO: Forking new worker process for role 'data-worker' index 0
[37m[1;38;2;180;140;80m(AReaL)[0m [37m20261003-00:10:45.719 Guard INFO: Forked worker logs will be written to: /storage/openpsi/users/fenghui/projects/AReaL/research/muon/evidence/baseline-aligned-3epoch-20261003/muon/results/logs/root/gsm8k-grpo-megatron-muon-baseline3/trial0/data-worker.log
[37m[1;38;2;180;140;80m(AReaL)[0m [37m20261003-00:10:45.720 Guard INFO: Forked worker for role 'data-worker' index 0 spawned (pid=63927)
[37m[1;38;2;180;140;80m(AReaL)[0m [37m20261003-00:10:45.720 Guard INFO: Forking new worker process for role 'data-router' index 0
[37m[1;38;2;180;140;80m(AReaL)[0m [37m20261003-00:10:45.721 Guard INFO: Forked worker logs will be written to: /storage/openpsi/users/fenghui/projects/AReaL/research/muon/evidence/baseline-aligned-3epoch-20261003/muon/results/logs/root/gsm8k-grpo-megatron-muon-baseline3/trial0/data-router.log
[37m[1;38;2;180;140;80m(AReaL)[0m [37m20261003-00:10:45.722 Guard INFO: Forked worker for role 'data-router' index 0 spawned (pid=63931)
[37m[1;38;2;180;140;80m(AReaL)[0m [37m20261003-00:10:53.875 DataRouter INFO: DataRouter starting
[37m[1;38;2;180;140;80m(AReaL)[0m [37m20261003-00:10:53.955 DataController INFO: data-router is ready at http://33.180.166.157:24714/health
[96m[1;38;2;180;140;80m(AReaL)[0m [96m20261003-00:10:54.607 PlatformInit INFO: No supported accelerator detected. Initializing CPU platform.
[37m[1;38;2;180;140;80m(AReaL)[0m [37m20261003-00:10:54.656 DataController INFO: data-worker is ready at http://33.180.166.157:15250/health
[37m[1;38;2;180;140;80m(AReaL)[0m [37m20261003-00:10:54.657 DataController INFO: DataWorkers: ['http://33.180.166.157:15250']
[37m[1;38;2;180;140;80m(AReaL)[0m [37m20261003-00:10:54.657 DataController INFO: Router: http://33.180.166.157:24714
[37m[1;38;2;180;140;80m(AReaL)[0m [37m20261003-00:10:54.659 DataRouter INFO: Worker registered: http://33.180.166.157:15250 (total=1)
[37m[1;38;2;180;140;80m(AReaL)[0m [37m20261003-00:10:54.659 DataController INFO: Registered DataWorker http://33.180.166.157:15250 in router
[37m[1;38;2;180;140;80m(AReaL)[0m [37m20261003-00:10:54.660 Guard INFO: Forking new worker process for role 'data-gateway' index 0
[37m[1;38;2;180;140;80m(AReaL)[0m [37m20261003-00:10:54.662 Guard INFO: Forked worker logs will be written to: /storage/openpsi/users/fenghui/projects/AReaL/research/muon/evidence/baseline-aligned-3epoch-20261003/muon/results/logs/root/gsm8k-grpo-megatron-muon-baseline3/trial0/data-gateway.log
[37m[1;38;2;180;140;80m(AReaL)[0m [37m20261003-00:10:54.663 Guard INFO: Forked worker for role 'data-gateway' index 0 spawned (pid=63976)
[37m[1;38;2;180;140;80m(AReaL)[0m [37m20261003-00:11:02.494 DataController INFO: data-gateway is ready at http://33.180.166.157:14139/health
[37m[1;38;2;180;140;80m(AReaL)[0m [37m20261003-00:11:02.495 DataController INFO: Gateway: http://33.180.166.157:14139
[37m[1;38;2;180;140;80m(AReaL)[0m [37m20261003-00:11:02.496 DataController INFO: DataController initialized with 1 workers
[37m[1;38;2;180;140;80m(AReaL)[0m [37m20261003-00:11:04.512 DataGatewayAuth INFO: Generated API key for dataset gsm8k-grpo-megatron-muon-baseline3_trial0_train
[37m[1;38;2;180;140;80m(AReaL)[0m [37m20261003-00:11:04.514 DataController INFO: Registered dataset gsm8k-grpo-megatron-muon-baseline3_trial0_train: total_samples=256, workers=1
[37m[1;38;2;180;140;80m(AReaL)[0m [37m20261003-00:11:04.514 RDataset INFO: RDataset connected: id=gsm8k-grpo-megatron-muon-baseline3_trial0_train, total_samples=256
[37m[1;38;2;180;140;80m(AReaL)[0m [37m20261003-00:11:04.582 DataGatewayAuth INFO: Generated API key for dataset gsm8k-grpo-megatron-muon-baseline3_trial0_valid
[37m[1;38;2;180;140;80m(AReaL)[0m [37m20261003-00:11:04.583 DataController INFO: Registered dataset gsm8k-grpo-megatron-muon-baseline3_trial0_valid: total_samples=4, workers=1
[37m[1;38;2;180;140;80m(AReaL)[0m [37m20261003-00:11:04.583 RDataset INFO: RDataset connected: id=gsm8k-grpo-megatron-muon-baseline3_trial0_valid, total_samples=4
[37m[1;38;2;180;140;80m(AReaL)[0m [37m20261003-00:11:04.584 TrainController INFO: Creating workers via scheduler...
[34m[1;38;2;180;140;80m(AReaL)[0m [34m20261003-00:11:04.584 LocalScheduler INFO: Creating 4 workers for role 'actor' (strategy: SchedulingStrategyType.separation, colocate_with: None)
[37m[1;38;2;180;140;80m(AReaL)[0m [37m20261003-00:11:04.584 LauncherUtils INFO: Auto-setting thread env vars to 8: OMP_NUM_THREADS, MKL_NUM_THREADS, OPENBLAS_NUM_THREADS, VECLIB_MAXIMUM_THREADS, NUMEXPR_NUM_THREADS
[34m[1;38;2;180;140;80m(AReaL)[0m [34m20261003-00:11:04.585 LocalScheduler INFO: Starting worker actor/0 (attempt 1/3): python3 -m areal.infra.rpc.rpc_server --port 29686 --experiment-name gsm8k-grpo-megatron-muon-baseline3 --trial-name trial0 --role actor --worker-index 0 --name-resolve-type nfs --nfs-record-root /tmp/areal/name_resolve --etcd3-addr localhost:2379 --fileroot /storage/openpsi/users/fenghui/projects/AReaL/research/muon/evidence/baseline-aligned-3epoch-20261003/muon/results
[34m[1;38;2;180;140;80m(AReaL)[0m [34m20261003-00:11:04.691 LocalScheduler INFO: Worker actor/0 started (PID: 64009, GPUs: [0], ports: [29686, 30918])
[37m[1;38;2;180;140;80m(AReaL)[0m [37m20261003-00:11:04.692 LauncherUtils INFO: Auto-setting thread env vars to 8: OMP_NUM_THREADS, MKL_NUM_THREADS, OPENBLAS_NUM_THREADS, VECLIB_MAXIMUM_THREADS, NUMEXPR_NUM_THREADS
[34m[1;38;2;180;140;80m(AReaL)[0m [34m20261003-00:11:04.692 LocalScheduler INFO: Starting worker actor/1 (attempt 1/3): python3 -m areal.infra.rpc.rpc_server --port 13811 --experiment-name gsm8k-grpo-megatron-muon-baseline3 --trial-name trial0 --role actor --worker-index 1 --name-resolve-type nfs --nfs-record-root /tmp/areal/name_resolve --etcd3-addr localhost:2379 --fileroot /storage/openpsi/users/fenghui/projects/AReaL/research/muon/evidence/baseline-aligned-3epoch-20261003/muon/results
[34m[1;38;2;180;140;80m(AReaL)[0m [34m20261003-00:11:04.798 LocalScheduler INFO: Worker actor/1 started (PID: 64015, GPUs: [1], ports: [13811, 20941])
[37m[1;38;2;180;140;80m(AReaL)[0m [37m20261003-00:11:04.799 LauncherUtils INFO: Auto-setting thread env vars to 8: OMP_NUM_THREADS, MKL_NUM_THREADS, OPENBLAS_NUM_THREADS, VECLIB_MAXIMUM_THREADS, NUMEXPR_NUM_THREADS
[34m[1;38;2;180;140;80m(AReaL)[0m [34m20261003-00:11:04.800 LocalScheduler INFO: Starting worker actor/2 (attempt 1/3): python3 -m areal.infra.rpc.rpc_server --port 17539 --experiment-name gsm8k-grpo-megatron-muon-baseline3 --trial-name trial0 --role actor --worker-index 2 --name-resolve-type nfs --nfs-record-root /tmp/areal/name_resolve --etcd3-addr localhost:2379 --fileroot /storage/openpsi/users/fenghui/projects/AReaL/research/muon/evidence/baseline-aligned-3epoch-20261003/muon/results
[34m[1;38;2;180;140;80m(AReaL)[0m [34m20261003-00:11:04.905 LocalScheduler INFO: Worker actor/2 started (PID: 64024, GPUs: [2], ports: [17539, 23814])
[37m[1;38;2;180;140;80m(AReaL)[0m [37m20261003-00:11:04.906 LauncherUtils INFO: Auto-setting thread env vars to 8: OMP_NUM_THREADS, MKL_NUM_THREADS, OPENBLAS_NUM_THREADS, VECLIB_MAXIMUM_THREADS, NUMEXPR_NUM_THREADS
[34m[1;38;2;180;140;80m(AReaL)[0m [34m20261003-00:11:04.906 LocalScheduler INFO: Starting worker actor/3 (attempt 1/3): python3 -m areal.infra.rpc.rpc_server --port 13482 --experiment-name gsm8k-grpo-megatron-muon-baseline3 --trial-name trial0 --role actor --worker-index 3 --name-resolve-type nfs --nfs-record-root /tmp/areal/name_resolve --etcd3-addr localhost:2379 --fileroot /storage/openpsi/users/fenghui/projects/AReaL/research/muon/evidence/baseline-aligned-3epoch-20261003/muon/results
[34m[1;38;2;180;140;80m(AReaL)[0m [34m20261003-00:11:05.012 LocalScheduler INFO: Worker actor/3 started (PID: 64033, GPUs: [3], ports: [13482, 24154])
[34m[1;38;2;180;140;80m(AReaL)[0m [34m20261003-00:11:05.013 LocalScheduler INFO: Successfully created 4 workers for role 'actor'
[37m[1;38;2;180;140;80m(AReaL)[0m [37m20261003-00:11:12.865 SyncRPCServer INFO: Werkzeug log level: WARNING
[37m[1;38;2;180;140;80m(AReaL)[0m [37m20261003-00:11:12.866 Guard INFO: Starting Guard on 33.180.166.157:29686 for worker actor/0
[37m[1;38;2;180;140;80m(AReaL)[0m [37m20261003-00:11:12.882 EngineBP INFO: Engine thread started
[37m[1;38;2;180;140;80m(AReaL)[0m [37m20261003-00:11:12.882 EngineBP INFO: Engine thread initialized
[37m[1;38;2;180;140;80m(AReaL)[0m [37m20261003-00:11:13.684 SyncRPCServer INFO: Werkzeug log level: WARNING
[37m[1;38;2;180;140;80m(AReaL)[0m [37m20261003-00:11:13.685 Guard INFO: Starting Guard on 33.180.166.157:13482 for worker actor/0
[37m[1;38;2;180;140;80m(AReaL)[0m [37m20261003-00:11:13.731 SyncRPCServer INFO: Werkzeug log level: WARNING
[37m[1;38;2;180;140;80m(AReaL)[0m [37m20261003-00:11:13.731 SyncRPCServer INFO: Werkzeug log level: WARNING
[37m[1;38;2;180;140;80m(AReaL)[0m [37m20261003-00:11:13.732 Guard INFO: Starting Guard on 33.180.166.157:13811 for worker actor/0
[37m[1;38;2;180;140;80m(AReaL)[0m [37m20261003-00:11:13.733 Guard INFO: Starting Guard on 33.180.166.157:17539 for worker actor/0
[96m[1;38;2;180;140;80m(AReaL)[0m [96m20261003-00:11:13.766 PlatformInit INFO: Detected CUDA device: NVIDIA L20X
[96m[1;38;2;180;140;80m(AReaL)[0m [96m20261003-00:11:13.766 PlatformInit INFO: Initializing CUDA platform (NVIDIA).
[34m[1;38;2;180;140;80m(AReaL)[0m [34m20261003-00:11:13.767 LocalScheduler INFO: Configuration successfully on worker 'actor/0'
[37m[1;38;2;180;140;80m(AReaL)[0m [37m20261003-00:11:13.774 EngineBP INFO: Engine thread started
[37m[1;38;2;180;140;80m(AReaL)[0m [37m20261003-00:11:13.775 EngineBP INFO: Engine thread initialized
[96m[1;38;2;180;140;80m(AReaL)[0m [96m20261003-00:11:14.625 PlatformInit INFO: Detected CUDA device: NVIDIA L20X
[96m[1;38;2;180;140;80m(AReaL)[0m [96m20261003-00:11:14.625 PlatformInit INFO: Initializing CUDA platform (NVIDIA).
[34m[1;38;2;180;140;80m(AReaL)[0m [34m20261003-00:11:14.627 LocalScheduler INFO: Configuration successfully on worker 'actor/1'
[37m[1;38;2;180;140;80m(AReaL)[0m [37m20261003-00:11:14.634 EngineBP INFO: Engine thread started
[37m[1;38;2;180;140;80m(AReaL)[0m [37m20261003-00:11:14.634 EngineBP INFO: Engine thread initialized
[96m[1;38;2;180;140;80m(AReaL)[0m [96m20261003-00:11:15.490 PlatformInit INFO: Detected CUDA device: NVIDIA L20X
[96m[1;38;2;180;140;80m(AReaL)[0m [96m20261003-00:11:15.491 PlatformInit INFO: Initializing CUDA platform (NVIDIA).
[34m[1;38;2;180;140;80m(AReaL)[0m [34m20261003-00:11:15.492 LocalScheduler INFO: Configuration successfully on worker 'actor/2'
[37m[1;38;2;180;140;80m(AReaL)[0m [37m20261003-00:11:15.499 EngineBP INFO: Engine thread started
[37m[1;38;2;180;140;80m(AReaL)[0m [37m20261003-00:11:15.499 EngineBP INFO: Engine thread initialized
[96m[1;38;2;180;140;80m(AReaL)[0m [96m20261003-00:11:16.349 PlatformInit INFO: Detected CUDA device: NVIDIA L20X
[96m[1;38;2;180;140;80m(AReaL)[0m [96m20261003-00:11:16.350 PlatformInit INFO: Initializing CUDA platform (NVIDIA).
[34m[1;38;2;180;140;80m(AReaL)[0m [34m20261003-00:11:16.351 LocalScheduler INFO: Configuration successfully on worker 'actor/3'
[37m[1;38;2;180;140;80m(AReaL)[0m [37m20261003-00:11:16.351 TrainController INFO: Workers created: ['actor/0', 'actor/1', 'actor/2', 'actor/3']
[37m[1;38;2;180;140;80m(AReaL)[0m [37m20261003-00:11:16.351 TrainController INFO: Waiting for workers to be ready...
[34m[1;38;2;180;140;80m(AReaL)[0m [34m20261003-00:11:16.358 LocalScheduler INFO: All 4 workers for role 'actor' are ready
[37m[1;38;2;180;140;80m(AReaL)[0m [37m20261003-00:11:16.359 TrainController INFO: Workers ready: ['actor/0', 'actor/1', 'actor/2', 'actor/3']
[37m[1;38;2;180;140;80m(AReaL)[0m [37m20261003-00:11:16.359 TrainController INFO: Distributed training: MASTER_ADDR=33.180.166.157, MASTER_PORT=30918
[37m[1;38;2;180;140;80m(AReaL)[0m [37m20261003-00:11:16.359 TrainController INFO: Creating engines on workers...
[37m[1;38;2;180;140;80m(AReaL)[0m [37m20261003-00:11:16.361 Guard INFO: Updated 5 environment variables
[37m[1;38;2;180;140;80m(AReaL)[0m [37m20261003-00:11:16.361 Guard INFO: Updated 5 environment variables
[37m[1;38;2;180;140;80m(AReaL)[0m [37m20261003-00:11:16.361 Guard INFO: Updated 5 environment variables
[37m[1;38;2;180;140;80m(AReaL)[0m [37m20261003-00:11:16.361 Guard INFO: Updated 5 environment variables
/opt/.venv/lib/python3.12/site-packages/modelopt/torch/__init__.py:36: UserWarning: transformers version 5.3.0 is not tested with nvidia-modelopt and may cause issues. Please install recommended version with `pip install nvidia-modelopt[hf]` if working with HF models.
  _warnings.warn(
/opt/.venv/lib/python3.12/site-packages/modelopt/torch/__init__.py:36: UserWarning: transformers version 5.3.0 is not tested with nvidia-modelopt and may cause issues. Please install recommended version with `pip install nvidia-modelopt[hf]` if working with HF models.
  _warnings.warn(
/opt/.venv/lib/python3.12/site-packages/modelopt/torch/__init__.py:36: UserWarning: transformers version 5.3.0 is not tested with nvidia-modelopt and may cause issues. Please install recommended version with `pip install nvidia-modelopt[hf]` if working with HF models.
  _warnings.warn(
/opt/.venv/lib/python3.12/site-packages/modelopt/torch/__init__.py:36: UserWarning: transformers version 5.3.0 is not tested with nvidia-modelopt and may cause issues. Please install recommended version with `pip install nvidia-modelopt[hf]` if working with HF models.
  _warnings.warn(
[96m[1;38;2;180;140;80m(AReaL)[0m [96m20261003-00:11:27.019 TreeAttentionFSDP INFO: Compiled torch flex attention. Options: {'epilogue_fusion': True, 'max_autotune': False, 'shape_padding': True, 'trace.enabled': False, 'triton.cudagraphs': False}, dynamic: True
[96m[1;38;2;180;140;80m(AReaL)[0m [96m20261003-00:11:27.019 TreeAttentionFSDP INFO: Compiled torch flex attention. Options: {'epilogue_fusion': True, 'max_autotune': False, 'shape_padding': True, 'trace.enabled': False, 'triton.cudagraphs': False}, dynamic: True
[96m[1;38;2;180;140;80m(AReaL)[0m [96m20261003-00:11:27.020 TreeAttentionFSDP INFO: Compiled torch flex attention. Options: {'epilogue_fusion': True, 'max_autotune': False, 'shape_padding': True, 'trace.enabled': False, 'triton.cudagraphs': False}, dynamic: True
[96m[1;38;2;180;140;80m(AReaL)[0m [96m20261003-00:11:27.021 TreeAttentionFSDP INFO: Using block mask in flex attention, block size: 128
[96m[1;38;2;180;140;80m(AReaL)[0m [96m20261003-00:11:27.021 TreeAttentionFSDP INFO: Using block mask in flex attention, block size: 128
[96m[1;38;2;180;140;80m(AReaL)[0m [96m20261003-00:11:27.022 TreeAttentionFSDP INFO: Using block mask in flex attention, block size: 128
[96m[1;38;2;180;140;80m(AReaL)[0m [96m20261003-00:11:27.035 TreeAttentionFSDP INFO: Compiled torch flex attention. Options: {'epilogue_fusion': True, 'max_autotune': False, 'shape_padding': True, 'trace.enabled': False, 'triton.cudagraphs': False}, dynamic: True
[96m[1;38;2;180;140;80m(AReaL)[0m [96m20261003-00:11:27.037 TreeAttentionFSDP INFO: Using block mask in flex attention, block size: 128
[36m[1;38;2;180;140;80m(AReaL)[0m [36m20261003-00:11:28.439 PPOActor INFO: ======================================================================
[36m[1;38;2;180;140;80m(AReaL)[0m [36m20261003-00:11:28.440 PPOActor INFO: PPOActor Configuration
[36m[1;38;2;180;140;80m(AReaL)[0m [36m20261003-00:11:28.440 PPOActor INFO: ======================================================================
[36m[1;38;2;180;140;80m(AReaL)[0m [36m20261003-00:11:28.440 PPOActor INFO: Mode: Decoupled PPO (off-policy)
[36m[1;38;2;180;140;80m(AReaL)[0m [36m20261003-00:11:28.440 PPOActor INFO:   log_p_behave (π_behave): FROM INFERENCE (behavior policy)
[36m[1;38;2;180;140;80m(AReaL)[0m [36m20261003-00:11:28.440 PPOActor INFO: ======================================================================
[36m[1;38;2;180;140;80m(AReaL)[0m [36m20261003-00:11:28.440 PPOActor INFO:   Proximal policy (π_prox): RECOMPUTED via forward pass (standard decoupled PPO)
[36m[1;38;2;180;140;80m(AReaL)[0m [36m20261003-00:11:28.440 PPOActor INFO: PPOActor Configuration
[36m[1;38;2;180;140;80m(AReaL)[0m [36m20261003-00:11:28.440 PPOActor INFO:   log_p_theta (π_θ): TRAINING FORWARD PASS (current policy)
[36m[1;38;2;180;140;80m(AReaL)[0m [36m20261003-00:11:28.440 PPOActor INFO: ======================================================================
[36m[1;38;2;180;140;80m(AReaL)[0m [36m20261003-00:11:28.440 PPOActor INFO:   Rejection sampling: level=token, metric=ratio, action=mask, upper=5.0
[36m[1;38;2;180;140;80m(AReaL)[0m [36m20261003-00:11:28.440 PPOActor INFO: ======================================================================
[36m[1;38;2;180;140;80m(AReaL)[0m [36m20261003-00:11:28.440 PPOActor INFO: ======================================================================
[36m[1;38;2;180;140;80m(AReaL)[0m [36m20261003-00:11:28.440 PPOActor INFO: PPOActor Configuration
[36m[1;38;2;180;140;80m(AReaL)[0m [36m20261003-00:11:28.440 PPOActor INFO: ======================================================================
[36m[1;38;2;180;140;80m(AReaL)[0m [36m20261003-00:11:28.440 PPOActor INFO: Mode: Decoupled PPO (off-policy)
[36m[1;38;2;180;140;80m(AReaL)[0m [36m20261003-00:11:28.440 PPOActor INFO: PPOActor Configuration
[36m[1;38;2;180;140;80m(AReaL)[0m [36m20261003-00:11:28.440 PPOActor INFO:   log_p_behave (π_behave): FROM INFERENCE (behavior policy)
[36m[1;38;2;180;140;80m(AReaL)[0m [36m20261003-00:11:28.440 PPOActor INFO: Training Parameters:
[36m[1;38;2;180;140;80m(AReaL)[0m [36m20261003-00:11:28.440 PPOActor INFO: ======================================================================
[36m[1;38;2;180;140;80m(AReaL)[0m [36m20261003-00:11:28.440 PPOActor INFO: ======================================================================
[36m[1;38;2;180;140;80m(AReaL)[0m [36m20261003-00:11:28.440 PPOActor INFO:   Proximal policy (π_prox): RECOMPUTED via forward pass (standard decoupled PPO)
[36m[1;38;2;180;140;80m(AReaL)[0m [36m20261003-00:11:28.440 PPOActor INFO:   importance_sampling_level: token
[36m[1;38;2;180;140;80m(AReaL)[0m [36m20261003-00:11:28.440 PPOActor INFO: Mode: Decoupled PPO (off-policy)
[36m[1;38;2;180;140;80m(AReaL)[0m [36m20261003-00:11:28.440 PPOActor INFO: Mode: Decoupled PPO (off-policy)
[36m[1;38;2;180;140;80m(AReaL)[0m [36m20261003-00:11:28.440 PPOActor INFO:   log_p_theta (π_θ): TRAINING FORWARD PASS (current policy)
[36m[1;38;2;180;140;80m(AReaL)[0m [36m20261003-00:11:28.440 PPOActor INFO:   adv_norm: NormConfig(mean_level='batch', mean_leave1out=False, std_level='batch', std_unbiased=True, eps=1e-05, group_size=1)
[36m[1;38;2;180;140;80m(AReaL)[0m [36m20261003-00:11:28.440 PPOActor INFO:   log_p_behave (π_behave): FROM INFERENCE (behavior policy)
[36m[1;38;2;180;140;80m(AReaL)[0m [36m20261003-00:11:28.441 PPOActor INFO:   log_p_behave (π_behave): FROM INFERENCE (behavior policy)
[36m[1;38;2;180;140;80m(AReaL)[0m [36m20261003-00:11:28.441 PPOActor INFO:   Rejection sampling: level=token, metric=ratio, action=mask, upper=5.0
[36m[1;38;2;180;140;80m(AReaL)[0m [36m20261003-00:11:28.441 PPOActor INFO:   reward_norm: NormConfig(mean_level='group', mean_leave1out=False, std_level='group', std_unbiased=True, eps=1e-05, group_size=4)
[36m[1;38;2;180;140;80m(AReaL)[0m [36m20261003-00:11:28.441 PPOActor INFO:   Proximal policy (π_prox): RECOMPUTED via forward pass (standard decoupled PPO)
[36m[1;38;2;180;140;80m(AReaL)[0m [36m20261003-00:11:28.441 PPOActor INFO:   Proximal policy (π_prox): RECOMPUTED via forward pass (standard decoupled PPO)
[36m[1;38;2;180;140;80m(AReaL)[0m [36m20261003-00:11:28.441 PPOActor INFO: ======================================================================
[36m[1;38;2;180;140;80m(AReaL)[0m [36m20261003-00:11:28.441 PPOActor INFO:   gae_lambda: 1.0
[36m[1;38;2;180;140;80m(AReaL)[0m [36m20261003-00:11:28.441 PPOActor INFO:   log_p_theta (π_θ): TRAINING FORWARD PASS (current policy)
[36m[1;38;2;180;140;80m(AReaL)[0m [36m20261003-00:11:28.441 PPOActor INFO:   log_p_theta (π_θ): TRAINING FORWARD PASS (current policy)
[36m[1;38;2;180;140;80m(AReaL)[0m [36m20261003-00:11:28.441 PPOActor INFO: Training Parameters:
[36m[1;38;2;180;140;80m(AReaL)[0m [36m20261003-00:11:28.441 PPOActor INFO:   gae_timestep_unit: token
[36m[1;38;2;180;140;80m(AReaL)[0m [36m20261003-00:11:28.441 PPOActor INFO:   Rejection sampling: level=token, metric=ratio, action=mask, upper=5.0
[36m[1;38;2;180;140;80m(AReaL)[0m [36m20261003-00:11:28.441 PPOActor INFO:   Rejection sampling: level=token, metric=ratio, action=mask, upper=5.0
[36m[1;38;2;180;140;80m(AReaL)[0m [36m20261003-00:11:28.441 PPOActor INFO:   importance_sampling_level: token
[36m[1;38;2;180;140;80m(AReaL)[0m [36m20261003-00:11:28.441 PPOActor INFO:   eps_clip: 0.4
[36m[1;38;2;180;140;80m(AReaL)[0m [36m20261003-00:11:28.441 PPOActor INFO: ======================================================================
[36m[1;38;2;180;140;80m(AReaL)[0m [36m20261003-00:11:28.441 PPOActor INFO: ======================================================================
[36m[1;38;2;180;140;80m(AReaL)[0m [36m20261003-00:11:28.441 PPOActor INFO: ======================================================================
[36m[1;38;2;180;140;80m(AReaL)[0m [36m20261003-00:11:28.441 PPOActor INFO:   adv_norm: NormConfig(mean_level='batch', mean_leave1out=False, std_level='batch', std_unbiased=True, eps=1e-05, group_size=1)
[36m[1;38;2;180;140;80m(AReaL)[0m [36m20261003-00:11:28.441 PPOActor INFO: Training Parameters:
[36m[1;38;2;180;140;80m(AReaL)[0m [36m20261003-00:11:28.441 PPOActor INFO: Training Parameters:
[36m[1;38;2;180;140;80m(AReaL)[0m [36m20261003-00:11:28.441 PPOActor INFO:   reward_norm: NormConfig(mean_level='group', mean_leave1out=False, std_level='group', std_unbiased=True, eps=1e-05, group_size=4)
[37m[1;38;2;180;140;80m(AReaL)[0m [37m20261003-00:11:28.441 EngineBP INFO: Engine 'actor/0' (class: areal.engine.megatron_engine.MegatronPPOActor) instantiated successfully
[36m[1;38;2;180;140;80m(AReaL)[0m [36m20261003-00:11:28.441 PPOActor INFO:   importance_sampling_level: token
[36m[1;38;2;180;140;80m(AReaL)[0m [36m20261003-00:11:28.441 PPOActor INFO:   importance_sampling_level: token
[36m[1;38;2;180;140;80m(AReaL)[0m [36m20261003-00:11:28.441 PPOActor INFO:   gae_lambda: 1.0
[36m[1;38;2;180;140;80m(AReaL)[0m [36m20261003-00:11:28.441 PPOActor INFO:   adv_norm: NormConfig(mean_level='batch', mean_leave1out=False, std_level='batch', std_unbiased=True, eps=1e-05, group_size=1)
[36m[1;38;2;180;140;80m(AReaL)[0m [36m20261003-00:11:28.441 PPOActor INFO:   adv_norm: NormConfig(mean_level='batch', mean_leave1out=False, std_level='batch', std_unbiased=True, eps=1e-05, group_size=1)
[36m[1;38;2;180;140;80m(AReaL)[0m [36m20261003-00:11:28.441 PPOActor INFO:   gae_timestep_unit: token
[36m[1;38;2;180;140;80m(AReaL)[0m [36m20261003-00:11:28.441 PPOActor INFO:   reward_norm: NormConfig(mean_level='group', mean_leave1out=False, std_level='group', std_unbiased=True, eps=1e-05, group_size=4)
[36m[1;38;2;180;140;80m(AReaL)[0m [36m20261003-00:11:28.441 PPOActor INFO:   reward_norm: NormConfig(mean_level='group', mean_leave1out=False, std_level='group', std_unbiased=True, eps=1e-05, group_size=4)
[36m[1;38;2;180;140;80m(AReaL)[0m [36m20261003-00:11:28.441 PPOActor INFO:   eps_clip: 0.4
[36m[1;38;2;180;140;80m(AReaL)[0m [36m20261003-00:11:28.441 PPOActor INFO:   gae_lambda: 1.0
[36m[1;38;2;180;140;80m(AReaL)[0m [36m20261003-00:11:28.441 PPOActor INFO:   gae_lambda: 1.0
[36m[1;38;2;180;140;80m(AReaL)[0m [36m20261003-00:11:28.441 PPOActor INFO: ======================================================================
[36m[1;38;2;180;140;80m(AReaL)[0m [36m20261003-00:11:28.441 PPOActor INFO:   gae_timestep_unit: token
[36m[1;38;2;180;140;80m(AReaL)[0m [36m20261003-00:11:28.441 PPOActor INFO:   gae_timestep_unit: token
[37m[1;38;2;180;140;80m(AReaL)[0m [37m20261003-00:11:28.441 EngineBP INFO: Engine 'actor/1' (class: areal.engine.megatron_engine.MegatronPPOActor) instantiated successfully
[36m[1;38;2;180;140;80m(AReaL)[0m [36m20261003-00:11:28.441 PPOActor INFO:   eps_clip: 0.4
[36m[1;38;2;180;140;80m(AReaL)[0m [36m20261003-00:11:28.441 PPOActor INFO:   eps_clip: 0.4
[36m[1;38;2;180;140;80m(AReaL)[0m [36m20261003-00:11:28.442 PPOActor INFO: ======================================================================
[36m[1;38;2;180;140;80m(AReaL)[0m [36m20261003-00:11:28.442 PPOActor INFO: ======================================================================
[37m[1;38;2;180;140;80m(AReaL)[0m [37m20261003-00:11:28.442 EngineBP INFO: Engine 'actor/3' (class: areal.engine.megatron_engine.MegatronPPOActor) instantiated successfully
[37m[1;38;2;180;140;80m(AReaL)[0m [37m20261003-00:11:28.442 EngineBP INFO: Engine 'actor/2' (class: areal.engine.megatron_engine.MegatronPPOActor) instantiated successfully
[37m[1;38;2;180;140;80m(AReaL)[0m [37m20261003-00:11:28.443 TrainController INFO: Engines created on all workers!
[37m[1;38;2;180;140;80m(AReaL)[0m [37m20261003-00:11:28.444 TrainController INFO: Calling engine initialization...
[Gloo] Rank 2 is connected to 3 peer ranks. Expected number of connected peer ranks is : 3
[Gloo] Rank 0 is connected to 3 peer ranks. Expected number of connected peer ranks is : 3
[Gloo] Rank 1 is connected to 3 peer ranks. Expected number of connected peer ranks is : 3
[Gloo] Rank 3 is connected to 3 peer ranks. Expected number of connected peer ranks is : 3
[Gloo] Rank 3 is connected to 3 peer ranks. Expected number of connected peer ranks is : 3
[Gloo] Rank 0 is connected to 3 peer ranks. Expected number of connected peer ranks is : 3
[Gloo] Rank 2 is connected to 3 peer ranks. Expected number of connected peer ranks is : 3
[Gloo] Rank 1 is connected to 3 peer ranks. Expected number of connected peer ranks is : 3
[Gloo] Rank 2 is connected to 3 peer ranks. Expected number of connected peer ranks is : 3
[Gloo] Rank 0 is connected to 3 peer ranks. Expected number of connected peer ranks is : 3
[Gloo] Rank 1 is connected to 3 peer ranks. Expected number of connected peer ranks is : 3
[Gloo] Rank 3 is connected to 3 peer ranks. Expected number of connected peer ranks is : 3
[Gloo] Rank 0 is connected to 0 peer ranks. Expected number of connected peer ranks is : 0
[Gloo] Rank 0 is connected to 0 peer ranks. Expected number of connected peer ranks is : 0
[Gloo] Rank 0 is connected to 0 peer ranks. Expected number of connected peer ranks is : 0
[Gloo] Rank 0 is connected to 0 peer ranks. Expected number of connected peer ranks is : 0
[Gloo] Rank 2 is connected to 3 peer ranks. Expected number of connected peer ranks is : 3
[Gloo] Rank 1 is connected to 3 peer ranks. Expected number of connected peer ranks is : 3
[Gloo] Rank 0 is connected to 3 peer ranks. Expected number of connected peer ranks is : 3
[Gloo] Rank 3 is connected to 3 peer ranks. Expected number of connected peer ranks is : 3
[96m[1;38;2;180;140;80m(AReaL)[0m [96m20261003-00:11:31.210 CUDAPlatform INFO: Set NUMA affinity for CUDA device 0 (GPU-142f3136-e75e-eece-fc73-6be42ac414ac): bound to 96 CPU cores.
[96m[1;38;2;180;140;80m(AReaL)[0m [96m20261003-00:11:31.224 CUDAPlatform INFO: Set NUMA affinity for CUDA device 0 (GPU-4b3cec1a-f5a1-bbd5-a36e-ddb0d23c89ac): bound to 96 CPU cores.
[96m[1;38;2;180;140;80m(AReaL)[0m [96m20261003-00:11:31.228 CUDAPlatform INFO: Set NUMA affinity for CUDA device 0 (GPU-ab998871-5159-5620-c933-3c78ff6b53e9): bound to 96 CPU cores.
[96m[1;38;2;180;140;80m(AReaL)[0m [96m20261003-00:11:31.229 CUDAPlatform INFO: Set NUMA affinity for CUDA device 0 (GPU-5925d357-a578-9e58-4bb4-67adb54e4cda): bound to 96 CPU cores.
The argument `trust_remote_code` is to be used with Auto classes. It has no effect here and is ignored.
You are using a model of type `qwen2` to instantiate a model of type ``. This may be expected if you are loading a checkpoint that shares a subset of the architecture (e.g., loading a `sam2_video` checkpoint into `Sam2Model`), but is otherwise not supported and can yield errors. Please verify that the checkpoint is compatible with the model you are instantiating.
/storage/openpsi/users/fenghui/projects/AReaL-RSI/.rsi/research-lab/runs/research_58654ea421ca4619/agents/research_ce92f6a2a491b52e7fd5b227/muon-env/lib/python3.12/site-packages/megatron/core/transformer/transformer_config.py:2415: UserWarning: full scope is deprecated. Use empty cuda_graph_modules to capture the whole layer.
  warnings.warn(
[96m[1;38;2;180;140;80m(AReaL)[0m [96m20261003-00:11:31.731 [MegatronEngine Rank 3] INFO: Using mbridge to create models and hf model save/load in MegatronEngine.
The argument `trust_remote_code` is to be used with Auto classes. It has no effect here and is ignored.
You are using a model of type `qwen2` to instantiate a model of type ``. This may be expected if you are loading a checkpoint that shares a subset of the architecture (e.g., loading a `sam2_video` checkpoint into `Sam2Model`), but is otherwise not supported and can yield errors. Please verify that the checkpoint is compatible with the model you are instantiating.
/storage/openpsi/users/fenghui/projects/AReaL-RSI/.rsi/research-lab/runs/research_58654ea421ca4619/agents/research_ce92f6a2a491b52e7fd5b227/muon-env/lib/python3.12/site-packages/megatron/core/transformer/transformer_config.py:2415: UserWarning: full scope is deprecated. Use empty cuda_graph_modules to capture the whole layer.
  warnings.warn(
[96m[1;38;2;180;140;80m(AReaL)[0m [96m20261003-00:11:31.736 [MegatronEngine Rank 2] INFO: Using mbridge to create models and hf model save/load in MegatronEngine.
The argument `trust_remote_code` is to be used with Auto classes. It has no effect here and is ignored.
You are using a model of type `qwen2` to instantiate a model of type ``. This may be expected if you are loading a checkpoint that shares a subset of the architecture (e.g., loading a `sam2_video` checkpoint into `Sam2Model`), but is otherwise not supported and can yield errors. Please verify that the checkpoint is compatible with the model you are instantiating.
/storage/openpsi/users/fenghui/projects/AReaL-RSI/.rsi/research-lab/runs/research_58654ea421ca4619/agents/research_ce92f6a2a491b52e7fd5b227/muon-env/lib/python3.12/site-packages/megatron/core/transformer/transformer_config.py:2415: UserWarning: full scope is deprecated. Use empty cuda_graph_modules to capture the whole layer.
  warnings.warn(
The argument `trust_remote_code` is to be used with Auto classes. It has no effect here and is ignored.
[96m[1;38;2;180;140;80m(AReaL)[0m [96m20261003-00:11:31.790 [MegatronEngine Rank 0] INFO: Using mbridge to create models and hf model save/load in MegatronEngine.
You are using a model of type `qwen2` to instantiate a model of type ``. This may be expected if you are loading a checkpoint that shares a subset of the architecture (e.g., loading a `sam2_video` checkpoint into `Sam2Model`), but is otherwise not supported and can yield errors. Please verify that the checkpoint is compatible with the model you are instantiating.
GPTModel IS DEPRECATED. GPTModel is only accepting critical bug fixes, no new features. Please reference the migration guide `docs/user-guide/hybrid-model-migration.md` for details on how to use `HybridModel`
/storage/openpsi/users/fenghui/projects/AReaL-RSI/.rsi/research-lab/runs/research_58654ea421ca4619/agents/research_ce92f6a2a491b52e7fd5b227/muon-env/lib/python3.12/site-packages/megatron/core/transformer/transformer_config.py:2415: UserWarning: full scope is deprecated. Use empty cuda_graph_modules to capture the whole layer.
  warnings.warn(
[96m[1;38;2;180;140;80m(AReaL)[0m [96m20261003-00:11:31.793 [MegatronEngine Rank 1] INFO: Using mbridge to create models and hf model save/load in MegatronEngine.
 > number of parameters on (tensor, pipeline) model parallel rank (0, 0): 1543714304
[96m[1;38;2;180;140;80m(AReaL)[0m [96m20261003-00:11:32.806 [MegatronEngine Rank 3] INFO: Model parameter count: 1543.71M, pp_stage=0, vpp_chunks=1
[96m[1;38;2;180;140;80m(AReaL)[0m [96m20261003-00:11:32.806 [MegatronEngine Rank 1] INFO: Model parameter count: 1543.71M, pp_stage=0, vpp_chunks=1
[96m[1;38;2;180;140;80m(AReaL)[0m [96m20261003-00:11:32.806 [MegatronEngine Rank 2] INFO: Model parameter count: 1543.71M, pp_stage=0, vpp_chunks=1
[96m[1;38;2;180;140;80m(AReaL)[0m [96m20261003-00:11:32.806 [MegatronEngine Rank 0] INFO: Model parameter count: 1543.71M, pp_stage=0, vpp_chunks=1
/storage/openpsi/users/fenghui/projects/AReaL-RSI/.rsi/research-lab/runs/research_58654ea421ca4619/agents/research_ce92f6a2a491b52e7fd5b227/muon-env/lib/python3.12/site-packages/megatron/core/models/mimo/config/base_configs.py:12: UserWarning: MimoModelConfig is experimental and still under active development. The API may change without notice in future releases.
  class MimoModelConfig:
/storage/openpsi/users/fenghui/projects/AReaL-RSI/.rsi/research-lab/runs/research_58654ea421ca4619/agents/research_ce92f6a2a491b52e7fd5b227/muon-env/lib/python3.12/site-packages/megatron/core/models/mimo/config/base_configs.py:12: UserWarning: MimoModelConfig is experimental and still under active development. The API may change without notice in future releases.
  class MimoModelConfig:
/storage/openpsi/users/fenghui/projects/AReaL-RSI/.rsi/research-lab/runs/research_58654ea421ca4619/agents/research_ce92f6a2a491b52e7fd5b227/muon-env/lib/python3.12/site-packages/megatron/core/models/mimo/config/base_configs.py:12: UserWarning: MimoModelConfig is experimental and still under active development. The API may change without notice in future releases.
  class MimoModelConfig:
/storage/openpsi/users/fenghui/projects/AReaL-RSI/.rsi/research-lab/runs/research_58654ea421ca4619/agents/research_ce92f6a2a491b52e7fd5b227/muon-env/lib/python3.12/site-packages/megatron/core/models/mimo/config/base_configs.py:12: UserWarning: MimoModelConfig is experimental and still under active development. The API may change without notice in future releases.
  class MimoModelConfig:
[37m[1;38;2;180;140;80m(AReaL)[0m [37m20261003-00:11:33.044 TrainController INFO: All engines are initialized!
[37m[1;38;2;180;140;80m(AReaL)[0m [37m20261003-00:11:33.045 TrainController INFO: Identifying DP head workers...
[37m[1;38;2;180;140;80m(AReaL)[0m [37m20261003-00:11:33.051 TrainController INFO: TrainController initialization complete
[37m[1;38;2;180;140;80m(AReaL)[0m [37m20261003-00:11:33.068 RolloutController INFO: Creating workers via scheduler...
[34m[1;38;2;180;140;80m(AReaL)[0m [34m20261003-00:11:33.068 LocalScheduler INFO: Creating 4 workers for role 'rollout' (strategy: SchedulingStrategyType.separation, colocate_with: None)
[37m[1;38;2;180;140;80m(AReaL)[0m [37m20261003-00:11:33.069 LauncherUtils INFO: Auto-setting thread env vars to 8: OMP_NUM_THREADS, MKL_NUM_THREADS, OPENBLAS_NUM_THREADS, VECLIB_MAXIMUM_THREADS, NUMEXPR_NUM_THREADS
[34m[1;38;2;180;140;80m(AReaL)[0m [34m20261003-00:11:33.069 LocalScheduler INFO: Starting worker rollout/0 (attempt 1/3): python3 -m areal.infra.rpc.rpc_server --port 12463 --experiment-name gsm8k-grpo-megatron-muon-baseline3 --trial-name trial0 --role rollout --worker-index 0 --name-resolve-type nfs --nfs-record-root /tmp/areal/name_resolve --etcd3-addr localhost:2379 --fileroot /storage/openpsi/users/fenghui/projects/AReaL/research/muon/evidence/baseline-aligned-3epoch-20261003/muon/results
[34m[1;38;2;180;140;80m(AReaL)[0m [34m20261003-00:11:33.176 LocalScheduler INFO: Worker rollout/0 started (PID: 64655, GPUs: [4], ports: [12463, 25090])
[37m[1;38;2;180;140;80m(AReaL)[0m [37m20261003-00:11:33.177 LauncherUtils INFO: Auto-setting thread env vars to 8: OMP_NUM_THREADS, MKL_NUM_THREADS, OPENBLAS_NUM_THREADS, VECLIB_MAXIMUM_THREADS, NUMEXPR_NUM_THREADS
[34m[1;38;2;180;140;80m(AReaL)[0m [34m20261003-00:11:33.177 LocalScheduler INFO: Starting worker rollout/1 (attempt 1/3): python3 -m areal.infra.rpc.rpc_server --port 25169 --experiment-name gsm8k-grpo-megatron-muon-baseline3 --trial-name trial0 --role rollout --worker-index 1 --name-resolve-type nfs --nfs-record-root /tmp/areal/name_resolve --etcd3-addr localhost:2379 --fileroot /storage/openpsi/users/fenghui/projects/AReaL/research/muon/evidence/baseline-aligned-3epoch-20261003/muon/results
[34m[1;38;2;180;140;80m(AReaL)[0m [34m20261003-00:11:33.283 LocalScheduler INFO: Worker rollout/1 started (PID: 64661, GPUs: [5], ports: [25169, 27458])
[37m[1;38;2;180;140;80m(AReaL)[0m [37m20261003-00:11:33.284 LauncherUtils INFO: Auto-setting thread env vars to 8: OMP_NUM_THREADS, MKL_NUM_THREADS, OPENBLAS_NUM_THREADS, VECLIB_MAXIMUM_THREADS, NUMEXPR_NUM_THREADS
[34m[1;38;2;180;140;80m(AReaL)[0m [34m20261003-00:11:33.284 LocalScheduler INFO: Starting worker rollout/2 (attempt 1/3): python3 -m areal.infra.rpc.rpc_server --port 28814 --experiment-name gsm8k-grpo-megatron-muon-baseline3 --trial-name trial0 --role rollout --worker-index 2 --name-resolve-type nfs --nfs-record-root /tmp/areal/name_resolve --etcd3-addr localhost:2379 --fileroot /storage/openpsi/users/fenghui/projects/AReaL/research/muon/evidence/baseline-aligned-3epoch-20261003/muon/results
[34m[1;38;2;180;140;80m(AReaL)[0m [34m20261003-00:11:33.390 LocalScheduler INFO: Worker rollout/2 started (PID: 64676, GPUs: [6], ports: [28814, 29048])
[37m[1;38;2;180;140;80m(AReaL)[0m [37m20261003-00:11:33.391 LauncherUtils INFO: Auto-setting thread env vars to 8: OMP_NUM_THREADS, MKL_NUM_THREADS, OPENBLAS_NUM_THREADS, VECLIB_MAXIMUM_THREADS, NUMEXPR_NUM_THREADS
[34m[1;38;2;180;140;80m(AReaL)[0m [34m20261003-00:11:33.391 LocalScheduler INFO: Starting worker rollout/3 (attempt 1/3): python3 -m areal.infra.rpc.rpc_server --port 10464 --experiment-name gsm8k-grpo-megatron-muon-baseline3 --trial-name trial0 --role rollout --worker-index 3 --name-resolve-type nfs --nfs-record-root /tmp/areal/name_resolve --etcd3-addr localhost:2379 --fileroot /storage/openpsi/users/fenghui/projects/AReaL/research/muon/evidence/baseline-aligned-3epoch-20261003/muon/results
[34m[1;38;2;180;140;80m(AReaL)[0m [34m20261003-00:11:33.496 LocalScheduler INFO: Worker rollout/3 started (PID: 64685, GPUs: [7], ports: [10464, 22456])
[34m[1;38;2;180;140;80m(AReaL)[0m [34m20261003-00:11:33.497 LocalScheduler INFO: Successfully created 4 workers for role 'rollout'
[37m[1;38;2;180;140;80m(AReaL)[0m [37m20261003-00:11:41.781 SyncRPCServer INFO: Werkzeug log level: WARNING
[37m[1;38;2;180;140;80m(AReaL)[0m [37m20261003-00:11:41.782 Guard INFO: Starting Guard on 33.180.166.157:12463 for worker rollout/0
[37m[1;38;2;180;140;80m(AReaL)[0m [37m20261003-00:11:41.869 EngineBP INFO: Engine thread started
[37m[1;38;2;180;140;80m(AReaL)[0m [37m20261003-00:11:41.870 EngineBP INFO: Engine thread initialized
[37m[1;38;2;180;140;80m(AReaL)[0m [37m20261003-00:11:41.962 SyncRPCServer INFO: Werkzeug log level: WARNING
[37m[1;38;2;180;140;80m(AReaL)[0m [37m20261003-00:11:41.963 Guard INFO: Starting Guard on 33.180.166.157:28814 for worker rollout/0
[37m[1;38;2;180;140;80m(AReaL)[0m [37m20261003-00:11:41.982 SyncRPCServer INFO: Werkzeug log level: WARNING
[37m[1;38;2;180;140;80m(AReaL)[0m [37m20261003-00:11:41.983 Guard INFO: Starting Guard on 33.180.166.157:25169 for worker rollout/0
[37m[1;38;2;180;140;80m(AReaL)[0m [37m20261003-00:11:41.984 SyncRPCServer INFO: Werkzeug log level: WARNING
[37m[1;38;2;180;140;80m(AReaL)[0m [37m20261003-00:11:41.985 Guard INFO: Starting Guard on 33.180.166.157:10464 for worker rollout/0
[96m[1;38;2;180;140;80m(AReaL)[0m [96m20261003-00:11:42.733 PlatformInit INFO: Detected CUDA device: NVIDIA L20X
[96m[1;38;2;180;140;80m(AReaL)[0m [96m20261003-00:11:42.734 PlatformInit INFO: Initializing CUDA platform (NVIDIA).
[34m[1;38;2;180;140;80m(AReaL)[0m [34m20261003-00:11:42.735 LocalScheduler INFO: Configuration successfully on worker 'rollout/0'
[37m[1;38;2;180;140;80m(AReaL)[0m [37m20261003-00:11:42.742 EngineBP INFO: Engine thread started
[37m[1;38;2;180;140;80m(AReaL)[0m [37m20261003-00:11:42.743 EngineBP INFO: Engine thread initialized
[96m[1;38;2;180;140;80m(AReaL)[0m [96m20261003-00:11:43.627 PlatformInit INFO: Detected CUDA device: NVIDIA L20X
[96m[1;38;2;180;140;80m(AReaL)[0m [96m20261003-00:11:43.628 PlatformInit INFO: Initializing CUDA platform (NVIDIA).
[34m[1;38;2;180;140;80m(AReaL)[0m [34m20261003-00:11:43.629 LocalScheduler INFO: Configuration successfully on worker 'rollout/1'
[37m[1;38;2;180;140;80m(AReaL)[0m [37m20261003-00:11:43.636 EngineBP INFO: Engine thread started
[37m[1;38;2;180;140;80m(AReaL)[0m [37m20261003-00:11:43.636 EngineBP INFO: Engine thread initialized
[96m[1;38;2;180;140;80m(AReaL)[0m [96m20261003-00:11:44.494 PlatformInit INFO: Detected CUDA device: NVIDIA L20X
[96m[1;38;2;180;140;80m(AReaL)[0m [96m20261003-00:11:44.494 PlatformInit INFO: Initializing CUDA platform (NVIDIA).
[34m[1;38;2;180;140;80m(AReaL)[0m [34m20261003-00:11:44.495 LocalScheduler INFO: Configuration successfully on worker 'rollout/2'
[37m[1;38;2;180;140;80m(AReaL)[0m [37m20261003-00:11:44.503 EngineBP INFO: Engine thread started
[37m[1;38;2;180;140;80m(AReaL)[0m [37m20261003-00:11:44.503 EngineBP INFO: Engine thread initialized
[96m[1;38;2;180;140;80m(AReaL)[0m [96m20261003-00:11:45.363 PlatformInit INFO: Detected CUDA device: NVIDIA L20X
[96m[1;38;2;180;140;80m(AReaL)[0m [96m20261003-00:11:45.363 PlatformInit INFO: Initializing CUDA platform (NVIDIA).
[34m[1;38;2;180;140;80m(AReaL)[0m [34m20261003-00:11:45.365 LocalScheduler INFO: Configuration successfully on worker 'rollout/3'
[37m[1;38;2;180;140;80m(AReaL)[0m [37m20261003-00:11:45.365 RolloutController INFO: Workers created: ['rollout/0', 'rollout/1', 'rollout/2', 'rollout/3']
[37m[1;38;2;180;140;80m(AReaL)[0m [37m20261003-00:11:45.365 RolloutController INFO: Waiting for workers to be ready...
[34m[1;38;2;180;140;80m(AReaL)[0m [34m20261003-00:11:45.372 LocalScheduler INFO: All 4 workers for role 'rollout' are ready
[37m[1;38;2;180;140;80m(AReaL)[0m [37m20261003-00:11:45.372 RolloutController INFO: Workers ready: ['rollout/0', 'rollout/1', 'rollout/2', 'rollout/3']
[37m[1;38;2;180;140;80m(AReaL)[0m [37m20261003-00:11:45.372 RolloutController INFO: Creating engines...
[37m[1;38;2;180;140;80m(AReaL)[0m [37m20261003-00:11:45.383 EngineBP INFO: Engine 'rollout/2' (class: areal.engine.sglang_remote.RemoteSGLangEngine) instantiated successfully
[37m[1;38;2;180;140;80m(AReaL)[0m [37m20261003-00:11:45.383 EngineBP INFO: Engine 'rollout/1' (class: areal.engine.sglang_remote.RemoteSGLangEngine) instantiated successfully
[37m[1;38;2;180;140;80m(AReaL)[0m [37m20261003-00:11:45.384 EngineBP INFO: Engine 'rollout/0' (class: areal.engine.sglang_remote.RemoteSGLangEngine) instantiated successfully
[37m[1;38;2;180;140;80m(AReaL)[0m [37m20261003-00:11:45.386 EngineBP INFO: Engine 'rollout/3' (class: areal.engine.sglang_remote.RemoteSGLangEngine) instantiated successfully
[37m[1;38;2;180;140;80m(AReaL)[0m [37m20261003-00:11:45.386 RolloutController INFO: Engine created on all workers!
[37m[1;38;2;180;140;80m(AReaL)[0m [37m20261003-00:11:45.387 RolloutController INFO: Calling engine initialization...
No HuggingFace chat template found
No HuggingFace chat template found
No HuggingFace chat template found
No HuggingFace chat template found
[Gloo] Rank 0 is connected to 0 peer ranks. Expected number of connected peer ranks is : 0
[Gloo] Rank 0 is connected to 0 peer ranks. Expected number of connected peer ranks is : 0
[Gloo] Rank 0 is connected to 0 peer ranks. Expected number of connected peer ranks is : 0
[Gloo] Rank 0 is connected to 0 peer ranks. Expected number of connected peer ranks is : 0
[Gloo] Rank 0 is connected to 0 peer ranks. Expected number of connected peer ranks is : 0
[Gloo] Rank 0 is connected to 0 peer ranks. Expected number of connected peer ranks is : 0
[Gloo] Rank 0 is connected to 0 peer ranks. Expected number of connected peer ranks is : 0
[Gloo] Rank 0 is connected to 0 peer ranks. Expected number of connected peer ranks is : 0
[Gloo] Rank 0 is connected to 0 peer ranks. Expected number of connected peer ranks is : 0
[Gloo] Rank 0 is connected to 0 peer ranks. Expected number of connected peer ranks is : 0
[Gloo] Rank 0 is connected to 0 peer ranks. Expected number of connected peer ranks is : 0
[Gloo] Rank 0 is connected to 0 peer ranks. Expected number of connected peer ranks is : 0
Multi-thread loading shards:   0% Completed | 0/1 [00:00<?, ?it/s]Multi-thread loading shards:   0% Completed | 0/1 [00:00<?, ?it/s]Multi-thread loading shards:   0% Completed | 0/1 [00:00<?, ?it/s]Multi-thread loading shards:   0% Completed | 0/1 [00:00<?, ?it/s]Multi-thread loading shards: 100% Completed | 1/1 [00:00<00:00,  1.81it/s]Multi-thread loading shards: 100% Completed | 1/1 [00:00<00:00,  1.81it/s]
Multi-thread loading shards: 100% Completed | 1/1 [00:00<00:00,  1.37it/s]Multi-thread loading shards: 100% Completed | 1/1 [00:00<00:00,  1.37it/s]Multi-thread loading shards: 100% Completed | 1/1 [00:00<00:00,  1.37it/s]Multi-thread loading shards: 100% Completed | 1/1 [00:00<00:00,  1.37it/s]Multi-thread loading shards: 100% Completed | 1/1 [00:00<00:00,  1.37it/s]Multi-thread loading shards: 100% Completed | 1/1 [00:00<00:00,  1.37it/s]


  0%|          | 0/36 [00:00<?, ?it/s]Capturing batches (bs=256 avail_mem=27.02 GB):   0%|          | 0/36 [00:00<?, ?it/s]  0%|          | 0/36 [00:00<?, ?it/s]Capturing batches (bs=256 avail_mem=27.02 GB):   0%|          | 0/36 [00:00<?, ?it/s]  0%|          | 0/36 [00:00<?, ?it/s]Capturing batches (bs=256 avail_mem=27.02 GB):   0%|          | 0/36 [00:00<?, ?it/s]  0%|          | 0/36 [00:00<?, ?it/s]Capturing batches (bs=256 avail_mem=27.02 GB):   0%|          | 0/36 [00:00<?, ?it/s]2026-10-03 00:12:14,494 - CUTE_DSL - WARNING - [handle_import_error] - Unexpected error during package walk: cutlass.cute.experimental
2026-10-03 00:12:14,494 - CUTE_DSL - WARNING - [handle_import_error] - Unexpected error during package walk: cutlass.cute.experimental
2026-10-03 00:12:14,494 - CUTE_DSL - WARNING - [handle_import_error] - Unexpected error during package walk: cutlass.cute.experimental
2026-10-03 00:12:14,494 - CUTE_DSL - WARNING - [handle_import_error] - Unexpected error during package walk: cutlass.cute.experimental
Capturing batches (bs=256 avail_mem=27.02 GB):   3%|▎         | 1/36 [00:01<00:35,  1.01s/it]Capturing batches (bs=248 avail_mem=26.89 GB):   3%|▎         | 1/36 [00:01<00:35,  1.01s/it]Capturing batches (bs=256 avail_mem=27.02 GB):   3%|▎         | 1/36 [00:01<00:38,  1.11s/it]Capturing batches (bs=248 avail_mem=26.89 GB):   3%|▎         | 1/36 [00:01<00:38,  1.11s/it]Capturing batches (bs=240 avail_mem=26.89 GB):   3%|▎         | 1/36 [00:01<00:35,  1.01s/it]Capturing batches (bs=240 avail_mem=26.89 GB):   3%|▎         | 1/36 [00:01<00:38,  1.11s/it]Capturing batches (bs=232 avail_mem=26.88 GB):   3%|▎         | 1/36 [00:01<00:35,  1.01s/it]Capturing batches (bs=232 avail_mem=26.88 GB):   3%|▎         | 1/36 [00:01<00:38,  1.11s/it]Capturing batches (bs=224 avail_mem=26.88 GB):   3%|▎         | 1/36 [00:01<00:35,  1.01s/it]Capturing batches (bs=224 avail_mem=26.88 GB):   3%|▎         | 1/36 [00:01<00:38,  1.11s/it]Capturing batches (bs=256 avail_mem=27.02 GB):   3%|▎         | 1/36 [00:01<00:41,  1.20s/it]Capturing batches (bs=248 avail_mem=26.89 GB):   3%|▎         | 1/36 [00:01<00:41,  1.20s/it]Capturing batches (bs=224 avail_mem=26.88 GB):  14%|█▍        | 5/36 [00:01<00:05,  5.61it/s]Capturing batches (bs=216 avail_mem=26.87 GB):  14%|█▍        | 5/36 [00:01<00:05,  5.61it/s]Capturing batches (bs=224 avail_mem=26.88 GB):  14%|█▍        | 5/36 [00:01<00:05,  5.18it/s]Capturing batches (bs=240 avail_mem=26.89 GB):   3%|▎         | 1/36 [00:01<00:41,  1.20s/it]Capturing batches (bs=216 avail_mem=26.87 GB):  14%|█▍        | 5/36 [00:01<00:05,  5.18it/s]Capturing batches (bs=208 avail_mem=26.87 GB):  14%|█▍        | 5/36 [00:01<00:05,  5.61it/s]Capturing batches (bs=232 avail_mem=26.88 GB):   3%|▎         | 1/36 [00:01<00:41,  1.20s/it]Capturing batches (bs=208 avail_mem=26.87 GB):  14%|█▍        | 5/36 [00:01<00:05,  5.18it/s]Capturing batches (bs=224 avail_mem=26.88 GB):   3%|▎         | 1/36 [00:01<00:41,  1.20s/it]Capturing batches (bs=200 avail_mem=26.86 GB):  14%|█▍        | 5/36 [00:01<00:05,  5.61it/s]Capturing batches (bs=200 avail_mem=26.86 GB):  14%|█▍        | 5/36 [00:01<00:05,  5.18it/s]Capturing batches (bs=256 avail_mem=27.02 GB):   3%|▎         | 1/36 [00:01<00:50,  1.44s/it]Capturing batches (bs=248 avail_mem=26.89 GB):   3%|▎         | 1/36 [00:01<00:50,  1.44s/it]Capturing batches (bs=224 avail_mem=26.88 GB):  14%|█▍        | 5/36 [00:01<00:06,  4.86it/s]Capturing batches (bs=216 avail_mem=26.87 GB):  14%|█▍        | 5/36 [00:01<00:06,  4.86it/s]Capturing batches (bs=200 avail_mem=26.86 GB):  22%|██▏       | 8/36 [00:01<00:03,  9.10it/s]Capturing batches (bs=192 avail_mem=26.86 GB):  22%|██▏       | 8/36 [00:01<00:03,  9.10it/s]Capturing batches (bs=200 avail_mem=26.86 GB):  22%|██▏       | 8/36 [00:01<00:03,  8.53it/s]Capturing batches (bs=192 avail_mem=26.86 GB):  22%|██▏       | 8/36 [00:01<00:03,  8.53it/s]Capturing batches (bs=240 avail_mem=26.89 GB):   3%|▎         | 1/36 [00:01<00:50,  1.44s/it]Capturing batches (bs=208 avail_mem=26.87 GB):  14%|█▍        | 5/36 [00:01<00:06,  4.86it/s]Capturing batches (bs=184 avail_mem=26.85 GB):  22%|██▏       | 8/36 [00:01<00:03,  9.10it/s]Capturing batches (bs=232 avail_mem=26.88 GB):   3%|▎         | 1/36 [00:01<00:50,  1.44s/it]Capturing batches (bs=184 avail_mem=26.85 GB):  22%|██▏       | 8/36 [00:01<00:03,  8.53it/s]Capturing batches (bs=176 avail_mem=26.84 GB):  22%|██▏       | 8/36 [00:01<00:03,  9.10it/s]Capturing batches (bs=200 avail_mem=26.86 GB):  14%|█▍        | 5/36 [00:01<00:06,  4.86it/s]Capturing batches (bs=224 avail_mem=26.88 GB):   3%|▎         | 1/36 [00:01<00:50,  1.44s/it]Capturing batches (bs=176 avail_mem=26.84 GB):  22%|██▏       | 8/36 [00:01<00:03,  8.53it/s]Capturing batches (bs=200 avail_mem=26.86 GB):  22%|██▏       | 8/36 [00:01<00:03,  8.04it/s]Capturing batches (bs=192 avail_mem=26.86 GB):  22%|██▏       | 8/36 [00:01<00:03,  8.04it/s]Capturing batches (bs=176 avail_mem=26.84 GB):  31%|███       | 11/36 [00:01<00:01, 12.60it/s]Capturing batches (bs=168 avail_mem=26.84 GB):  31%|███       | 11/36 [00:01<00:01, 12.60it/s]Capturing batches (bs=224 avail_mem=26.88 GB):  14%|█▍        | 5/36 [00:01<00:07,  4.14it/s]Capturing batches (bs=216 avail_mem=26.87 GB):  14%|█▍        | 5/36 [00:01<00:07,  4.14it/s]Capturing batches (bs=176 avail_mem=26.84 GB):  31%|███       | 11/36 [00:01<00:02, 11.97it/s]Capturing batches (bs=168 avail_mem=26.84 GB):  31%|███       | 11/36 [00:01<00:02, 11.97it/s]Capturing batches (bs=160 avail_mem=26.84 GB):  31%|███       | 11/36 [00:01<00:01, 12.60it/s]Capturing batches (bs=160 avail_mem=26.84 GB):  31%|███       | 11/36 [00:01<00:02, 11.97it/s]Capturing batches (bs=184 avail_mem=26.85 GB):  22%|██▏       | 8/36 [00:01<00:03,  8.04it/s]Capturing batches (bs=208 avail_mem=26.87 GB):  14%|█▍        | 5/36 [00:01<00:07,  4.14it/s]Capturing batches (bs=176 avail_mem=26.84 GB):  22%|██▏       | 8/36 [00:01<00:03,  8.04it/s]Capturing batches (bs=200 avail_mem=26.86 GB):  14%|█▍        | 5/36 [00:01<00:07,  4.14it/s]Capturing batches (bs=152 avail_mem=26.83 GB):  31%|███       | 11/36 [00:01<00:01, 12.60it/s]Capturing batches (bs=152 avail_mem=26.83 GB):  31%|███       | 11/36 [00:01<00:02, 11.97it/s]Capturing batches (bs=176 avail_mem=26.84 GB):  31%|███       | 11/36 [00:01<00:02, 11.42it/s]Capturing batches (bs=168 avail_mem=26.84 GB):  31%|███       | 11/36 [00:01<00:02, 11.42it/s]Capturing batches (bs=200 avail_mem=26.86 GB):  22%|██▏       | 8/36 [00:01<00:03,  7.01it/s]Capturing batches (bs=192 avail_mem=26.86 GB):  22%|██▏       | 8/36 [00:01<00:03,  7.01it/s]Capturing batches (bs=152 avail_mem=26.83 GB):  39%|███▉      | 14/36 [00:01<00:01, 15.83it/s]Capturing batches (bs=144 avail_mem=26.83 GB):  39%|███▉      | 14/36 [00:01<00:01, 15.83it/s]Capturing batches (bs=152 avail_mem=26.83 GB):  39%|███▉      | 14/36 [00:01<00:01, 15.24it/s]Capturing batches (bs=144 avail_mem=26.83 GB):  39%|███▉      | 14/36 [00:01<00:01, 15.24it/s]Capturing batches (bs=160 avail_mem=26.84 GB):  31%|███       | 11/36 [00:01<00:02, 11.42it/s]Capturing batches (bs=136 avail_mem=26.82 GB):  39%|███▉      | 14/36 [00:01<00:01, 15.24it/s]Capturing batches (bs=136 avail_mem=26.82 GB):  39%|███▉      | 14/36 [00:01<00:01, 15.83it/s]Capturing batches (bs=184 avail_mem=26.85 GB):  22%|██▏       | 8/36 [00:01<00:03,  7.01it/s]Capturing batches (bs=152 avail_mem=26.83 GB):  31%|███       | 11/36 [00:01<00:02, 11.42it/s]Capturing batches (bs=176 avail_mem=26.84 GB):  22%|██▏       | 8/36 [00:01<00:03,  7.01it/s]Capturing batches (bs=128 avail_mem=26.82 GB):  39%|███▉      | 14/36 [00:01<00:01, 15.24it/s]Capturing batches (bs=128 avail_mem=26.82 GB):  39%|███▉      | 14/36 [00:01<00:01, 15.83it/s]Capturing batches (bs=152 avail_mem=26.83 GB):  39%|███▉      | 14/36 [00:01<00:01, 14.67it/s]Capturing batches (bs=144 avail_mem=26.83 GB):  39%|███▉      | 14/36 [00:01<00:01, 14.67it/s]Capturing batches (bs=176 avail_mem=26.84 GB):  31%|███       | 11/36 [00:01<00:02, 10.13it/s]Capturing batches (bs=168 avail_mem=26.84 GB):  31%|███       | 11/36 [00:01<00:02, 10.13it/s]Capturing batches (bs=128 avail_mem=26.82 GB):  47%|████▋     | 17/36 [00:01<00:01, 18.20it/s]Capturing batches (bs=120 avail_mem=26.81 GB):  47%|████▋     | 17/36 [00:01<00:01, 18.20it/s]Capturing batches (bs=128 avail_mem=26.82 GB):  47%|████▋     | 17/36 [00:01<00:01, 18.71it/s]Capturing batches (bs=120 avail_mem=26.81 GB):  47%|████▋     | 17/36 [00:01<00:01, 18.71it/s]Capturing batches (bs=136 avail_mem=26.82 GB):  39%|███▉      | 14/36 [00:01<00:01, 14.67it/s]Capturing batches (bs=160 avail_mem=26.84 GB):  31%|███       | 11/36 [00:01<00:02, 10.13it/s]Capturing batches (bs=112 avail_mem=26.81 GB):  47%|████▋     | 17/36 [00:01<00:01, 18.71it/s]Capturing batches (bs=112 avail_mem=26.81 GB):  47%|████▋     | 17/36 [00:01<00:01, 18.20it/s]Capturing batches (bs=128 avail_mem=26.82 GB):  39%|███▉      | 14/36 [00:01<00:01, 14.67it/s]Capturing batches (bs=104 avail_mem=26.80 GB):  47%|████▋     | 17/36 [00:01<00:01, 18.20it/s]Capturing batches (bs=104 avail_mem=26.80 GB):  47%|████▋     | 17/36 [00:01<00:01, 18.71it/s]Capturing batches (bs=152 avail_mem=26.83 GB):  31%|███       | 11/36 [00:01<00:02, 10.13it/s]Capturing batches (bs=128 avail_mem=26.82 GB):  47%|████▋     | 17/36 [00:01<00:01, 17.70it/s]Capturing batches (bs=120 avail_mem=26.81 GB):  47%|████▋     | 17/36 [00:01<00:01, 17.70it/s]Capturing batches (bs=152 avail_mem=26.83 GB):  39%|███▉      | 14/36 [00:01<00:01, 13.31it/s]Capturing batches (bs=144 avail_mem=26.83 GB):  39%|███▉      | 14/36 [00:01<00:01, 13.31it/s]Capturing batches (bs=104 avail_mem=26.80 GB):  56%|█████▌    | 20/36 [00:01<00:00, 20.84it/s]Capturing batches (bs=96 avail_mem=26.80 GB):  56%|█████▌    | 20/36 [00:01<00:00, 20.84it/s] Capturing batches (bs=104 avail_mem=26.80 GB):  56%|█████▌    | 20/36 [00:01<00:00, 21.28it/s]Capturing batches (bs=96 avail_mem=26.80 GB):  56%|█████▌    | 20/36 [00:01<00:00, 21.28it/s] Capturing batches (bs=136 avail_mem=26.82 GB):  39%|███▉      | 14/36 [00:01<00:01, 13.31it/s]Capturing batches (bs=112 avail_mem=26.81 GB):  47%|████▋     | 17/36 [00:01<00:01, 17.70it/s]Capturing batches (bs=88 avail_mem=26.79 GB):  56%|█████▌    | 20/36 [00:01<00:00, 20.84it/s]Capturing batches (bs=88 avail_mem=26.79 GB):  56%|█████▌    | 20/36 [00:01<00:00, 21.28it/s]Capturing batches (bs=128 avail_mem=26.82 GB):  39%|███▉      | 14/36 [00:02<00:01, 13.31it/s]Capturing batches (bs=104 avail_mem=26.80 GB):  47%|████▋     | 17/36 [00:01<00:01, 17.70it/s]Capturing batches (bs=80 avail_mem=26.79 GB):  56%|█████▌    | 20/36 [00:01<00:00, 20.84it/s]Capturing batches (bs=80 avail_mem=26.79 GB):  56%|█████▌    | 20/36 [00:01<00:00, 21.28it/s]Capturing batches (bs=104 avail_mem=26.80 GB):  56%|█████▌    | 20/36 [00:01<00:00, 17.76it/s]Capturing batches (bs=96 avail_mem=26.80 GB):  56%|█████▌    | 20/36 [00:01<00:00, 17.76it/s] Capturing batches (bs=128 avail_mem=26.82 GB):  47%|████▋     | 17/36 [00:02<00:01, 14.64it/s]Capturing batches (bs=120 avail_mem=26.81 GB):  47%|████▋     | 17/36 [00:02<00:01, 14.64it/s]Capturing batches (bs=80 avail_mem=26.79 GB):  64%|██████▍   | 23/36 [00:01<00:00, 19.63it/s]Capturing batches (bs=72 avail_mem=26.78 GB):  64%|██████▍   | 23/36 [00:01<00:00, 19.63it/s]Capturing batches (bs=80 avail_mem=26.79 GB):  64%|██████▍   | 23/36 [00:01<00:00, 19.86it/s]Capturing batches (bs=72 avail_mem=26.78 GB):  64%|██████▍   | 23/36 [00:01<00:00, 19.86it/s]Capturing batches (bs=112 avail_mem=26.81 GB):  47%|████▋     | 17/36 [00:02<00:01, 14.64it/s]Capturing batches (bs=88 avail_mem=26.79 GB):  56%|█████▌    | 20/36 [00:01<00:00, 17.76it/s]Capturing batches (bs=64 avail_mem=26.78 GB):  64%|██████▍   | 23/36 [00:01<00:00, 19.63it/s]Capturing batches (bs=64 avail_mem=26.78 GB):  64%|██████▍   | 23/36 [00:01<00:00, 19.86it/s]Capturing batches (bs=104 avail_mem=26.80 GB):  47%|████▋     | 17/36 [00:02<00:01, 14.64it/s]Capturing batches (bs=80 avail_mem=26.79 GB):  56%|█████▌    | 20/36 [00:01<00:00, 17.76it/s]Capturing batches (bs=56 avail_mem=26.77 GB):  64%|██████▍   | 23/36 [00:01<00:00, 19.63it/s]Capturing batches (bs=56 avail_mem=26.77 GB):  64%|██████▍   | 23/36 [00:01<00:00, 19.86it/s]Capturing batches (bs=96 avail_mem=26.80 GB):  47%|████▋     | 17/36 [00:02<00:01, 14.64it/s] Capturing batches (bs=80 avail_mem=26.79 GB):  64%|██████▍   | 23/36 [00:02<00:00, 20.24it/s]Capturing batches (bs=72 avail_mem=26.78 GB):  64%|██████▍   | 23/36 [00:02<00:00, 20.24it/s]Capturing batches (bs=56 avail_mem=26.77 GB):  72%|███████▏  | 26/36 [00:02<00:00, 21.69it/s]Capturing batches (bs=48 avail_mem=26.77 GB):  72%|███████▏  | 26/36 [00:02<00:00, 21.69it/s]Capturing batches (bs=56 avail_mem=26.77 GB):  72%|███████▏  | 26/36 [00:01<00:00, 21.85it/s]Capturing batches (bs=48 avail_mem=26.77 GB):  72%|███████▏  | 26/36 [00:01<00:00, 21.85it/s]Capturing batches (bs=96 avail_mem=26.80 GB):  58%|█████▊    | 21/36 [00:02<00:00, 18.24it/s]Capturing batches (bs=88 avail_mem=26.79 GB):  58%|█████▊    | 21/36 [00:02<00:00, 18.24it/s]Capturing batches (bs=64 avail_mem=26.78 GB):  64%|██████▍   | 23/36 [00:02<00:00, 20.24it/s]Capturing batches (bs=40 avail_mem=26.76 GB):  72%|███████▏  | 26/36 [00:02<00:00, 21.69it/s]Capturing batches (bs=40 avail_mem=26.76 GB):  72%|███████▏  | 26/36 [00:01<00:00, 21.85it/s]Capturing batches (bs=80 avail_mem=26.79 GB):  58%|█████▊    | 21/36 [00:02<00:00, 18.24it/s]Capturing batches (bs=56 avail_mem=26.77 GB):  64%|██████▍   | 23/36 [00:02<00:00, 20.24it/s]Capturing batches (bs=32 avail_mem=26.76 GB):  72%|███████▏  | 26/36 [00:02<00:00, 21.69it/s]Capturing batches (bs=32 avail_mem=26.76 GB):  72%|███████▏  | 26/36 [00:02<00:00, 21.85it/s]Capturing batches (bs=72 avail_mem=26.78 GB):  58%|█████▊    | 21/36 [00:02<00:00, 18.24it/s]Capturing batches (bs=56 avail_mem=26.77 GB):  72%|███████▏  | 26/36 [00:02<00:00, 22.09it/s]Capturing batches (bs=48 avail_mem=26.77 GB):  72%|███████▏  | 26/36 [00:02<00:00, 22.09it/s]Capturing batches (bs=32 avail_mem=26.76 GB):  81%|████████  | 29/36 [00:02<00:00, 23.22it/s]Capturing batches (bs=24 avail_mem=26.75 GB):  81%|████████  | 29/36 [00:02<00:00, 23.22it/s]Capturing batches (bs=32 avail_mem=26.76 GB):  81%|████████  | 29/36 [00:02<00:00, 23.29it/s]Capturing batches (bs=24 avail_mem=26.75 GB):  81%|████████  | 29/36 [00:02<00:00, 23.29it/s]Capturing batches (bs=72 avail_mem=26.78 GB):  67%|██████▋   | 24/36 [00:02<00:00, 20.44it/s]Capturing batches (bs=64 avail_mem=26.78 GB):  67%|██████▋   | 24/36 [00:02<00:00, 20.44it/s]Capturing batches (bs=40 avail_mem=26.76 GB):  72%|███████▏  | 26/36 [00:02<00:00, 22.09it/s]Capturing batches (bs=16 avail_mem=26.75 GB):  81%|████████  | 29/36 [00:02<00:00, 23.22it/s]Capturing batches (bs=16 avail_mem=26.75 GB):  81%|████████  | 29/36 [00:02<00:00, 23.29it/s]Capturing batches (bs=56 avail_mem=26.77 GB):  67%|██████▋   | 24/36 [00:02<00:00, 20.44it/s]Capturing batches (bs=32 avail_mem=26.76 GB):  72%|███████▏  | 26/36 [00:02<00:00, 22.09it/s]Capturing batches (bs=48 avail_mem=26.77 GB):  67%|██████▋   | 24/36 [00:02<00:00, 20.44it/s]Capturing batches (bs=32 avail_mem=26.76 GB):  81%|████████  | 29/36 [00:02<00:00, 23.61it/s]Capturing batches (bs=24 avail_mem=26.75 GB):  81%|████████  | 29/36 [00:02<00:00, 23.61it/s]Capturing batches (bs=48 avail_mem=26.77 GB):  75%|███████▌  | 27/36 [00:02<00:00, 22.08it/s]Capturing batches (bs=40 avail_mem=26.76 GB):  75%|███████▌  | 27/36 [00:02<00:00, 22.08it/s]Capturing batches (bs=16 avail_mem=26.75 GB):  81%|████████  | 29/36 [00:02<00:00, 23.61it/s]Capturing batches (bs=12 avail_mem=26.74 GB):  81%|████████  | 29/36 [00:02<00:00, 23.29it/s]Capturing batches (bs=12 avail_mem=26.74 GB):  81%|████████  | 29/36 [00:02<00:00, 23.22it/s]Capturing batches (bs=12 avail_mem=26.74 GB):  89%|████████▉ | 32/36 [00:02<00:00, 21.91it/s]Capturing batches (bs=8 avail_mem=26.74 GB):  89%|████████▉ | 32/36 [00:02<00:00, 21.91it/s] Capturing batches (bs=12 avail_mem=26.74 GB):  89%|████████▉ | 32/36 [00:02<00:00, 21.62it/s]Capturing batches (bs=8 avail_mem=26.74 GB):  89%|████████▉ | 32/36 [00:02<00:00, 21.62it/s] Capturing batches (bs=32 avail_mem=26.76 GB):  75%|███████▌  | 27/36 [00:02<00:00, 22.08it/s]Capturing batches (bs=4 avail_mem=26.73 GB):  89%|████████▉ | 32/36 [00:02<00:00, 21.91it/s]Capturing batches (bs=4 avail_mem=26.73 GB):  89%|████████▉ | 32/36 [00:02<00:00, 21.62it/s]Capturing batches (bs=24 avail_mem=26.75 GB):  75%|███████▌  | 27/36 [00:02<00:00, 22.08it/s]Capturing batches (bs=12 avail_mem=26.74 GB):  81%|████████  | 29/36 [00:02<00:00, 23.61it/s]Capturing batches (bs=2 avail_mem=26.73 GB):  89%|████████▉ | 32/36 [00:02<00:00, 21.91it/s]Capturing batches (bs=2 avail_mem=26.73 GB):  89%|████████▉ | 32/36 [00:02<00:00, 21.62it/s]Capturing batches (bs=12 avail_mem=26.74 GB):  89%|████████▉ | 32/36 [00:02<00:00, 23.32it/s]Capturing batches (bs=8 avail_mem=26.74 GB):  89%|████████▉ | 32/36 [00:02<00:00, 23.32it/s] Capturing batches (bs=24 avail_mem=26.75 GB):  83%|████████▎ | 30/36 [00:02<00:00, 23.54it/s]Capturing batches (bs=16 avail_mem=26.75 GB):  83%|████████▎ | 30/36 [00:02<00:00, 23.54it/s]Capturing batches (bs=1 avail_mem=26.72 GB):  89%|████████▉ | 32/36 [00:02<00:00, 21.91it/s]Capturing batches (bs=1 avail_mem=26.72 GB):  89%|████████▉ | 32/36 [00:02<00:00, 21.62it/s]Capturing batches (bs=4 avail_mem=26.73 GB):  89%|████████▉ | 32/36 [00:02<00:00, 23.32it/s]Capturing batches (bs=1 avail_mem=26.72 GB): 100%|██████████| 36/36 [00:02<00:00, 25.32it/s]Capturing batches (bs=1 avail_mem=26.72 GB): 100%|██████████| 36/36 [00:02<00:00, 15.50it/s]
Capturing batches (bs=1 avail_mem=26.72 GB): 100%|██████████| 36/36 [00:02<00:00, 25.14it/s]Capturing batches (bs=1 avail_mem=26.72 GB): 100%|██████████| 36/36 [00:02<00:00, 14.90it/s]
Capturing batches (bs=2 avail_mem=26.73 GB):  89%|████████▉ | 32/36 [00:02<00:00, 23.32it/s]Capturing batches (bs=12 avail_mem=26.74 GB):  83%|████████▎ | 30/36 [00:02<00:00, 23.54it/s]Capturing batches (bs=1 avail_mem=26.72 GB):  89%|████████▉ | 32/36 [00:02<00:00, 23.32it/s]Capturing batches (bs=8 avail_mem=26.74 GB):  83%|████████▎ | 30/36 [00:02<00:00, 23.54it/s] Capturing batches (bs=1 avail_mem=26.72 GB): 100%|██████████| 36/36 [00:02<00:00, 26.44it/s]Capturing batches (bs=1 avail_mem=26.72 GB): 100%|██████████| 36/36 [00:02<00:00, 14.54it/s]
Capturing batches (bs=8 avail_mem=26.74 GB):  92%|█████████▏| 33/36 [00:02<00:00, 22.78it/s]Capturing batches (bs=4 avail_mem=26.73 GB):  92%|█████████▏| 33/36 [00:02<00:00, 22.78it/s]Capturing batches (bs=2 avail_mem=26.73 GB):  92%|█████████▏| 33/36 [00:02<00:00, 22.78it/s]Capturing batches (bs=1 avail_mem=26.72 GB):  92%|█████████▏| 33/36 [00:02<00:00, 22.78it/s]Capturing batches (bs=1 avail_mem=26.72 GB): 100%|██████████| 36/36 [00:02<00:00, 17.42it/s]Capturing batches (bs=1 avail_mem=26.72 GB): 100%|██████████| 36/36 [00:02<00:00, 12.37it/s]
Disable piecewise CUDA graph because the capture size is not set
Disable piecewise CUDA graph because the capture size is not set
Disable piecewise CUDA graph because the capture size is not set
Failed to get yes/no token IDs dynamically: 'NoneType' object has no attribute 'encode'
Using fallback token IDs for yes/no (9693/2152)
Failed to get yes/no token IDs dynamically: 'NoneType' object has no attribute 'encode'
Using fallback token IDs for yes/no (9693/2152)
Failed to get yes/no token IDs dynamically: 'NoneType' object has no attribute 'encode'
Using fallback token IDs for yes/no (9693/2152)
Disable piecewise CUDA graph because the capture size is not set
Failed to get yes/no token IDs dynamically: 'NoneType' object has no attribute 'encode'
Using fallback token IDs for yes/no (9693/2152)
[92m[1;38;2;180;140;80m(AReaL)[0m [92m20261003-00:12:21.456 InferenceTargets INFO: sglang metrics targets written to /storage/openpsi/users/fenghui/projects/AReaL/research/muon/evidence/baseline-aligned-3epoch-20261003/muon/results/logs/root/gsm8k-grpo-megatron-muon-baseline3/trial0/sglang_targets.json (4 groups, role=rollout, source=separation)
[96m[1;38;2;180;140;80m(AReaL)[0m [96m20261003-00:12:21.461 [RemoteInfEngine Rank 0] INFO: Get server addresses from the local subprocess.
[96m[1;38;2;180;140;80m(AReaL)[0m [96m20261003-00:12:21.461 [RemoteInfEngine Rank 1] INFO: Get server addresses from the local subprocess.
[96m[1;38;2;180;140;80m(AReaL)[0m [96m20261003-00:12:21.461 [RemoteInfEngine Rank 3] INFO: Get server addresses from the local subprocess.
[96m[1;38;2;180;140;80m(AReaL)[0m [96m20261003-00:12:21.461 [RemoteInfEngine Rank 2] INFO: Get server addresses from the local subprocess.
[96m[1;38;2;180;140;80m(AReaL)[0m [96m20261003-00:12:21.461 [RemoteInfEngine Rank 1] INFO: Waiting for server ready...
[96m[1;38;2;180;140;80m(AReaL)[0m [96m20261003-00:12:21.461 [RemoteInfEngine Rank 0] INFO: Waiting for server ready...
[96m[1;38;2;180;140;80m(AReaL)[0m [96m20261003-00:12:21.461 [RemoteInfEngine Rank 3] INFO: Waiting for server ready...
[96m[1;38;2;180;140;80m(AReaL)[0m [96m20261003-00:12:21.461 [RemoteInfEngine Rank 2] INFO: Waiting for server ready...
[96m[1;38;2;180;140;80m(AReaL)[0m [96m20261003-00:12:22.463 [RemoteInfEngine Rank 2] INFO: Servers are all ready!
[96m[1;38;2;180;140;80m(AReaL)[0m [96m20261003-00:12:22.464 [RemoteInfEngine Rank 0] INFO: Servers are all ready!
[96m[1;38;2;180;140;80m(AReaL)[0m [96m20261003-00:12:22.464 [RemoteInfEngine Rank 3] INFO: Servers are all ready!
[96m[1;38;2;180;140;80m(AReaL)[0m [96m20261003-00:12:22.464 [RemoteInfEngine Rank 1] INFO: Servers are all ready!
[37m[1;38;2;180;140;80m(AReaL)[0m [37m20261003-00:12:22.466 RolloutController INFO: All engines are initialized...
[37m[1;38;2;180;140;80m(AReaL)[0m [37m20261003-00:12:22.476 RolloutController INFO: Callback server started on 33.180.166.157:19480
[37m[1;38;2;180;140;80m(AReaL)[0m [37m20261003-00:12:22.493 RolloutController INFO: Creating workers via scheduler...
[34m[1;38;2;180;140;80m(AReaL)[0m [34m20261003-00:12:22.493 LocalScheduler INFO: Creating 4 workers for role 'eval-rollout' (strategy: SchedulingStrategyType.colocation, colocate_with: rollout)
[37m[1;38;2;180;140;80m(AReaL)[0m [37m20261003-00:12:22.497 Guard INFO: Forking new worker process for role 'eval-rollout' index 1
[37m[1;38;2;180;140;80m(AReaL)[0m [37m20261003-00:12:22.497 Guard INFO: Forking new worker process for role 'eval-rollout' index 2
[37m[1;38;2;180;140;80m(AReaL)[0m [37m20261003-00:12:22.497 Guard INFO: Forking new worker process for role 'eval-rollout' index 0
[37m[1;38;2;180;140;80m(AReaL)[0m [37m20261003-00:12:22.497 Guard INFO: Forking new worker process for role 'eval-rollout' index 3
[37m[1;38;2;180;140;80m(AReaL)[0m [37m20261003-00:12:22.498 Guard INFO: Forked worker logs will be written to: /storage/openpsi/users/fenghui/projects/AReaL/research/muon/evidence/baseline-aligned-3epoch-20261003/muon/results/logs/root/gsm8k-grpo-megatron-muon-baseline3/trial0/eval-rollout.log
[37m[1;38;2;180;140;80m(AReaL)[0m [37m20261003-00:12:22.498 Guard INFO: Forked worker logs will be written to: /storage/openpsi/users/fenghui/projects/AReaL/research/muon/evidence/baseline-aligned-3epoch-20261003/muon/results/logs/root/gsm8k-grpo-megatron-muon-baseline3/trial0/eval-rollout.log
[37m[1;38;2;180;140;80m(AReaL)[0m [37m20261003-00:12:22.498 Guard INFO: Forked worker logs will be written to: /storage/openpsi/users/fenghui/projects/AReaL/research/muon/evidence/baseline-aligned-3epoch-20261003/muon/results/logs/root/gsm8k-grpo-megatron-muon-baseline3/trial0/eval-rollout.log
[37m[1;38;2;180;140;80m(AReaL)[0m [37m20261003-00:12:22.499 Guard INFO: Forked worker logs will be written to: /storage/openpsi/users/fenghui/projects/AReaL/research/muon/evidence/baseline-aligned-3epoch-20261003/muon/results/logs/root/gsm8k-grpo-megatron-muon-baseline3/trial0/eval-rollout.log
[37m[1;38;2;180;140;80m(AReaL)[0m [37m20261003-00:12:22.499 Guard INFO: Forked worker for role 'eval-rollout' index 2 spawned (pid=65553)
[37m[1;38;2;180;140;80m(AReaL)[0m [37m20261003-00:12:22.499 Guard INFO: Forked worker for role 'eval-rollout' index 1 spawned (pid=65554)
[37m[1;38;2;180;140;80m(AReaL)[0m [37m20261003-00:12:22.499 Guard INFO: Forked worker for role 'eval-rollout' index 0 spawned (pid=65555)
[37m[1;38;2;180;140;80m(AReaL)[0m [37m20261003-00:12:22.500 Guard INFO: Forked worker for role 'eval-rollout' index 3 spawned (pid=65556)
[37m[1;38;2;180;140;80m(AReaL)[0m [37m20261003-00:12:31.097 SyncRPCServer INFO: Werkzeug log level: WARNING
[37m[1;38;2;180;140;80m(AReaL)[0m [37m20261003-00:12:31.098 Guard INFO: Starting Guard on 33.180.166.157:16637 for worker eval-rollout/0
[37m[1;38;2;180;140;80m(AReaL)[0m [37m20261003-00:12:31.164 SyncRPCServer INFO: Werkzeug log level: WARNING
[37m[1;38;2;180;140;80m(AReaL)[0m [37m20261003-00:12:31.165 Guard INFO: Starting Guard on 33.180.166.157:13042 for worker eval-rollout/0
[37m[1;38;2;180;140;80m(AReaL)[0m [37m20261003-00:12:31.166 SyncRPCServer INFO: Werkzeug log level: WARNING
[37m[1;38;2;180;140;80m(AReaL)[0m [37m20261003-00:12:31.167 Guard INFO: Starting Guard on 33.180.166.157:10265 for worker eval-rollout/0
[37m[1;38;2;180;140;80m(AReaL)[0m [37m20261003-00:12:31.177 SyncRPCServer INFO: Werkzeug log level: WARNING
[37m[1;38;2;180;140;80m(AReaL)[0m [37m20261003-00:12:31.178 Guard INFO: Starting Guard on 33.180.166.157:24517 for worker eval-rollout/0
[34m[1;38;2;180;140;80m(AReaL)[0m [34m20261003-00:12:31.519 LocalScheduler INFO: Forked worker eval-rollout/3 created at 33.180.166.157:16637 (pid=65556) from rollout/3
[34m[1;38;2;180;140;80m(AReaL)[0m [34m20261003-00:12:31.520 LocalScheduler INFO: Forked worker eval-rollout/2 created at 33.180.166.157:24517 (pid=65553) from rollout/2
[34m[1;38;2;180;140;80m(AReaL)[0m [34m20261003-00:12:31.520 LocalScheduler INFO: Forked worker eval-rollout/1 created at 33.180.166.157:13042 (pid=65554) from rollout/1
[34m[1;38;2;180;140;80m(AReaL)[0m [34m20261003-00:12:31.521 LocalScheduler INFO: Forked worker eval-rollout/0 created at 33.180.166.157:10265 (pid=65555) from rollout/0
[34m[1;38;2;180;140;80m(AReaL)[0m [34m20261003-00:12:31.521 LocalScheduler INFO: Role 'eval-rollout' forked from 'rollout': created 4 new worker processes
[37m[1;38;2;180;140;80m(AReaL)[0m [37m20261003-00:12:31.527 EngineBP INFO: Engine thread started
[37m[1;38;2;180;140;80m(AReaL)[0m [37m20261003-00:12:31.528 EngineBP INFO: Engine thread initialized
[96m[1;38;2;180;140;80m(AReaL)[0m [96m20261003-00:12:32.390 PlatformInit INFO: Detected CUDA device: NVIDIA L20X
[96m[1;38;2;180;140;80m(AReaL)[0m [96m20261003-00:12:32.390 PlatformInit INFO: Initializing CUDA platform (NVIDIA).
[34m[1;38;2;180;140;80m(AReaL)[0m [34m20261003-00:12:32.391 LocalScheduler INFO: Configuration successfully on worker 'eval-rollout/0'
[37m[1;38;2;180;140;80m(AReaL)[0m [37m20261003-00:12:32.398 EngineBP INFO: Engine thread started
[37m[1;38;2;180;140;80m(AReaL)[0m [37m20261003-00:12:32.398 EngineBP INFO: Engine thread initialized
[96m[1;38;2;180;140;80m(AReaL)[0m [96m20261003-00:12:33.260 PlatformInit INFO: Detected CUDA device: NVIDIA L20X
[96m[1;38;2;180;140;80m(AReaL)[0m [96m20261003-00:12:33.261 PlatformInit INFO: Initializing CUDA platform (NVIDIA).
[34m[1;38;2;180;140;80m(AReaL)[0m [34m20261003-00:12:33.262 LocalScheduler INFO: Configuration successfully on worker 'eval-rollout/1'
[37m[1;38;2;180;140;80m(AReaL)[0m [37m20261003-00:12:33.269 EngineBP INFO: Engine thread started
[37m[1;38;2;180;140;80m(AReaL)[0m [37m20261003-00:12:33.269 EngineBP INFO: Engine thread initialized
[96m[1;38;2;180;140;80m(AReaL)[0m [96m20261003-00:12:34.133 PlatformInit INFO: Detected CUDA device: NVIDIA L20X
[96m[1;38;2;180;140;80m(AReaL)[0m [96m20261003-00:12:34.133 PlatformInit INFO: Initializing CUDA platform (NVIDIA).
[34m[1;38;2;180;140;80m(AReaL)[0m [34m20261003-00:12:34.135 LocalScheduler INFO: Configuration successfully on worker 'eval-rollout/2'
[37m[1;38;2;180;140;80m(AReaL)[0m [37m20261003-00:12:34.141 EngineBP INFO: Engine thread started
[37m[1;38;2;180;140;80m(AReaL)[0m [37m20261003-00:12:34.142 EngineBP INFO: Engine thread initialized
[96m[1;38;2;180;140;80m(AReaL)[0m [96m20261003-00:12:34.966 PlatformInit INFO: Detected CUDA device: NVIDIA L20X
[96m[1;38;2;180;140;80m(AReaL)[0m [96m20261003-00:12:34.966 PlatformInit INFO: Initializing CUDA platform (NVIDIA).
[34m[1;38;2;180;140;80m(AReaL)[0m [34m20261003-00:12:34.967 LocalScheduler INFO: Configuration successfully on worker 'eval-rollout/3'
[34m[1;38;2;180;140;80m(AReaL)[0m [34m20261003-00:12:34.968 LocalScheduler INFO: Role 'eval-rollout' colocated with 'rollout': reusing workers ['eval-rollout/0', 'eval-rollout/1', 'eval-rollout/2', 'eval-rollout/3']
[37m[1;38;2;180;140;80m(AReaL)[0m [37m20261003-00:12:34.968 RolloutController INFO: Workers created: ['eval-rollout/0', 'eval-rollout/1', 'eval-rollout/2', 'eval-rollout/3']
[37m[1;38;2;180;140;80m(AReaL)[0m [37m20261003-00:12:34.968 RolloutController INFO: Waiting for workers to be ready...
[34m[1;38;2;180;140;80m(AReaL)[0m [34m20261003-00:12:34.975 LocalScheduler INFO: All 4 workers for role 'eval-rollout' are ready
[37m[1;38;2;180;140;80m(AReaL)[0m [37m20261003-00:12:34.976 RolloutController INFO: Workers ready: ['eval-rollout/0', 'eval-rollout/1', 'eval-rollout/2', 'eval-rollout/3']
[37m[1;38;2;180;140;80m(AReaL)[0m [37m20261003-00:12:34.976 RolloutController INFO: Creating engines...
[37m[1;38;2;180;140;80m(AReaL)[0m [37m20261003-00:12:34.986 EngineBP INFO: Engine 'eval-rollout/3' (class: areal.engine.sglang_remote.RemoteSGLangEngine) instantiated successfully
[37m[1;38;2;180;140;80m(AReaL)[0m [37m20261003-00:12:34.986 EngineBP INFO: Engine 'eval-rollout/2' (class: areal.engine.sglang_remote.RemoteSGLangEngine) instantiated successfully
[37m[1;38;2;180;140;80m(AReaL)[0m [37m20261003-00:12:34.986 EngineBP INFO: Engine 'eval-rollout/0' (class: areal.engine.sglang_remote.RemoteSGLangEngine) instantiated successfully
[37m[1;38;2;180;140;80m(AReaL)[0m [37m20261003-00:12:34.986 EngineBP INFO: Engine 'eval-rollout/1' (class: areal.engine.sglang_remote.RemoteSGLangEngine) instantiated successfully
[37m[1;38;2;180;140;80m(AReaL)[0m [37m20261003-00:12:34.987 RolloutController INFO: Engine created on all workers!
[37m[1;38;2;180;140;80m(AReaL)[0m [37m20261003-00:12:34.987 RolloutController INFO: Calling engine initialization...
[96m[1;38;2;180;140;80m(AReaL)[0m [96m20261003-00:12:34.991 [RemoteInfEngine Rank 1] INFO: Get server addresses from the `addr` argument.
[96m[1;38;2;180;140;80m(AReaL)[0m [96m20261003-00:12:34.991 [RemoteInfEngine Rank 3] INFO: Get server addresses from the `addr` argument.
[96m[1;38;2;180;140;80m(AReaL)[0m [96m20261003-00:12:34.991 [RemoteInfEngine Rank 2] INFO: Get server addresses from the `addr` argument.
[96m[1;38;2;180;140;80m(AReaL)[0m [96m20261003-00:12:34.991 [RemoteInfEngine Rank 3] INFO: Waiting for server ready...
[96m[1;38;2;180;140;80m(AReaL)[0m [96m20261003-00:12:34.991 [RemoteInfEngine Rank 1] INFO: Waiting for server ready...
[96m[1;38;2;180;140;80m(AReaL)[0m [96m20261003-00:12:34.991 [RemoteInfEngine Rank 2] INFO: Waiting for server ready...
[96m[1;38;2;180;140;80m(AReaL)[0m [96m20261003-00:12:34.991 [RemoteInfEngine Rank 0] INFO: Get server addresses from the `addr` argument.
[96m[1;38;2;180;140;80m(AReaL)[0m [96m20261003-00:12:34.991 [RemoteInfEngine Rank 0] INFO: Waiting for server ready...
[96m[1;38;2;180;140;80m(AReaL)[0m [96m20261003-00:12:35.993 [RemoteInfEngine Rank 2] INFO: Servers are all ready!
[96m[1;38;2;180;140;80m(AReaL)[0m [96m20261003-00:12:35.994 [RemoteInfEngine Rank 1] INFO: Servers are all ready!
[96m[1;38;2;180;140;80m(AReaL)[0m [96m20261003-00:12:35.994 [RemoteInfEngine Rank 3] INFO: Servers are all ready!
[96m[1;38;2;180;140;80m(AReaL)[0m [96m20261003-00:12:35.995 [RemoteInfEngine Rank 0] INFO: Servers are all ready!
[37m[1;38;2;180;140;80m(AReaL)[0m [37m20261003-00:12:35.996 RolloutController INFO: All engines are initialized...
[37m[1;38;2;180;140;80m(AReaL)[0m [37m20261003-00:12:36.001 RolloutController INFO: Callback server started on 33.180.166.157:15139
[96m[1;38;2;180;140;80m(AReaL)[0m [96m20261003-00:12:36.008 [MegatronEngine Rank 0] INFO: Initializing weight update group: type=xccl init_method=tcp://33.180.166.157:12903 group=update_weight_group_0
[96m[1;38;2;180;140;80m(AReaL)[0m [96m20261003-00:12:36.034 [RemoteInfEngine Rank 3] INFO: Initializing weight update group: group=update_weight_group_0, addresses=['33.180.166.157:10231']
[96m[1;38;2;180;140;80m(AReaL)[0m [96m20261003-00:12:36.034 [RemoteInfEngine Rank 1] INFO: Initializing weight update group: group=update_weight_group_0, addresses=['33.180.166.157:25199']
[96m[1;38;2;180;140;80m(AReaL)[0m [96m20261003-00:12:36.034 [RemoteInfEngine Rank 0] INFO: Initializing weight update group: group=update_weight_group_0, addresses=['33.180.166.157:20088']
[96m[1;38;2;180;140;80m(AReaL)[0m [96m20261003-00:12:36.034 [RemoteInfEngine Rank 2] INFO: Initializing weight update group: group=update_weight_group_0, addresses=['33.180.166.157:14294']
[96m[1;38;2;180;140;80m(AReaL)[0m [96m20261003-00:12:36.039 [RemoteInfEngine Rank 3] INFO: Initialized NCCL group for distributed weight update for update_weight_group_0.
[96m[1;38;2;180;140;80m(AReaL)[0m [96m20261003-00:12:36.039 [RemoteInfEngine Rank 2] INFO: Initialized NCCL group for distributed weight update for update_weight_group_0.
[96m[1;38;2;180;140;80m(AReaL)[0m [96m20261003-00:12:36.039 [RemoteInfEngine Rank 1] INFO: Initialized NCCL group for distributed weight update for update_weight_group_0.
[96m[1;38;2;180;140;80m(AReaL)[0m [96m20261003-00:12:36.040 [RemoteInfEngine Rank 0] INFO: Initialized NCCL group for distributed weight update for update_weight_group_0.
swanlab: SwanLab run disabled, the data will not be saved or uploaded.
[92m[1;38;2;180;140;80m(AReaL)[0m [92m20261003-00:12:36.252 PerfTracer INFO: Configured global PerfTracer: enabled=False, session_tracing=False, rank=0, role=master
[92m[1;38;2;180;140;80m(AReaL)[0m [92m20261003-00:12:36.256 PerfTracer INFO: Configured global PerfTracer: enabled=False, session_tracing=False, rank=3, role=actor
[92m[1;38;2;180;140;80m(AReaL)[0m [92m20261003-00:12:36.256 PerfTracer INFO: Configured global PerfTracer: enabled=False, session_tracing=False, rank=0, role=actor
[92m[1;38;2;180;140;80m(AReaL)[0m [92m20261003-00:12:36.256 PerfTracer INFO: Configured global PerfTracer: enabled=False, session_tracing=False, rank=1, role=actor
[92m[1;38;2;180;140;80m(AReaL)[0m [92m20261003-00:12:36.259 PerfTracer INFO: Configured global PerfTracer: enabled=False, session_tracing=False, rank=2, role=actor
[92m[1;38;2;180;140;80m(AReaL)[0m [92m20261003-00:12:36.261 PerfTracer INFO: Configured global PerfTracer: enabled=False, session_tracing=False, rank=0, role=rollout
[92m[1;38;2;180;140;80m(AReaL)[0m [92m20261003-00:12:36.261 PerfTracer INFO: Configured global PerfTracer: enabled=False, session_tracing=False, rank=3, role=rollout
[92m[1;38;2;180;140;80m(AReaL)[0m [92m20261003-00:12:36.261 PerfTracer INFO: Configured global PerfTracer: enabled=False, session_tracing=False, rank=1, role=rollout
[92m[1;38;2;180;140;80m(AReaL)[0m [92m20261003-00:12:36.261 PerfTracer INFO: Configured global PerfTracer: enabled=False, session_tracing=False, rank=2, role=rollout
[92m[1;38;2;180;140;80m(AReaL)[0m [92m20261003-00:12:36.264 PerfTracer INFO: Configured global PerfTracer: enabled=False, session_tracing=False, rank=1, role=eval-rollout
[92m[1;38;2;180;140;80m(AReaL)[0m [92m20261003-00:12:36.264 PerfTracer INFO: Configured global PerfTracer: enabled=False, session_tracing=False, rank=2, role=eval-rollout
[92m[1;38;2;180;140;80m(AReaL)[0m [92m20261003-00:12:36.264 PerfTracer INFO: Configured global PerfTracer: enabled=False, session_tracing=False, rank=0, role=eval-rollout
[92m[1;38;2;180;140;80m(AReaL)[0m [92m20261003-00:12:36.264 PerfTracer INFO: Configured global PerfTracer: enabled=False, session_tracing=False, rank=3, role=eval-rollout
[92m[1;38;2;180;140;80m(AReaL)[0m [92m20261003-00:12:37.181 RLTrainer INFO: Initializing proxy workers for AgentWorkflow support
[37m[1;38;2;180;140;80m(AReaL)[0m [37m20261003-00:12:37.185 Guard INFO: Forking new worker process for role 'proxy-rollout' index 2
[37m[1;38;2;180;140;80m(AReaL)[0m [37m20261003-00:12:37.185 Guard INFO: Forking new worker process for role 'proxy-rollout' index 0
[37m[1;38;2;180;140;80m(AReaL)[0m [37m20261003-00:12:37.185 Guard INFO: Forking new worker process for role 'proxy-rollout' index 3
[37m[1;38;2;180;140;80m(AReaL)[0m [37m20261003-00:12:37.185 Guard INFO: Forking new worker process for role 'proxy-rollout' index 1
[37m[1;38;2;180;140;80m(AReaL)[0m [37m20261003-00:12:37.186 Guard INFO: Forked worker logs will be written to: /storage/openpsi/users/fenghui/projects/AReaL/research/muon/evidence/baseline-aligned-3epoch-20261003/muon/results/logs/root/gsm8k-grpo-megatron-muon-baseline3/trial0/proxy-rollout.log
[37m[1;38;2;180;140;80m(AReaL)[0m [37m20261003-00:12:37.186 Guard INFO: Forked worker logs will be written to: /storage/openpsi/users/fenghui/projects/AReaL/research/muon/evidence/baseline-aligned-3epoch-20261003/muon/results/logs/root/gsm8k-grpo-megatron-muon-baseline3/trial0/proxy-rollout.log
[37m[1;38;2;180;140;80m(AReaL)[0m [37m20261003-00:12:37.187 Guard INFO: Forked worker logs will be written to: /storage/openpsi/users/fenghui/projects/AReaL/research/muon/evidence/baseline-aligned-3epoch-20261003/muon/results/logs/root/gsm8k-grpo-megatron-muon-baseline3/trial0/proxy-rollout.log
[37m[1;38;2;180;140;80m(AReaL)[0m [37m20261003-00:12:37.187 Guard INFO: Forked worker logs will be written to: /storage/openpsi/users/fenghui/projects/AReaL/research/muon/evidence/baseline-aligned-3epoch-20261003/muon/results/logs/root/gsm8k-grpo-megatron-muon-baseline3/trial0/proxy-rollout.log
[37m[1;38;2;180;140;80m(AReaL)[0m [37m20261003-00:12:37.187 Guard INFO: Forked worker for role 'proxy-rollout' index 2 spawned (pid=65795)
[37m[1;38;2;180;140;80m(AReaL)[0m [37m20261003-00:12:37.188 Guard INFO: Forked worker for role 'proxy-rollout' index 0 spawned (pid=65796)
[37m[1;38;2;180;140;80m(AReaL)[0m [37m20261003-00:12:37.188 Guard INFO: Forked worker for role 'proxy-rollout' index 3 spawned (pid=65797)
[37m[1;38;2;180;140;80m(AReaL)[0m [37m20261003-00:12:37.188 Guard INFO: Forked worker for role 'proxy-rollout' index 1 spawned (pid=65798)
[92m00:12:44 - LiteLLM:WARNING[0m: get_model_cost_map.py:271 - LiteLLM: Failed to fetch remote model cost map from https://raw.githubusercontent.com/BerriAI/litellm/main/model_prices_and_context_window.json: [Errno 104] Connection reset by peer. Falling back to local backup.
[92m00:12:45 - LiteLLM:WARNING[0m: get_model_cost_map.py:271 - LiteLLM: Failed to fetch remote model cost map from https://raw.githubusercontent.com/BerriAI/litellm/main/model_prices_and_context_window.json: [Errno 104] Connection reset by peer. Falling back to local backup.
[92m00:12:46 - LiteLLM:WARNING[0m: get_model_cost_map.py:271 - LiteLLM: Failed to fetch remote model cost map from https://raw.githubusercontent.com/BerriAI/litellm/main/model_prices_and_context_window.json: [Errno 104] Connection reset by peer. Falling back to local backup.
[37m[1;38;2;180;140;80m(AReaL)[0m [37m20261003-00:12:46.529 ProxyRolloutServer INFO: Starting proxy rollout server on 33.180.166.157:21610 for worker proxy-rollout/2
[37m[1;38;2;180;140;80m(AReaL)[0m [37m20261003-00:12:46.530 ProxyRolloutServer INFO: Starting proxy rollout server on 33.180.166.157:27954 for worker proxy-rollout/3
[34m[1;38;2;180;140;80m(AReaL)[0m [34m20261003-00:12:46.719 LocalScheduler INFO: Forked worker proxy-rollout/2 created at 33.180.166.157:21610 (pid=65795) from rollout/2
[34m[1;38;2;180;140;80m(AReaL)[0m [34m20261003-00:12:46.719 LocalScheduler INFO: Forked worker proxy-rollout/3 created at 33.180.166.157:27954 (pid=65797) from rollout/3
[37m[1;38;2;180;140;80m(AReaL)[0m [37m20261003-00:12:47.460 ProxyRolloutServer INFO: Starting proxy rollout server on 33.180.166.157:14719 for worker proxy-rollout/1
[34m[1;38;2;180;140;80m(AReaL)[0m [34m20261003-00:12:47.718 LocalScheduler INFO: Forked worker proxy-rollout/1 created at 33.180.166.157:14719 (pid=65798) from rollout/1
[37m[1;38;2;180;140;80m(AReaL)[0m [37m20261003-00:12:50.128 ProxyRolloutServer INFO: Starting proxy rollout server on 33.180.166.157:17666 for worker proxy-rollout/0
[34m[1;38;2;180;140;80m(AReaL)[0m [34m20261003-00:12:50.221 LocalScheduler INFO: Forked worker proxy-rollout/0 created at 33.180.166.157:17666 (pid=65796) from rollout/0
[34m[1;38;2;180;140;80m(AReaL)[0m [34m20261003-00:12:50.222 LocalScheduler INFO: Role 'proxy-rollout' forked from 'rollout': created 4 new worker processes
[96m[1;38;2;180;140;80m(AReaL)[0m [96m20261003-00:12:50.924 PlatformInit INFO: Detected CUDA device: NVIDIA L20X
[96m[1;38;2;180;140;80m(AReaL)[0m [96m20261003-00:12:50.924 PlatformInit INFO: Initializing CUDA platform (NVIDIA).
[34m[1;38;2;180;140;80m(AReaL)[0m [34m20261003-00:12:50.925 LocalScheduler INFO: Configuration successfully on worker 'proxy-rollout/0'
[96m[1;38;2;180;140;80m(AReaL)[0m [96m20261003-00:12:51.617 PlatformInit INFO: Detected CUDA device: NVIDIA L20X
[96m[1;38;2;180;140;80m(AReaL)[0m [96m20261003-00:12:51.617 PlatformInit INFO: Initializing CUDA platform (NVIDIA).
[34m[1;38;2;180;140;80m(AReaL)[0m [34m20261003-00:12:51.619 LocalScheduler INFO: Configuration successfully on worker 'proxy-rollout/1'
[96m[1;38;2;180;140;80m(AReaL)[0m [96m20261003-00:12:52.331 PlatformInit INFO: Detected CUDA device: NVIDIA L20X
[96m[1;38;2;180;140;80m(AReaL)[0m [96m20261003-00:12:52.332 PlatformInit INFO: Initializing CUDA platform (NVIDIA).
[34m[1;38;2;180;140;80m(AReaL)[0m [34m20261003-00:12:52.333 LocalScheduler INFO: Configuration successfully on worker 'proxy-rollout/2'
[96m[1;38;2;180;140;80m(AReaL)[0m [96m20261003-00:12:53.044 PlatformInit INFO: Detected CUDA device: NVIDIA L20X
[96m[1;38;2;180;140;80m(AReaL)[0m [96m20261003-00:12:53.045 PlatformInit INFO: Initializing CUDA platform (NVIDIA).
[34m[1;38;2;180;140;80m(AReaL)[0m [34m20261003-00:12:53.045 LocalScheduler INFO: Configuration successfully on worker 'proxy-rollout/3'
[37m[1;38;2;180;140;80m(AReaL)[0m [37m20261003-00:12:53.046 RolloutController INFO: Proxy workers forked: ['proxy-rollout/0', 'proxy-rollout/1', 'proxy-rollout/2', 'proxy-rollout/3']
[34m[1;38;2;180;140;80m(AReaL)[0m [34m20261003-00:12:53.053 LocalScheduler INFO: All 4 workers for role 'proxy-rollout' are ready
[37m[1;38;2;180;140;80m(AReaL)[0m [37m20261003-00:12:53.054 RolloutController INFO: Proxy workers: ['proxy-rollout/0', 'proxy-rollout/1', 'proxy-rollout/2', 'proxy-rollout/3']
[37m[1;38;2;180;140;80m(AReaL)[0m [37m20261003-00:12:53.070 RolloutController INFO: Proxy engines created
[96m[1;38;2;180;140;80m(AReaL)[0m [96m20261003-00:12:53.210 [RemoteInfEngine Rank 3c82070029114b2eb1a40a42a41d5330] INFO: Get server addresses from the `addr` argument.
[96m[1;38;2;180;140;80m(AReaL)[0m [96m20261003-00:12:53.210 [RemoteInfEngine Rank 3c82070029114b2eb1a40a42a41d5330] INFO: Waiting for server ready...
[96m[1;38;2;180;140;80m(AReaL)[0m [96m20261003-00:12:53.210 [RemoteInfEngine Rank e2079fe0be974ad1ad7bbe2aa2c2d306] INFO: Get server addresses from the `addr` argument.
[96m[1;38;2;180;140;80m(AReaL)[0m [96m20261003-00:12:53.210 [RemoteInfEngine Rank e2079fe0be974ad1ad7bbe2aa2c2d306] INFO: Waiting for server ready...
[96m[1;38;2;180;140;80m(AReaL)[0m [96m20261003-00:12:53.213 [RemoteInfEngine Rank 651720cbaadb4a53a7b6165b619906f7] INFO: Get server addresses from the `addr` argument.
[96m[1;38;2;180;140;80m(AReaL)[0m [96m20261003-00:12:53.213 [RemoteInfEngine Rank 651720cbaadb4a53a7b6165b619906f7] INFO: Waiting for server ready...
[96m[1;38;2;180;140;80m(AReaL)[0m [96m20261003-00:12:53.244 [RemoteInfEngine Rank 69bcdc8c807c495297eb26f31d9eb658] INFO: Get server addresses from the `addr` argument.
[96m[1;38;2;180;140;80m(AReaL)[0m [96m20261003-00:12:53.244 [RemoteInfEngine Rank 69bcdc8c807c495297eb26f31d9eb658] INFO: Waiting for server ready...
[96m[1;38;2;180;140;80m(AReaL)[0m [96m20261003-00:12:54.213 [RemoteInfEngine Rank 3c82070029114b2eb1a40a42a41d5330] INFO: Servers are all ready!
[96m[1;38;2;180;140;80m(AReaL)[0m [96m20261003-00:12:54.213 [RemoteInfEngine Rank e2079fe0be974ad1ad7bbe2aa2c2d306] INFO: Servers are all ready!
[96m[1;38;2;180;140;80m(AReaL)[0m [96m20261003-00:12:54.217 [RemoteInfEngine Rank 651720cbaadb4a53a7b6165b619906f7] INFO: Servers are all ready!
[96m[1;38;2;180;140;80m(AReaL)[0m [96m20261003-00:12:54.248 [RemoteInfEngine Rank 69bcdc8c807c495297eb26f31d9eb658] INFO: Servers are all ready!
[37m[1;38;2;180;140;80m(AReaL)[0m [37m20261003-00:12:55.219 RolloutController INFO: Proxy servers initialized. Addresses: ['http://33.180.166.157:17666', 'http://33.180.166.157:14719', 'http://33.180.166.157:21610', 'http://33.180.166.157:27954']
[37m[1;38;2;180;140;80m(AReaL)[0m [37m20261003-00:12:55.223 Guard INFO: Forking new worker process for role 'proxy-eval-rollout' index 0
[37m[1;38;2;180;140;80m(AReaL)[0m [37m20261003-00:12:55.223 Guard INFO: Forking new worker process for role 'proxy-eval-rollout' index 2
[37m[1;38;2;180;140;80m(AReaL)[0m [37m20261003-00:12:55.223 Guard INFO: Forking new worker process for role 'proxy-eval-rollout' index 3
[37m[1;38;2;180;140;80m(AReaL)[0m [37m20261003-00:12:55.223 Guard INFO: Forking new worker process for role 'proxy-eval-rollout' index 1
[37m[1;38;2;180;140;80m(AReaL)[0m [37m20261003-00:12:55.226 Guard INFO: Forked worker logs will be written to: /storage/openpsi/users/fenghui/projects/AReaL/research/muon/evidence/baseline-aligned-3epoch-20261003/muon/results/logs/root/gsm8k-grpo-megatron-muon-baseline3/trial0/proxy-eval-rollout.log
[37m[1;38;2;180;140;80m(AReaL)[0m [37m20261003-00:12:55.227 Guard INFO: Forked worker logs will be written to: /storage/openpsi/users/fenghui/projects/AReaL/research/muon/evidence/baseline-aligned-3epoch-20261003/muon/results/logs/root/gsm8k-grpo-megatron-muon-baseline3/trial0/proxy-eval-rollout.log
[37m[1;38;2;180;140;80m(AReaL)[0m [37m20261003-00:12:55.227 Guard INFO: Forked worker logs will be written to: /storage/openpsi/users/fenghui/projects/AReaL/research/muon/evidence/baseline-aligned-3epoch-20261003/muon/results/logs/root/gsm8k-grpo-megatron-muon-baseline3/trial0/proxy-eval-rollout.log
[37m[1;38;2;180;140;80m(AReaL)[0m [37m20261003-00:12:55.227 Guard INFO: Forked worker logs will be written to: /storage/openpsi/users/fenghui/projects/AReaL/research/muon/evidence/baseline-aligned-3epoch-20261003/muon/results/logs/root/gsm8k-grpo-megatron-muon-baseline3/trial0/proxy-eval-rollout.log
[37m[1;38;2;180;140;80m(AReaL)[0m [37m20261003-00:12:55.228 Guard INFO: Forked worker for role 'proxy-eval-rollout' index 2 spawned (pid=65953)
[37m[1;38;2;180;140;80m(AReaL)[0m [37m20261003-00:12:55.228 Guard INFO: Forked worker for role 'proxy-eval-rollout' index 1 spawned (pid=65954)
[37m[1;38;2;180;140;80m(AReaL)[0m [37m20261003-00:12:55.228 Guard INFO: Forked worker for role 'proxy-eval-rollout' index 0 spawned (pid=65955)
[37m[1;38;2;180;140;80m(AReaL)[0m [37m20261003-00:12:55.228 Guard INFO: Forked worker for role 'proxy-eval-rollout' index 3 spawned (pid=65956)
[92m00:13:03 - LiteLLM:WARNING[0m: get_model_cost_map.py:271 - LiteLLM: Failed to fetch remote model cost map from https://raw.githubusercontent.com/BerriAI/litellm/main/model_prices_and_context_window.json: [Errno 104] Connection reset by peer. Falling back to local backup.
[92m00:13:03 - LiteLLM:WARNING[0m: get_model_cost_map.py:271 - LiteLLM: Failed to fetch remote model cost map from https://raw.githubusercontent.com/BerriAI/litellm/main/model_prices_and_context_window.json: [Errno 104] Connection reset by peer. Falling back to local backup.
[92m00:13:03 - LiteLLM:WARNING[0m: get_model_cost_map.py:271 - LiteLLM: Failed to fetch remote model cost map from https://raw.githubusercontent.com/BerriAI/litellm/main/model_prices_and_context_window.json: [Errno 104] Connection reset by peer. Falling back to local backup.
[92m00:13:03 - LiteLLM:WARNING[0m: get_model_cost_map.py:271 - LiteLLM: Failed to fetch remote model cost map from https://raw.githubusercontent.com/BerriAI/litellm/main/model_prices_and_context_window.json: [Errno 104] Connection reset by peer. Falling back to local backup.
[37m[1;38;2;180;140;80m(AReaL)[0m [37m20261003-00:13:04.396 ProxyRolloutServer INFO: Starting proxy rollout server on 33.180.166.157:10169 for worker proxy-eval-rollout/0
[37m[1;38;2;180;140;80m(AReaL)[0m [37m20261003-00:13:04.434 ProxyRolloutServer INFO: Starting proxy rollout server on 33.180.166.157:14278 for worker proxy-eval-rollout/2
[37m[1;38;2;180;140;80m(AReaL)[0m [37m20261003-00:13:04.662 ProxyRolloutServer INFO: Starting proxy rollout server on 33.180.166.157:10501 for worker proxy-eval-rollout/3
[37m[1;38;2;180;140;80m(AReaL)[0m [37m20261003-00:13:04.687 ProxyRolloutServer INFO: Starting proxy rollout server on 33.180.166.157:12744 for worker proxy-eval-rollout/1
[34m[1;38;2;180;140;80m(AReaL)[0m [34m20261003-00:13:04.758 LocalScheduler INFO: Forked worker proxy-eval-rollout/1 created at 33.180.166.157:12744 (pid=65954) from eval-rollout/1
[34m[1;38;2;180;140;80m(AReaL)[0m [34m20261003-00:13:04.759 LocalScheduler INFO: Forked worker proxy-eval-rollout/3 created at 33.180.166.157:10501 (pid=65956) from eval-rollout/3
[34m[1;38;2;180;140;80m(AReaL)[0m [34m20261003-00:13:04.759 LocalScheduler INFO: Forked worker proxy-eval-rollout/2 created at 33.180.166.157:14278 (pid=65953) from eval-rollout/2
[34m[1;38;2;180;140;80m(AReaL)[0m [34m20261003-00:13:04.759 LocalScheduler INFO: Forked worker proxy-eval-rollout/0 created at 33.180.166.157:10169 (pid=65955) from eval-rollout/0
[34m[1;38;2;180;140;80m(AReaL)[0m [34m20261003-00:13:04.760 LocalScheduler INFO: Role 'proxy-eval-rollout' forked from 'eval-rollout': created 4 new worker processes
[96m[1;38;2;180;140;80m(AReaL)[0m [96m20261003-00:13:05.451 PlatformInit INFO: Detected CUDA device: NVIDIA L20X
[96m[1;38;2;180;140;80m(AReaL)[0m [96m20261003-00:13:05.451 PlatformInit INFO: Initializing CUDA platform (NVIDIA).
[34m[1;38;2;180;140;80m(AReaL)[0m [34m20261003-00:13:05.452 LocalScheduler INFO: Configuration successfully on worker 'proxy-eval-rollout/0'
[96m[1;38;2;180;140;80m(AReaL)[0m [96m20261003-00:13:06.155 PlatformInit INFO: Detected CUDA device: NVIDIA L20X
[96m[1;38;2;180;140;80m(AReaL)[0m [96m20261003-00:13:06.155 PlatformInit INFO: Initializing CUDA platform (NVIDIA).
[34m[1;38;2;180;140;80m(AReaL)[0m [34m20261003-00:13:06.156 LocalScheduler INFO: Configuration successfully on worker 'proxy-eval-rollout/1'
[96m[1;38;2;180;140;80m(AReaL)[0m [96m20261003-00:13:06.857 PlatformInit INFO: Detected CUDA device: NVIDIA L20X
[96m[1;38;2;180;140;80m(AReaL)[0m [96m20261003-00:13:06.858 PlatformInit INFO: Initializing CUDA platform (NVIDIA).
[34m[1;38;2;180;140;80m(AReaL)[0m [34m20261003-00:13:06.859 LocalScheduler INFO: Configuration successfully on worker 'proxy-eval-rollout/2'
[96m[1;38;2;180;140;80m(AReaL)[0m [96m20261003-00:13:07.561 PlatformInit INFO: Detected CUDA device: NVIDIA L20X
[96m[1;38;2;180;140;80m(AReaL)[0m [96m20261003-00:13:07.561 PlatformInit INFO: Initializing CUDA platform (NVIDIA).
[34m[1;38;2;180;140;80m(AReaL)[0m [34m20261003-00:13:07.562 LocalScheduler INFO: Configuration successfully on worker 'proxy-eval-rollout/3'
[37m[1;38;2;180;140;80m(AReaL)[0m [37m20261003-00:13:07.563 RolloutController INFO: Proxy workers forked: ['proxy-eval-rollout/0', 'proxy-eval-rollout/1', 'proxy-eval-rollout/2', 'proxy-eval-rollout/3']
[34m[1;38;2;180;140;80m(AReaL)[0m [34m20261003-00:13:07.570 LocalScheduler INFO: All 4 workers for role 'proxy-eval-rollout' are ready
[37m[1;38;2;180;140;80m(AReaL)[0m [37m20261003-00:13:07.570 RolloutController INFO: Proxy workers: ['proxy-eval-rollout/0', 'proxy-eval-rollout/1', 'proxy-eval-rollout/2', 'proxy-eval-rollout/3']
[37m[1;38;2;180;140;80m(AReaL)[0m [37m20261003-00:13:07.580 RolloutController INFO: Proxy engines created
[96m[1;38;2;180;140;80m(AReaL)[0m [96m20261003-00:13:07.720 [RemoteInfEngine Rank f1756cfeea2146c7b1de63c31a21fb5a] INFO: Get server addresses from the `addr` argument.
[96m[1;38;2;180;140;80m(AReaL)[0m [96m20261003-00:13:07.720 [RemoteInfEngine Rank f1756cfeea2146c7b1de63c31a21fb5a] INFO: Waiting for server ready...
[96m[1;38;2;180;140;80m(AReaL)[0m [96m20261003-00:13:07.720 [RemoteInfEngine Rank 41bfc2e628e6497a81eb4f6d1e9ff843] INFO: Get server addresses from the `addr` argument.
[96m[1;38;2;180;140;80m(AReaL)[0m [96m20261003-00:13:07.720 [RemoteInfEngine Rank 41bfc2e628e6497a81eb4f6d1e9ff843] INFO: Waiting for server ready...
[96m[1;38;2;180;140;80m(AReaL)[0m [96m20261003-00:13:07.721 [RemoteInfEngine Rank 8c57980b1275477180be22a0b5235d87] INFO: Get server addresses from the `addr` argument.
[96m[1;38;2;180;140;80m(AReaL)[0m [96m20261003-00:13:07.721 [RemoteInfEngine Rank 8c57980b1275477180be22a0b5235d87] INFO: Waiting for server ready...
[96m[1;38;2;180;140;80m(AReaL)[0m [96m20261003-00:13:07.721 [RemoteInfEngine Rank 730f1cfae3394ac1b8c8a2d870136e2b] INFO: Get server addresses from the `addr` argument.
[96m[1;38;2;180;140;80m(AReaL)[0m [96m20261003-00:13:07.721 [RemoteInfEngine Rank 730f1cfae3394ac1b8c8a2d870136e2b] INFO: Waiting for server ready...
[96m[1;38;2;180;140;80m(AReaL)[0m [96m20261003-00:13:08.724 [RemoteInfEngine Rank f1756cfeea2146c7b1de63c31a21fb5a] INFO: Servers are all ready!
[96m[1;38;2;180;140;80m(AReaL)[0m [96m20261003-00:13:08.724 [RemoteInfEngine Rank 41bfc2e628e6497a81eb4f6d1e9ff843] INFO: Servers are all ready!
[96m[1;38;2;180;140;80m(AReaL)[0m [96m20261003-00:13:08.724 [RemoteInfEngine Rank 730f1cfae3394ac1b8c8a2d870136e2b] INFO: Servers are all ready!
[96m[1;38;2;180;140;80m(AReaL)[0m [96m20261003-00:13:08.724 [RemoteInfEngine Rank 8c57980b1275477180be22a0b5235d87] INFO: Servers are all ready!
[37m[1;38;2;180;140;80m(AReaL)[0m [37m20261003-00:13:09.725 RolloutController INFO: Proxy servers initialized. Addresses: ['http://33.180.166.157:10169', 'http://33.180.166.157:12744', 'http://33.180.166.157:14278', 'http://33.180.166.157:10501']
[96m[1;38;2;180;140;80m(AReaL)[0m [96m20261003-00:13:22.180 [MegatronEngine Rank 3] INFO: #microbatch: 9, microbatch #tokens: [10224, 10236, 10218, 10212, 10222, 10074, 10179, 10181, 5379], aligned to: [10224, 10236, 10218, 10212, 10222, 10074, 10179, 10181, 5379], padded to: [10240, 10240, 10240, 10240, 10240, 10240, 10240, 10240, 5632], padding lengths: [16, 4, 22, 28, 18, 166, 61, 59, 253].
[96m[1;38;2;180;140;80m(AReaL)[0m [96m20261003-00:13:22.181 [MegatronEngine Rank 2] INFO: #microbatch: 9, microbatch #tokens: [10190, 10155, 10240, 10141, 10238, 10173, 10105, 10231, 3270], aligned to: [10190, 10155, 10240, 10141, 10238, 10173, 10105, 10231, 3270], padded to: [10240, 10240, 10240, 10240, 10240, 10240, 10240, 10240, 3328], padding lengths: [50, 85, 0, 99, 2, 67, 135, 9, 58].
[96m[1;38;2;180;140;80m(AReaL)[0m [96m20261003-00:13:22.203 [MegatronEngine Rank 0] INFO: #microbatch: 9, microbatch #tokens: [10238, 10148, 10227, 10240, 10210, 10090, 10164, 10121, 2089], aligned to: [10238, 10148, 10227, 10240, 10210, 10090, 10164, 10121, 2089], padded to: [10240, 10240, 10240, 10240, 10240, 10240, 10240, 10240, 2304], padding lengths: [2, 92, 13, 0, 30, 150, 76, 119, 215].
[96m[1;38;2;180;140;80m(AReaL)[0m [96m20261003-00:13:22.204 [MegatronEngine Rank 1] INFO: #microbatch: 9, microbatch #tokens: [10214, 10190, 10205, 10239, 10076, 10216, 5167, 10211, 10222], aligned to: [10214, 10190, 10205, 10239, 10076, 10216, 5167, 10211, 10222], padded to: [10240, 10240, 10240, 10240, 10240, 10240, 5376, 10240, 10240], padding lengths: [26, 50, 35, 1, 164, 24, 209, 29, 18].
[37m[1;38;2;180;140;80m(AReaL)[0m [37m20261003-00:13:26.637 IOStruct INFO: Memory-Usage recompute logp: memory allocated (GB): 14.47, memory reserved (GB): 36.09, device memory used/total (GB): 40.42/139.81 | host RssAnon: 1292MB, RssShmem: 0MB
[37m[1;38;2;180;140;80m(AReaL)[0m [37m20261003-00:13:27.353 IOStruct INFO: Memory-Usage compute advantages: memory allocated (GB): 14.48, memory reserved (GB): 36.10, device memory used/total (GB): 40.43/139.81 | host RssAnon: 1296MB, RssShmem: 0MB
[96m[1;38;2;180;140;80m(AReaL)[0m [96m20261003-00:13:27.823 [MegatronEngine Rank 2] INFO: #microbatch: 9, microbatch #tokens: [10190, 10155, 10240, 10141, 10238, 10173, 10105, 10231, 3270], aligned to: [10190, 10155, 10240, 10141, 10238, 10173, 10105, 10231, 3270], padded to: [10240, 10240, 10240, 10240, 10240, 10240, 10240, 10240, 3328], padding lengths: [50, 85, 0, 99, 2, 67, 135, 9, 58].
[96m[1;38;2;180;140;80m(AReaL)[0m [96m20261003-00:13:27.823 [MegatronEngine Rank 0] INFO: #microbatch: 9, microbatch #tokens: [10238, 10148, 10227, 10240, 10210, 10090, 10164, 10121, 2089], aligned to: [10238, 10148, 10227, 10240, 10210, 10090, 10164, 10121, 2089], padded to: [10240, 10240, 10240, 10240, 10240, 10240, 10240, 10240, 2304], padding lengths: [2, 92, 13, 0, 30, 150, 76, 119, 215].
[96m[1;38;2;180;140;80m(AReaL)[0m [96m20261003-00:13:27.825 [MegatronEngine Rank 1] INFO: #microbatch: 9, microbatch #tokens: [10214, 10190, 10205, 10239, 10076, 10216, 5167, 10211, 10222], aligned to: [10214, 10190, 10205, 10239, 10076, 10216, 5167, 10211, 10222], padded to: [10240, 10240, 10240, 10240, 10240, 10240, 5376, 10240, 10240], padding lengths: [26, 50, 35, 1, 164, 24, 209, 29, 18].
[96m[1;38;2;180;140;80m(AReaL)[0m [96m20261003-00:13:27.826 [MegatronEngine Rank 3] INFO: #microbatch: 9, microbatch #tokens: [10224, 10236, 10218, 10212, 10222, 10074, 10179, 10181, 5379], aligned to: [10224, 10236, 10218, 10212, 10222, 10074, 10179, 10181, 5379], padded to: [10240, 10240, 10240, 10240, 10240, 10240, 10240, 10240, 5632], padding lengths: [16, 4, 22, 28, 18, 166, 61, 59, 253].
[37m[1;38;2;180;140;80m(AReaL)[0m [37m20261003-00:13:36.943 IOStruct INFO: Memory-Usage before first gradient synchronization: memory allocated (GB): 14.51, memory reserved (GB): 64.58, device memory used/total (GB): 68.42/139.81 | host RssAnon: 2348MB, RssShmem: 181MB
[37m[1;38;2;180;140;80m(AReaL)[0m [37m20261003-00:13:36.973 IOStruct INFO: Memory-Usage after reclaiming gradient sync cache: memory allocated (GB): 14.51, memory reserved (GB): 21.21, device memory used/total (GB): 25.05/139.81 | host RssAnon: 2348MB, RssShmem: 181MB
[37m[1;38;2;180;140;80m(AReaL)[0m [37m20261003-00:13:37.332 IOStruct INFO: Memory-Usage before first gradient synchronization: memory allocated (GB): 14.51, memory reserved (GB): 64.56, device memory used/total (GB): 69.10/139.81 | host RssAnon: 2349MB, RssShmem: 181MB
[37m[1;38;2;180;140;80m(AReaL)[0m [37m20261003-00:13:37.347 IOStruct INFO: Memory-Usage before first gradient synchronization: memory allocated (GB): 14.51, memory reserved (GB): 64.60, device memory used/total (GB): 69.01/139.81 | host RssAnon: 2358MB, RssShmem: 181MB
[37m[1;38;2;180;140;80m(AReaL)[0m [37m20261003-00:13:37.389 IOStruct INFO: Memory-Usage before first gradient synchronization: memory allocated (GB): 14.51, memory reserved (GB): 64.55, device memory used/total (GB): 69.10/139.81 | host RssAnon: 2350MB, RssShmem: 181MB
[37m[1;38;2;180;140;80m(AReaL)[0m [37m20261003-00:13:37.487 IOStruct INFO: Memory-Usage after reclaiming gradient sync cache: memory allocated (GB): 14.51, memory reserved (GB): 21.21, device memory used/total (GB): 25.75/139.81 | host RssAnon: 2349MB, RssShmem: 181MB
[37m[1;38;2;180;140;80m(AReaL)[0m [37m20261003-00:13:37.493 IOStruct INFO: Memory-Usage after reclaiming gradient sync cache: memory allocated (GB): 14.51, memory reserved (GB): 21.20, device memory used/total (GB): 25.61/139.81 | host RssAnon: 2358MB, RssShmem: 181MB
[37m[1;38;2;180;140;80m(AReaL)[0m [37m20261003-00:13:37.496 IOStruct INFO: Memory-Usage after reclaiming gradient sync cache: memory allocated (GB): 14.51, memory reserved (GB): 21.22, device memory used/total (GB): 25.77/139.81 | host RssAnon: 2350MB, RssShmem: 181MB
[37m[1;38;2;180;140;80m(AReaL)[0m [37m20261003-00:13:37.790 IOStruct INFO: Memory-Usage ppo update: memory allocated (GB): 21.13, memory reserved (GB): 22.07, device memory used/total (GB): 26.98/139.81 | host RssAnon: 1297MB, RssShmem: 0MB
[37m[1;38;2;180;140;80m(AReaL)[0m [37m20261003-00:13:52.958 HFUtils INFO: Copied generation_config.json from /storage/openpsi/models/Qwen__Qwen2.5-1.5B-Instruct to /storage/openpsi/users/fenghui/projects/AReaL/research/muon/evidence/baseline-aligned-3epoch-20261003/muon/results/checkpoints/root/gsm8k-grpo-megatron-muon-baseline3/trial0/default/epoch0epochstep0globalstep0
[37m[1;38;2;180;140;80m(AReaL)[0m [37m20261003-00:13:52.968 HFUtils INFO: Copied tokenizer_config.json from /storage/openpsi/models/Qwen__Qwen2.5-1.5B-Instruct to /storage/openpsi/users/fenghui/projects/AReaL/research/muon/evidence/baseline-aligned-3epoch-20261003/muon/results/checkpoints/root/gsm8k-grpo-megatron-muon-baseline3/trial0/default/epoch0epochstep0globalstep0
[37m[1;38;2;180;140;80m(AReaL)[0m [37m20261003-00:13:52.984 HFUtils INFO: Copied vocab.json from /storage/openpsi/models/Qwen__Qwen2.5-1.5B-Instruct to /storage/openpsi/users/fenghui/projects/AReaL/research/muon/evidence/baseline-aligned-3epoch-20261003/muon/results/checkpoints/root/gsm8k-grpo-megatron-muon-baseline3/trial0/default/epoch0epochstep0globalstep0
[37m[1;38;2;180;140;80m(AReaL)[0m [37m20261003-00:13:53.001 HFUtils INFO: Copied merges.txt from /storage/openpsi/models/Qwen__Qwen2.5-1.5B-Instruct to /storage/openpsi/users/fenghui/projects/AReaL/research/muon/evidence/baseline-aligned-3epoch-20261003/muon/results/checkpoints/root/gsm8k-grpo-megatron-muon-baseline3/trial0/default/epoch0epochstep0globalstep0
[37m[1;38;2;180;140;80m(AReaL)[0m [37m20261003-00:13:53.002 HFUtils INFO: special_tokens_map.json does not exist in /storage/openpsi/models/Qwen__Qwen2.5-1.5B-Instruct; skipping
[37m[1;38;2;180;140;80m(AReaL)[0m [37m20261003-00:13:53.033 HFUtils INFO: Copied tokenizer.json from /storage/openpsi/models/Qwen__Qwen2.5-1.5B-Instruct to /storage/openpsi/users/fenghui/projects/AReaL/research/muon/evidence/baseline-aligned-3epoch-20261003/muon/results/checkpoints/root/gsm8k-grpo-megatron-muon-baseline3/trial0/default/epoch0epochstep0globalstep0
[37m[1;38;2;180;140;80m(AReaL)[0m [37m20261003-00:13:53.055 HFUtils INFO: Patched config.json: torch_dtype=bfloat16
[37m[1;38;2;180;140;80m(AReaL)[0m [37m20261003-00:13:53.278 DataBP INFO: Cleared 576 batch shards. Stats: {'status': 'ok', 'cleared_count': 576, 'num_tensors': 198, 'total_bytes': 1192620}
[37m[1;38;2;180;140;80m(AReaL)[0m [37m20261003-00:13:53.279 DataBP INFO: Cleared 576 batch shards. Stats: {'status': 'ok', 'cleared_count': 576, 'num_tensors': 135, 'total_bytes': 748584}
[37m[1;38;2;180;140;80m(AReaL)[0m [37m20261003-00:13:53.280 DataBP INFO: Cleared 576 batch shards. Stats: {'status': 'ok', 'cleared_count': 576, 'num_tensors': 108, 'total_bytes': 735408}
[37m[1;38;2;180;140;80m(AReaL)[0m [37m20261003-00:13:53.280 DataBP INFO: Cleared 576 batch shards. Stats: {'status': 'ok', 'cleared_count': 576, 'num_tensors': 189, 'total_bytes': 1250532}
[37m[1;38;2;180;140;80m(AReaL)[0m [37m20261003-00:13:53.280 DataBP INFO: Cleared 960 batch shards. Stats: {'status': 'ok', 'cleared_count': 960, 'num_tensors': 0, 'total_bytes': 0}
[37m[1;38;2;180;140;80m(AReaL)[0m [37m20261003-00:13:53.280 DataBP INFO: Cleared 960 batch shards. Stats: {'status': 'ok', 'cleared_count': 960, 'num_tensors': 0, 'total_bytes': 0}
[37m[1;38;2;180;140;80m(AReaL)[0m [37m20261003-00:13:53.281 DataBP INFO: Cleared 960 batch shards. Stats: {'status': 'ok', 'cleared_count': 960, 'num_tensors': 0, 'total_bytes': 0}
[37m[1;38;2;180;140;80m(AReaL)[0m [37m20261003-00:13:53.282 DataBP INFO: Cleared 960 batch shards. Stats: {'status': 'ok', 'cleared_count': 960, 'num_tensors': 0, 'total_bytes': 0}
[37m[1;38;2;180;140;80m(AReaL)[0m [37m20261003-00:13:59.554 DataBP INFO: Cleared 9 batch shards. Stats: {'status': 'ok', 'cleared_count': 9, 'num_tensors': 0, 'total_bytes': 0}
[37m[1;38;2;180;140;80m(AReaL)[0m [37m20261003-00:13:59.554 DataBP INFO: Cleared 9 batch shards. Stats: {'status': 'ok', 'cleared_count': 9, 'num_tensors': 0, 'total_bytes': 0}
[37m[1;38;2;180;140;80m(AReaL)[0m [37m20261003-00:13:59.555 DataBP INFO: Cleared 9 batch shards. Stats: {'status': 'ok', 'cleared_count': 9, 'num_tensors': 0, 'total_bytes': 0}
[37m[1;38;2;180;140;80m(AReaL)[0m [37m20261003-00:13:59.555 DataBP INFO: Cleared 9 batch shards. Stats: {'status': 'ok', 'cleared_count': 9, 'num_tensors': 0, 'total_bytes': 0}
[92m[1;38;2;180;140;80m(AReaL)[0m [92m20261003-00:14:00.405 StatsLogger INFO: Epoch 1/3 Step 1/1 Train step 1/3 done.
[92m[1;38;2;180;140;80m(AReaL)[0m [92m20261003-00:14:00.406 StatsLogger INFO: Stats (1/1):
[92m[1;38;2;180;140;80m(AReaL)[0m [92m20261003-00:14:00.412 StatsLogger INFO: 
╒════════════════════════════════════════╤═════════════╤═════════════════════════════════════════════════╤═════════════╤══════════════════════════════════════════════════════════════╤═════════════╤══════════════════════════════════════════════╤═════════════╕
│ timeperf/rollout                       │  1.1849e+01 │ ppo_actor/seq_len/max                           │  9.4600e+02 │ ppo_actor/update/compute_logp/kl_div_taylor/avg              │  3.3687e-04 │ ppo_actor/update/version_stats/v_proximal    │  0.0000e+00 │
├────────────────────────────────────────┼─────────────┼─────────────────────────────────────────────────┼─────────────┼──────────────────────────────────────────────────────────────┼─────────────┼──────────────────────────────────────────────┼─────────────┤
│ timeperf/recompute_logp                │  5.0638e+00 │ ppo_actor/seq_len/min                           │  7.1000e+01 │ ppo_actor/update/compute_logp/kl_div_taylor/max              │  2.7601e-01 │ ppo_actor/update/version_stats/v_theta       │  0.0000e+00 │
├────────────────────────────────────────┼─────────────┼─────────────────────────────────────────────────┼─────────────┼──────────────────────────────────────────────────────────────┼─────────────┼──────────────────────────────────────────────┼─────────────┤
│ timeperf/compute_advantage             │  7.1491e-01 │ ppo_actor/task_reward/avg                       │  6.9238e-01 │ ppo_actor/update/compute_logp/kl_div_taylor/min              │  0.0000e+00 │ ppo_actor/update/vocab_max_logits/avg        │  2.9626e+01 │
├────────────────────────────────────────┼─────────────┼─────────────────────────────────────────────────┼─────────────┼──────────────────────────────────────────────────────────────┼─────────────┼──────────────────────────────────────────────┼─────────────┤
│ timeperf/train_step                    │  1.0437e+01 │ ppo_actor/task_reward/max                       │  1.0000e+00 │ ppo_actor/update/compute_logp/n_valid_tokens                 │  2.4059e+05 │ ppo_actor/update/vocab_max_logits/max        │  4.9250e+01 │
├────────────────────────────────────────┼─────────────┼─────────────────────────────────────────────────┼─────────────┼──────────────────────────────────────────────────────────────┼─────────────┼──────────────────────────────────────────────┼─────────────┤
│ timeperf/update_weights                │  6.2262e+00 │ ppo_actor/task_reward/min                       │  0.0000e+00 │ ppo_actor/update/compute_logp/prox_logp_gt/avg               │ -2.9230e-01 │ ppo_actor/update/vocab_max_logits/min        │  8.8125e+00 │
├────────────────────────────────────────┼─────────────┼─────────────────────────────────────────────────┼─────────────┼──────────────────────────────────────────────────────────────┼─────────────┼──────────────────────────────────────────────┼─────────────┤
│ timeperf/save                          │  9.1863e+00 │ ppo_actor/train_infer/kl_k1                     │  4.6808e-04 │ ppo_actor/update/compute_logp/prox_logp_gt/max               │  0.0000e+00 │ ppo_actor/update/vocab_min_logits/avg        │ -1.5873e+01 │
├────────────────────────────────────────┼─────────────┼─────────────────────────────────────────────────┼─────────────┼──────────────────────────────────────────────────────────────┼─────────────┼──────────────────────────────────────────────┼─────────────┤
│ timeperf/checkpoint_for_recover        │  9.0897e-05 │ ppo_actor/train_infer/kl_k2                     │  3.3687e-04 │ ppo_actor/update/compute_logp/prox_logp_gt/min               │ -1.8103e+01 │ ppo_actor/update/vocab_min_logits/max        │ -5.6250e+00 │
├────────────────────────────────────────┼─────────────┼─────────────────────────────────────────────────┼─────────────┼──────────────────────────────────────────────────────────────┼─────────────┼──────────────────────────────────────────────┼─────────────┤
│ timeperf/clear_batches                 │  2.1081e-01 │ ppo_actor/train_infer/kl_k3                     │  3.3504e-04 │ ppo_actor/update/dual_clip_ratio/avg                         │  0.0000e+00 │ ppo_actor/update/vocab_min_logits/min        │ -4.3500e+01 │
├────────────────────────────────────────┼─────────────┼─────────────────────────────────────────────────┼─────────────┼──────────────────────────────────────────────────────────────┼─────────────┼──────────────────────────────────────────────┼─────────────┤
│ timeperf/eval                          │  6.0812e+00 │ ppo_actor/train_infer/kl_k3_overflow_fraction   │  0.0000e+00 │ ppo_actor/update/dual_clip_ratio/max                         │  0.0000e+00 │ ppo_actor/usable_group_size/avg              │  4.0000e+00 │
├────────────────────────────────────────┼─────────────┼─────────────────────────────────────────────────┼─────────────┼──────────────────────────────────────────────────────────────┼─────────────┼──────────────────────────────────────────────┼─────────────┤
│ ppo_actor/advantage_negative_fraction  │  6.6810e-01 │ ppo_actor/train_infer/logp_abs_diff/avg         │  8.5155e-03 │ ppo_actor/update/dual_clip_ratio/min                         │  0.0000e+00 │ ppo_actor/usable_group_size/max              │  4.0000e+00 │
├────────────────────────────────────────┼─────────────┼─────────────────────────────────────────────────┼─────────────┼──────────────────────────────────────────────────────────────┼─────────────┼──────────────────────────────────────────────┼─────────────┤
│ ppo_actor/advantage_positive_fraction  │  3.3190e-01 │ ppo_actor/train_infer/logp_abs_diff/max         │  7.4298e-01 │ ppo_actor/update/dual_clipped_tokens                         │  0.0000e+00 │ ppo_actor/usable_group_size/min              │  4.0000e+00 │
├────────────────────────────────────────┼─────────────┼─────────────────────────────────────────────────┼─────────────┼──────────────────────────────────────────────────────────────┼─────────────┼──────────────────────────────────────────────┼─────────────┤
│ ppo_actor/advantage_zero_fraction      │  0.0000e+00 │ ppo_actor/train_infer/logp_abs_diff/min         │  0.0000e+00 │ ppo_actor/update/entropy/avg                                 │  2.9280e-01 │ ppo_actor/use_dual_clip                      │  0.0000e+00 │
├────────────────────────────────────────┼─────────────┼─────────────────────────────────────────────────┼─────────────┼──────────────────────────────────────────────────────────────┼─────────────┼──────────────────────────────────────────────┼─────────────┤
│ ppo_actor/advantages/avg               │  6.0886e-09 │ ppo_actor/train_infer/logp_diff/avg             │ -4.6808e-04 │ ppo_actor/update/entropy/max                                 │  6.9527e+00 │ rollout/num_turns_count                      │  1.9140e+03 │
├────────────────────────────────────────┼─────────────┼─────────────────────────────────────────────────┼─────────────┼──────────────────────────────────────────────────────────────┼─────────────┼──────────────────────────────────────────────┼─────────────┤
│ ppo_actor/advantages/max               │  2.3464e+00 │ ppo_actor/train_infer/logp_diff/max             │  3.9741e-01 │ ppo_actor/update/entropy/min                                 │  1.0289e-09 │ rollout/num_turns_no_harness_err_count       │  1.9140e+03 │
├────────────────────────────────────────┼─────────────┼─────────────────────────────────────────────────┼─────────────┼──────────────────────────────────────────────────────────────┼─────────────┼──────────────────────────────────────────────┼─────────────┤
│ ppo_actor/advantages/min               │ -2.4293e+00 │ ppo_actor/train_infer/logp_diff/min             │ -7.4298e-01 │ ppo_actor/update/grad_norm                                   │  3.3037e-01 │ rollout/accepted                             │  1.0000e+00 │
├────────────────────────────────────────┼─────────────┼─────────────────────────────────────────────────┼─────────────┼──────────────────────────────────────────────────────────────┼─────────────┼──────────────────────────────────────────────┼─────────────┤
│ ppo_actor/correct_n_seqs               │  7.0900e+02 │ ppo_actor/train_infer/logp_diff_squared         │  6.7374e-04 │ ppo_actor/update/importance_weight/avg                       │  1.0000e+00 │ rollout/context_overflow                     │  0.0000e+00 │
├────────────────────────────────────────┼─────────────┼─────────────────────────────────────────────────┼─────────────┼──────────────────────────────────────────────────────────────┼─────────────┼──────────────────────────────────────────────┼─────────────┤
│ ppo_actor/correct_seq_len/avg          │  3.2467e+02 │ ppo_actor/train_infer/n_valid_tokens            │  2.4059e+05 │ ppo_actor/update/importance_weight/max                       │  1.0000e+00 │ rollout/fully_masked_group                   │  0.0000e+00 │
├────────────────────────────────────────┼─────────────┼─────────────────────────────────────────────────┼─────────────┼──────────────────────────────────────────────────────────────┼─────────────┼──────────────────────────────────────────────┼─────────────┤
│ ppo_actor/correct_seq_len/max          │  8.3500e+02 │ ppo_actor/train_infer/nonfinite_logp_fraction   │  0.0000e+00 │ ppo_actor/update/importance_weight/min                       │  1.0000e+00 │ rollout/pre_filter_trainable_slot_yield      │  1.0000e+00 │
├────────────────────────────────────────┼─────────────┼─────────────────────────────────────────────────┼─────────────┼──────────────────────────────────────────────────────────────┼─────────────┼──────────────────────────────────────────────┼─────────────┤
│ ppo_actor/correct_seq_len/min          │  9.6000e+01 │ ppo_actor/train_infer/ratio_outside_1.5         │  8.3130e-06 │ ppo_actor/update/logp_abs_diff/avg                           │  8.5155e-03 │ rollout/pre_filter_usable_slot_yield         │  1.0000e+00 │
├────────────────────────────────────────┼─────────────┼─────────────────────────────────────────────────┼─────────────┼──────────────────────────────────────────────────────────────┼─────────────┼──────────────────────────────────────────────┼─────────────┤
│ ppo_actor/eps_clip                     │  4.0000e-01 │ ppo_actor/train_infer/ratio_outside_10          │  0.0000e+00 │ ppo_actor/update/logp_abs_diff/max                           │  7.4298e-01 │ rollout/proxy_system_error                   │  0.0000e+00 │
├────────────────────────────────────────┼─────────────┼─────────────────────────────────────────────────┼─────────────┼──────────────────────────────────────────────────────────────┼─────────────┼──────────────────────────────────────────────┼─────────────┤
│ ppo_actor/final_reward/avg             │ -1.6104e-11 │ ppo_actor/train_infer/ratio_outside_2           │  4.1565e-06 │ ppo_actor/update/logp_abs_diff/min                           │  0.0000e+00 │ rollout/reward                               │  6.9906e-01 │
├────────────────────────────────────────┼─────────────┼─────────────────────────────────────────────────┼─────────────┼──────────────────────────────────────────────────────────────┼─────────────┼──────────────────────────────────────────────┼─────────────┤
│ ppo_actor/final_reward/max             │  1.5000e+00 │ ppo_actor/train_infer/ratio_outside_3           │  0.0000e+00 │ ppo_actor/update/logp_diff/avg                               │  4.6808e-04 │ rollout/singleton_slot_group                 │  0.0000e+00 │
├────────────────────────────────────────┼─────────────┼─────────────────────────────────────────────────┼─────────────┼──────────────────────────────────────────────────────────────┼─────────────┼──────────────────────────────────────────────┼─────────────┤
│ ppo_actor/final_reward/min             │ -1.5000e+00 │ ppo_actor/train_infer/ratio_outside_5           │  0.0000e+00 │ ppo_actor/update/logp_diff/max                               │  7.4298e-01 │ rollout/target_slot_count                    │  4.0000e+00 │
├────────────────────────────────────────┼─────────────┼─────────────────────────────────────────────────┼─────────────┼──────────────────────────────────────────────────────────────┼─────────────┼──────────────────────────────────────────────┼─────────────┤
│ ppo_actor/group_loss_weight/avg        │  9.3979e+02 │ ppo_actor/train_infer/rollout_nll               │  2.9183e-01 │ ppo_actor/update/logp_diff/min                               │ -3.9741e-01 │ rollout/trainable_slot_count                 │  4.0000e+00 │
├────────────────────────────────────────┼─────────────┼─────────────────────────────────────────────────┼─────────────┼──────────────────────────────────────────────────────────────┼─────────────┼──────────────────────────────────────────────┼─────────────┤
│ ppo_actor/group_loss_weight/max        │  2.2750e+03 │ ppo_actor/train_infer/trainer_nll               │  2.9230e-01 │ ppo_actor/update/lr                                          │  3.0000e-06 │ rollout/usable_slot_count                    │  4.0000e+00 │
├────────────────────────────────────────┼─────────────┼─────────────────────────────────────────────────┼─────────────┼──────────────────────────────────────────────────────────────┼─────────────┼──────────────────────────────────────────────┼─────────────┤
│ ppo_actor/group_loss_weight/min        │  2.0700e+02 │ ppo_actor/update/actor_loss/avg                 │ -1.8787e-05 │ ppo_actor/update/masked_token_ratio                          │  3.1864e-01 │ rollout/num_turns/avg                        │  1.0000e+00 │
├────────────────────────────────────────┼─────────────┼─────────────────────────────────────────────────┼─────────────┼──────────────────────────────────────────────────────────────┼─────────────┼──────────────────────────────────────────────┼─────────────┤
│ ppo_actor/group_loss_weight_size_4/avg │  9.3979e+02 │ ppo_actor/update/actor_loss/max                 │  3.3556e+00 │ ppo_actor/update/n_masked_tokens                             │  2.8152e+03 │ rollout/num_turns_no_harness_err/avg         │  1.0000e+00 │
├────────────────────────────────────────┼─────────────┼─────────────────────────────────────────────────┼─────────────┼──────────────────────────────────────────────────────────────┼─────────────┼──────────────────────────────────────────────┼─────────────┤
│ ppo_actor/group_loss_weight_size_4/max │  2.2750e+03 │ ppo_actor/update/actor_loss/min                 │ -2.9876e+00 │ ppo_actor/update/n_tokens                                    │  3.4194e+05 │ rollout/num_turns/min                        │  1.0000e+00 │
├────────────────────────────────────────┼─────────────┼─────────────────────────────────────────────────┼─────────────┼──────────────────────────────────────────────────────────────┼─────────────┼──────────────────────────────────────────────┼─────────────┤
│ ppo_actor/group_loss_weight_size_4/min │  2.0700e+02 │ ppo_actor/update/approx_kl/avg                  │  0.0000e+00 │ ppo_actor/update/n_total_tokens                              │  9.4982e+03 │ rollout/num_turns_no_harness_err/min         │  1.0000e+00 │
├────────────────────────────────────────┼─────────────┼─────────────────────────────────────────────────┼─────────────┼──────────────────────────────────────────────────────────────┼─────────────┼──────────────────────────────────────────────┼─────────────┤
│ ppo_actor/incorrect_n_seqs             │  3.1500e+02 │ ppo_actor/update/approx_kl/max                  │  0.0000e+00 │ ppo_actor/update/n_valid_tokens                              │  2.4059e+05 │ rollout/num_turns/max                        │  1.0000e+00 │
├────────────────────────────────────────┼─────────────┼─────────────────────────────────────────────────┼─────────────┼──────────────────────────────────────────────────────────────┼─────────────┼──────────────────────────────────────────────┼─────────────┤
│ ppo_actor/incorrect_seq_len/avg        │  3.5473e+02 │ ppo_actor/update/approx_kl/min                  │  0.0000e+00 │ ppo_actor/update/n_valid_tokens_in_loss                      │  6.6830e+03 │ rollout/num_turns_no_harness_err/max         │  1.0000e+00 │
├────────────────────────────────────────┼─────────────┼─────────────────────────────────────────────────┼─────────────┼──────────────────────────────────────────────────────────────┼─────────────┼──────────────────────────────────────────────┼─────────────┤
│ ppo_actor/incorrect_seq_len/max        │  9.4600e+02 │ ppo_actor/update/behave_approx_kl/avg           │ -4.6808e-04 │ ppo_actor/update/new_logp/avg                                │ -2.9230e-01 │ eval-rollout/num_turns_count                 │  1.6000e+01 │
├────────────────────────────────────────┼─────────────┼─────────────────────────────────────────────────┼─────────────┼──────────────────────────────────────────────────────────────┼─────────────┼──────────────────────────────────────────────┼─────────────┤
│ ppo_actor/incorrect_seq_len/min        │  7.1000e+01 │ ppo_actor/update/behave_approx_kl/max           │  3.9741e-01 │ ppo_actor/update/new_logp/max                                │  0.0000e+00 │ eval-rollout/num_turns_no_harness_err_count  │  1.6000e+01 │
├────────────────────────────────────────┼─────────────┼─────────────────────────────────────────────────┼─────────────┼──────────────────────────────────────────────────────────────┼─────────────┼──────────────────────────────────────────────┼─────────────┤
│ ppo_actor/kl_rewards/avg               │  0.0000e+00 │ ppo_actor/update/behave_approx_kl/min           │ -7.4298e-01 │ ppo_actor/update/new_logp/min                                │ -1.8103e+01 │ eval-rollout/context_overflow                │  0.0000e+00 │
├────────────────────────────────────────┼─────────────┼─────────────────────────────────────────────────┼─────────────┼──────────────────────────────────────────────────────────────┼─────────────┼──────────────────────────────────────────────┼─────────────┤
│ ppo_actor/kl_rewards/max               │  0.0000e+00 │ ppo_actor/update/behave_filtered_ratio/avg      │  0.0000e+00 │ ppo_actor/update/num_micro_batches                           │  9.0000e+00 │ eval-rollout/fully_masked_group              │  0.0000e+00 │
├────────────────────────────────────────┼─────────────┼─────────────────────────────────────────────────┼─────────────┼──────────────────────────────────────────────────────────────┼─────────────┼──────────────────────────────────────────────┼─────────────┤
│ ppo_actor/kl_rewards/min               │  0.0000e+00 │ ppo_actor/update/behave_filtered_ratio/max      │  0.0000e+00 │ ppo_actor/update/old_logp/avg                                │ -2.9183e-01 │ eval-rollout/pre_filter_trainable_slot_yield │  1.0000e+00 │
├────────────────────────────────────────┼─────────────┼─────────────────────────────────────────────────┼─────────────┼──────────────────────────────────────────────────────────────┼─────────────┼──────────────────────────────────────────────┼─────────────┤
│ ppo_actor/mask_no_eos_with_zero        │  0.0000e+00 │ ppo_actor/update/behave_filtered_ratio/min      │  0.0000e+00 │ ppo_actor/update/old_logp/max                                │  0.0000e+00 │ eval-rollout/pre_filter_usable_slot_yield    │  1.0000e+00 │
├────────────────────────────────────────┼─────────────┼─────────────────────────────────────────────────┼─────────────┼──────────────────────────────────────────────────────────────┼─────────────┼──────────────────────────────────────────────┼─────────────┤
│ ppo_actor/n_groups                     │  2.5600e+02 │ ppo_actor/update/behave_imp_weight/avg          │  9.9987e-01 │ ppo_actor/update/old_logp/min                                │ -1.8163e+01 │ eval-rollout/proxy_system_error              │  0.0000e+00 │
├────────────────────────────────────────┼─────────────┼─────────────────────────────────────────────────┼─────────────┼──────────────────────────────────────────────────────────────┼─────────────┼──────────────────────────────────────────────┼─────────────┤
│ ppo_actor/n_groups_size_4              │  2.5600e+02 │ ppo_actor/update/behave_imp_weight/max          │  1.4880e+00 │ ppo_actor/update/rs_filtered_fraction                        │  0.0000e+00 │ eval-rollout/reward                          │  8.7500e-01 │
├────────────────────────────────────────┼─────────────┼─────────────────────────────────────────────────┼─────────────┼──────────────────────────────────────────────────────────────┼─────────────┼──────────────────────────────────────────────┼─────────────┤
│ ppo_actor/n_seqs                       │  1.0240e+03 │ ppo_actor/update/behave_imp_weight/min          │  4.7569e-01 │ ppo_actor/update/unclipped_behave_tokens                     │  2.4059e+05 │ eval-rollout/singleton_slot_group            │  0.0000e+00 │
├────────────────────────────────────────┼─────────────┼─────────────────────────────────────────────────┼─────────────┼──────────────────────────────────────────────────────────────┼─────────────┼──────────────────────────────────────────────┼─────────────┤
│ ppo_actor/n_tokens                     │  8.6400e+05 │ ppo_actor/update/clip_ratio/avg                 │  0.0000e+00 │ ppo_actor/update/update_successful                           │  1.0000e+00 │ eval-rollout/target_slot_count               │  4.0000e+00 │
├────────────────────────────────────────┼─────────────┼─────────────────────────────────────────────────┼─────────────┼──────────────────────────────────────────────────────────────┼─────────────┼──────────────────────────────────────────────┼─────────────┤
│ ppo_actor/n_valid_tokens               │  2.4059e+05 │ ppo_actor/update/clip_ratio/max                 │  0.0000e+00 │ ppo_actor/update/version_stats/future_token_fraction         │  0.0000e+00 │ eval-rollout/trainable_slot_count            │  4.0000e+00 │
├────────────────────────────────────────┼─────────────┼─────────────────────────────────────────────────┼─────────────┼──────────────────────────────────────────────────────────────┼─────────────┼──────────────────────────────────────────────┼─────────────┤
│ ppo_actor/no_eos_ratios/avg            │  0.0000e+00 │ ppo_actor/update/clip_ratio/min                 │  0.0000e+00 │ ppo_actor/update/version_stats/n_valid_generated_tokens      │  2.4059e+05 │ eval-rollout/usable_slot_count               │  4.0000e+00 │
├────────────────────────────────────────┼─────────────┼─────────────────────────────────────────────────┼─────────────┼──────────────────────────────────────────────────────────────┼─────────────┼──────────────────────────────────────────────┼─────────────┤
│ ppo_actor/no_eos_ratios/max            │  0.0000e+00 │ ppo_actor/update/clipped_tokens                 │  0.0000e+00 │ ppo_actor/update/version_stats/sample_staleness_proximal_avg │  0.0000e+00 │ eval-rollout/num_turns/avg                   │  1.0000e+00 │
├────────────────────────────────────────┼─────────────┼─────────────────────────────────────────────────┼─────────────┼──────────────────────────────────────────────────────────────┼─────────────┼──────────────────────────────────────────────┼─────────────┤
│ ppo_actor/no_eos_ratios/min            │  0.0000e+00 │ ppo_actor/update/compute_logp/kl_div_direct/avg │  4.6808e-04 │ ppo_actor/update/version_stats/sample_staleness_proximal_max │  0.0000e+00 │ eval-rollout/num_turns_no_harness_err/avg    │  1.0000e+00 │
├────────────────────────────────────────┼─────────────┼─────────────────────────────────────────────────┼─────────────┼──────────────────────────────────────────────────────────────┼─────────────┼──────────────────────────────────────────────┼─────────────┤
│ ppo_actor/prompt_len/avg               │  9.8973e+01 │ ppo_actor/update/compute_logp/kl_div_direct/max │  7.4298e-01 │ ppo_actor/update/version_stats/sample_staleness_proximal_min │  0.0000e+00 │ eval-rollout/num_turns/min                   │  1.0000e+00 │
├────────────────────────────────────────┼─────────────┼─────────────────────────────────────────────────┼─────────────┼──────────────────────────────────────────────────────────────┼─────────────┼──────────────────────────────────────────────┼─────────────┤
│ ppo_actor/prompt_len/max               │  1.7700e+02 │ ppo_actor/update/compute_logp/kl_div_direct/min │ -3.9741e-01 │ ppo_actor/update/version_stats/sample_staleness_theta_avg    │  0.0000e+00 │ eval-rollout/num_turns_no_harness_err/min    │  1.0000e+00 │
├────────────────────────────────────────┼─────────────┼─────────────────────────────────────────────────┼─────────────┼──────────────────────────────────────────────────────────────┼─────────────┼──────────────────────────────────────────────┼─────────────┤
│ ppo_actor/prompt_len/min               │  6.3000e+01 │ ppo_actor/update/compute_logp/kl_div_dual/avg   │  3.3504e-04 │ ppo_actor/update/version_stats/sample_staleness_theta_max    │  0.0000e+00 │ eval-rollout/num_turns/max                   │  1.0000e+00 │
├────────────────────────────────────────┼─────────────┼─────────────────────────────────────────────────┼─────────────┼──────────────────────────────────────────────────────────────┼─────────────┼──────────────────────────────────────────────┼─────────────┤
│ ppo_actor/rs_upper                     │  5.0000e+00 │ ppo_actor/update/compute_logp/kl_div_dual/max   │  2.1867e-01 │ ppo_actor/update/version_stats/sample_staleness_theta_min    │  0.0000e+00 │ eval-rollout/num_turns_no_harness_err/max    │  1.0000e+00 │
├────────────────────────────────────────┼─────────────┼─────────────────────────────────────────────────┼─────────────┼──────────────────────────────────────────────────────────────┼─────────────┼──────────────────────────────────────────────┼─────────────┤
│ ppo_actor/seq_len/avg                  │  3.3392e+02 │ ppo_actor/update/compute_logp/kl_div_dual/min   │ -8.9611e-08 │ ppo_actor/update/version_stats/stale_token_fraction          │  0.0000e+00 │                                              │             │
╘════════════════════════════════════════╧═════════════╧═════════════════════════════════════════════════╧═════════════╧══════════════════════════════════════════════════════════════╧═════════════╧══════════════════════════════════════════════╧═════════════╛
[96m[1;38;2;180;140;80m(AReaL)[0m [96m20261003-00:14:03.167 [MegatronEngine Rank 1] INFO: #microbatch: 8, microbatch #tokens: [10232, 10235, 10240, 10237, 10230, 8043, 10237, 10236], aligned to: [10232, 10235, 10240, 10237, 10230, 8043, 10237, 10236], padded to: [10240, 10240, 10240, 10240, 10240, 8192, 10240, 10240], padding lengths: [8, 5, 0, 3, 10, 149, 3, 4].
[96m[1;38;2;180;140;80m(AReaL)[0m [96m20261003-00:14:03.168 [MegatronEngine Rank 3] INFO: #microbatch: 8, microbatch #tokens: [10219, 10194, 10213, 10231, 6800, 10226, 10240, 10226], aligned to: [10219, 10194, 10213, 10231, 6800, 10226, 10240, 10226], padded to: [10240, 10240, 10240, 10240, 6912, 10240, 10240, 10240], padding lengths: [21, 46, 27, 9, 112, 14, 0, 14].
[96m[1;38;2;180;140;80m(AReaL)[0m [96m20261003-00:14:03.168 [MegatronEngine Rank 0] INFO: #microbatch: 8, microbatch #tokens: [10239, 10184, 10228, 10149, 10231, 10219, 8481, 10240], aligned to: [10239, 10184, 10228, 10149, 10231, 10219, 8481, 10240], padded to: [10240, 10240, 10240, 10240, 10240, 10240, 8704, 10240], padding lengths: [1, 56, 12, 91, 9, 21, 223, 0].
[96m[1;38;2;180;140;80m(AReaL)[0m [96m20261003-00:14:03.168 [MegatronEngine Rank 2] INFO: #microbatch: 8, microbatch #tokens: [10223, 10238, 10240, 10164, 10176, 10222, 10215, 7521], aligned to: [10223, 10238, 10240, 10164, 10176, 10222, 10215, 7521], padded to: [10240, 10240, 10240, 10240, 10240, 10240, 10240, 7680], padding lengths: [17, 2, 0, 76, 64, 18, 25, 159].
[37m[1;38;2;180;140;80m(AReaL)[0m [37m20261003-00:14:05.666 IOStruct INFO: Memory-Usage recompute logp: memory allocated (GB): 21.13, memory reserved (GB): 37.25, device memory used/total (GB): 44.03/139.81 | host RssAnon: 1343MB, RssShmem: 12MB
[37m[1;38;2;180;140;80m(AReaL)[0m [37m20261003-00:14:06.172 IOStruct INFO: Memory-Usage compute advantages: memory allocated (GB): 21.14, memory reserved (GB): 37.25, device memory used/total (GB): 44.03/139.81 | host RssAnon: 1349MB, RssShmem: 12MB
[96m[1;38;2;180;140;80m(AReaL)[0m [96m20261003-00:14:06.630 [MegatronEngine Rank 1] INFO: #microbatch: 8, microbatch #tokens: [10232, 10235, 10240, 10237, 10230, 8043, 10237, 10236], aligned to: [10232, 10235, 10240, 10237, 10230, 8043, 10237, 10236], padded to: [10240, 10240, 10240, 10240, 10240, 8192, 10240, 10240], padding lengths: [8, 5, 0, 3, 10, 149, 3, 4].
[96m[1;38;2;180;140;80m(AReaL)[0m [96m20261003-00:14:06.630 [MegatronEngine Rank 0] INFO: #microbatch: 8, microbatch #tokens: [10239, 10184, 10228, 10149, 10231, 10219, 8481, 10240], aligned to: [10239, 10184, 10228, 10149, 10231, 10219, 8481, 10240], padded to: [10240, 10240, 10240, 10240, 10240, 10240, 8704, 10240], padding lengths: [1, 56, 12, 91, 9, 21, 223, 0].
[96m[1;38;2;180;140;80m(AReaL)[0m [96m20261003-00:14:06.631 [MegatronEngine Rank 2] INFO: #microbatch: 8, microbatch #tokens: [10223, 10238, 10240, 10164, 10176, 10222, 10215, 7521], aligned to: [10223, 10238, 10240, 10164, 10176, 10222, 10215, 7521], padded to: [10240, 10240, 10240, 10240, 10240, 10240, 10240, 7680], padding lengths: [17, 2, 0, 76, 64, 18, 25, 159].
[96m[1;38;2;180;140;80m(AReaL)[0m [96m20261003-00:14:06.636 [MegatronEngine Rank 3] INFO: #microbatch: 8, microbatch #tokens: [10219, 10194, 10213, 10231, 6800, 10226, 10240, 10226], aligned to: [10219, 10194, 10213, 10231, 6800, 10226, 10240, 10226], padded to: [10240, 10240, 10240, 10240, 6912, 10240, 10240, 10240], padding lengths: [21, 46, 27, 9, 112, 14, 0, 14].
[37m[1;38;2;180;140;80m(AReaL)[0m [37m20261003-00:14:14.591 IOStruct INFO: Memory-Usage ppo update: memory allocated (GB): 21.13, memory reserved (GB): 71.27, device memory used/total (GB): 78.05/139.81 | host RssAnon: 1349MB, RssShmem: 12MB
[37m[1;38;2;180;140;80m(AReaL)[0m [37m20261003-00:14:26.248 HFUtils INFO: Copied generation_config.json from /storage/openpsi/models/Qwen__Qwen2.5-1.5B-Instruct to /storage/openpsi/users/fenghui/projects/AReaL/research/muon/evidence/baseline-aligned-3epoch-20261003/muon/results/checkpoints/root/gsm8k-grpo-megatron-muon-baseline3/trial0/default/epoch1epochstep0globalstep1
[37m[1;38;2;180;140;80m(AReaL)[0m [37m20261003-00:14:26.258 HFUtils INFO: Copied tokenizer_config.json from /storage/openpsi/models/Qwen__Qwen2.5-1.5B-Instruct to /storage/openpsi/users/fenghui/projects/AReaL/research/muon/evidence/baseline-aligned-3epoch-20261003/muon/results/checkpoints/root/gsm8k-grpo-megatron-muon-baseline3/trial0/default/epoch1epochstep0globalstep1
[37m[1;38;2;180;140;80m(AReaL)[0m [37m20261003-00:14:26.275 HFUtils INFO: Copied vocab.json from /storage/openpsi/models/Qwen__Qwen2.5-1.5B-Instruct to /storage/openpsi/users/fenghui/projects/AReaL/research/muon/evidence/baseline-aligned-3epoch-20261003/muon/results/checkpoints/root/gsm8k-grpo-megatron-muon-baseline3/trial0/default/epoch1epochstep0globalstep1
[37m[1;38;2;180;140;80m(AReaL)[0m [37m20261003-00:14:26.290 HFUtils INFO: Copied merges.txt from /storage/openpsi/models/Qwen__Qwen2.5-1.5B-Instruct to /storage/openpsi/users/fenghui/projects/AReaL/research/muon/evidence/baseline-aligned-3epoch-20261003/muon/results/checkpoints/root/gsm8k-grpo-megatron-muon-baseline3/trial0/default/epoch1epochstep0globalstep1
[37m[1;38;2;180;140;80m(AReaL)[0m [37m20261003-00:14:26.291 HFUtils INFO: special_tokens_map.json does not exist in /storage/openpsi/models/Qwen__Qwen2.5-1.5B-Instruct; skipping
[37m[1;38;2;180;140;80m(AReaL)[0m [37m20261003-00:14:26.310 HFUtils INFO: Copied tokenizer.json from /storage/openpsi/models/Qwen__Qwen2.5-1.5B-Instruct to /storage/openpsi/users/fenghui/projects/AReaL/research/muon/evidence/baseline-aligned-3epoch-20261003/muon/results/checkpoints/root/gsm8k-grpo-megatron-muon-baseline3/trial0/default/epoch1epochstep0globalstep1
[37m[1;38;2;180;140;80m(AReaL)[0m [37m20261003-00:14:26.329 HFUtils INFO: Patched config.json: torch_dtype=bfloat16
[37m[1;38;2;180;140;80m(AReaL)[0m [37m20261003-00:14:26.524 DataBP INFO: Cleared 594 batch shards. Stats: {'status': 'ok', 'cleared_count': 594, 'num_tensors': 738, 'total_bytes': 5182632}
[37m[1;38;2;180;140;80m(AReaL)[0m [37m20261003-00:14:26.524 DataBP INFO: Cleared 558 batch shards. Stats: {'status': 'ok', 'cleared_count': 558, 'num_tensors': 864, 'total_bytes': 6024504}
[37m[1;38;2;180;140;80m(AReaL)[0m [37m20261003-00:14:26.524 DataBP INFO: Cleared 657 batch shards. Stats: {'status': 'ok', 'cleared_count': 657, 'num_tensors': 1008, 'total_bytes': 6546744}
[37m[1;38;2;180;140;80m(AReaL)[0m [37m20261003-00:14:26.524 DataBP INFO: Cleared 495 batch shards. Stats: {'status': 'ok', 'cleared_count': 495, 'num_tensors': 594, 'total_bytes': 3956040}
[37m[1;38;2;180;140;80m(AReaL)[0m [37m20261003-00:14:26.527 DataBP INFO: Cleared 960 batch shards. Stats: {'status': 'ok', 'cleared_count': 960, 'num_tensors': 0, 'total_bytes': 0}
[37m[1;38;2;180;140;80m(AReaL)[0m [37m20261003-00:14:26.527 DataBP INFO: Cleared 960 batch shards. Stats: {'status': 'ok', 'cleared_count': 960, 'num_tensors': 0, 'total_bytes': 0}
[37m[1;38;2;180;140;80m(AReaL)[0m [37m20261003-00:14:26.528 DataBP INFO: Cleared 960 batch shards. Stats: {'status': 'ok', 'cleared_count': 960, 'num_tensors': 0, 'total_bytes': 0}
[37m[1;38;2;180;140;80m(AReaL)[0m [37m20261003-00:14:26.528 DataBP INFO: Cleared 960 batch shards. Stats: {'status': 'ok', 'cleared_count': 960, 'num_tensors': 0, 'total_bytes': 0}
[37m[1;38;2;180;140;80m(AReaL)[0m [37m20261003-00:14:27.864 DataBP INFO: Cleared 9 batch shards. Stats: {'status': 'ok', 'cleared_count': 9, 'num_tensors': 0, 'total_bytes': 0}
[37m[1;38;2;180;140;80m(AReaL)[0m [37m20261003-00:14:27.864 DataBP INFO: Cleared 9 batch shards. Stats: {'status': 'ok', 'cleared_count': 9, 'num_tensors': 0, 'total_bytes': 0}
[37m[1;38;2;180;140;80m(AReaL)[0m [37m20261003-00:14:27.864 DataBP INFO: Cleared 9 batch shards. Stats: {'status': 'ok', 'cleared_count': 9, 'num_tensors': 0, 'total_bytes': 0}
[37m[1;38;2;180;140;80m(AReaL)[0m [37m20261003-00:14:27.864 DataBP INFO: Cleared 9 batch shards. Stats: {'status': 'ok', 'cleared_count': 9, 'num_tensors': 0, 'total_bytes': 0}
[92m[1;38;2;180;140;80m(AReaL)[0m [92m20261003-00:14:27.973 StatsLogger INFO: Epoch 2/3 Step 1/1 Train step 2/3 done.
[92m[1;38;2;180;140;80m(AReaL)[0m [92m20261003-00:14:27.973 StatsLogger INFO: Stats (1/1):
[92m[1;38;2;180;140;80m(AReaL)[0m [92m20261003-00:14:27.977 StatsLogger INFO: 
╒════════════════════════════════════════╤═════════════╤═════════════════════════════════════════════════╤═════════════╤══════════════════════════════════════════════════════════════╤═════════════╤══════════════════════════════════════════════╤═════════════╕
│ timeperf/rollout                       │  2.3634e+00 │ ppo_actor/seq_len/max                           │  8.2700e+02 │ ppo_actor/update/compute_logp/kl_div_taylor/avg              │  3.7436e-04 │ ppo_actor/update/version_stats/v_proximal    │  1.0000e+00 │
├────────────────────────────────────────┼─────────────┼─────────────────────────────────────────────────┼─────────────┼──────────────────────────────────────────────────────────────┼─────────────┼──────────────────────────────────────────────┼─────────────┤
│ timeperf/recompute_logp                │  2.8687e+00 │ ppo_actor/seq_len/min                           │  8.7000e+01 │ ppo_actor/update/compute_logp/kl_div_taylor/max              │  4.4022e-01 │ ppo_actor/update/version_stats/v_theta       │  1.0000e+00 │
├────────────────────────────────────────┼─────────────┼─────────────────────────────────────────────────┼─────────────┼──────────────────────────────────────────────────────────────┼─────────────┼──────────────────────────────────────────────┼─────────────┤
│ timeperf/compute_advantage             │  5.0557e-01 │ ppo_actor/task_reward/avg                       │  7.4512e-01 │ ppo_actor/update/compute_logp/kl_div_taylor/min              │  0.0000e+00 │ ppo_actor/update/vocab_max_logits/avg        │  2.9755e+01 │
├────────────────────────────────────────┼─────────────┼─────────────────────────────────────────────────┼─────────────┼──────────────────────────────────────────────────────────────┼─────────────┼──────────────────────────────────────────────┼─────────────┤
│ timeperf/train_step                    │  8.4193e+00 │ ppo_actor/task_reward/max                       │  1.0000e+00 │ ppo_actor/update/compute_logp/n_valid_tokens                 │  2.1803e+05 │ ppo_actor/update/vocab_max_logits/max        │  4.9000e+01 │
├────────────────────────────────────────┼─────────────┼─────────────────────────────────────────────────┼─────────────┼──────────────────────────────────────────────────────────────┼─────────────┼──────────────────────────────────────────────┼─────────────┤
│ timeperf/update_weights                │  3.2721e+00 │ ppo_actor/task_reward/min                       │  0.0000e+00 │ ppo_actor/update/compute_logp/prox_logp_gt/avg               │ -2.7640e-01 │ ppo_actor/update/vocab_max_logits/min        │  1.2562e+01 │
├────────────────────────────────────────┼─────────────┼─────────────────────────────────────────────────┼─────────────┼──────────────────────────────────────────────────────────────┼─────────────┼──────────────────────────────────────────────┼─────────────┤
│ timeperf/save                          │  8.6310e+00 │ ppo_actor/train_infer/kl_k1                     │  3.6120e-04 │ ppo_actor/update/compute_logp/prox_logp_gt/max               │  0.0000e+00 │ ppo_actor/update/vocab_min_logits/avg        │ -1.6085e+01 │
├────────────────────────────────────────┼─────────────┼─────────────────────────────────────────────────┼─────────────┼──────────────────────────────────────────────────────────────┼─────────────┼──────────────────────────────────────────────┼─────────────┤
│ timeperf/checkpoint_for_recover        │  1.1332e-04 │ ppo_actor/train_infer/kl_k2                     │  3.7436e-04 │ ppo_actor/update/compute_logp/prox_logp_gt/min               │ -2.4115e+01 │ ppo_actor/update/vocab_min_logits/max        │ -5.5938e+00 │
├────────────────────────────────────────┼─────────────┼─────────────────────────────────────────────────┼─────────────┼──────────────────────────────────────────────────────────────┼─────────────┼──────────────────────────────────────────────┼─────────────┤
│ timeperf/clear_batches                 │  2.3427e-01 │ ppo_actor/train_infer/kl_k3                     │  3.6922e-04 │ ppo_actor/update/dual_clip_ratio/avg                         │  0.0000e+00 │ ppo_actor/update/vocab_min_logits/min        │ -4.2250e+01 │
├────────────────────────────────────────┼─────────────┼─────────────────────────────────────────────────┼─────────────┼──────────────────────────────────────────────────────────────┼─────────────┼──────────────────────────────────────────────┼─────────────┤
│ timeperf/eval                          │  1.1206e+00 │ ppo_actor/train_infer/kl_k3_overflow_fraction   │  0.0000e+00 │ ppo_actor/update/dual_clip_ratio/max                         │  0.0000e+00 │ ppo_actor/usable_group_size/avg              │  4.0000e+00 │
├────────────────────────────────────────┼─────────────┼─────────────────────────────────────────────────┼─────────────┼──────────────────────────────────────────────────────────────┼─────────────┼──────────────────────────────────────────────┼─────────────┤
│ ppo_actor/advantage_negative_fraction  │  6.9903e-01 │ ppo_actor/train_infer/logp_abs_diff/avg         │  8.7621e-03 │ ppo_actor/update/dual_clip_ratio/min                         │  0.0000e+00 │ ppo_actor/usable_group_size/max              │  4.0000e+00 │
├────────────────────────────────────────┼─────────────┼─────────────────────────────────────────────────┼─────────────┼──────────────────────────────────────────────────────────────┼─────────────┼──────────────────────────────────────────────┼─────────────┤
│ ppo_actor/advantage_positive_fraction  │  3.0097e-01 │ ppo_actor/train_infer/logp_abs_diff/max         │  9.3832e-01 │ ppo_actor/update/dual_clipped_tokens                         │  0.0000e+00 │ ppo_actor/usable_group_size/min              │  4.0000e+00 │
├────────────────────────────────────────┼─────────────┼─────────────────────────────────────────────────┼─────────────┼──────────────────────────────────────────────────────────────┼─────────────┼──────────────────────────────────────────────┼─────────────┤
│ ppo_actor/advantage_zero_fraction      │  0.0000e+00 │ ppo_actor/train_infer/logp_abs_diff/min         │  0.0000e+00 │ ppo_actor/update/entropy/avg                                 │  2.7602e-01 │ ppo_actor/use_dual_clip                      │  0.0000e+00 │
├────────────────────────────────────────┼─────────────┼─────────────────────────────────────────────────┼─────────────┼──────────────────────────────────────────────────────────────┼─────────────┼──────────────────────────────────────────────┼─────────────┤
│ ppo_actor/advantages/avg               │ -8.3281e-09 │ ppo_actor/train_infer/logp_diff/avg             │ -3.6120e-04 │ ppo_actor/update/entropy/max                                 │  6.8084e+00 │ rollout/num_turns_count                      │  1.9880e+03 │
├────────────────────────────────────────┼─────────────┼─────────────────────────────────────────────────┼─────────────┼──────────────────────────────────────────────────────────────┼─────────────┼──────────────────────────────────────────────┼─────────────┤
│ ppo_actor/advantages/max               │  2.5040e+00 │ ppo_actor/train_infer/logp_diff/max             │  4.0626e-01 │ ppo_actor/update/entropy/min                                 │  6.5858e-10 │ rollout/num_turns_no_harness_err_count       │  1.9880e+03 │
├────────────────────────────────────────┼─────────────┼─────────────────────────────────────────────────┼─────────────┼──────────────────────────────────────────────────────────────┼─────────────┼──────────────────────────────────────────────┼─────────────┤
│ ppo_actor/advantages/min               │ -2.6009e+00 │ ppo_actor/train_infer/logp_diff/min             │ -9.3832e-01 │ ppo_actor/update/grad_norm                                   │  3.6648e-01 │ rollout/accepted                             │  1.0000e+00 │
├────────────────────────────────────────┼─────────────┼─────────────────────────────────────────────────┼─────────────┼──────────────────────────────────────────────────────────────┼─────────────┼──────────────────────────────────────────────┼─────────────┤
│ ppo_actor/correct_n_seqs               │  7.6300e+02 │ ppo_actor/train_infer/logp_diff_squared         │  7.4872e-04 │ ppo_actor/update/importance_weight/avg                       │  1.0000e+00 │ rollout/context_overflow                     │  0.0000e+00 │
├────────────────────────────────────────┼─────────────┼─────────────────────────────────────────────────┼─────────────┼──────────────────────────────────────────────────────────────┼─────────────┼──────────────────────────────────────────────┼─────────────┤
│ ppo_actor/correct_seq_len/avg          │  3.0656e+02 │ ppo_actor/train_infer/n_valid_tokens            │  2.1803e+05 │ ppo_actor/update/importance_weight/max                       │  1.0000e+00 │ rollout/fully_masked_group                   │  0.0000e+00 │
├────────────────────────────────────────┼─────────────┼─────────────────────────────────────────────────┼─────────────┼──────────────────────────────────────────────────────────────┼─────────────┼──────────────────────────────────────────────┼─────────────┤
│ ppo_actor/correct_seq_len/max          │  8.0400e+02 │ ppo_actor/train_infer/nonfinite_logp_fraction   │  0.0000e+00 │ ppo_actor/update/importance_weight/min                       │  1.0000e+00 │ rollout/pre_filter_trainable_slot_yield      │  1.0000e+00 │
├────────────────────────────────────────┼─────────────┼─────────────────────────────────────────────────┼─────────────┼──────────────────────────────────────────────────────────────┼─────────────┼──────────────────────────────────────────────┼─────────────┤
│ ppo_actor/correct_seq_len/min          │  9.4000e+01 │ ppo_actor/train_infer/ratio_outside_1.5         │  8.7143e-05 │ ppo_actor/update/logp_abs_diff/avg                           │  8.7621e-03 │ rollout/pre_filter_usable_slot_yield         │  1.0000e+00 │
├────────────────────────────────────────┼─────────────┼─────────────────────────────────────────────────┼─────────────┼──────────────────────────────────────────────────────────────┼─────────────┼──────────────────────────────────────────────┼─────────────┤
│ ppo_actor/eps_clip                     │  4.0000e-01 │ ppo_actor/train_infer/ratio_outside_10          │  0.0000e+00 │ ppo_actor/update/logp_abs_diff/max                           │  9.3832e-01 │ rollout/proxy_system_error                   │  0.0000e+00 │
├────────────────────────────────────────┼─────────────┼─────────────────────────────────────────────────┼─────────────┼──────────────────────────────────────────────────────────────┼─────────────┼──────────────────────────────────────────────┼─────────────┤
│ ppo_actor/final_reward/avg             │ -1.6129e-11 │ ppo_actor/train_infer/ratio_outside_2           │  4.5865e-06 │ ppo_actor/update/logp_abs_diff/min                           │  0.0000e+00 │ rollout/reward                               │  6.9618e-01 │
├────────────────────────────────────────┼─────────────┼─────────────────────────────────────────────────┼─────────────┼──────────────────────────────────────────────────────────────┼─────────────┼──────────────────────────────────────────────┼─────────────┤
│ ppo_actor/final_reward/max             │  1.5000e+00 │ ppo_actor/train_infer/ratio_outside_3           │  0.0000e+00 │ ppo_actor/update/logp_diff/avg                               │  3.6120e-04 │ rollout/singleton_slot_group                 │  0.0000e+00 │
├────────────────────────────────────────┼─────────────┼─────────────────────────────────────────────────┼─────────────┼──────────────────────────────────────────────────────────────┼─────────────┼──────────────────────────────────────────────┼─────────────┤
│ ppo_actor/final_reward/min             │ -1.5000e+00 │ ppo_actor/train_infer/ratio_outside_5           │  0.0000e+00 │ ppo_actor/update/logp_diff/max                               │  9.3832e-01 │ rollout/target_slot_count                    │  4.0000e+00 │
├────────────────────────────────────────┼─────────────┼─────────────────────────────────────────────────┼─────────────┼──────────────────────────────────────────────────────────────┼─────────────┼──────────────────────────────────────────────┼─────────────┤
│ ppo_actor/group_loss_weight/avg        │  8.5169e+02 │ ppo_actor/train_infer/rollout_nll               │  2.7604e-01 │ ppo_actor/update/logp_diff/min                               │ -4.0626e-01 │ rollout/trainable_slot_count                 │  4.0000e+00 │
├────────────────────────────────────────┼─────────────┼─────────────────────────────────────────────────┼─────────────┼──────────────────────────────────────────────────────────────┼─────────────┼──────────────────────────────────────────────┼─────────────┤
│ ppo_actor/group_loss_weight/max        │  1.9780e+03 │ ppo_actor/train_infer/trainer_nll               │  2.7640e-01 │ ppo_actor/update/lr                                          │  3.0000e-06 │ rollout/usable_slot_count                    │  4.0000e+00 │
├────────────────────────────────────────┼─────────────┼─────────────────────────────────────────────────┼─────────────┼──────────────────────────────────────────────────────────────┼─────────────┼──────────────────────────────────────────────┼─────────────┤
│ ppo_actor/group_loss_weight/min        │  2.4400e+02 │ ppo_actor/update/actor_loss/avg                 │ -1.4849e-04 │ ppo_actor/update/masked_token_ratio                          │  3.1927e-01 │ rollout/num_turns/avg                        │  1.0000e+00 │
├────────────────────────────────────────┼─────────────┼─────────────────────────────────────────────────┼─────────────┼──────────────────────────────────────────────────────────────┼─────────────┼──────────────────────────────────────────────┼─────────────┤
│ ppo_actor/group_loss_weight_size_4/avg │  8.5169e+02 │ ppo_actor/update/actor_loss/max                 │  3.8418e+00 │ ppo_actor/update/n_masked_tokens                             │  3.0930e+03 │ rollout/num_turns_no_harness_err/avg         │  1.0000e+00 │
├────────────────────────────────────────┼─────────────┼─────────────────────────────────────────────────┼─────────────┼──────────────────────────────────────────────────────────────┼─────────────┼──────────────────────────────────────────────┼─────────────┤
│ ppo_actor/group_loss_weight_size_4/max │  1.9780e+03 │ ppo_actor/update/actor_loss/min                 │ -3.2460e+00 │ ppo_actor/update/n_tokens                                    │  3.1701e+05 │ rollout/num_turns/min                        │  1.0000e+00 │
├────────────────────────────────────────┼─────────────┼─────────────────────────────────────────────────┼─────────────┼──────────────────────────────────────────────────────────────┼─────────────┼──────────────────────────────────────────────┼─────────────┤
│ ppo_actor/group_loss_weight_size_4/min │  2.4400e+02 │ ppo_actor/update/approx_kl/avg                  │  0.0000e+00 │ ppo_actor/update/n_total_tokens                              │  9.9065e+03 │ rollout/num_turns_no_harness_err/min         │  1.0000e+00 │
├────────────────────────────────────────┼─────────────┼─────────────────────────────────────────────────┼─────────────┼──────────────────────────────────────────────────────────────┼─────────────┼──────────────────────────────────────────────┼─────────────┤
│ ppo_actor/incorrect_n_seqs             │  2.6100e+02 │ ppo_actor/update/approx_kl/max                  │  0.0000e+00 │ ppo_actor/update/n_valid_tokens                              │  2.1803e+05 │ rollout/num_turns/max                        │  1.0000e+00 │
├────────────────────────────────────────┼─────────────┼─────────────────────────────────────────────────┼─────────────┼──────────────────────────────────────────────────────────────┼─────────────┼──────────────────────────────────────────────┼─────────────┤
│ ppo_actor/incorrect_seq_len/avg        │  3.1840e+02 │ ppo_actor/update/approx_kl/min                  │  0.0000e+00 │ ppo_actor/update/n_valid_tokens_in_loss                      │  6.8135e+03 │ rollout/num_turns_no_harness_err/max         │  1.0000e+00 │
├────────────────────────────────────────┼─────────────┼─────────────────────────────────────────────────┼─────────────┼──────────────────────────────────────────────────────────────┼─────────────┼──────────────────────────────────────────────┼─────────────┤
│ ppo_actor/incorrect_seq_len/max        │  8.2700e+02 │ ppo_actor/update/behave_approx_kl/avg           │ -3.6120e-04 │ ppo_actor/update/new_logp/avg                                │ -2.7640e-01 │ eval-rollout/num_turns_count                 │  1.6000e+01 │
├────────────────────────────────────────┼─────────────┼─────────────────────────────────────────────────┼─────────────┼──────────────────────────────────────────────────────────────┼─────────────┼──────────────────────────────────────────────┼─────────────┤
│ ppo_actor/incorrect_seq_len/min        │  8.7000e+01 │ ppo_actor/update/behave_approx_kl/max           │  4.0626e-01 │ ppo_actor/update/new_logp/max                                │  0.0000e+00 │ eval-rollout/num_turns_no_harness_err_count  │  1.6000e+01 │
├────────────────────────────────────────┼─────────────┼─────────────────────────────────────────────────┼─────────────┼──────────────────────────────────────────────────────────────┼─────────────┼──────────────────────────────────────────────┼─────────────┤
│ ppo_actor/kl_rewards/avg               │  0.0000e+00 │ ppo_actor/update/behave_approx_kl/min           │ -9.3832e-01 │ ppo_actor/update/new_logp/min                                │ -2.4115e+01 │ eval-rollout/context_overflow                │  0.0000e+00 │
├────────────────────────────────────────┼─────────────┼─────────────────────────────────────────────────┼─────────────┼──────────────────────────────────────────────────────────────┼─────────────┼──────────────────────────────────────────────┼─────────────┤
│ ppo_actor/kl_rewards/max               │  0.0000e+00 │ ppo_actor/update/behave_filtered_ratio/avg      │  0.0000e+00 │ ppo_actor/update/num_micro_batches                           │  8.0000e+00 │ eval-rollout/fully_masked_group              │  0.0000e+00 │
├────────────────────────────────────────┼─────────────┼─────────────────────────────────────────────────┼─────────────┼──────────────────────────────────────────────────────────────┼─────────────┼──────────────────────────────────────────────┼─────────────┤
│ ppo_actor/kl_rewards/min               │  0.0000e+00 │ ppo_actor/update/behave_filtered_ratio/max      │  0.0000e+00 │ ppo_actor/update/old_logp/avg                                │ -2.7604e-01 │ eval-rollout/pre_filter_trainable_slot_yield │  1.0000e+00 │
├────────────────────────────────────────┼─────────────┼─────────────────────────────────────────────────┼─────────────┼──────────────────────────────────────────────────────────────┼─────────────┼──────────────────────────────────────────────┼─────────────┤
│ ppo_actor/mask_no_eos_with_zero        │  0.0000e+00 │ ppo_actor/update/behave_filtered_ratio/min      │  0.0000e+00 │ ppo_actor/update/old_logp/max                                │  0.0000e+00 │ eval-rollout/pre_filter_usable_slot_yield    │  1.0000e+00 │
├────────────────────────────────────────┼─────────────┼─────────────────────────────────────────────────┼─────────────┼──────────────────────────────────────────────────────────────┼─────────────┼──────────────────────────────────────────────┼─────────────┤
│ ppo_actor/n_groups                     │  2.5600e+02 │ ppo_actor/update/behave_imp_weight/avg          │  1.0000e+00 │ ppo_actor/update/old_logp/min                                │ -2.3993e+01 │ eval-rollout/proxy_system_error              │  0.0000e+00 │
├────────────────────────────────────────┼─────────────┼─────────────────────────────────────────────────┼─────────────┼──────────────────────────────────────────────────────────────┼─────────────┼──────────────────────────────────────────────┼─────────────┤
│ ppo_actor/n_groups_size_4              │  2.5600e+02 │ ppo_actor/update/behave_imp_weight/max          │  1.5012e+00 │ ppo_actor/update/rs_filtered_fraction                        │  0.0000e+00 │ eval-rollout/reward                          │  8.1250e-01 │
├────────────────────────────────────────┼─────────────┼─────────────────────────────────────────────────┼─────────────┼──────────────────────────────────────────────────────────────┼─────────────┼──────────────────────────────────────────────┼─────────────┤
│ ppo_actor/n_seqs                       │  1.0240e+03 │ ppo_actor/update/behave_imp_weight/min          │  3.9128e-01 │ ppo_actor/update/unclipped_behave_tokens                     │  2.1803e+05 │ eval-rollout/singleton_slot_group            │  0.0000e+00 │
├────────────────────────────────────────┼─────────────┼─────────────────────────────────────────────────┼─────────────┼──────────────────────────────────────────────────────────────┼─────────────┼──────────────────────────────────────────────┼─────────────┤
│ ppo_actor/n_tokens                     │  8.0768e+05 │ ppo_actor/update/clip_ratio/avg                 │  0.0000e+00 │ ppo_actor/update/update_successful                           │  1.0000e+00 │ eval-rollout/target_slot_count               │  4.0000e+00 │
├────────────────────────────────────────┼─────────────┼─────────────────────────────────────────────────┼─────────────┼──────────────────────────────────────────────────────────────┼─────────────┼──────────────────────────────────────────────┼─────────────┤
│ ppo_actor/n_valid_tokens               │  2.1803e+05 │ ppo_actor/update/clip_ratio/max                 │  0.0000e+00 │ ppo_actor/update/version_stats/future_token_fraction         │  0.0000e+00 │ eval-rollout/trainable_slot_count            │  4.0000e+00 │
├────────────────────────────────────────┼─────────────┼─────────────────────────────────────────────────┼─────────────┼──────────────────────────────────────────────────────────────┼─────────────┼──────────────────────────────────────────────┼─────────────┤
│ ppo_actor/no_eos_ratios/avg            │  0.0000e+00 │ ppo_actor/update/clip_ratio/min                 │  0.0000e+00 │ ppo_actor/update/version_stats/n_valid_generated_tokens      │  2.1803e+05 │ eval-rollout/usable_slot_count               │  4.0000e+00 │
├────────────────────────────────────────┼─────────────┼─────────────────────────────────────────────────┼─────────────┼──────────────────────────────────────────────────────────────┼─────────────┼──────────────────────────────────────────────┼─────────────┤
│ ppo_actor/no_eos_ratios/max            │  0.0000e+00 │ ppo_actor/update/clipped_tokens                 │  0.0000e+00 │ ppo_actor/update/version_stats/sample_staleness_proximal_avg │  7.9255e-01 │ eval-rollout/num_turns/avg                   │  1.0000e+00 │
├────────────────────────────────────────┼─────────────┼─────────────────────────────────────────────────┼─────────────┼──────────────────────────────────────────────────────────────┼─────────────┼──────────────────────────────────────────────┼─────────────┤
│ ppo_actor/no_eos_ratios/min            │  0.0000e+00 │ ppo_actor/update/compute_logp/kl_div_direct/avg │  3.6120e-04 │ ppo_actor/update/version_stats/sample_staleness_proximal_max │  1.0000e+00 │ eval-rollout/num_turns_no_harness_err/avg    │  1.0000e+00 │
├────────────────────────────────────────┼─────────────┼─────────────────────────────────────────────────┼─────────────┼──────────────────────────────────────────────────────────────┼─────────────┼──────────────────────────────────────────────┼─────────────┤
│ ppo_actor/prompt_len/avg               │  9.6656e+01 │ ppo_actor/update/compute_logp/kl_div_direct/max │  9.3832e-01 │ ppo_actor/update/version_stats/sample_staleness_proximal_min │  0.0000e+00 │ eval-rollout/num_turns/min                   │  1.0000e+00 │
├────────────────────────────────────────┼─────────────┼─────────────────────────────────────────────────┼─────────────┼──────────────────────────────────────────────────────────────┼─────────────┼──────────────────────────────────────────────┼─────────────┤
│ ppo_actor/prompt_len/max               │  1.7700e+02 │ ppo_actor/update/compute_logp/kl_div_direct/min │ -4.0626e-01 │ ppo_actor/update/version_stats/sample_staleness_theta_avg    │  7.9255e-01 │ eval-rollout/num_turns_no_harness_err/min    │  1.0000e+00 │
├────────────────────────────────────────┼─────────────┼─────────────────────────────────────────────────┼─────────────┼──────────────────────────────────────────────────────────────┼─────────────┼──────────────────────────────────────────────┼─────────────┤
│ ppo_actor/prompt_len/min               │  6.3000e+01 │ ppo_actor/update/compute_logp/kl_div_dual/avg   │  3.6922e-04 │ ppo_actor/update/version_stats/sample_staleness_theta_max    │  1.0000e+00 │ eval-rollout/num_turns/max                   │  1.0000e+00 │
├────────────────────────────────────────┼─────────────┼─────────────────────────────────────────────────┼─────────────┼──────────────────────────────────────────────────────────────┼─────────────┼──────────────────────────────────────────────┼─────────────┤
│ ppo_actor/rs_upper                     │  5.0000e+00 │ ppo_actor/update/compute_logp/kl_div_dual/max   │  3.2960e-01 │ ppo_actor/update/version_stats/sample_staleness_theta_min    │  0.0000e+00 │ eval-rollout/num_turns_no_harness_err/max    │  1.0000e+00 │
├────────────────────────────────────────┼─────────────┼─────────────────────────────────────────────────┼─────────────┼──────────────────────────────────────────────────────────────┼─────────────┼──────────────────────────────────────────────┼─────────────┤
│ ppo_actor/seq_len/avg                  │  3.0958e+02 │ ppo_actor/update/compute_logp/kl_div_dual/min   │ -8.9407e-08 │ ppo_actor/update/version_stats/stale_token_fraction          │  7.9255e-01 │                                              │             │
╘════════════════════════════════════════╧═════════════╧═════════════════════════════════════════════════╧═════════════╧══════════════════════════════════════════════════════════════╧═════════════╧══════════════════════════════════════════════╧═════════════╛
[96m[1;38;2;180;140;80m(AReaL)[0m [96m20261003-00:14:29.637 [MegatronEngine Rank 3] INFO: #microbatch: 10, microbatch #tokens: [10239, 10239, 10239, 10229, 10239, 10108, 10205, 10224, 10238, 2312], aligned to: [10239, 10239, 10239, 10229, 10239, 10108, 10205, 10224, 10238, 2312], padded to: [10240, 10240, 10240, 10240, 10240, 10240, 10240, 10240, 10240, 2560], padding lengths: [1, 1, 1, 11, 1, 132, 35, 16, 2, 248].
[96m[1;38;2;180;140;80m(AReaL)[0m [96m20261003-00:14:29.638 [MegatronEngine Rank 0] INFO: #microbatch: 10, microbatch #tokens: [10173, 10219, 10239, 10135, 10131, 10235, 10183, 10239, 10240, 3506], aligned to: [10173, 10219, 10239, 10135, 10131, 10235, 10183, 10239, 10240, 3506], padded to: [10240, 10240, 10240, 10240, 10240, 10240, 10240, 10240, 10240, 3584], padding lengths: [67, 21, 1, 105, 109, 5, 57, 1, 0, 78].
[96m[1;38;2;180;140;80m(AReaL)[0m [96m20261003-00:14:29.638 [MegatronEngine Rank 2] INFO: #microbatch: 10, microbatch #tokens: [10232, 10207, 10180, 10121, 10228, 10176, 10119, 3202, 10240, 10234], aligned to: [10232, 10207, 10180, 10121, 10228, 10176, 10119, 3202, 10240, 10234], padded to: [10240, 10240, 10240, 10240, 10240, 10240, 10240, 3328, 10240, 10240], padding lengths: [8, 33, 60, 119, 12, 64, 121, 126, 0, 6].
[96m[1;38;2;180;140;80m(AReaL)[0m [96m20261003-00:14:29.640 [MegatronEngine Rank 1] INFO: #microbatch: 10, microbatch #tokens: [10233, 10215, 10218, 10171, 10056, 10078, 10239, 10130, 3362, 10237], aligned to: [10233, 10215, 10218, 10171, 10056, 10078, 10239, 10130, 3362, 10237], padded to: [10240, 10240, 10240, 10240, 10240, 10240, 10240, 10240, 3584, 10240], padding lengths: [7, 25, 22, 69, 184, 162, 1, 110, 222, 3].
[37m[1;38;2;180;140;80m(AReaL)[0m [37m20261003-00:14:32.384 IOStruct INFO: Memory-Usage recompute logp: memory allocated (GB): 21.13, memory reserved (GB): 48.85, device memory used/total (GB): 55.63/139.81 | host RssAnon: 1381MB, RssShmem: 12MB
[37m[1;38;2;180;140;80m(AReaL)[0m [37m20261003-00:14:32.927 IOStruct INFO: Memory-Usage compute advantages: memory allocated (GB): 21.15, memory reserved (GB): 48.85, device memory used/total (GB): 55.63/139.81 | host RssAnon: 1381MB, RssShmem: 12MB
[96m[1;38;2;180;140;80m(AReaL)[0m [96m20261003-00:14:34.054 [MegatronEngine Rank 0] INFO: #microbatch: 10, microbatch #tokens: [10173, 10219, 10239, 10135, 10131, 10235, 10183, 10239, 10240, 3506], aligned to: [10173, 10219, 10239, 10135, 10131, 10235, 10183, 10239, 10240, 3506], padded to: [10240, 10240, 10240, 10240, 10240, 10240, 10240, 10240, 10240, 3584], padding lengths: [67, 21, 1, 105, 109, 5, 57, 1, 0, 78].
[96m[1;38;2;180;140;80m(AReaL)[0m [96m20261003-00:14:34.055 [MegatronEngine Rank 3] INFO: #microbatch: 10, microbatch #tokens: [10239, 10239, 10239, 10229, 10239, 10108, 10205, 10224, 10238, 2312], aligned to: [10239, 10239, 10239, 10229, 10239, 10108, 10205, 10224, 10238, 2312], padded to: [10240, 10240, 10240, 10240, 10240, 10240, 10240, 10240, 10240, 2560], padding lengths: [1, 1, 1, 11, 1, 132, 35, 16, 2, 248].
[96m[1;38;2;180;140;80m(AReaL)[0m [96m20261003-00:14:34.056 [MegatronEngine Rank 1] INFO: #microbatch: 10, microbatch #tokens: [10233, 10215, 10218, 10171, 10056, 10078, 10239, 10130, 3362, 10237], aligned to: [10233, 10215, 10218, 10171, 10056, 10078, 10239, 10130, 3362, 10237], padded to: [10240, 10240, 10240, 10240, 10240, 10240, 10240, 10240, 3584, 10240], padding lengths: [7, 25, 22, 69, 184, 162, 1, 110, 222, 3].
[96m[1;38;2;180;140;80m(AReaL)[0m [96m20261003-00:14:34.058 [MegatronEngine Rank 2] INFO: #microbatch: 10, microbatch #tokens: [10232, 10207, 10180, 10121, 10228, 10176, 10119, 3202, 10240, 10234], aligned to: [10232, 10207, 10180, 10121, 10228, 10176, 10119, 3202, 10240, 10234], padded to: [10240, 10240, 10240, 10240, 10240, 10240, 10240, 3328, 10240, 10240], padding lengths: [8, 33, 60, 119, 12, 64, 121, 126, 0, 6].
[37m[1;38;2;180;140;80m(AReaL)[0m [37m20261003-00:14:42.495 IOStruct INFO: Memory-Usage ppo update: memory allocated (GB): 21.14, memory reserved (GB): 71.20, device memory used/total (GB): 77.98/139.81 | host RssAnon: 1382MB, RssShmem: 12MB
[37m[1;38;2;180;140;80m(AReaL)[0m [37m20261003-00:14:50.887 HFUtils INFO: Copied generation_config.json from /storage/openpsi/models/Qwen__Qwen2.5-1.5B-Instruct to /storage/openpsi/users/fenghui/projects/AReaL/research/muon/evidence/baseline-aligned-3epoch-20261003/muon/results/checkpoints/root/gsm8k-grpo-megatron-muon-baseline3/trial0/default/epoch2epochstep0globalstep2
[37m[1;38;2;180;140;80m(AReaL)[0m [37m20261003-00:14:50.896 HFUtils INFO: Copied tokenizer_config.json from /storage/openpsi/models/Qwen__Qwen2.5-1.5B-Instruct to /storage/openpsi/users/fenghui/projects/AReaL/research/muon/evidence/baseline-aligned-3epoch-20261003/muon/results/checkpoints/root/gsm8k-grpo-megatron-muon-baseline3/trial0/default/epoch2epochstep0globalstep2
[37m[1;38;2;180;140;80m(AReaL)[0m [37m20261003-00:14:50.912 HFUtils INFO: Copied vocab.json from /storage/openpsi/models/Qwen__Qwen2.5-1.5B-Instruct to /storage/openpsi/users/fenghui/projects/AReaL/research/muon/evidence/baseline-aligned-3epoch-20261003/muon/results/checkpoints/root/gsm8k-grpo-megatron-muon-baseline3/trial0/default/epoch2epochstep0globalstep2
[37m[1;38;2;180;140;80m(AReaL)[0m [37m20261003-00:14:50.928 HFUtils INFO: Copied merges.txt from /storage/openpsi/models/Qwen__Qwen2.5-1.5B-Instruct to /storage/openpsi/users/fenghui/projects/AReaL/research/muon/evidence/baseline-aligned-3epoch-20261003/muon/results/checkpoints/root/gsm8k-grpo-megatron-muon-baseline3/trial0/default/epoch2epochstep0globalstep2
[37m[1;38;2;180;140;80m(AReaL)[0m [37m20261003-00:14:50.930 HFUtils INFO: special_tokens_map.json does not exist in /storage/openpsi/models/Qwen__Qwen2.5-1.5B-Instruct; skipping
[37m[1;38;2;180;140;80m(AReaL)[0m [37m20261003-00:14:50.948 HFUtils INFO: Copied tokenizer.json from /storage/openpsi/models/Qwen__Qwen2.5-1.5B-Instruct to /storage/openpsi/users/fenghui/projects/AReaL/research/muon/evidence/baseline-aligned-3epoch-20261003/muon/results/checkpoints/root/gsm8k-grpo-megatron-muon-baseline3/trial0/default/epoch2epochstep0globalstep2
[37m[1;38;2;180;140;80m(AReaL)[0m [37m20261003-00:14:50.969 HFUtils INFO: Patched config.json: torch_dtype=bfloat16
[37m[1;38;2;180;140;80m(AReaL)[0m [37m20261003-00:14:51.210 DataBP INFO: Cleared 576 batch shards. Stats: {'status': 'ok', 'cleared_count': 576, 'num_tensors': 1134, 'total_bytes': 7349148}
[37m[1;38;2;180;140;80m(AReaL)[0m [37m20261003-00:14:51.210 DataBP INFO: Cleared 612 batch shards. Stats: {'status': 'ok', 'cleared_count': 612, 'num_tensors': 1134, 'total_bytes': 7271928}
[37m[1;38;2;180;140;80m(AReaL)[0m [37m20261003-00:14:51.210 DataBP INFO: Cleared 603 batch shards. Stats: {'status': 'ok', 'cleared_count': 603, 'num_tensors': 1206, 'total_bytes': 7569084}
[37m[1;38;2;180;140;80m(AReaL)[0m [37m20261003-00:14:51.210 DataBP INFO: Cleared 513 batch shards. Stats: {'status': 'ok', 'cleared_count': 513, 'num_tensors': 1134, 'total_bytes': 7409868}
[37m[1;38;2;180;140;80m(AReaL)[0m [37m20261003-00:14:51.211 DataBP INFO: Cleared 960 batch shards. Stats: {'status': 'ok', 'cleared_count': 960, 'num_tensors': 0, 'total_bytes': 0}
[37m[1;38;2;180;140;80m(AReaL)[0m [37m20261003-00:14:51.212 DataBP INFO: Cleared 960 batch shards. Stats: {'status': 'ok', 'cleared_count': 960, 'num_tensors': 0, 'total_bytes': 0}
[37m[1;38;2;180;140;80m(AReaL)[0m [37m20261003-00:14:51.212 DataBP INFO: Cleared 960 batch shards. Stats: {'status': 'ok', 'cleared_count': 960, 'num_tensors': 0, 'total_bytes': 0}
[37m[1;38;2;180;140;80m(AReaL)[0m [37m20261003-00:14:51.215 DataBP INFO: Cleared 960 batch shards. Stats: {'status': 'ok', 'cleared_count': 960, 'num_tensors': 0, 'total_bytes': 0}
[37m[1;38;2;180;140;80m(AReaL)[0m [37m20261003-00:14:52.428 DataBP INFO: Cleared 9 batch shards. Stats: {'status': 'ok', 'cleared_count': 9, 'num_tensors': 0, 'total_bytes': 0}
[37m[1;38;2;180;140;80m(AReaL)[0m [37m20261003-00:14:52.428 DataBP INFO: Cleared 9 batch shards. Stats: {'status': 'ok', 'cleared_count': 9, 'num_tensors': 0, 'total_bytes': 0}
[37m[1;38;2;180;140;80m(AReaL)[0m [37m20261003-00:14:52.428 DataBP INFO: Cleared 9 batch shards. Stats: {'status': 'ok', 'cleared_count': 9, 'num_tensors': 0, 'total_bytes': 0}
[37m[1;38;2;180;140;80m(AReaL)[0m [37m20261003-00:14:52.428 DataBP INFO: Cleared 9 batch shards. Stats: {'status': 'ok', 'cleared_count': 9, 'num_tensors': 0, 'total_bytes': 0}
[92m[1;38;2;180;140;80m(AReaL)[0m [92m20261003-00:14:52.527 StatsLogger INFO: Epoch 3/3 Step 1/1 Train step 3/3 done.
[92m[1;38;2;180;140;80m(AReaL)[0m [92m20261003-00:14:52.528 StatsLogger INFO: Stats (1/1):
[92m[1;38;2;180;140;80m(AReaL)[0m [92m20261003-00:14:52.531 StatsLogger INFO: 
╒════════════════════════════════════════╤═════════════╤═════════════════════════════════════════════════╤═════════════╤══════════════════════════════════════════════════════════════╤═════════════╤══════════════════════════════════════════════╤═════════════╕
│ timeperf/rollout                       │  8.5218e-01 │ ppo_actor/seq_len/max                           │  1.2010e+03 │ ppo_actor/update/compute_logp/kl_div_taylor/avg              │  7.6654e-04 │ ppo_actor/update/version_stats/v_proximal    │  2.0000e+00 │
├────────────────────────────────────────┼─────────────┼─────────────────────────────────────────────────┼─────────────┼──────────────────────────────────────────────────────────────┼─────────────┼──────────────────────────────────────────────┼─────────────┤
│ timeperf/recompute_logp                │  3.5355e+00 │ ppo_actor/seq_len/min                           │  7.5000e+01 │ ppo_actor/update/compute_logp/kl_div_taylor/max              │  1.1130e+00 │ ppo_actor/update/version_stats/v_theta       │  2.0000e+00 │
├────────────────────────────────────────┼─────────────┼─────────────────────────────────────────────────┼─────────────┼──────────────────────────────────────────────────────────────┼─────────────┼──────────────────────────────────────────────┼─────────────┤
│ timeperf/compute_advantage             │  5.4256e-01 │ ppo_actor/task_reward/avg                       │  6.6797e-01 │ ppo_actor/update/compute_logp/kl_div_taylor/min              │  0.0000e+00 │ ppo_actor/update/vocab_max_logits/avg        │  2.9898e+01 │
├────────────────────────────────────────┼─────────────┼─────────────────────────────────────────────────┼─────────────┼──────────────────────────────────────────────────────────────┼─────────────┼──────────────────────────────────────────────┼─────────────┤
│ timeperf/train_step                    │  9.5679e+00 │ ppo_actor/task_reward/max                       │  1.0000e+00 │ ppo_actor/update/compute_logp/n_valid_tokens                 │  2.7611e+05 │ ppo_actor/update/vocab_max_logits/max        │  4.9250e+01 │
├────────────────────────────────────────┼─────────────┼─────────────────────────────────────────────────┼─────────────┼──────────────────────────────────────────────────────────────┼─────────────┼──────────────────────────────────────────────┼─────────────┤
│ timeperf/update_weights                │  2.2653e-01 │ ppo_actor/task_reward/min                       │  0.0000e+00 │ ppo_actor/update/compute_logp/prox_logp_gt/avg               │ -3.0686e-01 │ ppo_actor/update/vocab_max_logits/min        │  1.2625e+01 │
├────────────────────────────────────────┼─────────────┼─────────────────────────────────────────────────┼─────────────┼──────────────────────────────────────────────────────────────┼─────────────┼──────────────────────────────────────────────┼─────────────┤
│ timeperf/save                          │  8.4736e+00 │ ppo_actor/train_infer/kl_k1                     │  7.9959e-04 │ ppo_actor/update/compute_logp/prox_logp_gt/max               │  0.0000e+00 │ ppo_actor/update/vocab_min_logits/avg        │ -1.6004e+01 │
├────────────────────────────────────────┼─────────────┼─────────────────────────────────────────────────┼─────────────┼──────────────────────────────────────────────────────────────┼─────────────┼──────────────────────────────────────────────┼─────────────┤
│ timeperf/checkpoint_for_recover        │  7.6964e-05 │ ppo_actor/train_infer/kl_k2                     │  7.6654e-04 │ ppo_actor/update/compute_logp/prox_logp_gt/min               │ -2.0362e+01 │ ppo_actor/update/vocab_min_logits/max        │ -3.9062e+00 │
├────────────────────────────────────────┼─────────────┼─────────────────────────────────────────────────┼─────────────┼──────────────────────────────────────────────────────────────┼─────────────┼──────────────────────────────────────────────┼─────────────┤
│ timeperf/clear_batches                 │  2.2350e-01 │ ppo_actor/train_infer/kl_k3                     │  7.2525e-04 │ ppo_actor/update/dual_clip_ratio/avg                         │  0.0000e+00 │ ppo_actor/update/vocab_min_logits/min        │ -4.2250e+01 │
├────────────────────────────────────────┼─────────────┼─────────────────────────────────────────────────┼─────────────┼──────────────────────────────────────────────────────────────┼─────────────┼──────────────────────────────────────────────┼─────────────┤
│ timeperf/eval                          │  1.0102e+00 │ ppo_actor/train_infer/kl_k3_overflow_fraction   │  0.0000e+00 │ ppo_actor/update/dual_clip_ratio/max                         │  0.0000e+00 │ ppo_actor/usable_group_size/avg              │  4.0000e+00 │
├────────────────────────────────────────┼─────────────┼─────────────────────────────────────────────────┼─────────────┼──────────────────────────────────────────────────────────────┼─────────────┼──────────────────────────────────────────────┼─────────────┤
│ ppo_actor/advantage_negative_fraction  │  6.9628e-01 │ ppo_actor/train_infer/logp_abs_diff/avg         │  1.2092e-02 │ ppo_actor/update/dual_clip_ratio/min                         │  0.0000e+00 │ ppo_actor/usable_group_size/max              │  4.0000e+00 │
├────────────────────────────────────────┼─────────────┼─────────────────────────────────────────────────┼─────────────┼──────────────────────────────────────────────────────────────┼─────────────┼──────────────────────────────────────────────┼─────────────┤
│ ppo_actor/advantage_positive_fraction  │  3.0372e-01 │ ppo_actor/train_infer/logp_abs_diff/max         │  1.4920e+00 │ ppo_actor/update/dual_clipped_tokens                         │  0.0000e+00 │ ppo_actor/usable_group_size/min              │  4.0000e+00 │
├────────────────────────────────────────┼─────────────┼─────────────────────────────────────────────────┼─────────────┼──────────────────────────────────────────────────────────────┼─────────────┼──────────────────────────────────────────────┼─────────────┤
│ ppo_actor/advantage_zero_fraction      │  0.0000e+00 │ ppo_actor/train_infer/logp_abs_diff/min         │  0.0000e+00 │ ppo_actor/update/entropy/avg                                 │  2.9854e-01 │ ppo_actor/use_dual_clip                      │  0.0000e+00 │
├────────────────────────────────────────┼─────────────┼─────────────────────────────────────────────────┼─────────────┼──────────────────────────────────────────────────────────────┼─────────────┼──────────────────────────────────────────────┼─────────────┤
│ ppo_actor/advantages/avg               │ -1.4147e-08 │ ppo_actor/train_infer/logp_diff/avg             │ -7.9959e-04 │ ppo_actor/update/entropy/max                                 │  8.3685e+00 │ rollout/num_turns_count                      │  1.2180e+03 │
├────────────────────────────────────────┼─────────────┼─────────────────────────────────────────────────┼─────────────┼──────────────────────────────────────────────────────────────┼─────────────┼──────────────────────────────────────────────┼─────────────┤
│ ppo_actor/advantages/max               │  2.2900e+00 │ ppo_actor/train_infer/logp_diff/max             │  8.5522e-01 │ ppo_actor/update/entropy/min                                 │  6.8530e-10 │ rollout/num_turns_no_harness_err_count       │  1.2180e+03 │
├────────────────────────────────────────┼─────────────┼─────────────────────────────────────────────────┼─────────────┼──────────────────────────────────────────────────────────────┼─────────────┼──────────────────────────────────────────────┼─────────────┤
│ ppo_actor/advantages/min               │ -2.3221e+00 │ ppo_actor/train_infer/logp_diff/min             │ -1.4920e+00 │ ppo_actor/update/grad_norm                                   │  2.6778e-01 │ rollout/accepted                             │  1.0000e+00 │
├────────────────────────────────────────┼─────────────┼─────────────────────────────────────────────────┼─────────────┼──────────────────────────────────────────────────────────────┼─────────────┼──────────────────────────────────────────────┼─────────────┤
│ ppo_actor/correct_n_seqs               │  6.8400e+02 │ ppo_actor/train_infer/logp_diff_squared         │  1.5331e-03 │ ppo_actor/update/importance_weight/avg                       │  1.0000e+00 │ rollout/context_overflow                     │  0.0000e+00 │
├────────────────────────────────────────┼─────────────┼─────────────────────────────────────────────────┼─────────────┼──────────────────────────────────────────────────────────────┼─────────────┼──────────────────────────────────────────────┼─────────────┤
│ ppo_actor/correct_seq_len/avg          │  3.5554e+02 │ ppo_actor/train_infer/n_valid_tokens            │  2.7611e+05 │ ppo_actor/update/importance_weight/max                       │  1.0000e+00 │ rollout/fully_masked_group                   │  0.0000e+00 │
├────────────────────────────────────────┼─────────────┼─────────────────────────────────────────────────┼─────────────┼──────────────────────────────────────────────────────────────┼─────────────┼──────────────────────────────────────────────┼─────────────┤
│ ppo_actor/correct_seq_len/max          │  7.1700e+02 │ ppo_actor/train_infer/nonfinite_logp_fraction   │  0.0000e+00 │ ppo_actor/update/importance_weight/min                       │  1.0000e+00 │ rollout/pre_filter_trainable_slot_yield      │  1.0000e+00 │
├────────────────────────────────────────┼─────────────┼─────────────────────────────────────────────────┼─────────────┼──────────────────────────────────────────────────────────────┼─────────────┼──────────────────────────────────────────────┼─────────────┤
│ ppo_actor/correct_seq_len/min          │  1.0300e+02 │ ppo_actor/train_infer/ratio_outside_1.5         │  9.5252e-04 │ ppo_actor/update/logp_abs_diff/avg                           │  1.2092e-02 │ rollout/pre_filter_usable_slot_yield         │  1.0000e+00 │
├────────────────────────────────────────┼─────────────┼─────────────────────────────────────────────────┼─────────────┼──────────────────────────────────────────────────────────────┼─────────────┼──────────────────────────────────────────────┼─────────────┤
│ ppo_actor/eps_clip                     │  4.0000e-01 │ ppo_actor/train_infer/ratio_outside_10          │  0.0000e+00 │ ppo_actor/update/logp_abs_diff/max                           │  1.4920e+00 │ rollout/proxy_system_error                   │  0.0000e+00 │
├────────────────────────────────────────┼─────────────┼─────────────────────────────────────────────────┼─────────────┼──────────────────────────────────────────────────────────────┼─────────────┼──────────────────────────────────────────────┼─────────────┤
│ ppo_actor/final_reward/avg             │ -1.1441e-11 │ ppo_actor/train_infer/ratio_outside_2           │  1.6298e-04 │ ppo_actor/update/logp_abs_diff/min                           │  0.0000e+00 │ rollout/reward                               │  7.2250e-01 │
├────────────────────────────────────────┼─────────────┼─────────────────────────────────────────────────┼─────────────┼──────────────────────────────────────────────────────────────┼─────────────┼──────────────────────────────────────────────┼─────────────┤
│ ppo_actor/final_reward/max             │  1.5000e+00 │ ppo_actor/train_infer/ratio_outside_3           │  1.8109e-05 │ ppo_actor/update/logp_diff/avg                               │  7.9959e-04 │ rollout/singleton_slot_group                 │  0.0000e+00 │
├────────────────────────────────────────┼─────────────┼─────────────────────────────────────────────────┼─────────────┼──────────────────────────────────────────────────────────────┼─────────────┼──────────────────────────────────────────────┼─────────────┤
│ ppo_actor/final_reward/min             │ -1.5000e+00 │ ppo_actor/train_infer/ratio_outside_5           │  0.0000e+00 │ ppo_actor/update/logp_diff/max                               │  1.4920e+00 │ rollout/target_slot_count                    │  4.0000e+00 │
├────────────────────────────────────────┼─────────────┼─────────────────────────────────────────────────┼─────────────┼──────────────────────────────────────────────────────────────┼─────────────┼──────────────────────────────────────────────┼─────────────┤
│ ppo_actor/group_loss_weight/avg        │  1.0786e+03 │ ppo_actor/train_infer/rollout_nll               │  3.0606e-01 │ ppo_actor/update/logp_diff/min                               │ -8.5522e-01 │ rollout/trainable_slot_count                 │  4.0000e+00 │
├────────────────────────────────────────┼─────────────┼─────────────────────────────────────────────────┼─────────────┼──────────────────────────────────────────────────────────────┼─────────────┼──────────────────────────────────────────────┼─────────────┤
│ ppo_actor/group_loss_weight/max        │  2.2440e+03 │ ppo_actor/train_infer/trainer_nll               │  3.0686e-01 │ ppo_actor/update/lr                                          │  3.0000e-06 │ rollout/usable_slot_count                    │  4.0000e+00 │
├────────────────────────────────────────┼─────────────┼─────────────────────────────────────────────────┼─────────────┼──────────────────────────────────────────────────────────────┼─────────────┼──────────────────────────────────────────────┼─────────────┤
│ ppo_actor/group_loss_weight/min        │  2.4200e+02 │ ppo_actor/update/actor_loss/avg                 │ -2.2021e-04 │ ppo_actor/update/masked_token_ratio                          │  2.9327e-01 │ rollout/num_turns/avg                        │  1.0000e+00 │
├────────────────────────────────────────┼─────────────┼─────────────────────────────────────────────────┼─────────────┼──────────────────────────────────────────────────────────────┼─────────────┼──────────────────────────────────────────────┼─────────────┤
│ ppo_actor/group_loss_weight_size_4/avg │  1.0786e+03 │ ppo_actor/update/actor_loss/max                 │  4.1462e+00 │ ppo_actor/update/n_masked_tokens                             │  2.5835e+03 │ rollout/num_turns_no_harness_err/avg         │  1.0000e+00 │
├────────────────────────────────────────┼─────────────┼─────────────────────────────────────────────────┼─────────────┼──────────────────────────────────────────────────────────────┼─────────────┼──────────────────────────────────────────────┼─────────────┤
│ ppo_actor/group_loss_weight_size_4/max │  2.2440e+03 │ ppo_actor/update/actor_loss/min                 │ -3.1254e+00 │ ppo_actor/update/n_tokens                                    │  3.7945e+05 │ rollout/num_turns/min                        │  1.0000e+00 │
├────────────────────────────────────────┼─────────────┼─────────────────────────────────────────────────┼─────────────┼──────────────────────────────────────────────────────────────┼─────────────┼──────────────────────────────────────────────┼─────────────┤
│ ppo_actor/group_loss_weight_size_4/min │  2.4200e+02 │ ppo_actor/update/approx_kl/avg                  │  0.0000e+00 │ ppo_actor/update/n_total_tokens                              │  9.4862e+03 │ rollout/num_turns_no_harness_err/min         │  1.0000e+00 │
├────────────────────────────────────────┼─────────────┼─────────────────────────────────────────────────┼─────────────┼──────────────────────────────────────────────────────────────┼─────────────┼──────────────────────────────────────────────┼─────────────┤
│ ppo_actor/incorrect_n_seqs             │  3.4000e+02 │ ppo_actor/update/approx_kl/max                  │  0.0000e+00 │ ppo_actor/update/n_valid_tokens                              │  2.7611e+05 │ rollout/num_turns/max                        │  1.0000e+00 │
├────────────────────────────────────────┼─────────────┼─────────────────────────────────────────────────┼─────────────┼──────────────────────────────────────────────────────────────┼─────────────┼──────────────────────────────────────────────┼─────────────┤
│ ppo_actor/incorrect_seq_len/avg        │  4.0076e+02 │ ppo_actor/update/approx_kl/min                  │  0.0000e+00 │ ppo_actor/update/n_valid_tokens_in_loss                      │  6.9028e+03 │ rollout/num_turns_no_harness_err/max         │  1.0000e+00 │
├────────────────────────────────────────┼─────────────┼─────────────────────────────────────────────────┼─────────────┼──────────────────────────────────────────────────────────────┼─────────────┼──────────────────────────────────────────────┼─────────────┤
│ ppo_actor/incorrect_seq_len/max        │  1.2010e+03 │ ppo_actor/update/behave_approx_kl/avg           │ -7.9959e-04 │ ppo_actor/update/new_logp/avg                                │ -3.0686e-01 │ eval-rollout/num_turns_count                 │  1.6000e+01 │
├────────────────────────────────────────┼─────────────┼─────────────────────────────────────────────────┼─────────────┼──────────────────────────────────────────────────────────────┼─────────────┼──────────────────────────────────────────────┼─────────────┤
│ ppo_actor/incorrect_seq_len/min        │  7.5000e+01 │ ppo_actor/update/behave_approx_kl/max           │  8.5522e-01 │ ppo_actor/update/new_logp/max                                │  0.0000e+00 │ eval-rollout/num_turns_no_harness_err_count  │  1.6000e+01 │
├────────────────────────────────────────┼─────────────┼─────────────────────────────────────────────────┼─────────────┼──────────────────────────────────────────────────────────────┼─────────────┼──────────────────────────────────────────────┼─────────────┤
│ ppo_actor/kl_rewards/avg               │  0.0000e+00 │ ppo_actor/update/behave_approx_kl/min           │ -1.4920e+00 │ ppo_actor/update/new_logp/min                                │ -2.0362e+01 │ eval-rollout/context_overflow                │  0.0000e+00 │
├────────────────────────────────────────┼─────────────┼─────────────────────────────────────────────────┼─────────────┼──────────────────────────────────────────────────────────────┼─────────────┼──────────────────────────────────────────────┼─────────────┤
│ ppo_actor/kl_rewards/max               │  0.0000e+00 │ ppo_actor/update/behave_filtered_ratio/avg      │  0.0000e+00 │ ppo_actor/update/num_micro_batches                           │  1.0000e+01 │ eval-rollout/fully_masked_group              │  0.0000e+00 │
├────────────────────────────────────────┼─────────────┼─────────────────────────────────────────────────┼─────────────┼──────────────────────────────────────────────────────────────┼─────────────┼──────────────────────────────────────────────┼─────────────┤
│ ppo_actor/kl_rewards/min               │  0.0000e+00 │ ppo_actor/update/behave_filtered_ratio/max      │  0.0000e+00 │ ppo_actor/update/old_logp/avg                                │ -3.0606e-01 │ eval-rollout/pre_filter_trainable_slot_yield │  1.0000e+00 │
├────────────────────────────────────────┼─────────────┼─────────────────────────────────────────────────┼─────────────┼──────────────────────────────────────────────────────────────┼─────────────┼──────────────────────────────────────────────┼─────────────┤
│ ppo_actor/mask_no_eos_with_zero        │  0.0000e+00 │ ppo_actor/update/behave_filtered_ratio/min      │  0.0000e+00 │ ppo_actor/update/old_logp/max                                │  0.0000e+00 │ eval-rollout/pre_filter_usable_slot_yield    │  1.0000e+00 │
├────────────────────────────────────────┼─────────────┼─────────────────────────────────────────────────┼─────────────┼──────────────────────────────────────────────────────────────┼─────────────┼──────────────────────────────────────────────┼─────────────┤
│ ppo_actor/n_groups                     │  2.5600e+02 │ ppo_actor/update/behave_imp_weight/avg          │  9.9993e-01 │ ppo_actor/update/old_logp/min                                │ -2.0328e+01 │ eval-rollout/proxy_system_error              │  0.0000e+00 │
├────────────────────────────────────────┼─────────────┼─────────────────────────────────────────────────┼─────────────┼──────────────────────────────────────────────────────────────┼─────────────┼──────────────────────────────────────────────┼─────────────┤
│ ppo_actor/n_groups_size_4              │  2.5600e+02 │ ppo_actor/update/behave_imp_weight/max          │  2.3519e+00 │ ppo_actor/update/rs_filtered_fraction                        │  0.0000e+00 │ eval-rollout/reward                          │  8.7500e-01 │
├────────────────────────────────────────┼─────────────┼─────────────────────────────────────────────────┼─────────────┼──────────────────────────────────────────────────────────────┼─────────────┼──────────────────────────────────────────────┼─────────────┤
│ ppo_actor/n_seqs                       │  1.0240e+03 │ ppo_actor/update/behave_imp_weight/min          │  2.2493e-01 │ ppo_actor/update/unclipped_behave_tokens                     │  2.7611e+05 │ eval-rollout/singleton_slot_group            │  0.0000e+00 │
├────────────────────────────────────────┼─────────────┼─────────────────────────────────────────────────┼─────────────┼──────────────────────────────────────────────────────────────┼─────────────┼──────────────────────────────────────────────┼─────────────┤
│ ppo_actor/n_tokens                     │  9.6333e+05 │ ppo_actor/update/clip_ratio/avg                 │  0.0000e+00 │ ppo_actor/update/update_successful                           │  1.0000e+00 │ eval-rollout/target_slot_count               │  4.0000e+00 │
├────────────────────────────────────────┼─────────────┼─────────────────────────────────────────────────┼─────────────┼──────────────────────────────────────────────────────────────┼─────────────┼──────────────────────────────────────────────┼─────────────┤
│ ppo_actor/n_valid_tokens               │  2.7611e+05 │ ppo_actor/update/clip_ratio/max                 │  0.0000e+00 │ ppo_actor/update/version_stats/future_token_fraction         │  0.0000e+00 │ eval-rollout/trainable_slot_count            │  4.0000e+00 │
├────────────────────────────────────────┼─────────────┼─────────────────────────────────────────────────┼─────────────┼──────────────────────────────────────────────────────────────┼─────────────┼──────────────────────────────────────────────┼─────────────┤
│ ppo_actor/no_eos_ratios/avg            │  9.7656e-04 │ ppo_actor/update/clip_ratio/min                 │  0.0000e+00 │ ppo_actor/update/version_stats/n_valid_generated_tokens      │  2.7611e+05 │ eval-rollout/usable_slot_count               │  4.0000e+00 │
├────────────────────────────────────────┼─────────────┼─────────────────────────────────────────────────┼─────────────┼──────────────────────────────────────────────────────────────┼─────────────┼──────────────────────────────────────────────┼─────────────┤
│ ppo_actor/no_eos_ratios/max            │  1.0000e+00 │ ppo_actor/update/clipped_tokens                 │  0.0000e+00 │ ppo_actor/update/version_stats/sample_staleness_proximal_avg │  1.1565e+00 │ eval-rollout/num_turns/avg                   │  1.0000e+00 │
├────────────────────────────────────────┼─────────────┼─────────────────────────────────────────────────┼─────────────┼──────────────────────────────────────────────────────────────┼─────────────┼──────────────────────────────────────────────┼─────────────┤
│ ppo_actor/no_eos_ratios/min            │  0.0000e+00 │ ppo_actor/update/compute_logp/kl_div_direct/avg │  7.9959e-04 │ ppo_actor/update/version_stats/sample_staleness_proximal_max │  2.0000e+00 │ eval-rollout/num_turns_no_harness_err/avg    │  1.0000e+00 │
├────────────────────────────────────────┼─────────────┼─────────────────────────────────────────────────┼─────────────┼──────────────────────────────────────────────────────────────┼─────────────┼──────────────────────────────────────────────┼─────────────┤
│ ppo_actor/prompt_len/avg               │  1.0092e+02 │ ppo_actor/update/compute_logp/kl_div_direct/max │  1.4920e+00 │ ppo_actor/update/version_stats/sample_staleness_proximal_min │  1.0000e+00 │ eval-rollout/num_turns/min                   │  1.0000e+00 │
├────────────────────────────────────────┼─────────────┼─────────────────────────────────────────────────┼─────────────┼──────────────────────────────────────────────────────────────┼─────────────┼──────────────────────────────────────────────┼─────────────┤
│ ppo_actor/prompt_len/max               │  1.7700e+02 │ ppo_actor/update/compute_logp/kl_div_direct/min │ -8.5522e-01 │ ppo_actor/update/version_stats/sample_staleness_theta_avg    │  1.1565e+00 │ eval-rollout/num_turns_no_harness_err/min    │  1.0000e+00 │
├────────────────────────────────────────┼─────────────┼─────────────────────────────────────────────────┼─────────────┼──────────────────────────────────────────────────────────────┼─────────────┼──────────────────────────────────────────────┼─────────────┤
│ ppo_actor/prompt_len/min               │  6.3000e+01 │ ppo_actor/update/compute_logp/kl_div_dual/avg   │  7.2525e-04 │ ppo_actor/update/version_stats/sample_staleness_theta_max    │  2.0000e+00 │ eval-rollout/num_turns/max                   │  1.0000e+00 │
├────────────────────────────────────────┼─────────────┼─────────────────────────────────────────────────┼─────────────┼──────────────────────────────────────────────────────────────┼─────────────┼──────────────────────────────────────────────┼─────────────┤
│ ppo_actor/rs_upper                     │  5.0000e+00 │ ppo_actor/update/compute_logp/kl_div_dual/max   │  7.1689e-01 │ ppo_actor/update/version_stats/sample_staleness_theta_min    │  1.0000e+00 │ eval-rollout/num_turns_no_harness_err/max    │  1.0000e+00 │
├────────────────────────────────────────┼─────────────┼─────────────────────────────────────────────────┼─────────────┼──────────────────────────────────────────────────────────────┼─────────────┼──────────────────────────────────────────────┼─────────────┤
│ ppo_actor/seq_len/avg                  │  3.7056e+02 │ ppo_actor/update/compute_logp/kl_div_dual/min   │ -8.9407e-08 │ ppo_actor/update/version_stats/stale_token_fraction          │  1.0000e+00 │                                              │             │
╘════════════════════════════════════════╧═════════════╧═════════════════════════════════════════════════╧═════════════╧══════════════════════════════════════════════════════════════╧═════════════╧══════════════════════════════════════════════╧═════════════╛
[92m[1;38;2;180;140;80m(AReaL)[0m [92m20261003-00:14:52.539 RLTrainer INFO: Skipping rollout resume after final training step (global_step=2)
[37m[1;38;2;180;140;80m(AReaL)[0m [37m20261003-00:14:52.560 DataController INFO: Unregistered dataset gsm8k-grpo-megatron-muon-baseline3_trial0_train
[37m[1;38;2;180;140;80m(AReaL)[0m [37m20261003-00:14:52.563 DataController INFO: Unregistered dataset gsm8k-grpo-megatron-muon-baseline3_trial0_valid
[37m[1;38;2;180;140;80m(AReaL)[0m [37m20261003-00:14:52.602 ProcUtils INFO: Sending SIGTERM to process 63976 and 3 children
[37m[1;38;2;180;140;80m(AReaL)[0m [37m20261003-00:14:52.602 ProcUtils INFO: Sending SIGTERM to process 63927 and 3 children
[37m[1;38;2;180;140;80m(AReaL)[0m [37m20261003-00:14:52.602 ProcUtils INFO: Sending SIGTERM to process 63931 and 3 children
[37m[1;38;2;180;140;80m(AReaL)[0m [37m20261003-00:14:52.783 ProcUtils INFO: Successfully cleaned up process tree for PID 63976
[37m[1;38;2;180;140;80m(AReaL)[0m [37m20261003-00:14:52.784 Guard INFO: Killed forked worker data-gateway/0 (pid=63976)
[37m[1;38;2;180;140;80m(AReaL)[0m [37m20261003-00:14:52.784 DataController INFO: Killed forked service data-gateway/0
[37m[1;38;2;180;140;80m(AReaL)[0m [37m20261003-00:14:52.803 ProcUtils INFO: Successfully cleaned up process tree for PID 63927
[37m[1;38;2;180;140;80m(AReaL)[0m [37m20261003-00:14:52.803 Guard INFO: Killed forked worker data-worker/0 (pid=63927)
[37m[1;38;2;180;140;80m(AReaL)[0m [37m20261003-00:14:52.803 DataController INFO: Killed forked service data-worker/0
[37m[1;38;2;180;140;80m(AReaL)[0m [37m20261003-00:14:52.831 ProcUtils INFO: Successfully cleaned up process tree for PID 63931
[37m[1;38;2;180;140;80m(AReaL)[0m [37m20261003-00:14:52.831 Guard INFO: Killed forked worker data-router/0 (pid=63931)
[37m[1;38;2;180;140;80m(AReaL)[0m [37m20261003-00:14:52.832 DataController INFO: Killed forked service data-router/0
[34m[1;38;2;180;140;80m(AReaL)[0m [34m20261003-00:14:52.832 LocalScheduler INFO: Deleting 1 workers for role 'data-data'
[37m[1;38;2;180;140;80m(AReaL)[0m [37m20261003-00:14:52.839 ProcUtils INFO: Sending SIGTERM to process 63901 and 3 children
[37m[1;38;2;180;140;80m(AReaL)[0m [37m20261003-00:14:54.607 ProcUtils INFO: Successfully cleaned up process tree for PID 63901
[34m[1;38;2;180;140;80m(AReaL)[0m [34m20261003-00:14:54.607 LocalScheduler INFO: Successfully deleted workers for role 'data-data'
[37m[1;38;2;180;140;80m(AReaL)[0m [37m20261003-00:14:54.608 DataController INFO: Workers deleted for role: data-data
[92m[1;38;2;180;140;80m(AReaL)[0m [92m20261003-00:14:54.608 StatsLogger INFO: Training completes! Total time elapsed 138.56.
[37m[1;38;2;180;140;80m(AReaL)[0m [37m20261003-00:14:54.630 RolloutController INFO: Stopping callback server...
[34m[1;38;2;180;140;80m(AReaL)[0m [34m20261003-00:14:54.978 LocalScheduler INFO: Removing forked role 'proxy-eval-rollout' (managed by parent worker)
[37m[1;38;2;180;140;80m(AReaL)[0m [37m20261003-00:14:54.986 ProcUtils INFO: Sending SIGTERM to process 65954 and 3 children
[37m[1;38;2;180;140;80m(AReaL)[0m [37m20261003-00:14:54.986 ProcUtils INFO: Sending SIGTERM to process 65953 and 3 children
[37m[1;38;2;180;140;80m(AReaL)[0m [37m20261003-00:14:54.987 ProcUtils INFO: Sending SIGTERM to process 65956 and 3 children
[37m[1;38;2;180;140;80m(AReaL)[0m [37m20261003-00:14:54.987 ProcUtils INFO: Sending SIGTERM to process 65955 and 3 children
[37m[1;38;2;180;140;80m(AReaL)[0m [37m20261003-00:14:55.188 ProcUtils INFO: Successfully cleaned up process tree for PID 65955
[37m[1;38;2;180;140;80m(AReaL)[0m [37m20261003-00:14:55.188 Guard INFO: Killed forked worker proxy-eval-rollout/0 (pid=65955)
[34m[1;38;2;180;140;80m(AReaL)[0m [34m20261003-00:14:55.189 LocalScheduler INFO: Killed forked worker proxy-eval-rollout/0 (pid=65955)
[37m[1;38;2;180;140;80m(AReaL)[0m [37m20261003-00:14:55.285 ProcUtils INFO: Successfully cleaned up process tree for PID 65953
[37m[1;38;2;180;140;80m(AReaL)[0m [37m20261003-00:14:55.285 Guard INFO: Killed forked worker proxy-eval-rollout/2 (pid=65953)
[34m[1;38;2;180;140;80m(AReaL)[0m [34m20261003-00:14:55.286 LocalScheduler INFO: Killed forked worker proxy-eval-rollout/2 (pid=65953)
[37m[1;38;2;180;140;80m(AReaL)[0m [37m20261003-00:14:55.287 ProcUtils INFO: Successfully cleaned up process tree for PID 65956
[37m[1;38;2;180;140;80m(AReaL)[0m [37m20261003-00:14:55.287 Guard INFO: Killed forked worker proxy-eval-rollout/3 (pid=65956)
[34m[1;38;2;180;140;80m(AReaL)[0m [34m20261003-00:14:55.288 LocalScheduler INFO: Killed forked worker proxy-eval-rollout/3 (pid=65956)
[37m[1;38;2;180;140;80m(AReaL)[0m [37m20261003-00:14:55.289 ProcUtils INFO: Successfully cleaned up process tree for PID 65954
[37m[1;38;2;180;140;80m(AReaL)[0m [37m20261003-00:14:55.290 Guard INFO: Killed forked worker proxy-eval-rollout/1 (pid=65954)
[34m[1;38;2;180;140;80m(AReaL)[0m [34m20261003-00:14:55.290 LocalScheduler INFO: Killed forked worker proxy-eval-rollout/1 (pid=65954)
[37m[1;38;2;180;140;80m(AReaL)[0m [37m20261003-00:14:55.291 RolloutController INFO: Proxy workers deleted
[34m[1;38;2;180;140;80m(AReaL)[0m [34m20261003-00:14:55.329 LocalScheduler INFO: Removing forked role 'eval-rollout' (managed by parent worker)
[37m[1;38;2;180;140;80m(AReaL)[0m [37m20261003-00:14:55.341 ProcUtils INFO: Sending SIGTERM to process 65556 and 15 children
[37m[1;38;2;180;140;80m(AReaL)[0m [37m20261003-00:14:55.341 ProcUtils INFO: Sending SIGTERM to process 65555 and 15 children
[37m[1;38;2;180;140;80m(AReaL)[0m [37m20261003-00:14:55.342 ProcUtils INFO: Sending SIGTERM to process 65553 and 15 children
[37m[1;38;2;180;140;80m(AReaL)[0m [37m20261003-00:14:55.342 ProcUtils INFO: Sending SIGTERM to process 65554 and 15 children
[37m[1;38;2;180;140;80m(AReaL)[0m [37m20261003-00:14:56.686 ProcUtils INFO: Successfully cleaned up process tree for PID 65556
[37m[1;38;2;180;140;80m(AReaL)[0m [37m20261003-00:14:56.686 Guard INFO: Killed forked worker eval-rollout/3 (pid=65556)
[34m[1;38;2;180;140;80m(AReaL)[0m [34m20261003-00:14:56.687 LocalScheduler INFO: Killed forked worker eval-rollout/3 (pid=65556)
[37m[1;38;2;180;140;80m(AReaL)[0m [37m20261003-00:14:56.940 ProcUtils INFO: Successfully cleaned up process tree for PID 65555
[37m[1;38;2;180;140;80m(AReaL)[0m [37m20261003-00:14:56.941 Guard INFO: Killed forked worker eval-rollout/0 (pid=65555)
[34m[1;38;2;180;140;80m(AReaL)[0m [34m20261003-00:14:56.941 LocalScheduler INFO: Killed forked worker eval-rollout/0 (pid=65555)
[37m[1;38;2;180;140;80m(AReaL)[0m [37m20261003-00:14:57.120 ProcUtils INFO: Successfully cleaned up process tree for PID 65554
[37m[1;38;2;180;140;80m(AReaL)[0m [37m20261003-00:14:57.121 Guard INFO: Killed forked worker eval-rollout/1 (pid=65554)
[34m[1;38;2;180;140;80m(AReaL)[0m [34m20261003-00:14:57.122 LocalScheduler INFO: Killed forked worker eval-rollout/1 (pid=65554)
[37m[1;38;2;180;140;80m(AReaL)[0m [37m20261003-00:14:57.147 ProcUtils INFO: Successfully cleaned up process tree for PID 65553
[37m[1;38;2;180;140;80m(AReaL)[0m [37m20261003-00:14:57.147 Guard INFO: Killed forked worker eval-rollout/2 (pid=65553)
[34m[1;38;2;180;140;80m(AReaL)[0m [34m20261003-00:14:57.148 LocalScheduler INFO: Killed forked worker eval-rollout/2 (pid=65553)
[37m[1;38;2;180;140;80m(AReaL)[0m [37m20261003-00:14:57.148 RolloutController INFO: Workers deleted
[37m[1;38;2;180;140;80m(AReaL)[0m [37m20261003-00:14:57.160 RolloutController INFO: Stopping callback server...
[34m[1;38;2;180;140;80m(AReaL)[0m [34m20261003-00:14:57.280 LocalScheduler INFO: Removing forked role 'proxy-rollout' (managed by parent worker)
[37m[1;38;2;180;140;80m(AReaL)[0m [37m20261003-00:14:57.288 ProcUtils INFO: Sending SIGTERM to process 65796 and 3 children
[37m[1;38;2;180;140;80m(AReaL)[0m [37m20261003-00:14:57.288 ProcUtils INFO: Sending SIGTERM to process 65797 and 3 children
[37m[1;38;2;180;140;80m(AReaL)[0m [37m20261003-00:14:57.289 ProcUtils INFO: Sending SIGTERM to process 65795 and 3 children
[37m[1;38;2;180;140;80m(AReaL)[0m [37m20261003-00:14:57.289 ProcUtils INFO: Sending SIGTERM to process 65798 and 3 children
[37m[1;38;2;180;140;80m(AReaL)[0m [37m20261003-00:14:57.471 ProcUtils INFO: Successfully cleaned up process tree for PID 65796
[37m[1;38;2;180;140;80m(AReaL)[0m [37m20261003-00:14:57.471 Guard INFO: Killed forked worker proxy-rollout/0 (pid=65796)
[34m[1;38;2;180;140;80m(AReaL)[0m [34m20261003-00:14:57.471 LocalScheduler INFO: Killed forked worker proxy-rollout/0 (pid=65796)
[37m[1;38;2;180;140;80m(AReaL)[0m [37m20261003-00:14:57.546 ProcUtils INFO: Successfully cleaned up process tree for PID 65797
[37m[1;38;2;180;140;80m(AReaL)[0m [37m20261003-00:14:57.546 Guard INFO: Killed forked worker proxy-rollout/3 (pid=65797)
[34m[1;38;2;180;140;80m(AReaL)[0m [34m20261003-00:14:57.546 LocalScheduler INFO: Killed forked worker proxy-rollout/3 (pid=65797)
[37m[1;38;2;180;140;80m(AReaL)[0m [37m20261003-00:14:57.553 ProcUtils INFO: Successfully cleaned up process tree for PID 65798
[37m[1;38;2;180;140;80m(AReaL)[0m [37m20261003-00:14:57.553 Guard INFO: Killed forked worker proxy-rollout/1 (pid=65798)
[34m[1;38;2;180;140;80m(AReaL)[0m [34m20261003-00:14:57.554 LocalScheduler INFO: Killed forked worker proxy-rollout/1 (pid=65798)
[37m[1;38;2;180;140;80m(AReaL)[0m [37m20261003-00:14:57.606 ProcUtils INFO: Successfully cleaned up process tree for PID 65795
[37m[1;38;2;180;140;80m(AReaL)[0m [37m20261003-00:14:57.606 Guard INFO: Killed forked worker proxy-rollout/2 (pid=65795)
[34m[1;38;2;180;140;80m(AReaL)[0m [34m20261003-00:14:57.606 LocalScheduler INFO: Killed forked worker proxy-rollout/2 (pid=65795)
[37m[1;38;2;180;140;80m(AReaL)[0m [37m20261003-00:14:57.607 RolloutController INFO: Proxy workers deleted
[37m[1;38;2;180;140;80m(AReaL)[0m [37m20261003-00:14:57.626 ProcUtils INFO: Sending SIGTERM to process 64801 and 3 children
[37m[1;38;2;180;140;80m(AReaL)[0m [37m20261003-00:14:57.626 ProcUtils INFO: Sending SIGTERM to process 64802 and 3 children
SIGTERM received. signum=None frame=None. Draining requests and shutting down...
SIGTERM received. signum=None frame=None. Draining requests and shutting down...
[37m[1;38;2;180;140;80m(AReaL)[0m [37m20261003-00:14:57.628 ProcUtils INFO: Sending SIGTERM to process 64799 and 3 children
SIGTERM received. signum=None frame=None. Draining requests and shutting down...
[37m[1;38;2;180;140;80m(AReaL)[0m [37m20261003-00:14:57.654 ProcUtils INFO: Sending SIGTERM to process 64800 and 3 children
SIGTERM received. signum=None frame=None. Draining requests and shutting down...
Subprocess detokenizer (pid=64941) crashed with exit code -15. Triggering SIGQUIT for cleanup...
SIGQUIT received. signum=None, frame=None. It usually means one child failed.
Subprocess detokenizer (pid=64950) crashed with exit code -15. Triggering SIGQUIT for cleanup...
SIGQUIT received. signum=None, frame=None. It usually means one child failed.
Subprocess detokenizer (pid=64940) crashed with exit code -15. Triggering SIGQUIT for cleanup...
SIGQUIT received. signum=None, frame=None. It usually means one child failed.
Subprocess scheduler_0 (pid=64930) crashed with exit code -15. Triggering SIGQUIT for cleanup...
SIGQUIT received. signum=None, frame=None. It usually means one child failed.
[37m[1;38;2;180;140;80m(AReaL)[0m [37m20261003-00:14:58.452 ProcUtils INFO: Successfully cleaned up process tree for PID 64802
[37m[1;38;2;180;140;80m(AReaL)[0m [37m20261003-00:14:58.462 ProcUtils INFO: Successfully cleaned up process tree for PID 64799
[37m[1;38;2;180;140;80m(AReaL)[0m [37m20261003-00:14:58.635 ProcUtils INFO: Successfully cleaned up process tree for PID 64800
[37m[1;38;2;180;140;80m(AReaL)[0m [37m20261003-00:14:58.647 ProcUtils INFO: Successfully cleaned up process tree for PID 64801
[34m[1;38;2;180;140;80m(AReaL)[0m [34m20261003-00:14:58.648 LocalScheduler INFO: Deleting 4 workers for role 'rollout'
[37m[1;38;2;180;140;80m(AReaL)[0m [37m20261003-00:14:58.688 ProcUtils INFO: Sending SIGTERM to process 64685 and 15 children
[37m[1;38;2;180;140;80m(AReaL)[0m [37m20261003-00:14:58.688 ProcUtils INFO: Sending SIGTERM to process 64676 and 15 children
[37m[1;38;2;180;140;80m(AReaL)[0m [37m20261003-00:14:58.690 ProcUtils INFO: Sending SIGTERM to process 64655 and 15 children
[37m[1;38;2;180;140;80m(AReaL)[0m [37m20261003-00:14:58.690 ProcUtils INFO: Sending SIGTERM to process 64661 and 15 children
[37m[1;38;2;180;140;80m(AReaL)[0m [37m20261003-00:15:00.096 ProcUtils INFO: Successfully cleaned up process tree for PID 64676
[37m[1;38;2;180;140;80m(AReaL)[0m [37m20261003-00:15:00.483 ProcUtils INFO: Successfully cleaned up process tree for PID 64655
[37m[1;38;2;180;140;80m(AReaL)[0m [37m20261003-00:15:00.536 ProcUtils INFO: Successfully cleaned up process tree for PID 64685
[37m[1;38;2;180;140;80m(AReaL)[0m [37m20261003-00:15:00.556 ProcUtils INFO: Successfully cleaned up process tree for PID 64661
[34m[1;38;2;180;140;80m(AReaL)[0m [34m20261003-00:15:00.557 LocalScheduler INFO: Successfully deleted workers for role 'rollout'
[37m[1;38;2;180;140;80m(AReaL)[0m [37m20261003-00:15:00.557 RolloutController INFO: Workers deleted
[37m[1;38;2;180;140;80m(AReaL)[0m [37m20261003-00:15:00.558 TrainController INFO: Destroying TrainController...
[37m[1;38;2;180;140;80m(AReaL)[0m [37m20261003-00:15:00.558 TrainController INFO: Destroying engines on all workers...
[37m[1;38;2;180;140;80m(AReaL)[0m [37m20261003-00:15:05.135 TrainController INFO: Engines destroyed
[37m[1;38;2;180;140;80m(AReaL)[0m [37m20261003-00:15:05.136 TrainController INFO: Deleting all workers (reverse rank order)...
[34m[1;38;2;180;140;80m(AReaL)[0m [34m20261003-00:15:05.136 LocalScheduler INFO: Deleting 4 workers for role 'actor'
[37m[1;38;2;180;140;80m(AReaL)[0m [37m20261003-00:15:05.174 ProcUtils INFO: Sending SIGTERM to process 64009 and 36 children
[37m[1;38;2;180;140;80m(AReaL)[0m [37m20261003-00:15:05.176 ProcUtils INFO: Sending SIGTERM to process 64015 and 36 children
[37m[1;38;2;180;140;80m(AReaL)[0m [37m20261003-00:15:05.179 ProcUtils INFO: Sending SIGTERM to process 64033 and 36 children
[37m[1;38;2;180;140;80m(AReaL)[0m [37m20261003-00:15:05.182 ProcUtils INFO: Sending SIGTERM to process 64024 and 36 children
[37m[1;38;2;180;140;80m(AReaL)[0m [37m20261003-00:15:05.182 Guard INFO: Shutting down (SIGTERM)
[37m[1;38;2;180;140;80m(AReaL)[0m [37m20261003-00:15:05.183 EngineBP INFO: Engine thread shutting down
[37m[1;38;2;180;140;80m(AReaL)[0m [37m20261003-00:15:05.184 EngineBP INFO: Engine thread cleaned up
[1;38;2;180;140;80m(AReaL)[0m 20261003-00:15:08.176 ProcUtils WARNING: Force killing 1 processes that didn't terminate gracefully
[1;38;2;180;140;80m(AReaL)[0m 20261003-00:15:08.178 ProcUtils WARNING: Force killing 1 processes that didn't terminate gracefully
[1;38;2;180;140;80m(AReaL)[0m 20261003-00:15:08.181 ProcUtils WARNING: Force killing 1 processes that didn't terminate gracefully
[1;38;2;180;140;80m(AReaL)[0m 20261003-00:15:08.188 ProcUtils WARNING: Force killing 1 processes that didn't terminate gracefully
[37m[1;38;2;180;140;80m(AReaL)[0m [37m20261003-00:15:08.406 ProcUtils INFO: Successfully cleaned up process tree for PID 64033
[37m[1;38;2;180;140;80m(AReaL)[0m [37m20261003-00:15:08.476 ProcUtils INFO: Successfully cleaned up process tree for PID 64009
[37m[1;38;2;180;140;80m(AReaL)[0m [37m20261003-00:15:08.560 ProcUtils INFO: Successfully cleaned up process tree for PID 64015
[37m[1;38;2;180;140;80m(AReaL)[0m [37m20261003-00:15:08.571 ProcUtils INFO: Successfully cleaned up process tree for PID 64024
[34m[1;38;2;180;140;80m(AReaL)[0m [34m20261003-00:15:08.572 LocalScheduler INFO: Successfully deleted workers for role 'actor'
[37m[1;38;2;180;140;80m(AReaL)[0m [37m20261003-00:15:08.575 TrainController INFO: Workers deleted
[37m[1;38;2;180;140;80m(AReaL)[0m [37m20261003-00:15:08.580 TrainController INFO: TrainController destroyed
